image_id,patient_id,label,logit,prob,prob_calibrated
P055 (1).jpg,P055,0,-0.374955952167511,0.4073440134525299,0.3524422779587375
P055 (10).jpg,P055,0,-0.2834651470184326,0.4296044707298279,0.3870123426746258
P055 (2).jpg,P055,0,-0.3560124635696411,0.4119251668453216,0.35948788980077545
P055 (3).jpg,P055,0,-1.5647400617599487,0.1729675233364105,0.07319587703088754
P055 (4).jpg,P055,0,-0.7519408464431763,0.3203985393047333,0.22794808847162984
P055 (5).jpg,P055,0,-1.1063048839569092,0.2485604286193847,0.14247949039576369
P055 (6).jpg,P055,0,0.0025262720882892,0.50063157081604,0.5010246419599309
P055 (7).jpg,P055,0,-0.3275206089019775,0.4188440144062042,0.37019906471172914
P055 (8).jpg,P055,0,0.4458169937133789,0.6096442341804504,0.6733299025819957
P055 (9).jpg,P055,0,-0.3353074789047241,0.4169498085975647,0.3672584588976102
P115 (1).jpg,P115,0,0.3883898258209228,0.5958950519561768,0.6525157477310962
P115 (10).jpg,P115,0,1.3715357780456543,0.7976282238960266,0.9024855723044819
P115 (11).jpg,P115,0,1.4653531312942505,0.8123500943183899,0.915084500108512
P115 (12).jpg,P115,0,1.4085516929626465,0.8035373687744141,0.9076443929572002
P115 (13).jpg,P115,0,1.335161209106445,0.7916930913925171,0.897167302201794
P115 (14).jpg,P115,0,1.4166420698165894,0.8048114776611328,0.9087387942943532
P115 (15).jpg,P115,0,1.5967844724655151,0.8315685391426086,0.9302535954732033
P115 (16).jpg,P115,0,1.3923522233963013,0.8009675145149231,0.9054175730757804
P115 (17).jpg,P115,0,1.054591417312622,0.7416556477546692,0.8469592212467143
P115 (18).jpg,P115,0,1.0799617767333984,0.7464867234230042,0.8522185482941724
P115 (19).jpg,P115,0,2.339851856231689,0.9121242761611938,0.9780357287209295
P115 (2).jpg,P115,0,0.2692246437072754,0.5669025778770447,0.6074926244025596
P115 (20).jpg,P115,0,0.909099817276001,0.7128159403800964,0.8138018466448982
P115 (21).jpg,P115,0,0.8357324600219727,0.6975656747817993,0.7950885759320458
P115 (22).jpg,P115,0,0.8854432702064514,0.7079489231109619,0.8079160356574503
P115 (23).jpg,P115,0,0.4197366237640381,0.6034201979637146,0.6639556808284609
P115 (24).jpg,P115,0,0.75525963306427,0.6803236603736877,0.7729981000066756
P115 (25).jpg,P115,0,0.7013869881629944,0.6684951782226562,0.7572968630303454
P115 (26).jpg,P115,0,0.8490353226661682,0.7003647089004517,0.7985824362385169
P115 (27).jpg,P115,0,0.9497048258781432,0.7210558652877808,0.8235784075813752
P115 (28).jpg,P115,0,2.220791816711426,0.9021011590957642,0.973479750791626
P115 (29).jpg,P115,0,0.978239119052887,0.7267587184906006,0.8302042745904539
P115 (3).jpg,P115,0,0.4616085290908813,0.6133956909179688,0.6789399470894699
P115 (30).jpg,P115,0,0.673528790473938,0.6622928380966187,0.7488935147168704
P115 (31).jpg,P115,0,0.587624728679657,0.6428200006484985,0.7217885251867375
P115 (32).jpg,P115,0,2.587519645690918,0.930054008960724,0.9851959592229533
P115 (33).jpg,P115,0,2.2193915843963623,0.9019773602485656,0.9734210391225868
P115 (34).jpg,P115,0,2.0047199726104736,0.8812917470932007,0.9627598957937005
P115 (35).jpg,P115,0,2.308253049850464,0.9095582365989684,0.9769070430822053
P115 (36).jpg,P115,0,0.6379445195198059,0.6542887091636658,0.7378818763550211
P115 (37).jpg,P115,0,1.1466119289398191,0.7588915228843689,0.865324964095493
P115 (38).jpg,P115,0,0.7804908752441406,0.6857858896255493,0.780100626047831
P115 (39).jpg,P115,0,0.3692378103733063,0.5912747979164124,0.6454375758415262
P115 (4).jpg,P115,0,-0.0670398622751236,0.4832463264465332,0.4728357386286692
P115 (40).jpg,P115,0,0.5858411192893982,0.6424103379249573,0.7212070704867464
P115 (41).jpg,P115,0,0.5494176149368286,0.6340004205703735,0.7091716169794177
P115 (42).jpg,P115,0,0.8994454741477966,0.7108355760574341,0.8114167811101191
P115 (43).jpg,P115,0,0.6723302006721497,0.662024736404419,0.7485276577768756
P115 (44).jpg,P115,0,0.8483791351318359,0.7002270221710205,0.7984111447791674
P115 (45).jpg,P115,0,0.6013420820236206,0.6459633111953735,0.7262353679560465
P115 (5).jpg,P115,0,0.367506206035614,0.5908562541007996,0.644794406365069
P115 (6).jpg,P115,0,1.151106595993042,0.7597129940986633,0.8661725020242764
P115 (7).jpg,P115,0,0.9392589926719666,0.7189499139785767,0.8211025250236984
P115 (8).jpg,P115,0,1.0108098983764648,0.7331786155700684,0.8375237616090051
P115 (9).jpg,P115,0,1.20423686504364,0.7692776322364807,0.8758527837131682
P167 (1).jpg,P167,0,1.4005117416381836,0.8022650480270386,0.9065451485787774
P167 (10).jpg,P167,0,0.8812795281410217,0.7070872783660889,0.8068655348310501
P167 (11).jpg,P167,0,0.7536998987197876,0.6799843311309814,0.7725537644624073
P167 (12).jpg,P167,0,0.852583646774292,0.7011088132858276,0.7995068064459849
P167 (13).jpg,P167,0,0.9745326042175292,0.7260220050811768,0.8293549142619852
P167 (14).jpg,P167,0,1.0794732570648191,0.7463942766189575,0.852118703182576
P167 (15).jpg,P167,0,0.4477546811103821,0.6101052761077881,0.6740209958689048
P167 (16).jpg,P167,0,0.3153153657913208,0.5781821608543396,0.625172426162748
P167 (17).jpg,P167,0,0.2571943700313568,0.5639464855194092,0.6028290893525821
P167 (18).jpg,P167,0,0.4903486967086792,0.6201885938644409,0.6890179158984164
P167 (19).jpg,P167,0,0.9850406050682068,0.728107213973999,0.8317541050735923
P167 (2).jpg,P167,0,0.755171537399292,0.6803044676780701,0.7729730197478594
P167 (3).jpg,P167,0,0.7110768556594849,0.6706390380859375,0.7601745925174608
P167 (4).jpg,P167,0,0.7664822340011597,0.6827594637870789,0.7761770871477717
P167 (5).jpg,P167,0,0.7227181196212769,0.6732053160667419,0.7636008471277574
P167 (6).jpg,P167,0,0.3917417526245117,0.5967019200325012,0.6537477517971372
P167 (7).jpg,P167,0,0.23536978662014,0.5585722327232361,0.5943214552755722
P167 (8).jpg,P167,0,0.8265563249588013,0.6956262588500977,0.7926524590993608
P167 (9).jpg,P167,0,0.7122737169265747,0.6709033846855164,0.7605284150446826
P123 (1).jpg,P123,0,-1.5038020610809326,0.1818591505289077,0.08019219523289042
P123 (10).jpg,P123,0,-0.8638387322425842,0.2965379655361175,0.1975821914402351
P123 (11).jpg,P123,0,-1.1818838119506836,0.2347136586904525,0.12814454270122677
P123 (12).jpg,P123,0,-0.617015540599823,0.3504605293273926,0.26873822472373265
P123 (13).jpg,P123,0,-0.590325117111206,0.3565602600574493,0.2773325709291727
P123 (14).jpg,P123,0,-0.8532525897026062,0.2987509965896606,0.20031928446043565
P123 (15).jpg,P123,0,-0.806267261505127,0.3086864948272705,0.21280965302434965
P123 (16).jpg,P123,0,-1.0105825662612915,0.2668658494949341,0.16252643269767203
P123 (17).jpg,P123,0,-0.8282424211502075,0.3040168285369873,0.20689831079319004
P123 (18).jpg,P123,0,-0.9168480634689332,0.2856005430221557,0.18430085956137565
P123 (19).jpg,P123,0,-0.8019140362739563,0.3096162378787994,0.2139951891744553
P123 (2).jpg,P123,0,-1.3775020837783811,0.201410487294197,0.09666588206857822
P123 (20).jpg,P123,0,-0.9646942615509032,0.2759393155574798,0.17291593657635765
P123 (21).jpg,P123,0,-0.8516418933868408,0.2990885376930237,0.20073821849936452
P123 (22).jpg,P123,0,-0.6799862384796143,0.3362643718719482,0.24914151217576938
P123 (23).jpg,P123,0,-0.7006275653839111,0.3316730856895447,0.24292966159525956
P123 (24).jpg,P123,0,-1.3159594535827637,0.2114913314580917,0.10574254108188455
P123 (25).jpg,P123,0,-0.9610038995742798,0.2766772508621216,0.1737738752978898
P123 (26).jpg,P123,0,-0.7111561298370361,0.3293434381484985,0.23980196096399828
P123 (27).jpg,P123,0,-1.292868733406067,0.2153676599264145,0.10933765843976642
P123 (28).jpg,P123,0,-1.32938814163208,0.2092605978250503,0.1037000176269903
P123 (29).jpg,P123,0,0.3881235122680664,0.5958309173583984,0.6524177760369532
P123 (3).jpg,P123,0,-1.3331294059753418,0.2086421996355056,0.10313721193797806
P123 (30).jpg,P123,0,-1.2700272798538208,0.2192525714635849,0.11299901486444064
P123 (31).jpg,P123,0,-0.5768312215805054,0.3596620559692383,0.281741510139561
P123 (32).jpg,P123,0,-1.1531184911727903,0.2399199157953262,0.1334495878179502
P123 (33).jpg,P123,0,-1.135412096977234,0.2431637048721313,0.13680666148027248
P123 (34).jpg,P123,0,-0.9734301567077636,0.2741973102092743,0.17089836552671037
P123 (35).jpg,P123,0,-0.7974780201911926,0.3105652332305908,0.2152082090335174
P123 (36).jpg,P123,0,-0.7382699251174927,0.3233825862407684,0.23187493017306096
P123 (37).jpg,P123,0,-1.0189391374588013,0.2652340829372406,0.16068952759848712
P123 (38).jpg,P123,0,-1.1894822120666504,0.2333515733480453,0.12677357373012188
P123 (39).jpg,P123,0,-0.9642308354377748,0.2760319113731384,0.17302349008484247
P123 (4).jpg,P123,0,-1.3639187812805176,0.2036041468381881,0.09860739066643857
P123 (40).jpg,P123,0,-1.4845863580703735,0.1847356855869293,0.08252202307259374
P123 (41).jpg,P123,0,-1.47468900680542,0.1862309575080871,0.08374593124688094
P123 (42).jpg,P123,0,-1.8137352466583248,0.1401872932910919,0.050088947283878894
P123 (43).jpg,P123,0,-0.6915416717529297,0.3336902260780334,0.24565097142956796
P123 (44).jpg,P123,0,-0.6830316781997681,0.3355849981307983,0.24821837132015853
P123 (45).jpg,P123,0,-0.9655702114105223,0.2757643163204193,0.1727127876012429
P123 (46).jpg,P123,0,0.2220139056444168,0.5552765727043152,0.5890866553491957
P123 (47).jpg,P123,0,0.3290729820728302,0.5815337896347046,0.6303879448533988
P123 (48).jpg,P123,0,0.5510953664779663,0.6343896985054016,0.7097326919915633
P123 (49).jpg,P123,0,0.4049353301525116,0.5998728275299072,0.6585769448282697
P123 (5).jpg,P123,0,-0.8253958225250244,0.3046194911003113,0.20765715419580802
P123 (50).jpg,P123,0,0.5582970976829529,0.6360583901405334,0.7121338159875192
P123 (51).jpg,P123,0,0.3140639066696167,0.5778769254684448,0.6246965314666203
P123 (52).jpg,P123,0,0.5998730659484863,0.6456272602081299,0.7257612701782002
P123 (53).jpg,P123,0,0.571925938129425,0.6392074227333069,0.7166452422334555
P123 (54).jpg,P123,0,-0.2469663470983505,0.4385703206062317,0.4011505859014891
P123 (55).jpg,P123,0,-0.2846300601959228,0.4293190240859985,0.3865640828077316
P123 (6).jpg,P123,0,-1.3523601293563845,0.2054847776889801,0.10028678153918459
P123 (7).jpg,P123,0,-0.6922605633735657,0.3335303962230682,0.2454349096290628
P123 (8).jpg,P123,0,-1.1412899494171145,0.2420836240053177,0.13568443173106168
P123 (9).jpg,P123,0,-0.307297945022583,0.4237744212150574,0.3778805272543938
P124 (1).jpg,P124,0,-0.5208171606063843,0.3726611733436584,0.30049046545837627
P124 (10).jpg,P124,0,-0.7643353343009949,0.317705750465393,0.2244285984677816
P124 (11).jpg,P124,0,-0.8511227369308472,0.2991973757743835,0.2008733882272223
P124 (12).jpg,P124,0,-1.25236713886261,0.2222906500101089,0.11590275610739952
P124 (13).jpg,P124,0,-0.9629552960395812,0.2762868702411651,0.17331979478479184
P124 (14).jpg,P124,0,-1.5332443714141846,0.1775195002555847,0.07673876968861548
P124 (15).jpg,P124,0,-1.3868850469589231,0.199905514717102,0.09534474593397119
P124 (16).jpg,P124,0,-1.8840532302856443,0.1319240033626556,0.04493122018173465
P124 (17).jpg,P124,0,-0.352283239364624,0.4128288626670837,0.36088217222909413
P124 (18).jpg,P124,0,-1.304542064666748,0.213401585817337,0.10750696317915513
P124 (19).jpg,P124,0,-0.110920563340187,0.4722982347011566,0.45513218883473794
P124 (2).jpg,P124,0,-0.528721809387207,0.3708150684833526,0.2978017562748352
P124 (20).jpg,P124,0,-1.82100522518158,0.1393132954835891,0.04953072513504824
P124 (3).jpg,P124,0,-0.5626843571662903,0.362926572561264,0.2864092459002134
P124 (4).jpg,P124,0,-0.5911163687705994,0.3563787341117859,0.2770753641423011
P124 (5).jpg,P124,0,-0.2318794876337051,0.4422884881496429,0.4070445411122229
P124 (6).jpg,P124,0,-0.7693735361099243,0.3166146278381347,0.22300905531152468
P124 (7).jpg,P124,0,-0.946542501449585,0.279580682516098,0.17716827556538248
P124 (8).jpg,P124,0,-0.6790956854820251,0.3364631533622741,0.2494118917830978
P124 (9).jpg,P124,0,-0.7990036010742188,0.3102386891841888,0.21479047977442078
P164 (1).jpg,P164,0,-1.1168091297149658,0.2466036230325698,0.14040998835994786
P164 (10).jpg,P164,0,-1.301875114440918,0.2138496041297912,0.10792282249853248
P164 (11).jpg,P164,0,-1.931489109992981,0.126585841178894,0.041741989222197025
P164 (12).jpg,P164,0,-0.8976457118988037,0.2895345389842987,0.18903042688255972
P164 (13).jpg,P164,0,-0.1060288101434707,0.4735175669193268,0.45710097362611407
P164 (14).jpg,P164,0,-0.5692058801651001,0.3614200949668884,0.28425173248393715
P164 (15).jpg,P164,0,-0.5271985530853271,0.3711705207824707,0.29831880257655546
P164 (16).jpg,P164,0,-0.5312914848327637,0.3702157139778137,0.2969306897740113
P164 (17).jpg,P164,0,-0.5525603294372559,0.365270584821701,0.2897779174851248
P164 (18).jpg,P164,0,-0.6596635580062866,0.3408151865005493,0.2553602915048797
P164 (19).jpg,P164,0,-1.176034450531006,0.2357659786939621,0.12920853303210636
P164 (2).jpg,P164,0,-1.3737742900848389,0.2020107507705688,0.09719528393125719
P164 (20).jpg,P164,0,-0.1566381603479385,0.4609203338623047,0.4368080555494334
P164 (21).jpg,P164,0,-0.2476895302534103,0.4383922815322876,0.4008687634695824
P164 (22).jpg,P164,0,-1.1190623044967651,0.2461852580308914,0.13996936666505627
P164 (23).jpg,P164,0,-0.9412330389022828,0.280651330947876,0.1784275107845986
P164 (24).jpg,P164,0,-0.3253258466720581,0.4193783700466156,0.37102964002943306
P164 (25).jpg,P164,0,-0.5047470331192017,0.3764257133007049,0.30599900480122
P164 (26).jpg,P164,0,-0.7842857837677002,0.3133969604969024,0.21884503835523716
P164 (27).jpg,P164,0,-0.6661019921302795,0.3393702507019043,0.25337912898179493
P164 (28).jpg,P164,0,-0.2784554660320282,0.4308324754238128,0.38894224727065146
P164 (29).jpg,P164,0,-0.3395314216613769,0.4159232974052429,0.365667451444203
P164 (3).jpg,P164,0,-1.7103967666625977,0.1531122624874115,0.05869494360394053
P164 (30).jpg,P164,0,-0.4659729897975921,0.3855698108673095,0.3195185331278178
P164 (31).jpg,P164,0,-0.295402318239212,0.4266818165779114,0.3824280983462362
P164 (32).jpg,P164,0,-0.4270594716072082,0.3948287069797516,0.33339875653308776
P164 (33).jpg,P164,0,0.2807685136795044,0.5697346329689026,0.6119492563280395
P164 (34).jpg,P164,0,-0.9502767324447632,0.2788291573524475,0.17628681908085353
P164 (35).jpg,P164,0,-0.4803839921951294,0.3821614682674408,0.31445666611873796
P164 (36).jpg,P164,0,-0.3791728913784027,0.4063263833522796,0.35088245056966794
P164 (37).jpg,P164,0,-0.565161943435669,0.3623539209365845,0.28558843264824274
P164 (38).jpg,P164,0,-0.5778452157974243,0.3594285547733307,0.2814087251787061
P164 (39).jpg,P164,0,-0.6510290503501892,0.3427577018737793,0.2580331349105979
P164 (4).jpg,P164,0,-1.3084969520568848,0.2127384692430496,0.10689286990402506
P164 (40).jpg,P164,0,-0.5580663084983826,0.3639949858188629,0.28794294752102306
P164 (41).jpg,P164,0,-0.6707692742347717,0.3383245766162872,0.25194932897334976
P164 (42).jpg,P164,0,-0.4138983786106109,0.397977739572525,0.33816093629255184
P164 (43).jpg,P164,0,-0.5409364700317383,0.3679697513580322,0.29367441722162496
P164 (44).jpg,P164,0,-0.2130430489778518,0.4469397664070129,0.4144408830239098
P164 (45).jpg,P164,0,0.2550287544727325,0.5634138584136963,0.6019875739021519
P164 (46).jpg,P164,0,0.3333786427974701,0.5825812220573425,0.6320140525246631
P164 (47).jpg,P164,0,0.2335440665483474,0.5581220388412476,0.5936071048894987
P164 (48).jpg,P164,0,0.069616362452507,0.5173971056938171,0.5282060727597779
P164 (49).jpg,P164,0,-0.9419703483581544,0.2805025279521942,0.17825222647442082
P164 (5).jpg,P164,0,-1.211899995803833,0.2293650358915329,0.12280167589579459
P164 (50).jpg,P164,0,-0.6824474930763245,0.3357152640819549,0.2483952731608138
P164 (51).jpg,P164,0,-0.7990390062332153,0.3102311193943023,0.21478079225400273
P164 (52).jpg,P164,0,-1.0778753757476809,0.2539083063602447,0.1482082660217403
P164 (53).jpg,P164,0,-0.8447497487068176,0.3005353808403015,0.2025382382244949
P164 (54).jpg,P164,0,-0.4665054678916931,0.3854436874389648,0.31933073166158943
P164 (55).jpg,P164,0,-1.0635874271392822,0.2566244900226593,0.15115855661388608
P164 (56).jpg,P164,0,-1.0006707906723022,0.2688095569610595,0.16472709306734873
P164 (57).jpg,P164,0,-1.1794536113739014,0.2351504415273666,0.12858568222331548
P164 (58).jpg,P164,0,-1.0197699069976809,0.265072226524353,0.16050783185397433
P164 (59).jpg,P164,0,-1.3635737895965576,0.2036600857973098,0.09865715088366389
P164 (6).jpg,P164,0,-1.346090316772461,0.2065102905035019,0.10120833513856183
P164 (60).jpg,P164,0,-0.7187514901161194,0.3276679813861847,0.23756280298711374
P164 (61).jpg,P164,0,-0.9934477806091307,0.2702316045761108,0.1663458026049166
P164 (62).jpg,P164,0,-1.5333703756332395,0.1775010973215103,0.0767242873214869
P164 (63).jpg,P164,0,-2.717603206634521,0.0619425848126411,0.012021248756136298
P164 (64).jpg,P164,0,-1.5581445693969729,0.1739130467176437,0.07392509640932188
P164 (65).jpg,P164,0,-1.6246914863586426,0.1645588725805282,0.06686544165992583
P164 (66).jpg,P164,0,0.0940320044755935,0.5234906673431396,0.5380651171116121
P164 (67).jpg,P164,0,-1.5282275676727295,0.1782531589269638,0.07731741904330652
P164 (68).jpg,P164,0,-1.3918853998184204,0.1991069465875625,0.09464730502341596
P164 (69).jpg,P164,0,-0.6761412024497986,0.3371230661869049,0.25031030075199096
P164 (7).jpg,P164,0,-0.909887433052063,0.2870228588581085,0.18600460615563177
P164 (70).jpg,P164,0,-0.7190505862236023,0.3276020884513855,0.23747492287971858
P164 (71).jpg,P164,0,-0.0301829688251018,0.49245485663414,0.4877603836359682
P164 (72).jpg,P164,0,0.052690852433443,0.5131696462631226,0.52135814284218
P164 (8).jpg,P164,0,-1.3519117832183838,0.2055580019950866,0.10035243235226114
P164 (9).jpg,P164,0,-1.4332858324050903,0.1925872266292572,0.08904639681462709
P052 (1).jpg,P052,0,-1.30295991897583,0.2136673033237457,0.10775349786763433
P052 (10).jpg,P052,0,-0.950268030166626,0.2788309156894684,0.17628886922035614
P052 (11).jpg,P052,0,-0.58808434009552,0.357074499130249,0.278061762819669
P052 (12).jpg,P052,0,-0.3202432692050934,0.4206164479255676,0.3729559893615427
P052 (13).jpg,P052,0,-0.4928818345069885,0.379214882850647,0.3101021716407404
P052 (14).jpg,P052,0,-1.547132968902588,0.175500750541687,0.07515748552857167
P052 (15).jpg,P052,0,-1.759806990623474,0.1468145102262497,0.05441953231450203
P052 (16).jpg,P052,0,-0.3269832134246826,0.4189748167991638,0.37040236329926246
P052 (17).jpg,P052,0,-1.12359619140625,0.2453448474407196,0.1390862468074487
P052 (18).jpg,P052,0,-0.9594695568084716,0.2769844233989715,0.17413156876478986
P052 (19).jpg,P052,0,-0.8107284307479858,0.3077352941036224,0.21159969942741844
P052 (2).jpg,P052,0,-2.157073736190796,0.103672057390213,0.029323798671731884
P052 (20).jpg,P052,0,-0.7828965187072754,0.3136959671974182,0.2192305937120753
P052 (21).jpg,P052,0,-1.1868793964385986,0.2338175326585769,0.12724177865991354
P052 (22).jpg,P052,0,-1.022386908531189,0.264562726020813,0.1599365594164024
P052 (23).jpg,P052,0,-0.983802080154419,0.2721380293369293,0.1685272704041659
P052 (24).jpg,P052,0,-1.5443800687789917,0.1758994460105896,0.07546851905763874
P052 (25).jpg,P052,0,-1.3531184196472168,0.205361008644104,0.10017583280806928
P052 (26).jpg,P052,0,-0.6963473558425903,0.3326225578784942,0.24420906833862027
P052 (27).jpg,P052,0,0.4443635940551758,0.6092982888221741,0.6728110400822876
P052 (3).jpg,P052,0,-1.5381215810775757,0.1768085062503814,0.07618003050320951
P052 (4).jpg,P052,0,-0.8173010945320129,0.3063368797302246,0.2098262524394025
P052 (5).jpg,P052,0,-0.5782602429389954,0.3593330085277557,0.28127258551398376
P052 (6).jpg,P052,0,-0.6280860900878906,0.3479446470737457,0.26522332996330633
P052 (7).jpg,P052,0,-0.4131324887275696,0.3981612622737884,0.3384390882154943
P052 (8).jpg,P052,0,-0.8450087308883667,0.3004809319972992,0.20247038271589549
P052 (9).jpg,P052,0,-0.792324423789978,0.3116697967052459,0.21662370660155159
P049 (1).jpg,P049,0,-0.9467043876647948,0.2795480787754059,0.17712999109502522
P049 (10).jpg,P049,0,1.015830159187317,0.7341595888137817,0.8386290388571839
P049 (11).jpg,P049,0,-0.045246135443449,0.488690435886383,0.4816566287057947
P049 (12).jpg,P049,0,0.0897842496633529,0.5224310159683228,0.5363517916409958
P049 (13).jpg,P049,0,-0.6695230603218079,0.3386036455631256,0.25233057659505875
P049 (14).jpg,P049,0,-0.5612139105796814,0.3632666170597076,0.2868970655135382
P049 (15).jpg,P049,0,0.0913700610399246,0.522826611995697,0.5369915288446058
P049 (16).jpg,P049,0,0.2485349625349044,0.5618159174919128,0.5994606159826882
P049 (17).jpg,P049,0,-0.1739499717950821,0.4566218256950378,0.42991131980891906
P049 (18).jpg,P049,0,0.9112517833709716,0.7132562398910522,0.8143302993109508
P049 (19).jpg,P049,0,0.6487269401550293,0.6567234992980957,0.7412511653428902
P049 (2).jpg,P049,0,-0.4974735975265503,0.378134548664093,0.3085106750479245
P049 (20).jpg,P049,0,-2.2038960456848145,0.0994011685252189,0.027237186361295157
P049 (21).jpg,P049,0,-1.612785577774048,0.1662022322416305,0.06808077746035582
P049 (22).jpg,P049,0,-1.9498153924942017,0.1245734840631485,0.04056878475760416
P049 (23).jpg,P049,0,-1.919139623641968,0.1279575377702713,0.04255080258608214
P049 (24).jpg,P049,0,-0.6972620487213135,0.3324195444583893,0.243935272733936
P049 (25).jpg,P049,0,-1.5865991115570068,0.1698629111051559,0.07082619877941229
P049 (26).jpg,P049,0,-1.1349899768829346,0.243241399526596,0.1368875546739383
P049 (3).jpg,P049,0,-0.6005474925041199,0.3542184233665466,0.2740210077084412
P049 (4).jpg,P049,0,-0.7886507511138916,0.3124584555625915,0.21763682991988914
P049 (5).jpg,P049,0,0.0855246633291244,0.521368145942688,0.5346328317431221
P049 (6).jpg,P049,0,0.5504189729690552,0.6342328190803528,0.709506568906872
P049 (7).jpg,P049,0,-0.4278157949447632,0.394648015499115,0.3331261091197449
P049 (8).jpg,P049,0,0.2321449369192123,0.5577769875526428,0.5930593984269867
P049 (9).jpg,P049,0,-0.2782216072082519,0.4308898150920868,0.38903242349458056
P014 (1).jpg,P014,0,-0.5072241425514221,0.3758444786071777,0.30514622115965406
P014 (10).jpg,P014,0,-0.1444888859987259,0.4639404714107513,0.4416629212842107
P014 (11).jpg,P014,0,-0.0943755358457565,0.4764236211776733,0.46179635877295444
P014 (12).jpg,P014,0,-0.1556033045053482,0.4611774682998657,0.4372211273218732
P014 (13).jpg,P014,0,-0.3211433589458465,0.4203971326351166,0.37261455015123096
P014 (14).jpg,P014,0,-0.4199236035346985,0.3965350091457367,0.33597663902645186
P014 (15).jpg,P014,0,-0.3025051355361938,0.4249451756477356,0.3797102339846455
P014 (16).jpg,P014,0,0.1461425274610519,0.5364707708358765,0.5589985532813178
P014 (17).jpg,P014,0,0.438290387392044,0.6078515648841858,0.6706383438405904
P014 (18).jpg,P014,0,-0.1048732548952102,0.4738056659698486,0.4575662482191664
P014 (19).jpg,P014,0,-0.2660560011863708,0.4338755905628204,0.39373383672093104
P014 (2).jpg,P014,0,-0.6834779977798462,0.3354854881763458,0.24808327454195944
P014 (20).jpg,P014,0,-0.0325944833457469,0.4918520748615265,0.4867829195028306
P014 (21).jpg,P014,0,-0.5728824138641357,0.3605720102787018,0.2830397543711852
P014 (22).jpg,P014,0,-0.3828921616077423,0.4054295420646667,0.34950934657240534
P014 (23).jpg,P014,0,-0.3912146687507629,0.4034249186515808,0.3464458423518263
P014 (24).jpg,P014,0,0.0351422913372516,0.5087846517562866,0.5142496787741149
P014 (25).jpg,P014,0,0.3704164624214172,0.5915595889091492,0.64587506196681
P014 (26).jpg,P014,0,0.7152309417724609,0.6715559363365173,0.761401111181226
P014 (27).jpg,P014,0,0.3966224789619446,0.5978758931159973,0.65553798335951
P014 (28).jpg,P014,0,-0.5333001613616943,0.3697474896907806,0.29625081621218496
P014 (29).jpg,P014,0,0.7449668645858765,0.6780810356140137,0.7700545802351109
P014 (3).jpg,P014,0,-0.8703957200050354,0.2951719462871551,0.19590104194695188
P014 (30).jpg,P014,0,0.2024928331375122,0.5504509210586548,0.5813993102479194
P014 (31).jpg,P014,0,0.6302796602249146,0.6525529026985168,0.7354696298495845
P014 (32).jpg,P014,0,-0.2606152892112732,0.4352124631404876,0.3958428492223403
P014 (4).jpg,P014,0,-0.6580420136451721,0.3411795794963836,0.255860856354806
P014 (5).jpg,P014,0,-0.4684512615203857,0.3849828541278839,0.3186449620080664
P014 (6).jpg,P014,0,-0.3395377993583679,0.4159217774868011,0.36566505140027084
P014 (7).jpg,P014,0,-0.514279305934906,0.3741908967494964,0.30272469683207404
P014 (8).jpg,P014,0,-0.5375911593437195,0.3687480986118316,0.2948014736291104
P014 (9).jpg,P014,0,-0.2569632530212402,0.4361103475093841,0.3972606892614136
P044 (1).jpg,P044,0,-1.046234369277954,0.2599488496780395,0.15480647630101285
P044 (10).jpg,P044,0,-0.3548979163169861,0.4121952056884765,0.35990434946794153
P044 (11).jpg,P044,0,-0.9634445905685424,0.2761890590190887,0.17320608546943903
P044 (12).jpg,P044,0,-0.7225409746170044,0.3268336653709411,0.23645103607033707
P044 (13).jpg,P044,0,0.2405353188514709,0.5598455667495728,0.5963404047057813
P044 (14).jpg,P044,0,-1.3466800451278689,0.2064136713743209,0.1011213361441049
P044 (15).jpg,P044,0,0.4386443495750427,0.6079359650611877,0.670765175691011
P044 (16).jpg,P044,0,-0.7366352081298828,0.3237403631210327,0.23234763453197707
P044 (17).jpg,P044,0,0.589518666267395,0.6432546973228455,0.722405130241765
P044 (18).jpg,P044,0,1.423445701599121,0.8058779835700989,0.9096500899485098
P044 (19).jpg,P044,0,0.8808580636978149,0.7070000171661377,0.8067589573088617
P044 (2).jpg,P044,0,-0.7833818197250366,0.3135914802551269,0.219095855200933
P044 (20).jpg,P044,0,1.257890224456787,0.7786626815795898,0.88501226926429
P044 (21).jpg,P044,0,0.8671792149543762,0.7041584253311157,0.8032756320331284
P044 (22).jpg,P044,0,0.7817248106002808,0.6860517263412476,0.7804438487753118
P044 (23).jpg,P044,0,0.5130196213722229,0.6255140900611877,0.6968437428209876
P044 (24).jpg,P044,0,1.589714765548706,0.8305759429931641,0.9295057344051821
P044 (25).jpg,P044,0,1.7188873291015625,0.8479854464530945,0.9420615082106338
P044 (26).jpg,P044,0,0.842177152633667,0.6989235877990723,0.7967867987211263
P044 (27).jpg,P044,0,1.1587107181549072,0.7610983848571777,0.867596103750739
P044 (28).jpg,P044,0,1.3680987358093262,0.7970728278160095,0.9019937351929603
P044 (29).jpg,P044,0,0.3704801201820373,0.591575026512146,0.6458986831938219
P044 (3).jpg,P044,0,-0.5877431631088257,0.3571528494358063,0.27817289171610643
P044 (30).jpg,P044,0,-0.1170226782560348,0.4707776606082916,0.4526782412253665
P044 (4).jpg,P044,0,-0.3766811788082123,0.406927615404129,0.35180374158759625
P044 (5).jpg,P044,0,-0.4562520682811737,0.3878753185272217,0.3229572886920651
P044 (6).jpg,P044,0,0.0439206846058368,0.5109784007072449,0.5178064776157137
P044 (7).jpg,P044,0,-0.3139126598834991,0.4221599996089935,0.3753609997722867
P044 (8).jpg,P044,0,0.1983077824115753,0.549415111541748,0.5797459548663044
P044 (9).jpg,P044,0,0.2749156355857849,0.5682992935180664,0.6096919803145329
P038 (1).jpg,P038,0,-1.1192834377288818,0.2461442202329635,0.13992618519262845
P038 (10).jpg,P038,0,-1.6208707094192505,0.1650848239660263,0.06725324942049943
P038 (11).jpg,P038,0,-1.7310354709625244,0.1504551768302917,0.056872073579417294
P038 (12).jpg,P038,0,-1.584210991859436,0.1701999306678772,0.07108159931153755
P038 (13).jpg,P038,0,-1.1959949731826782,0.2321884334087371,0.1256084822273807
P038 (14).jpg,P038,0,-1.3842151165008545,0.2003328949213028,0.09571902338749606
P038 (15).jpg,P038,0,-1.2412967681884766,0.2242103517055511,0.11775587460408551
P038 (16).jpg,P038,0,-1.2349992990493774,0.2253076434135437,0.11882145351242299
P038 (17).jpg,P038,0,-0.9814670085906982,0.2726007997989654,0.16905878621578638
P038 (18).jpg,P038,0,-1.3226343393325806,0.210380345582962,0.10472288370401558
P038 (19).jpg,P038,0,-1.726659655570984,0.1510153412818908,0.05725405991627336
P038 (2).jpg,P038,0,-0.7255347967147827,0.326175332069397,0.23557524546367886
P038 (20).jpg,P038,0,-0.4833908081054687,0.3814517557621002,0.31340600805131485
P038 (21).jpg,P038,0,-0.7549417018890381,0.3197454810142517,0.22709242212981848
P038 (22).jpg,P038,0,-0.9847815036773682,0.2719440460205078,0.16830472810990393
P038 (23).jpg,P038,0,-0.8457537889480591,0.3003243505954742,0.20227526583856484
P038 (24).jpg,P038,0,-1.5158764123916626,0.1800695359706878,0.078759100371095
P038 (25).jpg,P038,0,-1.195197582244873,0.23233063519001,0.12575063624815272
P038 (26).jpg,P038,0,-1.3909906148910522,0.199249655008316,0.09477177163866383
P038 (27).jpg,P038,0,-1.3842405080795288,0.2003288269042968,0.09571545775371193
P038 (28).jpg,P038,0,-1.4311577081680298,0.1929183602333068,0.08932686164626155
P038 (29).jpg,P038,0,-1.428873062133789,0.1932743191719055,0.08962884097883399
P038 (3).jpg,P038,0,-1.0509297847747805,0.2590465843677521,0.15381237804562856
P038 (30).jpg,P038,0,-1.4164714813232422,0.1952153444290161,0.09128416067645465
P038 (31).jpg,P038,0,-1.7009848356246948,0.1543366760015487,0.05954430081781539
P038 (32).jpg,P038,0,-1.591274976730347,0.1692045927047729,0.07032858573180804
P038 (33).jpg,P038,0,-1.84796142578125,0.1361124217510223,0.04751197035148983
P038 (34).jpg,P038,0,-1.748239040374756,0.1482694447040558,0.05539339229070813
P038 (35).jpg,P038,0,-1.9081844091415403,0.1291849613189697,0.04328081614002188
P038 (36).jpg,P038,0,-1.7027716636657717,0.154103621840477,0.05938217229040007
P038 (37).jpg,P038,0,-1.4837654829025269,0.184859350323677,0.08262291042133217
P038 (38).jpg,P038,0,-1.6805071830749512,0.157028317451477,0.06143217392233934
P038 (39).jpg,P038,0,-1.782329559326172,0.1440157145261764,0.05256957277534327
P038 (4).jpg,P038,0,-0.8327242136001587,0.3030693531036377,0.20570771681133995
P038 (40).jpg,P038,0,-1.741452693939209,0.1491285115480423,0.055972319978839426
P038 (41).jpg,P038,0,-1.5330445766448977,0.1775486767292022,0.07676173835297857
P038 (42).jpg,P038,0,-0.96591055393219,0.2756963670253753,0.1726339068312201
P038 (43).jpg,P038,0,-1.1185550689697266,0.2462794184684753,0.140068458497936
P038 (44).jpg,P038,0,-1.3141000270843506,0.2118015736341476,0.10602814255935586
P038 (45).jpg,P038,0,-1.404613375663757,0.1970850676298141,0.0928926060453959
P038 (46).jpg,P038,0,-1.4140064716339111,0.1956028938293457,0.09161644100845995
P038 (47).jpg,P038,0,-1.3857629299163818,0.2000850439071655,0.09550188731947692
P038 (48).jpg,P038,0,-1.41520357131958,0.1954146027565002,0.09145493780028746
P038 (49).jpg,P038,0,-1.4838448762893677,0.1848473697900772,0.08261314790053487
P038 (5).jpg,P038,0,-1.4262478351593018,0.1936839818954467,0.0899769736766125
P038 (50).jpg,P038,0,-1.5414420366287231,0.1763257533311844,0.07580177321882968
P038 (51).jpg,P038,0,-1.454443097114563,0.1893187165260315,0.08630103664261844
P038 (52).jpg,P038,0,-0.3524572849273681,0.4127866923809051,0.36081704765962586
P038 (53).jpg,P038,0,-0.746561586856842,0.3215709626674652,0.22948761493878644
P038 (54).jpg,P038,0,-0.2694917917251587,0.4330318570137024,0.392404034478357
P038 (6).jpg,P038,0,-1.227029800415039,0.2267017066478729,0.12018190170271782
P038 (7).jpg,P038,0,-1.882041454315185,0.1321545541286468,0.04507148870787118
P038 (8).jpg,P038,0,-1.6190035343170166,0.1653423458337783,0.06744352543110652
P038 (9).jpg,P038,0,-1.6487847566604614,0.161273255944252,0.06446744436737886
P047 (1).jpg,P047,0,-0.2463224977254867,0.4387288391590118,0.4014015472011957
P047 (2).jpg,P047,0,-0.4379512369632721,0.3922292292118072,0.3294832039777541
P047 (3).jpg,P047,0,-0.1535581201314926,0.4616857171058655,0.4380377361661592
P047 (4).jpg,P047,0,-0.6713990569114685,0.3381836712360382,0.2517568082646003
P047 (5).jpg,P047,0,-0.4241954088211059,0.3955132365226745,0.33443223347119677
P047 (6).jpg,P047,0,-0.6475868225097656,0.3435335457324981,0.2591037622725683
P047 (7).jpg,P047,0,-0.4889347553253174,0.3801445662975311,0.31147382696016557
P047 (8).jpg,P047,0,-0.4919518232345581,0.3794339001178741,0.31042506177928625
P047 (9).jpg,P047,0,-0.5967395305633545,0.3550899922847748,0.27525172549854987
P096 (1).jpg,P096,0,-1.515761137008667,0.1800865530967712,0.0787726709182215
P096 (10).jpg,P096,0,-1.2578126192092896,0.2213506698608398,0.1150005441700468
P096 (11).jpg,P096,0,-1.2214046716690063,0.2276893556118011,0.12115022862973779
P096 (12).jpg,P096,0,-1.026761531829834,0.2637124359607696,0.15898528817410706
P096 (13).jpg,P096,0,-2.4719455242156982,0.0778484493494033,0.017802819482323026
P096 (14).jpg,P096,0,-2.7891924381256104,0.0579109974205493,0.010717199857994377
P096 (15).jpg,P096,0,-2.503048181533813,0.0756447687745094,0.016941613652411494
P096 (16).jpg,P096,0,-2.492032527923584,0.0764186158776283,0.017241841420630146
P096 (17).jpg,P096,0,-2.5298941135406494,0.0737888887524604,0.01623129126073961
P096 (18).jpg,P096,0,-2.5083014965057373,0.0752782598137855,0.016800251489672118
P096 (19).jpg,P096,0,-2.4462645053863525,0.0797121450304985,0.018546184694389033
P096 (2).jpg,P096,0,-1.5237891674041748,0.1789042055606842,0.07783268413144474
P096 (20).jpg,P096,0,-1.963690161705017,0.1230682432651519,0.03970162777886601
P096 (21).jpg,P096,0,-2.0127227306365967,0.1178735792636871,0.0367773892153784
P096 (22).jpg,P096,0,-2.253827810287476,0.0950197950005531,0.025171101392669273
P096 (23).jpg,P096,0,-2.0588319301605225,0.1131629943847656,0.034217284549745465
P096 (24).jpg,P096,0,-1.849761962890625,0.1359008401632309,0.047379949271269116
P096 (25).jpg,P096,0,-1.678139567375183,0.1573419719934463,0.06165402271570224
P096 (26).jpg,P096,0,-1.9607566595077517,0.1233851835131645,0.03988347436708731
P096 (27).jpg,P096,0,-1.65892231464386,0.1599067151546478,0.06348258151434213
P096 (28).jpg,P096,0,-2.3195464611053467,0.0895170196890831,0.022683205824536406
P096 (29).jpg,P096,0,-2.01525616645813,0.117610402405262,0.03663206319167265
P096 (3).jpg,P096,0,-1.7324450016021729,0.1502750962972641,0.05674953954145227
P096 (30).jpg,P096,0,-2.064014196395874,0.1126439645886421,0.03394052836946152
P096 (31).jpg,P096,0,-2.3859050273895264,0.0842538475990295,0.020415284731729617
P096 (32).jpg,P096,0,-1.971174478530884,0.1222627833485603,0.03924127220537604
P096 (33).jpg,P096,0,-2.4285125732421875,0.0810241550207138,0.019077749648613227
P096 (34).jpg,P096,0,-1.9492459297180176,0.124635599553585,0.040604760365860006
P096 (35).jpg,P096,0,-1.8420333862304688,0.1368109881877899,0.04794910678573016
P096 (36).jpg,P096,0,-1.90853750705719,0.1291452348232269,0.04325710163490335
P096 (37).jpg,P096,0,-1.3311628103256226,0.2089671045541763,0.1034327129475046
P096 (38).jpg,P096,0,-1.55865740776062,0.1738393753767013,0.07386815644687018
P096 (39).jpg,P096,0,-1.2374423742294312,0.2248814702033996,0.11840707998880894
P096 (4).jpg,P096,0,-1.3375767469406128,0.2079088389873504,0.10247170783392298
P096 (40).jpg,P096,0,-1.2570334672927856,0.2214850038290023,0.11512925912417937
P096 (41).jpg,P096,0,-1.0905827283859253,0.2515085637569427,0.14562446017636335
P096 (42).jpg,P096,0,-1.257353901863098,0.2214297354221344,0.11507630855586026
P096 (43).jpg,P096,0,-1.5861155986785889,0.169931098818779,0.07087784015009006
P096 (44).jpg,P096,0,-1.121874451637268,0.2456637620925903,0.13942105935657037
P096 (45).jpg,P096,0,-1.6672419309616089,0.1587922573089599,0.0626848284698077
P096 (46).jpg,P096,0,-1.633368730545044,0.1633693873882293,0.06599240357289492
P096 (47).jpg,P096,0,-1.90560781955719,0.1294751018285751,0.043454239297343364
P096 (48).jpg,P096,0,-1.6113359928131104,0.1664032042026519,0.06823013949945057
P096 (49).jpg,P096,0,-1.3957431316375732,0.198492482304573,0.09411236033517789
P096 (5).jpg,P096,0,-1.5896825790405271,0.1694285571575164,0.07049768729600407
P096 (50).jpg,P096,0,-1.5331748723983765,0.1775296479463577,0.07674675867027564
P096 (6).jpg,P096,0,-1.4809777736663818,0.1852797865867614,0.08296636420708316
P096 (7).jpg,P096,0,-1.9620983600616453,0.1232401207089424,0.03980020405058757
P096 (8).jpg,P096,0,-1.7148106098175049,0.1525408029556274,0.05830055126884371
P096 (9).jpg,P096,0,-1.631384015083313,0.1636408567428589,0.06619115130895638
P196 (1).jpg,P196,0,-0.8392321467399597,0.3016965389251709,0.20398792753934328
P196 (2).jpg,P196,0,-1.217106819152832,0.2284459918737411,0.1218946005798402
P043 (1).jpg,P043,0,-1.9485355615615845,0.1247131302952766,0.04064968044958636
P043 (10).jpg,P043,0,-1.63987135887146,0.1624825596809387,0.06534511500238158
P043 (11).jpg,P043,0,-1.1833723783493042,0.2344463914632797,0.12787497032899786
P043 (12).jpg,P043,0,-1.451387882232666,0.1897880584001541,0.08669269202635549
P043 (13).jpg,P043,0,-1.329427719116211,0.209254041314125,0.10369404972114864
P043 (14).jpg,P043,0,-1.164778709411621,0.237800046801567,0.13127710459952618
P043 (15).jpg,P043,0,-1.1571650505065918,0.2391828149557113,0.13269222462111446
P043 (16).jpg,P043,0,-1.3721065521240234,0.2022797167301178,0.09743296399535814
P043 (17).jpg,P043,0,-1.2430315017700195,0.2239087522029876,0.11746380288151553
P043 (18).jpg,P043,0,-1.3489621877670288,0.2060400992631912,0.10078529081823487
P043 (19).jpg,P043,0,-1.3378498554229736,0.2078638821840286,0.10243096385614937
P043 (2).jpg,P043,0,-1.8456066846847532,0.1363895535469055,0.04768515492309905
P043 (20).jpg,P043,0,-1.2988159656524658,0.2143643796443939,0.10840157821007852
P043 (21).jpg,P043,0,-1.3866914510726929,0.1999364644289016,0.09537184060046641
P043 (22).jpg,P043,0,-1.4823333024978638,0.1850752383470535,0.08279919726537571
P043 (23).jpg,P043,0,-1.5581753253936768,0.1739086359739303,0.07392168046172805
P043 (24).jpg,P043,0,-1.9587665796279907,0.1236005946993827,0.04000729280576923
P043 (25).jpg,P043,0,-1.534719467163086,0.1773042231798172,0.0765693856987873
P043 (26).jpg,P043,0,-1.662009835243225,0.1594923883676529,0.06318542625029862
P043 (27).jpg,P043,0,-1.4542763233184814,0.1893443018198013,0.0863223743710603
P043 (28).jpg,P043,0,-1.476704478263855,0.1859257072210312,0.0834953677523823
P043 (29).jpg,P043,0,-1.1421512365341189,0.2419256120920181,0.1355206438297985
P043 (3).jpg,P043,0,-1.86271071434021,0.1343874186277389,0.046440725677705845
P043 (30).jpg,P043,0,-0.9075143337249756,0.2875087261199951,0.18658823799399643
P043 (31).jpg,P043,0,-0.1964990049600601,0.4510327279567718,0.4209691812460214
P043 (32).jpg,P043,0,-0.1735849529504776,0.4567123651504516,0.43005646652353713
P043 (33).jpg,P043,0,-0.5488053560256958,0.3661415874958038,0.29103329439665004
P043 (34).jpg,P043,0,-0.4834423065185547,0.381439596414566,0.3133880298183253
P043 (35).jpg,P043,0,-0.2932302057743072,0.4272132515907287,0.383260727796175
P043 (36).jpg,P043,0,-0.3175190687179565,0.4212805032730102,0.37399015595233975
P043 (37).jpg,P043,0,-0.105611965060234,0.473621517419815,0.45726880420318144
P043 (38).jpg,P043,0,-0.4106743633747101,0.3987504541873932,0.3393325712796236
P043 (39).jpg,P043,0,-0.4797855615615845,0.3823027610778808,0.31466600039917325
P043 (4).jpg,P043,0,-1.3606218099594116,0.2041392624378204,0.09908384759538334
P043 (40).jpg,P043,0,-0.7589226365089417,0.3188802301883697,0.22596079970452346
P043 (41).jpg,P043,0,-0.8409501910209656,0.3013346791267395,0.2035357045628063
P043 (42).jpg,P043,0,-0.9177259206771852,0.2854214906692505,0.18408684734821731
P043 (43).jpg,P043,0,-0.1729813516139984,0.4568621814250946,0.43029650995719815
P043 (44).jpg,P043,0,-0.0541230849921703,0.4864725470542907,0.47806203976054584
P043 (45).jpg,P043,0,-0.7303142547607422,0.3251257836818695,0.2341817552148678
P043 (46).jpg,P043,0,-0.7244386672973633,0.3264163136482239,0.2358956384459608
P043 (47).jpg,P043,0,-0.7513059377670288,0.3205367922782898,0.22812941778309231
P043 (48).jpg,P043,0,-0.9511905908584596,0.2786454558372497,0.17607163065105977
P043 (49).jpg,P043,0,-0.8466244339942932,0.3001414239406585,0.20204743793626068
P043 (5).jpg,P043,0,-1.351862549781799,0.2055660337209701,0.10035964387439134
P043 (50).jpg,P043,0,-0.9730865955352784,0.274265706539154,0.1709773573303857
P043 (51).jpg,P043,0,-0.5889690518379211,0.3568714261054992,0.2777737198232004
P043 (52).jpg,P043,0,-0.3803414106369018,0.4060445725917816,0.35045078182978334
P043 (53).jpg,P043,0,-0.5028822422027588,0.376863569021225,0.30664186643622915
P043 (54).jpg,P043,0,-0.2244452387094497,0.4441230595111847,0.4099588503301021
P043 (55).jpg,P043,0,-0.1650742441415786,0.4588249325752258,0.43344403726958153
P043 (56).jpg,P043,0,-0.3003803491592407,0.4254645109176636,0.3805224929193486
P043 (57).jpg,P043,0,-0.4752568006515503,0.383372813463211,0.3162526240960879
P043 (58).jpg,P043,0,0.0079545862972736,0.5019886493682861,0.5032262958613201
P043 (59).jpg,P043,0,-0.4020990133285522,0.4008081257343292,0.3424584904939756
P043 (6).jpg,P043,0,-1.568301558494568,0.1724586486816406,0.07280486616117447
P043 (60).jpg,P043,0,-0.2589789628982544,0.4356147050857544,0.39647790971917085
P043 (61).jpg,P043,0,-0.3504399061203003,0.4132757186889648,0.36157222646704534
P043 (62).jpg,P043,0,-0.0307783000171184,0.4923060238361358,0.4875190678297366
P043 (63).jpg,P043,0,-0.1333980709314346,0.466699868440628,0.4461046074607619
P043 (64).jpg,P043,0,-0.2937418818473816,0.4270879924297333,0.38306452665228097
P043 (65).jpg,P043,0,-0.3897401094436645,0.4037798643112182,0.34698770741567014
P043 (66).jpg,P043,0,-0.1683082729578018,0.4580219686031341,0.4321560258407933
P043 (67).jpg,P043,0,-0.4328098893165588,0.3934555649757385,0.3313285939132271
P043 (68).jpg,P043,0,-0.7765516042709351,0.3150635361671448,0.22099767081532543
P043 (69).jpg,P043,0,-0.3544142246246338,0.4123124182224273,0.360085150513349
P043 (7).jpg,P043,0,-1.4315900802612305,0.1928510516881942,0.08926981504688906
P043 (70).jpg,P043,0,-0.5995488166809082,0.3544469475746155,0.2743434440664721
P043 (71).jpg,P043,0,-0.582003116607666,0.3584717810153961,0.28004663872584956
P043 (8).jpg,P043,0,-1.5866775512695312,0.1698518544435501,0.07081782433939955
P043 (9).jpg,P043,0,-1.743778109550476,0.1488336771726608,0.055773305899150145
P070 (1).jpg,P070,0,-1.0735992193222046,0.2547192275524139,0.1490862195331407
P070 (10).jpg,P070,0,-0.7438035011291504,0.3221729695796966,0.2302797961446736
P070 (11).jpg,P070,0,-0.8591453433036804,0.2975179255008697,0.19879219496471953
P070 (12).jpg,P070,0,-1.0572258234024048,0.257839947938919,0.15248760597500147
P070 (13).jpg,P070,0,-1.082641363143921,0.2530064880847931,0.14723478059696243
P070 (14).jpg,P070,0,-1.0350830554962158,0.2620998322963714,0.15718842686328383
P070 (15).jpg,P070,0,-1.0439393520355225,0.2603906095027923,0.15529427642001684
P070 (16).jpg,P070,0,-1.1515942811965942,0.2401980012655258,0.13373580921261657
P070 (17).jpg,P070,0,-1.0358299016952517,0.2619554102420807,0.1570279714272622
P070 (18).jpg,P070,0,-0.8002071380615234,0.3099811971187591,0.21446134731893143
P070 (19).jpg,P070,0,-0.8921278715133667,0.2906709015369415,0.19040657693770405
P070 (2).jpg,P070,0,-1.0020709037780762,0.2685344517230987,0.16441478848784813
P070 (20).jpg,P070,0,-1.218998908996582,0.2281126677989959,0.12156641358756344
P070 (21).jpg,P070,0,-1.0438915491104126,0.2603998184204101,0.15530445013533592
P070 (22).jpg,P070,0,-1.8889814615249636,0.131360650062561,0.04458936124388596
P070 (23).jpg,P070,0,-1.827425837516785,0.1385452002286911,0.04904262963088849
P070 (24).jpg,P070,0,-1.574553370475769,0.1715682446956634,0.072123142058699
P070 (25).jpg,P070,0,-1.9711525440216064,0.1222651526331901,0.03924261387341149
P070 (26).jpg,P070,0,-1.9731194972991943,0.1220542043447494,0.039122476023864254
P070 (27).jpg,P070,0,-1.6570155620574951,0.1601630300283432,0.06366674515705714
P070 (28).jpg,P070,0,-1.38954758644104,0.1994799822568893,0.09497280892061032
P070 (29).jpg,P070,0,-1.6062333583831787,0.1671122312545776,0.06875832272621146
P070 (3).jpg,P070,0,-0.9872865676879884,0.2714483737945556,0.1677365999328849
P070 (30).jpg,P070,0,-1.963956475257873,0.1230395063757896,0.039685158521468485
P070 (31).jpg,P070,0,-1.4088486433029177,0.1964157223701477,0.0923152304056606
P070 (32).jpg,P070,0,-1.7815632820129397,0.1441102027893066,0.05263152571808212
P070 (33).jpg,P070,0,-1.09699547290802,0.2503032684326172,0.14433479334516075
P070 (34).jpg,P070,0,-1.088308334350586,0.2519369721412658,0.14608415458955004
P070 (35).jpg,P070,0,-1.2412927150726318,0.2242110520601272,0.11775655775094808
P070 (36).jpg,P070,0,-1.6833887100219729,0.1566472649574279,0.061163177475557856
P070 (37).jpg,P070,0,-1.2150444984436035,0.2288096845149994,0.12225318324875738
P070 (38).jpg,P070,0,-1.922518849372864,0.1275809407234192,0.04232800811134698
P070 (39).jpg,P070,0,-1.8105833530426023,0.1405676305294037,0.050332811664372
P070 (4).jpg,P070,0,-1.4054701328277588,0.1969494968652725,0.09277554714115455
P070 (40).jpg,P070,0,-1.5266413688659668,0.1784856021404266,0.07750120499736166
P070 (41).jpg,P070,0,-0.9814473390579224,0.2726047039031982,0.1690632691182431
P070 (42).jpg,P070,0,-0.8832998275756836,0.2924944162368774,0.19262420424207374
P070 (43).jpg,P070,0,-1.291229248046875,0.2156448364257812,0.10959695351723983
P070 (44).jpg,P070,0,-1.6635359525680542,0.1592878997325897,0.06303902613346787
P070 (45).jpg,P070,0,-1.251289963722229,0.222476914525032,0.11608195042711507
P070 (46).jpg,P070,0,-1.552988052368164,0.1746551245450973,0.07449986805619982
P070 (47).jpg,P070,0,-1.8046845197677608,0.1412817686796188,0.0507922328277065
P070 (48).jpg,P070,0,-0.5960063934326172,0.355257898569107,0.2754890656026335
P070 (49).jpg,P070,0,-1.319821834564209,0.2108479440212249,0.10515146006721808
P070 (5).jpg,P070,0,-1.3214151859283447,0.2105829268693924,0.10490847157092416
P070 (50).jpg,P070,0,-1.587351679801941,0.1697568148374557,0.07074589022169929
P070 (51).jpg,P070,0,-1.597857117652893,0.1682813316583633,0.06963357916906687
P070 (52).jpg,P070,0,-1.8017117977142332,0.1416428238153457,0.0510252600034086
P070 (53).jpg,P070,0,-1.8691737651824951,0.1336373388767242,0.045978586921525885
P070 (54).jpg,P070,0,-1.8479613065719604,0.1361124366521835,0.047511979103852735
P070 (55).jpg,P070,0,-1.6364786624908447,0.1629447788000106,0.06568209272148466
P070 (56).jpg,P070,0,-1.4314348697662354,0.1928752064704895,0.08929028953154933
P070 (57).jpg,P070,0,-1.214349627494812,0.2289323508739471,0.122374207148918
P070 (58).jpg,P070,0,-1.3549915552139282,0.2050555199384689,0.09990223366167658
P070 (59).jpg,P070,0,-1.487550973892212,0.1842895895242691,0.0821585982872233
P070 (6).jpg,P070,0,-1.0087273120880127,0.2672289907932281,0.16293653497472338
P070 (60).jpg,P070,0,-1.2736707925796509,0.2186295092105865,0.11240789162704506
P070 (61).jpg,P070,0,-1.2852171659469604,0.2166634649038314,0.11055242142436628
P070 (62).jpg,P070,0,-0.866442084312439,0.295995146036148,0.19691341824424427
P070 (63).jpg,P070,0,-0.7356415390968323,0.3239579498767853,0.23263529789499682
P070 (64).jpg,P070,0,-1.4062237739562988,0.1968303471803665,0.09267268649807962
P070 (65).jpg,P070,0,-1.6435818672180176,0.1619782596826553,0.06497841218178131
P070 (66).jpg,P070,0,-1.5220569372177124,0.1791588217020034,0.07803463476897655
P070 (67).jpg,P070,0,-1.7075399160385132,0.1534830629825592,0.05895154538393809
P070 (68).jpg,P070,0,-2.1778626441955566,0.1017561107873916,0.02837887176160865
P070 (69).jpg,P070,0,-1.6304001808166504,0.1637755334377288,0.06628987768723704
P070 (7).jpg,P070,0,-0.7648038864135742,0.3176041841506958,0.22429631075475334
P070 (70).jpg,P070,0,-1.7708169221878052,0.1454407721757888,0.05350765551120427
P070 (71).jpg,P070,0,-1.429270625114441,0.1932123601436615,0.08957622594324344
P070 (72).jpg,P070,0,-1.9365408420562744,0.126028373837471,0.041415387832207315
P070 (73).jpg,P070,0,-1.927388429641724,0.1270399242639541,0.04200891381614315
P070 (74).jpg,P070,0,-2.0497846603393555,0.1140741556882858,0.03470567443310893
P070 (8).jpg,P070,0,-1.4803470373153689,0.1853750199079513,0.08304425267000741
P070 (9).jpg,P070,0,-1.07845938205719,0.2537976801395416,0.14808869354272738
P072 (1).jpg,P072,0,-0.7975118160247803,0.310558021068573,0.21519894879275234
P072 (10).jpg,P072,0,-1.0267642736434937,0.2637118995189667,0.1589846934022367
P072 (11).jpg,P072,0,-1.1095552444458008,0.247953787446022,0.14183641485204063
P072 (12).jpg,P072,0,-1.0536201000213623,0.2585305571556091,0.1532451504861191
P072 (13).jpg,P072,0,-1.0476547479629517,0.2596757113933563,0.15450520585868813
P072 (14).jpg,P072,0,-0.9778573513031006,0.2733171284198761,0.16988305318253252
P072 (15).jpg,P072,0,-0.4451726675033569,0.3905091285705566,0.3269000690944151
P072 (16).jpg,P072,0,-0.5006477236747742,0.3773884773254394,0.3074131777366834
P072 (17).jpg,P072,0,0.2324194461107254,0.5578447580337524,0.5931668767081192
P072 (18).jpg,P072,0,-0.8259258270263672,0.3045072257518768,0.20751571068591473
P072 (19).jpg,P072,0,-1.0099682807922363,0.266986072063446,0.1626621277521878
P072 (2).jpg,P072,0,-0.4187149405479431,0.3968242704868316,0.3364142516510376
P072 (20).jpg,P072,0,-1.0149362087249756,0.2660149335861206,0.16156733090577172
P072 (21).jpg,P072,0,-0.2166744321584701,0.4460422992706299,0.41301186432331194
P072 (22).jpg,P072,0,0.3404276371002197,0.5842943787574768,0.6346697453522145
P072 (23).jpg,P072,0,0.5977241396903992,0.6451354622840881,0.7250668245876425
P072 (24).jpg,P072,0,-1.0254040956497192,0.2639760971069336,0.1592799736082228
P072 (25).jpg,P072,0,-0.6347259879112244,0.3464397192001343,0.2631293143944664
P072 (26).jpg,P072,0,-1.2007477283477783,0.2313422262668609,0.12476404207276791
P072 (27).jpg,P072,0,-1.795148849487305,0.1424426138401031,0.051543306177265207
P072 (28).jpg,P072,0,-0.8197766542434692,0.3058110773563385,0.2091611293670529
P072 (29).jpg,P072,0,0.3423603177070617,0.584763765335083,0.635396457522229
P072 (3).jpg,P072,0,-0.5326874256134033,0.3698903322219848,0.2964581123582146
P072 (30).jpg,P072,0,-1.7176214456558228,0.1521777957677841,0.05805069029996674
P072 (31).jpg,P072,0,-1.4911879301071167,0.1837434917688369,0.08171474374915276
P072 (32).jpg,P072,0,-1.635210394859314,0.163117840886116,0.06580847707340905
P072 (33).jpg,P072,0,-2.326139450073242,0.0889811068773269,0.022447288969504264
P072 (34).jpg,P072,0,-2.7681164741516118,0.0590716153383255,0.011085859924599867
P072 (35).jpg,P072,0,-2.181206464767456,0.1014508977532386,0.02822966900103621
P072 (36).jpg,P072,0,-2.213143825531006,0.0985763669013977,0.026842473201385563
P072 (37).jpg,P072,0,-2.7165961265563965,0.0620011277496814,0.01204066924269111
P072 (38).jpg,P072,0,-2.338182210922241,0.0880097076296806,0.02202253669095909
P072 (39).jpg,P072,0,-2.188056468963623,0.1008281633257865,0.027926393452235233
P072 (4).jpg,P072,0,-0.3273758292198181,0.4188792705535888,0.37025383084623437
P072 (40).jpg,P072,0,-2.8825936317443848,0.0530207604169845,0.009224156561045426
P072 (41).jpg,P072,0,-1.709948182106018,0.1531704366207122,0.05873516595917801
P072 (42).jpg,P072,0,-1.520596623420715,0.1793736815452575,0.07820525675511907
P072 (43).jpg,P072,0,-1.6416943073272705,0.1622346341609954,0.06516471640128203
P072 (44).jpg,P072,0,-1.8074110746383667,0.1409513056278228,0.05057938823745214
P072 (45).jpg,P072,0,-1.5175793170928955,0.179818257689476,0.07855887850451604
P072 (46).jpg,P072,0,-1.330735683441162,0.2090377062559127,0.10349699203021724
P072 (47).jpg,P072,0,-1.4673960208892822,0.187338724732399,0.08465831336145822
P072 (48).jpg,P072,0,-1.2252836227416992,0.2270079851150512,0.12048177671088024
P072 (49).jpg,P072,0,-1.4175286293029783,0.195049300789833,0.09114199083252496
P072 (5).jpg,P072,0,-0.8204400539398193,0.3056702613830566,0.20898315358915417
P072 (50).jpg,P072,0,-1.252295970916748,0.2223029285669326,0.11591458788787613
P072 (6).jpg,P072,0,-1.139770746231079,0.2423624396324157,0.13597373993887082
P072 (7).jpg,P072,0,-0.8344554901123047,0.3027038276195526,0.20524916242775348
P072 (8).jpg,P072,0,-0.5004199743270874,0.3774419724941253,0.30749185284667874
P072 (9).jpg,P072,0,-0.4186429977416992,0.3968415558338165,0.3364403083691091
P078 (1).jpg,P078,0,-0.8215174078941345,0.3054416477680206,0.2086943603179462
P078 (10).jpg,P078,0,-0.6446237564086914,0.3442020714282989,0.26002766754531625
P078 (11).jpg,P078,0,-0.4189851284027099,0.3967596292495727,0.33631640212570685
P078 (12).jpg,P078,0,-0.9131105542182922,0.2863637506961822,0.18521417980524887
P078 (13).jpg,P078,0,-0.8553541302680969,0.2983109056949615,0.19977367004745153
P078 (14).jpg,P078,0,-1.0983272790908811,0.2500534355640411,0.14406814753902777
P078 (15).jpg,P078,0,-1.1613962650299072,0.2384136766195297,0.13190419779210574
P078 (16).jpg,P078,0,-1.263193964958191,0.2204245775938034,0.11411496717927434
P078 (17).jpg,P078,0,-0.7286505103111267,0.3254909515380859,0.23466618345531984
P078 (18).jpg,P078,0,-1.018802285194397,0.2652607560157776,0.1607194741992884
P078 (19).jpg,P078,0,-0.9578628540039062,0.2773062884807586,0.17450675367069476
P078 (2).jpg,P078,0,-1.1017030477523804,0.2494209110736847,0.1433941076571402
P078 (20).jpg,P078,0,-0.997066855430603,0.2695185244083404,0.16553316532460677
P078 (21).jpg,P078,0,-0.2328066974878311,0.4420597851276397,0.40668151835473104
P078 (22).jpg,P078,0,-0.9397643208503724,0.2809479534626007,0.17877707860733671
P078 (23).jpg,P078,0,-1.3839133977890017,0.2003812193870544,0.09576140158257176
P078 (24).jpg,P078,0,-1.6885082721710205,0.1559721082448959,0.06068797028269762
P078 (3).jpg,P078,0,-1.2475544214248655,0.2231237590312957,0.11670524493117412
P078 (4).jpg,P078,0,-1.462271213531494,0.1881201863288879,0.08530483467884795
P078 (5).jpg,P078,0,-1.4232008457183838,0.1941602826118469,0.09038256401601716
P078 (6).jpg,P078,0,-1.2886661291122437,0.2160786688327789,0.11000340759490392
P078 (7).jpg,P078,0,-1.318203091621399,0.2111174017190933,0.10539882929321993
P078 (8).jpg,P078,0,-0.9315973520278932,0.2826007604598999,0.18073066404038893
P078 (9).jpg,P078,0,-1.2679270505905151,0.2196123152971267,0.11334098699883605
P080 (1).jpg,P080,0,1.0259759426116943,0.7361350059509277,0.840844222419709
P080 (10).jpg,P080,0,-1.4487898349761963,0.1901878863573074,0.08702700688538596
P080 (11).jpg,P080,0,-1.0096447467803955,0.2670493721961975,0.16273363278901917
P080 (12).jpg,P080,0,-1.1951075792312622,0.232346698641777,0.1257666900874957
P080 (13).jpg,P080,0,-1.4399380683898926,0.1915549337863922,0.08817481783403856
P080 (14).jpg,P080,0,-1.7978515625,0.1421127915382385,0.051329367912898494
P080 (15).jpg,P080,0,-2.1730096340179443,0.1022005528211593,0.028596777814596547
P080 (16).jpg,P080,0,-1.7939300537109375,0.1425915658473968,0.051640057848023835
P080 (17).jpg,P080,0,-1.7068921327590942,0.1535672545433044,0.05900987523091559
P080 (18).jpg,P080,0,-1.2530910968780518,0.222165510058403,0.11578245659651097
P080 (19).jpg,P080,0,-0.7176787257194519,0.3279043436050415,0.23787818562546614
P080 (2).jpg,P080,0,-0.6328507661819458,0.3468644320964813,0.2637196221634709
P080 (20).jpg,P080,0,-1.2117130756378174,0.229398101568222,0.12283434675338535
P080 (21).jpg,P080,0,0.0034914501011371,0.5008728504180908,0.5014161110094094
P080 (22).jpg,P080,0,-0.226093903183937,0.4437160491943359,0.409312001766693
P080 (23).jpg,P080,0,-0.3537493348121643,0.4124734997749328,0.3603337471224517
P080 (24).jpg,P080,0,-0.4362040758132934,0.3926458358764648,0.3301097286667949
P080 (25).jpg,P080,0,-1.4214153289794922,0.1944397985935211,0.09062100192069233
P080 (26).jpg,P080,0,-0.284399151802063,0.4293755888938904,0.3866529213622768
P080 (27).jpg,P080,0,-0.4831122159957886,0.3815174698829651,0.3135032750156903
P080 (28).jpg,P080,0,-1.2121471166610718,0.2293213754892349,0.12275849432636157
P080 (29).jpg,P080,0,-0.9536336660385132,0.2781546413898468,0.17549736812548297
P080 (3).jpg,P080,0,-0.5103116035461426,0.3751204907894134,0.3040851831865236
P080 (30).jpg,P080,0,-0.9820700883865356,0.272481232881546,0.1689213836631616
P080 (31).jpg,P080,0,-0.6778218746185303,0.3367476165294647,0.249798972205905
P080 (32).jpg,P080,0,-1.831652045249939,0.1380415856838226,0.04872384616454458
P080 (33).jpg,P080,0,-1.8294172286987305,0.1383077055215835,0.04889217300188306
P080 (34).jpg,P080,0,-1.887701153755188,0.1315068006515503,0.04467793379998022
P080 (35).jpg,P080,0,-1.0533459186553955,0.2585830986499786,0.153302880540488
P080 (36).jpg,P080,0,-2.109516859054565,0.1081752702593803,0.031601527662948624
P080 (37).jpg,P080,0,-1.786882996559143,0.143455296754837,0.05220284935579081
P080 (38).jpg,P080,0,-1.7807109355926514,0.1442153751850128,0.052700518288493044
P080 (39).jpg,P080,0,-1.5012292861938477,0.1822422593832016,0.08050061672690038
P080 (4).jpg,P080,0,0.337532639503479,0.5835910439491272,0.6335800421148781
P080 (40).jpg,P080,0,-1.5711880922317505,0.1720470935106277,0.072489371483528
P080 (41).jpg,P080,0,-1.076198935508728,0.2542259991168976,0.1485519521510195
P080 (42).jpg,P080,0,-1.4284906387329102,0.1933339685201645,0.0896794786725976
P080 (43).jpg,P080,0,-0.9849364757537842,0.2719133794307709,0.16826953720827145
P080 (44).jpg,P080,0,-0.9387539625167848,0.2811520993709564,0.17901786368960348
P080 (45).jpg,P080,0,0.238469049334526,0.5593363046646118,0.5955331901726308
P080 (46).jpg,P080,0,-0.7500338554382324,0.3208138942718506,0.22849302894310944
P080 (47).jpg,P080,0,-0.7581716179847717,0.31904336810112,0.22617397864589825
P080 (48).jpg,P080,0,-1.3014845848083496,0.2139152735471725,0.1079838365989914
P080 (49).jpg,P080,0,0.103164717555046,0.5257683396339417,0.5417456881847104
P080 (5).jpg,P080,0,-0.0515080206096172,0.4871258437633514,0.47912075195175746
P080 (50).jpg,P080,0,-0.419888436794281,0.39654341340065,0.33598936764382825
P080 (51).jpg,P080,0,-0.4074068069458008,0.3995340764522552,0.3405220404647322
P080 (52).jpg,P080,0,-0.238748088479042,0.4405949115753174,0.40435776933235196
P080 (53).jpg,P080,0,-0.0801821500062942,0.4799651801586151,0.46752430292883984
P080 (54).jpg,P080,0,0.0292562134563922,0.5073135495185852,0.5118639473972534
P080 (55).jpg,P080,0,-0.6435065269470215,0.3444543480873108,0.2603765819181998
P080 (56).jpg,P080,0,-0.6598504781723022,0.340773195028305,0.2553026313100485
P080 (57).jpg,P080,0,-0.2685317397117615,0.433267593383789,0.39277545715991313
P080 (58).jpg,P080,0,-0.1350847035646438,0.466280072927475,0.4454285661150408
P080 (59).jpg,P080,0,-0.445000946521759,0.3905500173568725,0.326961373470158
P080 (6).jpg,P080,0,0.0226652510464191,0.5056660771369934,0.5091918773828801
P080 (60).jpg,P080,0,-0.5602633953094482,0.3634865283966064,0.2872126623910993
P080 (61).jpg,P080,0,-0.3057408034801483,0.4241547286510467,0.378474604316258
P080 (62).jpg,P080,0,-0.6413056254386902,0.3449514508247375,0.26106481744107385
P080 (63).jpg,P080,0,-0.9562111496925354,0.2776374220848083,0.17489311120409062
P080 (64).jpg,P080,0,-0.5034592151641846,0.3767280876636505,0.30644288227569405
P080 (65).jpg,P080,0,-1.2419804334640503,0.2240914553403854,0.11764069293763124
P080 (66).jpg,P080,0,-0.1510861665010452,0.4623001515865326,0.4390251949173099
P080 (67).jpg,P080,0,-1.7216163873672483,0.1516630798578262,0.057697300309914136
P080 (68).jpg,P080,0,-1.030236005783081,0.2630383372306824,0.15823302980973417
P080 (69).jpg,P080,0,-0.351358413696289,0.413053035736084,0.36122831034694486
P080 (7).jpg,P080,0,-0.2742320299148559,0.4318684637546539,0.39057197415449174
P080 (70).jpg,P080,0,-1.2584185600280762,0.2212462425231933,0.11490053004384658
P080 (71).jpg,P080,0,-1.987900733947754,0.1204791441559791,0.03823088931609603
P080 (72).jpg,P080,0,-1.5308245420455933,0.1778730750083923,0.07701738083288641
P080 (73).jpg,P080,0,-1.4416488409042358,0.1912901401519775,0.08795192062904365
P080 (74).jpg,P080,0,-1.616590976715088,0.165675550699234,0.06769011861302747
P080 (75).jpg,P080,0,-1.6111475229263306,0.1664293557405471,0.06824958131579774
P080 (76).jpg,P080,0,-1.2866089344024658,0.2164273411035537,0.11033058834995921
P080 (77).jpg,P080,0,0.3555224537849426,0.5879561305046082,0.6403290400788694
P080 (78).jpg,P080,0,-0.5082994699478149,0.3755922615528106,0.3047764380898343
P080 (79).jpg,P080,0,-0.3517541885375976,0.4129571318626404,0.3610801644852984
P080 (8).jpg,P080,0,-0.896953284740448,0.2896769940853119,0.18920269887504457
P080 (80).jpg,P080,0,-0.3204760551452636,0.4205597341060638,0.3728676723986204
P080 (81).jpg,P080,0,-1.2016618251800537,0.231179729104042,0.12460219020483669
P080 (82).jpg,P080,0,-1.2619656324386597,0.2206356972455978,0.11431658201813817
P080 (83).jpg,P080,0,-1.449567198753357,0.190068170428276,0.08692685417743223
P080 (84).jpg,P080,0,-0.9855225086212158,0.2717973887920379,0.16813651452392311
P080 (85).jpg,P080,0,-1.2494536638259888,0.2227947264909744,0.11638798437997125
P080 (86).jpg,P080,0,-1.4346519708633425,0.192374899983406,0.08886677281199466
P080 (87).jpg,P080,0,-1.4423706531524658,0.1911785155534744,0.08785802824623147
P080 (88).jpg,P080,0,-1.6922610998153689,0.1554787158966064,0.060341821898385786
P080 (9).jpg,P080,0,-1.1840715408325195,0.2343209087848663,0.1277485224061351
P143 (1).jpg,P143,0,-1.4144777059555054,0.1955287605524063,0.09155283522390732
P143 (10).jpg,P143,0,-1.65253484249115,0.1607666611671447,0.06410147682627654
P143 (11).jpg,P143,0,-1.839385986328125,0.1371239274740219,0.048145558681079184
P143 (12).jpg,P143,0,-1.6975276470184326,0.1547884494066238,0.05985916794471717
P143 (13).jpg,P143,0,-1.649573564529419,0.1611665934324264,0.06439030409806001
P143 (14).jpg,P143,0,-0.4774086475372314,0.382864236831665,0.31549820122775213
P143 (15).jpg,P143,0,-1.536496877670288,0.1770451068878173,0.07636574267944049
P143 (16).jpg,P143,0,-1.1228570938110352,0.2454817146062851,0.13922989037198835
P143 (17).jpg,P143,0,-1.2489564418792725,0.2228808403015136,0.1164709708043849
P143 (18).jpg,P143,0,-1.2637478113174438,0.2203294187784195,0.11402416185737202
P143 (19).jpg,P143,0,-1.2663257122039795,0.2198868840932846,0.11360233283639053
P143 (2).jpg,P143,0,-1.253551721572876,0.2220859229564666,0.11570597146531193
P143 (20).jpg,P143,0,-1.6826971769332886,0.1567386388778686,0.06122763291309999
P143 (21).jpg,P143,0,-1.2740976810455322,0.218556597828865,0.11233881029790799
P143 (22).jpg,P143,0,-0.6230310797691345,0.3490923941135406,0.26682464327883326
P143 (23).jpg,P143,0,-1.0984293222427368,0.2500343322753906,0.14404773401211726
P143 (24).jpg,P143,0,-1.481086492538452,0.1852633655071258,0.08295294543030184
P143 (25).jpg,P143,0,-1.2211644649505615,0.2277315855026245,0.12119172792896035
P143 (26).jpg,P143,0,-1.2772414684295654,0.2180201560258865,0.11183120746457209
P143 (27).jpg,P143,0,-1.527411937713623,0.1783726662397384,0.07741187261079949
P143 (28).jpg,P143,0,-1.86255156993866,0.1344059258699417,0.04645216081881895
P143 (29).jpg,P143,0,-1.6347941160202026,0.1631746739149093,0.06585000899857102
P143 (3).jpg,P143,0,-1.4266798496246338,0.1936165243387222,0.0899196003732296
P143 (30).jpg,P143,0,-1.409245491027832,0.1963530778884887,0.09226129537643722
P143 (31).jpg,P143,0,-1.0685864686965942,0.2556720077991485,0.15012086259140447
P143 (32).jpg,P143,0,-1.1282973289489746,0.2444754540920257,0.13817548782394465
P143 (33).jpg,P143,0,-0.8072463274002075,0.3084775805473327,0.21254368008277233
P143 (34).jpg,P143,0,-0.9209033250808716,0.2847738564014435,0.18331383904702864
P143 (35).jpg,P143,0,-1.9145411252975464,0.1284715384244918,0.04285578501460562
P143 (36).jpg,P143,0,-1.4290084838867188,0.1932532340288162,0.08961091560762828
P143 (37).jpg,P143,0,-1.6963047981262207,0.1549485027790069,0.0599709129832518
P143 (38).jpg,P143,0,-1.4777214527130127,0.1857718378305435,0.08336919625495591
P143 (39).jpg,P143,0,-1.499866247177124,0.1824454814195633,0.08066445465235259
P143 (4).jpg,P143,0,-1.4835760593414309,0.1848879009485244,0.08264620692214611
P143 (40).jpg,P143,0,-1.563368320465088,0.1731638461351394,0.0733469935462974
P143 (41).jpg,P143,0,-1.9353114366531368,0.1261638551950454,0.04149464475229883
P143 (42).jpg,P143,0,-1.5281468629837036,0.1782649755477905,0.07732676029525763
P143 (43).jpg,P143,0,-1.808241367340088,0.1408508121967315,0.0505147405258707
P143 (44).jpg,P143,0,-1.416123867034912,0.1952699720859527,0.09133095291920357
P143 (45).jpg,P143,0,-0.9341987371444702,0.2820736467838287,0.18010659826586423
P143 (46).jpg,P143,0,-2.828960657119751,0.0557791106402874,0.01005430199135001
P143 (47).jpg,P143,0,-2.499419927597046,0.0758988484740257,0.01703992865199527
P143 (48).jpg,P143,0,-2.0336356163024902,0.1157163754105568,0.03559418254166974
P143 (49).jpg,P143,0,-0.2658329606056213,0.433930367231369,0.3938202179271007
P143 (5).jpg,P143,0,-1.414762020111084,0.1954840421676635,0.09151447856725252
P143 (50).jpg,P143,0,-0.1737644225358963,0.4566678702831268,0.4299851004279935
P143 (51).jpg,P143,0,-0.7246765494346619,0.3263640105724334,0.23582608113818282
P143 (52).jpg,P143,0,-0.493196427822113,0.3791408538818359,0.3099929900072668
P143 (53).jpg,P143,0,-1.359915256500244,0.204254075884819,0.09918622036711744
P143 (54).jpg,P143,0,-0.3358610868453979,0.4168152213096618,0.36704976907295656
P143 (55).jpg,P143,0,-0.9535418748855592,0.2781730890274048,0.1755189176195403
P143 (56).jpg,P143,0,-1.1970126628875732,0.232007086277008,0.12542725459266302
P143 (57).jpg,P143,0,-0.9341158866882324,0.282090425491333,0.1801264479319402
P143 (6).jpg,P143,0,-1.0048612356185913,0.2679867148399353,0.1637938049665795
P143 (7).jpg,P143,0,-1.0915971994400024,0.2513176202774048,0.14541980530827306
P143 (8).jpg,P143,0,-1.12606680393219,0.2448876798152923,0.13860698514468925
P143 (9).jpg,P143,0,-1.1730438470840454,0.2363052368164062,0.12975542049311356
P168 (1).jpg,P168,0,0.7089874148368835,0.6701773405075073,0.75955604365772
P168 (10).jpg,P168,0,0.7816342115402222,0.6860321760177612,0.7804186614833138
P168 (11).jpg,P168,0,0.5039002895355225,0.6233754754066467,0.693709185096113
P168 (12).jpg,P168,0,0.3503384590148926,0.5866996645927429,0.6383897800593693
P168 (13).jpg,P168,0,0.0222435481846332,0.5055606365203857,0.5090208935362208
P168 (14).jpg,P168,0,-0.3384329676628113,0.4161902070045471,0.3660809192058598
P168 (15).jpg,P168,0,-0.1940760910511016,0.4516327083110809,0.42192764778863123
P168 (16).jpg,P168,0,2.0154383182525635,0.8824084401130676,0.9633783643075173
P168 (17).jpg,P168,0,1.7604162693023682,0.8532618284225464,0.945631310620513
P168 (18).jpg,P168,0,1.168508529663086,0.7628753781318665,0.8694114549827746
P168 (19).jpg,P168,0,1.0770444869995115,0.745934247970581,0.8516214760783332
P168 (2).jpg,P168,0,0.7381157875061035,0.6765837073326111,0.768080527172878
P168 (20).jpg,P168,0,1.523181438446045,0.8210064768791199,0.9220965188366225
P168 (21).jpg,P168,0,0.601277768611908,0.645948588848114,0.7262146226833391
P168 (22).jpg,P168,0,0.1199972480535507,0.5299633741378784,0.5485171473448895
P168 (23).jpg,P168,0,0.1262228339910507,0.5315138697624207,0.551017192516226
P168 (24).jpg,P168,0,0.1206266731023788,0.5301201939582825,0.5487700227255997
P168 (25).jpg,P168,0,-0.1685478836297989,0.4579624831676483,0.43206063275347856
P168 (26).jpg,P168,0,-0.3433973789215088,0.4149844646453857,0.36421384853838096
P168 (27).jpg,P168,0,-0.3750935792922973,0.4073107838630676,0.35239132037521503
P168 (28).jpg,P168,0,-0.3625462055206299,0.4103433489799499,0.3570507762886518
P168 (29).jpg,P168,0,-0.3894346356391907,0.4038534164428711,0.3471000113465918
P168 (3).jpg,P168,0,0.7634766101837158,0.6821080446243286,0.7753288114999961
P168 (30).jpg,P168,0,-0.1531538516283035,0.4617861807346344,0.43819919389240264
P168 (31).jpg,P168,0,-0.9917140007019044,0.2705736458301544,0.1667362404113981
P168 (32).jpg,P168,0,-0.8994239568710327,0.2891688942909241,0.18858856073963742
P168 (33).jpg,P168,0,-0.6375228762626648,0.3458066880702972,0.2622504518208179
P168 (34).jpg,P168,0,-1.017994999885559,0.265418142080307,0.16089621966286372
P168 (35).jpg,P168,0,-0.698418378829956,0.3321629762649536,0.24358944539448776
P168 (36).jpg,P168,0,0.0410134084522724,0.5102519392967224,0.5166286996612451
P168 (37).jpg,P168,0,-1.3996083736419678,0.197878286242485,0.09357909311672681
P168 (38).jpg,P168,0,-1.1016271114349363,0.249435156583786,0.1434092409552421
P168 (39).jpg,P168,0,-1.5784547328948977,0.1710144430398941,0.07170070903801427
P168 (4).jpg,P168,0,1.984924554824829,0.8792051672935486,0.961591174012099
P168 (40).jpg,P168,0,-1.383527159690857,0.2004431188106537,0.09581567551211066
P168 (41).jpg,P168,0,-1.3820911645889282,0.2006733566522598,0.09601770187966212
P168 (42).jpg,P168,0,-1.6527334451675415,0.160739853978157,0.06408214942294045
P168 (43).jpg,P168,0,-1.963260293006897,0.123114638030529,0.03972822537338609
P168 (44).jpg,P168,0,-1.8343727588653564,0.1377181708812713,0.04851966358758743
P168 (45).jpg,P168,0,-1.7569913864135742,0.1471675336360931,0.05465507066216685
P168 (46).jpg,P168,0,-1.9816412925720213,0.1211439818143844,0.03860604455415511
P168 (47).jpg,P168,0,-2.2344682216644287,0.0966976508498191,0.025953393300862528
P168 (48).jpg,P168,0,-2.0805766582489014,0.1109990403056144,0.033070428443983196
P168 (49).jpg,P168,0,-1.8724682331085205,0.1332563757896423,0.04574470428247587
P168 (5).jpg,P168,0,1.8899943828582764,0.8687549233436584,0.9554805947053102
P168 (50).jpg,P168,0,-0.4716700315475464,0.3842210471630096,0.3175122721829335
P168 (51).jpg,P168,0,-0.1279349476099014,0.4680598676204681,0.4482957101931815
P168 (52).jpg,P168,0,-0.3242549896240234,0.4196391403675079,0.37143516734080917
P168 (53).jpg,P168,0,-0.7295743227005005,0.3252881467342376,0.2343971135954535
P168 (54).jpg,P168,0,-0.0129923932254314,0.4967519342899322,0.49473054503040476
P168 (55).jpg,P168,0,1.619855880737305,0.8347752690315247,0.9326433955047274
P168 (56).jpg,P168,0,0.9812120199203492,0.7273486256599426,0.830883091724181
P168 (57).jpg,P168,0,-0.356564313173294,0.4117915034294128,0.3592817649773622
P168 (58).jpg,P168,0,-0.6957263350486755,0.3327604234218597,0.24439507740832986
P168 (59).jpg,P168,0,-0.691886305809021,0.3336135745048523,0.24554737617657085
P168 (6).jpg,P168,0,1.3045506477355957,0.7865998148918152,0.8924943729063898
P168 (60).jpg,P168,0,-0.6620921492576599,0.3402698338031769,0.2546117987217263
P168 (61).jpg,P168,0,-0.3040314018726349,0.4245723187923431,0.3791271913753024
P168 (62).jpg,P168,0,0.346081793308258,0.585667073726654,0.6367940394069208
P168 (63).jpg,P168,0,-0.7378568649291992,0.3234729468822479,0.2319943096611158
P168 (64).jpg,P168,0,-0.450526475906372,0.3892356157302856,0.3249917333525566
P168 (65).jpg,P168,0,0.5372998118400574,0.6311841011047363,0.7051002504602154
P168 (66).jpg,P168,0,0.9300491809844972,0.7170852422714233,0.8188971343253902
P168 (67).jpg,P168,0,-0.0020780079066753,0.4994804859161377,0.49915717112656544
P168 (68).jpg,P168,0,0.3895872831344604,0.5961833596229553,0.6529561098777036
P168 (69).jpg,P168,0,1.053577542304993,0.7414612770080566,0.8467458899729428
P168 (7).jpg,P168,0,1.5861647129058838,0.8300758004188538,0.9291274070590103
P168 (70).jpg,P168,0,0.9412903785705566,0.7193602323532104,0.8215861257023535
P168 (71).jpg,P168,0,0.2877158522605896,0.5714368224143982,0.6146224028669677
P168 (72).jpg,P168,0,0.4566267728805542,0.612213671207428,0.6771756208130891
P168 (73).jpg,P168,0,0.1792823821306228,0.5447009205818176,0.572207682889265
P168 (74).jpg,P168,0,-0.0042265467345714,0.4989433586597442,0.4982857403826507
P168 (75).jpg,P168,0,0.9599339365959167,0.7231085896492004,0.8259767509899201
P168 (76).jpg,P168,0,1.08601713180542,0.7476309537887573,0.8534515381206881
P168 (77).jpg,P168,0,1.2910135984420776,0.784318745136261,0.8903689000203334
P168 (78).jpg,P168,0,-0.0204603336751461,0.4948850870132446,0.49170215233898457
P168 (79).jpg,P168,0,0.9833650588989258,0.7277753949165344,0.8313733549874166
P168 (8).jpg,P168,0,1.9892340898513796,0.8796620965003967,0.9618485709755138
P168 (9).jpg,P168,0,1.2027027606964111,0.769005298614502,0.8755819006547395
P184 (1).jpg,P184,0,-1.008439540863037,0.2672853469848633,0.16300022115202814
P184 (10).jpg,P184,0,-1.443589687347412,0.190990075469017,0.0876996635404155
P184 (11).jpg,P184,0,-1.360020637512207,0.2042369544506073,0.09917094570619353
P184 (12).jpg,P184,0,-1.2731388807296753,0.218720406293869,0.1124940203030745
P184 (13).jpg,P184,0,-1.1654926538467407,0.2376706898212433,0.13114506573186333
P184 (14).jpg,P184,0,-1.212004780769348,0.2293465286493301,0.12278336431552528
P184 (15).jpg,P184,0,-1.2188644409179688,0.228136345744133,0.1215897122078179
P184 (16).jpg,P184,0,-1.5836758613586426,0.1702755242586136,0.07113894606010626
P184 (17).jpg,P184,0,-0.9101582169532776,0.2869674861431122,0.18593810010037504
P184 (18).jpg,P184,0,-1.519160270690918,0.1795852035284042,0.0783734121387881
P184 (19).jpg,P184,0,-1.240306735038757,0.2243825942277908,0.11792284533030063
P184 (2).jpg,P184,0,-1.213004469871521,0.2291698902845382,0.12260878280632952
P184 (20).jpg,P184,0,-1.1722617149353027,0.2364464104175567,0.12989877244512454
P184 (21).jpg,P184,0,-1.203502178192139,0.230852797627449,0.12427687972518954
P184 (22).jpg,P184,0,-1.4957940578460691,0.1830536723136901,0.08115574709368407
P184 (23).jpg,P184,0,-0.6641345024108887,0.3398114740848541,0.25398346391447496
P184 (24).jpg,P184,0,-0.5113743543624878,0.3748713731765747,0.3037204387996067
P184 (25).jpg,P184,0,-0.4581252634525299,0.3874306380748749,0.32229314376360335
P184 (26).jpg,P184,0,-0.921110451221466,0.2847316861152649,0.18326353629383993
P184 (27).jpg,P184,0,-0.2641810774803161,0.4343362152576446,0.39446018071935157
P184 (28).jpg,P184,0,-1.3126018047332764,0.2120517939329147,0.10625875873169777
P184 (29).jpg,P184,0,-2.4672858715057373,0.078183613717556,0.017935490962413547
P184 (3).jpg,P184,0,-1.7514874935150146,0.1478596776723861,0.055118273205697815
P184 (30).jpg,P184,0,-2.322157144546509,0.089304469525814,0.022589499510826387
P184 (31).jpg,P184,0,-2.020525932312012,0.1170646175742149,0.03633154015774501
P184 (32).jpg,P184,0,-1.916663646697998,0.1282340735197067,0.04271475616307849
P184 (33).jpg,P184,0,-2.0086605548858643,0.1182966157793998,0.0370115667123695
P184 (34).jpg,P184,0,-1.810290813446045,0.1406029909849167,0.050355502609322304
P184 (35).jpg,P184,0,-1.8179881572723389,0.1396754533052444,0.04976166997390972
P184 (36).jpg,P184,0,-2.099248170852661,0.1091699227690696,0.03211536053917485
P184 (37).jpg,P184,0,-2.073349475860596,0.1117142289876937,0.03344742338473178
P184 (38).jpg,P184,0,-1.730400800704956,0.1505363136529922,0.056927328198903136
P184 (39).jpg,P184,0,-1.7994287014007568,0.1419206112623214,0.051204914904757384
P184 (4).jpg,P184,0,-1.83107328414917,0.1381104588508606,0.048767385736235486
P184 (40).jpg,P184,0,-2.066590547561645,0.1123866960406303,0.03380374468459263
P184 (41).jpg,P184,0,-1.9711358547210691,0.1222669333219528,0.039243634737260426
P184 (42).jpg,P184,0,-1.5613775253295898,0.1734490692615509,0.0735668185748374
P184 (43).jpg,P184,0,-1.820756435394287,0.1393431276082992,0.04954973052984865
P184 (44).jpg,P184,0,-1.5395379066467283,0.1766024678945541,0.07601847518163807
P184 (45).jpg,P184,0,-1.2109158039093018,0.2295390367507934,0.12297378190676653
P184 (46).jpg,P184,0,-1.643091082572937,0.162044882774353,0.06502680542694786
P184 (47).jpg,P184,0,-2.0111491680145264,0.1180372908711433,0.036867932836342904
P184 (48).jpg,P184,0,-1.9974591732025144,0.1194699481129646,0.03766475778275467
P184 (49).jpg,P184,0,-0.6730210781097412,0.3378207087516784,0.2512614159435119
P184 (5).jpg,P184,0,-1.91111958026886,0.1288551241159439,0.04308406301851312
P184 (50).jpg,P184,0,-0.6665704250335693,0.33926522731781,0.25323538503719917
P184 (51).jpg,P184,0,-0.8458681106567383,0.3003003299236297,0.2022453395282277
P184 (52).jpg,P184,0,-1.6524746417999268,0.1607747822999954,0.06410733644525209
P184 (53).jpg,P184,0,-1.563801884651184,0.1731017678976059,0.07329919935313016
P184 (54).jpg,P184,0,-1.365950107574463,0.2032749652862548,0.09831485336263551
P184 (55).jpg,P184,0,-1.378143548965454,0.2013073116540908,0.0965750445965537
P184 (56).jpg,P184,0,-1.6164567470550537,0.1656941026449203,0.06770386306890695
P184 (57).jpg,P184,0,-1.7539645433425903,0.1475478410720825,0.05490935125931889
P184 (58).jpg,P184,0,-1.8430347442626955,0.1366927772760391,0.04787499901276963
P184 (59).jpg,P184,0,-0.0443655364215374,0.488910436630249,0.48201332385978984
P184 (6).jpg,P184,0,-1.866215705871582,0.1339801996946334,0.046189556439326006
P184 (60).jpg,P184,0,-0.5539951324462891,0.3649379909038543,0.28929907609651434
P184 (61).jpg,P184,0,-0.4811825752258301,0.3819729089736938,0.31417743490832817
P184 (62).jpg,P184,0,-0.6345125436782837,0.3464880287647247,0.26319646240830974
P184 (63).jpg,P184,0,-0.5719285011291504,0.360791951417923,0.2833539133912619
P184 (64).jpg,P184,0,-0.5287171006202698,0.370816171169281,0.29780335379913137
P184 (65).jpg,P184,0,-0.3405448496341705,0.4156771302223205,0.36528616374620726
P184 (66).jpg,P184,0,-0.2741404175758362,0.4318908751010895,0.39060735246958606
P184 (67).jpg,P184,0,-0.1580502539873123,0.4605694711208343,0.43624454749998276
P184 (68).jpg,P184,0,-0.5338904857635498,0.3696099519729614,0.2960511815101862
P184 (69).jpg,P184,0,-0.7044528722763062,0.3308257162570953,0.24179008910575459
P184 (7).jpg,P184,0,-1.9741308689117432,0.1219458729028701,0.039060840748066275
P184 (70).jpg,P184,0,-0.6801501512527466,0.3362278044223785,0.24909176818467044
P184 (71).jpg,P184,0,-0.8220858573913574,0.30532106757164,0.20854210138469212
P184 (72).jpg,P184,0,-0.8214335441589355,0.3054594397544861,0.208716830107266
P184 (73).jpg,P184,0,-0.6173772811889648,0.3503781855106354,0.26862290775500924
P184 (74).jpg,P184,0,-1.1555429697036743,0.2394781112670898,0.132995378801264
P184 (75).jpg,P184,0,-1.099662184715271,0.2498031854629516,0.14380129243197323
P184 (76).jpg,P184,0,-0.7151824235916138,0.3284547030925751,0.23861318921201546
P184 (77).jpg,P184,0,-0.638921856880188,0.3454903066158294,0.26181156248141024
P184 (78).jpg,P184,0,-0.5414689183235168,0.3678459227085113,0.29349526438976165
P184 (79).jpg,P184,0,-1.1135600805282593,0.2472077757120132,0.14104740181549685
P184 (8).jpg,P184,0,-1.6514010429382324,0.1609196811914444,0.06421191874214026
P184 (80).jpg,P184,0,-0.9064673185348512,0.2877232730388641,0.18684618558276397
P184 (81).jpg,P184,0,-1.2333544492721558,0.2255948632955551,0.11910114507188799
P184 (82).jpg,P184,0,-1.0593879222869873,0.2574264407157898,0.1520348343019235
P184 (83).jpg,P184,0,-1.0041449069976809,0.2681272625923157,0.1639530425001234
P184 (84).jpg,P184,0,-1.269950032234192,0.219265803694725,0.11301157682833456
P184 (85).jpg,P184,0,-0.757154107093811,0.3192644715309143,0.22646302926600181
P184 (86).jpg,P184,0,-0.8417613506317139,0.3011639416217804,0.2033224509598754
P184 (87).jpg,P184,0,-0.7147765159606934,0.3285442590713501,0.23873285069200767
P184 (9).jpg,P184,0,-1.1970294713974,0.2320040911436081,0.1254242632563443
P191 (1).jpg,P191,0,-0.7972433567047119,0.3106154799461365,0.21527251607075606
P191 (10).jpg,P191,0,-1.100633144378662,0.2496213167905807,0.14360745062462554
P191 (11).jpg,P191,0,-1.1499098539352417,0.2405055314302444,0.13405272041184027
P191 (12).jpg,P191,0,-1.0647917985916138,0.2563948035240173,0.15090801705060952
P191 (13).jpg,P191,0,-0.7332295179367065,0.3244864344596863,0.23333460062089892
P191 (14).jpg,P191,0,-1.4559197425842283,0.1890921890735626,0.08611231679611274
P191 (15).jpg,P191,0,-1.471409797668457,0.1867284327745437,0.08415506297003517
P191 (16).jpg,P191,0,-1.7480854988098145,0.1482888162136078,0.05540642802849245
P191 (17).jpg,P191,0,-0.5311845541000366,0.3702406585216522,0.29696690770875317
P191 (18).jpg,P191,0,-0.9846357107162476,0.2719729244709015,0.16833783998617377
P191 (19).jpg,P191,0,-0.5028821229934692,0.376863569021225,0.3066419075561047
P191 (2).jpg,P191,0,-0.678612232208252,0.3365710973739624,0.24955875441240644
P191 (20).jpg,P191,0,-1.3825316429138184,0.200602725148201,0.09595569169725388
P191 (21).jpg,P191,0,-1.299855351448059,0.2141893655061721,0.1082387058109256
P191 (22).jpg,P191,0,-2.750365257263184,0.0600660257041454,0.011406071294033324
P191 (23).jpg,P191,0,-2.551035165786743,0.0723569691181182,0.01569260434905178
P191 (24).jpg,P191,0,-2.443075656890869,0.0799463838338851,0.0186405892758222
P191 (25).jpg,P191,0,-2.1487739086151123,0.1044458523392677,0.029709517602966716
P191 (26).jpg,P191,0,-1.458927869796753,0.1886313706636428,0.08572902484557197
P191 (27).jpg,P191,0,-1.218553066253662,0.2281911969184875,0.12164367732783846
P191 (28).jpg,P191,0,-1.3909952640533447,0.1992489099502563,0.09477112455106154
P191 (29).jpg,P191,0,-1.0432754755020142,0.2605184912681579,0.1554356154297182
P191 (3).jpg,P191,0,-1.1813876628875732,0.2348027974367141,0.1282345006167697
P191 (30).jpg,P191,0,-1.0532915592193604,0.2585935294628143,0.15331432826661429
P191 (31).jpg,P191,0,-1.24670147895813,0.2232716530561447,0.11684796949303834
P191 (32).jpg,P191,0,-2.033433198928833,0.1157370954751968,0.03560545725420998
P191 (33).jpg,P191,0,-1.2578994035720823,0.2213357239961624,0.1149862152503622
P191 (34).jpg,P191,0,-1.236425280570984,0.2250588536262512,0.11857943851579936
P191 (35).jpg,P191,0,-1.8091799020767207,0.1407372653484344,0.05044175914143241
P191 (36).jpg,P191,0,-1.388156175613403,0.1997022628784179,0.09516701641129385
P191 (37).jpg,P191,0,-2.186431169509888,0.1009756028652191,0.027998063995295572
P191 (38).jpg,P191,0,-1.347002029418945,0.2063609212636947,0.10107386380026812
P191 (39).jpg,P191,0,-1.7808698415756226,0.1441957503557205,0.052687649283585325
P191 (4).jpg,P191,0,-0.8449677228927612,0.3004895448684692,0.2024811260250909
P191 (40).jpg,P191,0,-2.227097749710083,0.0973433554172515,0.026257401571115134
P191 (41).jpg,P191,0,-1.9355998039245603,0.1261320561170578,0.04147604136544457
P191 (42).jpg,P191,0,-1.944057822227478,0.1252027302980423,0.04093392721144784
P191 (43).jpg,P191,0,-2.24723219871521,0.0955884829163551,0.025435005643507667
P191 (44).jpg,P191,0,-1.8474555015563965,0.1361719220876693,0.0475491291752759
P191 (45).jpg,P191,0,-1.6352500915527344,0.1631124317646026,0.0658045178267062
P191 (46).jpg,P191,0,-2.118470907211304,0.1073144674301147,0.03115997598825558
P191 (47).jpg,P191,0,-1.494054079055786,0.1833140105009079,0.08136649887628618
P191 (48).jpg,P191,0,-0.9087091684341432,0.2872640490531921,0.18629420826323492
P191 (49).jpg,P191,0,-1.7811766862869265,0.1441579014062881,0.05266280785490708
P191 (5).jpg,P191,0,-0.7089152932167053,0.3298385739326477,0.2404653263640678
P191 (50).jpg,P191,0,-1.7714866399765017,0.14535753428936,0.053452654991443006
P191 (51).jpg,P191,0,-2.096170425415039,0.1094696000218391,0.03227093439731781
P191 (52).jpg,P191,0,-0.9952437877655028,0.2698775827884674,0.16594212362254765
P191 (53).jpg,P191,0,-0.9634170532226562,0.2761945426464081,0.1732124834284049
P191 (54).jpg,P191,0,-1.1894036531448364,0.2333656102418899,0.12678768364483067
P191 (55).jpg,P191,0,-0.5007270574569702,0.3773698210716247,0.30738577482504453
P191 (56).jpg,P191,0,-0.57603919506073,0.3598444759845733,0.28200161334195856
P191 (57).jpg,P191,0,-1.0566658973693848,0.2579471170902252,0.15260504189870963
P191 (58).jpg,P191,0,-1.5713489055633545,0.1720241904258728,0.07247183189297988
P191 (59).jpg,P191,0,-1.059952974319458,0.2573184370994568,0.15191668704940364
P191 (6).jpg,P191,0,-0.8609125018119812,0.297148734331131,0.19833595067468393
P191 (60).jpg,P191,0,-1.5379904508590698,0.1768275946378708,0.07619500399342859
P191 (61).jpg,P191,0,-1.7365460395812988,0.1497521847486496,0.05639443578786234
P191 (62).jpg,P191,0,-1.755165934562683,0.1473967880010604,0.0548082910703109
P191 (63).jpg,P191,0,-1.2470877170562744,0.2232046872377395,0.11678332074913282
P191 (64).jpg,P191,0,-1.0769319534301758,0.2540870308876037,0.14840159565573288
P191 (65).jpg,P191,0,-1.3926736116409302,0.1989812701940536,0.09453778425362913
P191 (66).jpg,P191,0,-1.5050532817840576,0.1816730499267578,0.08004259039661392
P191 (67).jpg,P191,0,-1.4278188943862915,0.1934387385845184,0.08976848855913502
P191 (68).jpg,P191,0,-1.0609039068222046,0.2571367621421814,0.15171802584817135
P191 (69).jpg,P191,0,-1.264488935470581,0.2202021032571792,0.11390275008805072
P191 (7).jpg,P191,0,-0.6551125049591064,0.3418383598327636,0.256766815898389
P191 (70).jpg,P191,0,-0.6717033386230469,0.3381155431270599,0.2516638261897347
P191 (71).jpg,P191,0,-1.3390250205993652,0.2076704353094101,0.10225580929583311
P191 (72).jpg,P191,0,-1.4025530815124512,0.1974112838506698,0.09317464732504388
P191 (73).jpg,P191,0,-1.02656888961792,0.2637498378753662,0.15902708188035078
P191 (74).jpg,P191,0,-1.6823440790176392,0.1567853242158889,0.06126056844618432
P191 (75).jpg,P191,0,-0.9002169370651245,0.2890059351921081,0.1883917732861804
P191 (8).jpg,P191,0,-1.179126858711243,0.2352092415094375,0.12864509427633528
P191 (9).jpg,P191,0,-1.1066666841506958,0.2484928518533706,0.14240778907856766
P013 (1).jpg,P013,1,0.8652902245521545,0.7037647366523743,0.8027908923089274
P013 (10).jpg,P013,1,0.0450803525745868,0.5112681984901428,0.5182762207566578
P013 (11).jpg,P013,1,0.1690737158060073,0.5421680212020874,0.568148692315658
P013 (12).jpg,P013,1,0.1055551022291183,0.5263643264770508,0.5427083008751601
P013 (13).jpg,P013,1,-0.0668302476406097,0.483298659324646,0.47292050712407846
P013 (14).jpg,P013,1,-0.3632949292659759,0.4101621806621551,0.3567719681686487
P013 (15).jpg,P013,1,-0.2228745371103286,0.4445108473300934,0.41057540031319334
P013 (16).jpg,P013,1,-0.1312044411897659,0.467245876789093,0.4469841629635257
P013 (17).jpg,P013,1,-0.2625914216041565,0.4347267746925354,0.3950763777398386
P013 (18).jpg,P013,1,-0.3253019452095032,0.4193841814994812,0.37103868939318535
P013 (19).jpg,P013,1,-0.177360400557518,0.4557757973670959,0.4285557764998295
P013 (2).jpg,P013,1,-0.5465671420097351,0.3666612505912781,0.2917831056120265
P013 (20).jpg,P013,1,-0.2854648232460022,0.4291144907474518,0.3862429832190975
P013 (21).jpg,P013,1,0.1440210193395614,0.5359431505203247,0.5581498892817257
P013 (22).jpg,P013,1,0.2378093153238296,0.5591737031936646,0.5952753475473281
P013 (23).jpg,P013,1,-0.1553638130426406,0.4612370133399963,0.43731673486579553
P013 (24).jpg,P013,1,0.05661116912961,0.514149010181427,0.5229450815176928
P013 (25).jpg,P013,1,-0.0904477685689926,0.477403461933136,0.46338052140923114
P013 (26).jpg,P013,1,-0.260461688041687,0.4352502226829529,0.39590244714595774
P013 (27).jpg,P013,1,-0.1104040294885635,0.4724269807338714,0.4553400131742788
P013 (28).jpg,P013,1,-0.239235833287239,0.4404746890068054,0.4041671953317468
P013 (29).jpg,P013,1,-0.1536797136068344,0.4616555273532867,0.4379891764373262
P013 (3).jpg,P013,1,-0.084606721997261,0.4788609743118286,0.46573771348333715
P013 (30).jpg,P013,1,-0.6657060384750366,0.3394590020179748,0.2535006738781529
P013 (31).jpg,P013,1,-0.4975110292434692,0.3781257569789886,0.3084977198818254
P013 (32).jpg,P013,1,-0.3326414227485657,0.4175980687141418,0.3682641597233276
P013 (33).jpg,P013,1,-0.2882056832313537,0.4284432232379913,0.3851893821802477
P013 (34).jpg,P013,1,-0.5870101451873779,0.3573211431503296,0.2784117441828228
P013 (35).jpg,P013,1,-0.4500616788864136,0.3893460929393768,0.3251571787346871
P013 (36).jpg,P013,1,-0.5120260715484619,0.3747186660766601,0.3034968864237056
P013 (37).jpg,P013,1,-0.2093859314918518,0.4478439390659332,0.4158814853432073
P013 (38).jpg,P013,1,-0.3213129937648773,0.4203557670116424,0.37255021525038157
P013 (39).jpg,P013,1,-0.3152125477790832,0.4218429327011108,0.3748666635275334
P013 (4).jpg,P013,1,-0.0399360470473766,0.490017294883728,0.4838078020266724
P013 (40).jpg,P013,1,-0.4633223712444305,0.3861979842185974,0.32045425919788123
P013 (41).jpg,P013,1,-0.4755239486694336,0.3833096325397491,0.3161589111078394
P013 (42).jpg,P013,1,0.2155847400426864,0.5536884665489197,0.5865594737101718
P013 (43).jpg,P013,1,-0.1065603941679,0.4733850657939911,0.4568869608761272
P013 (44).jpg,P013,1,0.1292599290609359,0.532270073890686,0.5522358897433276
P013 (45).jpg,P013,1,0.1114913970232009,0.5278440117835999,0.5450974645394785
P013 (46).jpg,P013,1,-0.0451370887458324,0.4887176752090454,0.4817007981189201
P013 (47).jpg,P013,1,0.0417349226772785,0.510432243347168,0.5169210128404195
P013 (48).jpg,P013,1,0.1022238582372665,0.5255337357521057,0.541366716365524
P013 (49).jpg,P013,1,0.7297661900520325,0.6747539639472961,0.7656587428900112
P013 (5).jpg,P013,1,0.1371874064207077,0.5342431664466858,0.5554139627989985
P013 (50).jpg,P013,1,0.2978715300559997,0.5739220976829529,0.618517579464442
P013 (51).jpg,P013,1,0.5415079593658447,0.6321631669998169,0.7065178692321874
P013 (52).jpg,P013,1,0.5377503633499146,0.6312889456748962,0.7052522202314647
P013 (53).jpg,P013,1,0.5798378586769104,0.6410300731658936,0.7192445473729505
P013 (54).jpg,P013,1,1.1173510551452637,0.7534970641136169,0.8596960942500748
P013 (55).jpg,P013,1,1.2793869972229004,0.7823454141616821,0.8885140623714671
P013 (56).jpg,P013,1,1.1390360593795776,0.7575026154518127,0.8638861642037275
P013 (57).jpg,P013,1,0.9491427540779114,0.7209427356719971,0.8234458729927768
P013 (58).jpg,P013,1,0.6222761869430542,0.6507360339164734,0.7329356966443786
P013 (59).jpg,P013,1,0.7078537344932556,0.6699267029762268,0.7592199779700523
P013 (6).jpg,P013,1,0.0299653299152851,0.5074908137321472,0.5121513956205503
P013 (60).jpg,P013,1,0.8582914471626282,0.7023035883903503,0.8009870638589479
P013 (7).jpg,P013,1,0.1543278247117996,0.5385055541992188,0.5622696339939353
P013 (8).jpg,P013,1,-0.0337347500026226,0.4915670752525329,0.48632076761918996
P013 (9).jpg,P013,1,-0.4212977290153503,0.396206259727478,0.33547946035754533
P026 (1).jpg,P026,1,1.521553874015808,0.8207671642303467,0.9219066262051053
P026 (10).jpg,P026,1,1.6326086521148682,0.8365267515182495,0.9339315484243645
P026 (11).jpg,P026,1,1.2424116134643557,0.775983452796936,0.8824319006233282
P026 (12).jpg,P026,1,0.3935270309448242,0.5971314907073975,0.654403093334002
P026 (13).jpg,P026,1,0.8093528747558594,0.6919715404510498,0.7880277612322545
P026 (14).jpg,P026,1,0.4059998393058777,0.6001282930374146,0.6589651688000324
P026 (2).jpg,P026,1,1.049514651298523,0.7406816482543945,0.8458885655562863
P026 (3).jpg,P026,1,1.528785228729248,0.8218284845352173,0.9227470997921473
P026 (4).jpg,P026,1,1.2070618867874146,0.7697787284851074,0.8763502850628416
P026 (5).jpg,P026,1,0.6227056980133057,0.6508336663246155,0.7330720727189448
P026 (6).jpg,P026,1,0.8649595975875854,0.7036958336830139,0.8027059565015625
P026 (7).jpg,P026,1,0.8730469942092896,0.70537930727005,0.8047756408413083
P026 (8).jpg,P026,1,0.7879269123077393,0.6873860359191895,0.7821631473982482
P026 (9).jpg,P026,1,1.637953519821167,0.8372562527656555,0.9344645947337137
P156 (1).jpg,P156,1,0.5049851536750793,0.623630166053772,0.694083029796722
P156 (10).jpg,P156,1,-0.2704386711120605,0.4327993988990783,0.3920378299112199
P156 (11).jpg,P156,1,-0.3727551102638244,0.4078754484653473,0.3532576134737399
P156 (12).jpg,P156,1,0.0195425637066364,0.5048854947090149,0.5079257027193079
P156 (13).jpg,P156,1,-0.5591166019439697,0.3637518882751465,0.2875937046892709
P156 (14).jpg,P156,1,-0.4464589357376098,0.3902030289173126,0.32644105956020686
P156 (15).jpg,P156,1,-0.751976490020752,0.3203907907009125,0.22793791171180824
P156 (16).jpg,P156,1,-0.460402250289917,0.3868904113769531,0.32148679936132346
P156 (17).jpg,P156,1,0.0790252536535263,0.5197460651397705,0.5320084168576477
P156 (18).jpg,P156,1,-0.1285683661699295,0.46790212392807,0.4480415595416308
P156 (19).jpg,P156,1,-0.0759495645761489,0.4810217320919037,0.46923415083584913
P156 (2).jpg,P156,1,0.1901834160089492,0.5474030375480652,0.5765312420397753
P156 (20).jpg,P156,1,-0.0962220579385757,0.4759629964828491,0.461051876725283
P156 (21).jpg,P156,1,-0.3400632739067077,0.4157941043376922,0.36546732865518355
P156 (22).jpg,P156,1,-0.0512420646846294,0.4871923327445984,0.47922843521923364
P156 (23).jpg,P156,1,0.2403928488492965,0.5598104596138,0.5962847636671327
P156 (24).jpg,P156,1,-0.1432463079690933,0.4642495214939117,0.44216010239896775
P156 (25).jpg,P156,1,0.084583505988121,0.5211332440376282,0.5342529144220589
P156 (26).jpg,P156,1,0.1460665315389633,0.5364518165588379,0.5589681586585498
P156 (27).jpg,P156,1,-0.2025497108697891,0.4495349824428558,0.41857823201080585
P156 (28).jpg,P156,1,0.0549131520092487,0.5137248635292053,0.5222577815631221
P156 (29).jpg,P156,1,-0.2759669423103332,0.4314427971839905,0.3899022135015353
P156 (3).jpg,P156,1,0.5910923480987549,0.64361572265625,0.722916829787135
P156 (30).jpg,P156,1,0.1841591447591781,0.545910120010376,0.5741433050556967
P156 (31).jpg,P156,1,-0.2673993706703186,0.4335456490516662,0.39321370490982216
P156 (32).jpg,P156,1,0.0594936497509479,0.514868974685669,0.5241116119664543
P156 (33).jpg,P156,1,-0.2188474088907241,0.4455054700374603,0.41215745510425517
P156 (34).jpg,P156,1,-0.1138756424188613,0.471561849117279,0.45394353285009914
P156 (35).jpg,P156,1,-0.2074258476495742,0.4483286738395691,0.4166541901987304
P156 (36).jpg,P156,1,0.0075455792248249,0.5018863677978516,0.5030604111849709
P156 (37).jpg,P156,1,0.0874937623739242,0.5218595266342163,0.5354275681761096
P156 (38).jpg,P156,1,-0.0952180176973342,0.4762134850025177,0.46145666502218935
P156 (39).jpg,P156,1,-0.0151303522288799,0.4962174594402313,0.493863512521165
P156 (4).jpg,P156,1,-0.2025849968194961,0.4495262801647186,0.41856429979075793
P156 (40).jpg,P156,1,-0.0813482552766799,0.4796741008758545,0.4670533608019402
P156 (41).jpg,P156,1,0.1047626584768295,0.5261667370796204,0.542389217169451
P156 (42).jpg,P156,1,0.0514761097729206,0.512866199016571,0.5208663277270533
P156 (43).jpg,P156,1,0.1133425682783126,0.5283053517341614,0.5458420809196188
P156 (44).jpg,P156,1,-0.172297790646553,0.457031786441803,0.43056839173410894
P156 (45).jpg,P156,1,0.2217334955930709,0.555207371711731,0.5889765285001497
P156 (46).jpg,P156,1,0.3521448373794555,0.5871375799179077,0.6390660367041269
P156 (47).jpg,P156,1,0.3397316932678222,0.5841253399848938,0.6344079112360754
P156 (48).jpg,P156,1,0.3093247413635254,0.5767204165458679,0.6228921822983143
P156 (49).jpg,P156,1,0.2112037986516952,0.5526055097579956,0.5848347854952162
P156 (5).jpg,P156,1,-0.1485715061426162,0.4629252851009369,0.44003020911003443
P156 (50).jpg,P156,1,-0.151666060090065,0.4621559679508209,0.4387935041246077
P156 (51).jpg,P156,1,-0.1179903894662857,0.4705365896224975,0.4522892871161711
P156 (52).jpg,P156,1,-0.2047999650239944,0.4489781856536865,0.4176900079099779
P156 (53).jpg,P156,1,-0.1672068685293197,0.4582954049110412,0.43259457831166154
P156 (54).jpg,P156,1,-0.214863434433937,0.4464898407459259,0.4137243449621545
P156 (55).jpg,P156,1,0.0867222398519516,0.5216670036315918,0.535116199739474
P156 (56).jpg,P156,1,0.4113372564315796,0.6014084815979004,0.6609084911051889
P156 (6).jpg,P156,1,0.5357183218002319,0.630815863609314,0.7045664576602751
P156 (7).jpg,P156,1,0.8536648750305176,0.7013353705406189,0.7997878434940987
P156 (8).jpg,P156,1,-0.1883313804864883,0.4530558288097381,0.4242025038786806
P156 (9).jpg,P156,1,-0.1650342494249344,0.4588348269462585,0.4334599715684736
P157 (1).jpg,P157,1,-1.2071497440338137,0.2302057743072509,0.12363427029843045
P157 (2).jpg,P157,1,-1.4771687984466553,0.1858554482460022,0.08343774009584815
P157 (3).jpg,P157,1,-1.0530874729156494,0.2586326599121094,0.15335731369690594
P157 (4).jpg,P157,1,-1.4520721435546875,0.1896828711032867,0.0866048353516146
P157 (5).jpg,P157,1,-1.445183515548706,0.1907439231872558,0.08749299856800917
P205 (1).jpg,P205,1,0.5046706199645996,0.6235563158988953,0.6939746675974338
P205 (10).jpg,P205,1,0.1952331513166427,0.5486538410186768,0.5785301408428308
P205 (11).jpg,P205,1,0.2126256376504898,0.5529569983482361,0.5853947648496391
P205 (12).jpg,P205,1,0.3799072802066803,0.5938507318496704,0.6493888723411342
P205 (13).jpg,P205,1,0.217151865363121,0.5540755987167358,0.5871759063657479
P205 (14).jpg,P205,1,0.2708804011344909,0.5673090219497681,0.6081329671694198
P205 (15).jpg,P205,1,-0.1767124086618423,0.4559365212917328,0.4288132520335899
P205 (16).jpg,P205,1,0.8966294527053833,0.7102563977241516,0.8107166922327337
P205 (17).jpg,P205,1,0.7473485469818115,0.6786006689071655,0.7707380656403526
P205 (18).jpg,P205,1,-0.1444776505231857,0.4639433026313782,0.4416674163074686
P205 (19).jpg,P205,1,0.2314130216836929,0.5575964450836182,0.5927727889427952
P205 (2).jpg,P205,1,0.802251935005188,0.690455973148346,0.7860970043228129
P205 (20).jpg,P205,1,-0.0517117790877819,0.4870749413967132,0.4790382532078909
P205 (21).jpg,P205,1,-0.0932850390672683,0.4766956567764282,0.46223610627036066
P205 (22).jpg,P205,1,0.3410254120826721,0.5844395756721497,0.6348945819638432
P205 (23).jpg,P205,1,-0.0958082228899002,0.4760662913322449,0.46121871203813863
P205 (24).jpg,P205,1,0.213087722659111,0.5530712604522705,0.5855767057269649
P205 (25).jpg,P205,1,0.6168085336685181,0.6494923233985901,0.7311957707765262
P205 (26).jpg,P205,1,0.7638267278671265,0.6821839809417725,0.7754277424174868
P205 (27).jpg,P205,1,0.7600138187408447,0.6813567280769348,0.7743486821585774
P205 (28).jpg,P205,1,0.6656067967414856,0.6605187654495239,0.7464688561026368
P205 (29).jpg,P205,1,0.7843255996704102,0.6866115927696228,0.7811660043426709
P205 (3).jpg,P205,1,0.1623940914869308,0.5405095219612122,0.565487860038933
P205 (30).jpg,P205,1,0.2612007260322571,0.5649314522743225,0.6043842744362959
P205 (31).jpg,P205,1,0.5273776650428772,0.6288712620735168,0.7017420210350416
P205 (32).jpg,P205,1,0.678958535194397,0.6635062098503113,0.750546450795339
P205 (33).jpg,P205,1,0.967316746711731,0.7245843410491943,0.8276917025247266
P205 (34).jpg,P205,1,1.111484408378601,0.7524057626724243,0.858544118433067
P205 (35).jpg,P205,1,0.2081802934408188,0.5518579483032227,0.5836432763482522
P205 (36).jpg,P205,1,0.6510281562805176,0.6572420597076416,0.7419665873841347
P205 (37).jpg,P205,1,0.5389663577079773,0.6315719485282898,0.7056621441085112
P205 (38).jpg,P205,1,0.7215198278427124,0.6729416251182556,0.7632497316381128
P205 (39).jpg,P205,1,0.8897889852523804,0.7088466286659241,0.8090077967157059
P205 (4).jpg,P205,1,0.332094669342041,0.5822689533233643,0.6315294497284639
P205 (40).jpg,P205,1,0.3388686776161194,0.5839157104492188,0.6340831095087515
P205 (41).jpg,P205,1,0.0488730557262897,0.5122158527374268,0.5198122894073306
P205 (42).jpg,P205,1,0.415743350982666,0.6024641990661621,0.6625086517007882
P205 (43).jpg,P205,1,-0.1718294471502304,0.4571480453014374,0.43075469639186437
P205 (44).jpg,P205,1,-0.0974950939416885,0.475645512342453,0.4605387141590788
P205 (45).jpg,P205,1,0.5254344940185547,0.6284176707267761,0.7010817699355931
P205 (46).jpg,P205,1,0.0176608152687549,0.5044150948524475,0.5071626488154608
P205 (47).jpg,P205,1,-0.1612340956926345,0.4597786068916321,0.43497461428615625
P205 (48).jpg,P205,1,-0.4957552552223205,0.3785387277603149,0.30910571974928125
P205 (49).jpg,P205,1,0.0936996787786483,0.5234078168869019,0.5379311059302565
P205 (5).jpg,P205,1,0.5028391480445862,0.6231263279914856,0.693343268528343
P205 (50).jpg,P205,1,-0.0552746318280696,0.4861848354339599,0.4775958964707115
P205 (51).jpg,P205,1,0.263783723115921,0.5655661821365356,0.6053858244969694
P205 (52).jpg,P205,1,0.8154880404472351,0.6932777166366577,0.789685639113944
P205 (53).jpg,P205,1,1.44585382938385,0.8093594908714294,0.9125937865936591
P205 (54).jpg,P205,1,1.2224674224853516,0.7724974751472473,0.8790332304633321
P205 (55).jpg,P205,1,1.4549481868743896,0.8107587695121765,0.9137635574933475
P205 (56).jpg,P205,1,1.7167274951934814,0.8477067947387695,0.9418699537729983
P205 (57).jpg,P205,1,0.9191105365753174,0.7148607969284058,0.8162503159907597
P205 (58).jpg,P205,1,1.1966993808746338,0.7679371237754822,0.8745169808051584
P205 (59).jpg,P205,1,1.0900644063949585,0.7483938336372375,0.8542708836637166
P205 (6).jpg,P205,1,0.5648630857467651,0.6375769972801208,0.7143126320507169
P205 (60).jpg,P205,1,0.5928154587745667,0.6440109014511108,0.7234764500481095
P205 (61).jpg,P205,1,1.0322126150131226,0.7373446822166443,0.8421936345488139
P205 (62).jpg,P205,1,1.0188966989517212,0.7347576022148132,0.8393011863075941
P205 (63).jpg,P205,1,1.0419880151748655,0.7392334342002869,0.8442899857197718
P205 (64).jpg,P205,1,0.1996077597141266,0.5497369170188904,0.5802597202190066
P205 (65).jpg,P205,1,-0.8519613742828369,0.2990215718746185,0.20065507098920488
P205 (66).jpg,P205,1,-0.1675103157758712,0.4582200944423675,0.43247374242131176
P205 (67).jpg,P205,1,0.702095627784729,0.6686522364616394,0.7575081102946187
P205 (68).jpg,P205,1,0.2454344481229782,0.5610524415969849,0.5982522216857469
P205 (69).jpg,P205,1,0.2185349762439727,0.5544173121452332,0.5877197295816784
P205 (7).jpg,P205,1,0.0613911636173725,0.5153430104255676,0.5248793868164424
P205 (70).jpg,P205,1,0.4393447339534759,0.6081029176712036,0.6710160643484336
P205 (71).jpg,P205,1,0.3570308089256286,0.5883215069770813,0.6408924382893968
P205 (72).jpg,P205,1,0.4814882576465606,0.6180992126464844,0.6859294139303395
P205 (8).jpg,P205,1,-0.1570746749639511,0.4608118534088135,0.4366338431661584
P205 (9).jpg,P205,1,0.166641280055046,0.5415641665458679,0.5671801770052532
P041 (1).jpg,P041,1,-1.2106056213378906,0.2295939028263092,0.12302806661505779
P041 (10).jpg,P041,1,-1.2028331756591797,0.2309716045856475,0.12439505173719788
P041 (11).jpg,P041,1,-1.2422890663146973,0.2240377962589264,0.11758872749171699
P041 (12).jpg,P041,1,-1.5937628746032717,0.168855145573616,0.07006513864909643
P041 (13).jpg,P041,1,-1.5505964756011963,0.1750001460313797,0.07476783793280072
P041 (14).jpg,P041,1,-1.4745850563049316,0.1862466931343078,0.08375887288694026
P041 (15).jpg,P041,1,-1.0829825401306152,0.2529420256614685,0.14716529617807592
P041 (16).jpg,P041,1,-1.8615100383758545,0.1345271319150924,0.04652706504412045
P041 (17).jpg,P041,1,-1.3299784660339355,0.2091629207134246,0.10361103387204658
P041 (18).jpg,P041,1,-1.415043592453003,0.1954397559165954,0.09147650605033796
P041 (19).jpg,P041,1,-1.6330978870391846,0.163406416773796,0.0660194929000449
P041 (2).jpg,P041,1,-1.8725152015686035,0.1332509666681289,0.045741378075239654
P041 (20).jpg,P041,1,-1.1718225479125977,0.2365257143974304,0.12997932358305406
P041 (21).jpg,P041,1,-1.5279760360717771,0.178289994597435,0.07734653625261215
P041 (22).jpg,P041,1,-1.7055134773254397,0.1537465453147888,0.059134196808845935
P041 (23).jpg,P041,1,-1.7034778594970703,0.1540115773677826,0.059318209439309946
P041 (24).jpg,P041,1,-1.9042694568634035,0.1296260207891464,0.04354458237928641
P041 (25).jpg,P041,1,-0.6379603147506714,0.3457077443599701,0.2621131673192936
P041 (26).jpg,P041,1,-0.9971088171005248,0.269510269165039,0.16552376182335232
P041 (27).jpg,P041,1,-1.539405107498169,0.1766217797994613,0.07603360974918284
P041 (28).jpg,P041,1,-1.1344692707061768,0.2433372586965561,0.1369873958989084
P041 (29).jpg,P041,1,-1.496652603149414,0.1829253137111663,0.08105194080902832
P041 (3).jpg,P041,1,-1.5414800643920898,0.1763202250003814,0.07579745120128999
P041 (30).jpg,P041,1,-0.2110793739557266,0.4474252164363861,0.4152142285774786
P041 (31).jpg,P041,1,-2.1239614486694336,0.106789618730545,0.030892179952823236
P041 (32).jpg,P041,1,-0.9536041021347046,0.2781606018543243,0.17550430851438015
P041 (33).jpg,P041,1,-1.466858148574829,0.1874206215143203,0.0847259593524246
P041 (34).jpg,P041,1,-1.5169938802719116,0.1799046099185943,0.07862765964210663
P041 (35).jpg,P041,1,-1.7151148319244385,0.1525014787912368,0.05827345972954173
P041 (36).jpg,P041,1,-1.8620580434799197,0.1344633400440216,0.04648763963985389
P041 (37).jpg,P041,1,-1.8749432563781736,0.132970780134201,0.045569741661908886
P041 (38).jpg,P041,1,-1.427327275276184,0.1935154646635055,0.08983368130119741
P041 (39).jpg,P041,1,-1.3838374614715576,0.2003933787345886,0.0957720699338635
P041 (4).jpg,P041,1,-2.1215174198150635,0.1070229634642601,0.03101110890697085
P041 (5).jpg,P041,1,-2.0251262187957764,0.1165899634361267,0.036071136768611324
P041 (6).jpg,P041,1,-1.7281689643859863,0.1508219391107559,0.05712203348571673
P041 (7).jpg,P041,1,-1.9199566841125488,0.1278664022684097,0.04249683077726127
P041 (8).jpg,P041,1,-1.8305538892745967,0.138172298669815,0.04880649067572907
P041 (9).jpg,P041,1,-1.8830571174621584,0.1320381164550781,0.04500062081261104
P100 (1).jpg,P100,1,0.3302004933357239,0.5818081498146057,0.6308140569218589
P100 (10).jpg,P100,1,0.8302587270736694,0.6964096426963806,0.7936379527453831
P100 (100).jpg,P100,1,0.1985430568456649,0.5494733452796936,0.5798389507561404
P100 (101).jpg,P100,1,0.4548762142658233,0.6117979884147644,0.6765544440455494
P100 (102).jpg,P100,1,-0.1543803364038467,0.4614814221858978,0.4377093979762573
P100 (103).jpg,P100,1,-0.047676246613264,0.4880832135677337,0.48067238674803986
P100 (104).jpg,P100,1,0.02744135633111,0.5068598985671997,0.5111282396375635
P100 (105).jpg,P100,1,-0.2275543361902237,0.4433556497097015,0.4087392672386034
P100 (106).jpg,P100,1,0.5549089312553406,0.6352737545967102,0.7110056442177493
P100 (107).jpg,P100,1,-0.2854526937007904,0.4291174709796905,0.386247648256982
P100 (108).jpg,P100,1,-0.3932476341724396,0.4029357433319092,0.34569942925775504
P100 (109).jpg,P100,1,0.1005358546972274,0.5251128077507019,0.5406866801896274
P100 (11).jpg,P100,1,0.5235466957092285,0.6279767155647278,0.7004395312114534
P100 (110).jpg,P100,1,0.4716259837150574,0.615768551826477,0.6824722418553794
P100 (111).jpg,P100,1,-0.1384413391351699,0.4654448330402374,0.4440837520354926
P100 (112).jpg,P100,1,0.0727890580892562,0.5181892514228821,0.529488618174786
P100 (113).jpg,P100,1,-0.1120796352624893,0.4720094203948974,0.45466590008984337
P100 (114).jpg,P100,1,-0.0033333413302898,0.4991666972637176,0.4986480166302129
P100 (115).jpg,P100,1,-0.5198098421096802,0.3728967010974884,0.30083409087818075
P100 (116).jpg,P100,1,-0.1726631075143814,0.456941157579422,0.4304230841879056
P100 (117).jpg,P100,1,-0.6005158424377441,0.3542256653308868,0.2740312227512124
P100 (118).jpg,P100,1,-0.3381378352642059,0.4162619113922119,0.36619204330613775
P100 (119).jpg,P100,1,-0.7629184722900391,0.3180129826068878,0.22482896259075863
P100 (12).jpg,P100,1,0.0692943185567855,0.5173166394233704,0.5280758671155782
P100 (120).jpg,P100,1,-0.5685994625091553,0.361560046672821,0.2844519398417496
P100 (121).jpg,P100,1,-0.4217909872531891,0.3960882723331451,0.3353010812008955
P100 (122).jpg,P100,1,-0.5796207189559937,0.3590198457241058,0.2808265953044036
P100 (123).jpg,P100,1,-0.3986941277980804,0.4016261398792267,0.34370347300204396
P100 (124).jpg,P100,1,-0.3032398819923401,0.4247656762599945,0.37942951310885636
P100 (125).jpg,P100,1,0.7662405371665955,0.6827071309089661,0.7761089575279472
P100 (126).jpg,P100,1,0.7199030518531799,0.672585666179657,0.7627754248472657
P100 (127).jpg,P100,1,-0.1848194748163223,0.4539262056350708,0.42559477840354654
P100 (128).jpg,P100,1,0.3082855939865112,0.5764667391777039,0.622496088485418
P100 (129).jpg,P100,1,-0.7677271962165833,0.3169709742069244,0.2234722160506807
P100 (13).jpg,P100,1,0.2364783734083175,0.5588456392288208,0.5947550180370067
P100 (130).jpg,P100,1,-0.2283424586057663,0.4431611597537994,0.4084302939342151
P100 (131).jpg,P100,1,0.211780235171318,0.5527480840682983,0.5850618366775084
P100 (132).jpg,P100,1,-0.2723638713359833,0.4323268830776214,0.3912936357263715
P100 (133).jpg,P100,1,0.034923005849123,0.508729875087738,0.5141608094603394
P100 (134).jpg,P100,1,-0.2196786552667617,0.4453001618385315,0.4118307506614011
P100 (135).jpg,P100,1,-0.2552346587181091,0.436535507440567,0.39793238974851386
P100 (14).jpg,P100,1,0.5349363684654236,0.6306337118148804,0.7043023214894184
P100 (15).jpg,P100,1,0.8041836023330688,0.6908686757087708,0.7866234922123021
P100 (16).jpg,P100,1,0.5680599212646484,0.6383153796195984,0.7153698604897393
P100 (17).jpg,P100,1,0.337068498134613,0.5834782123565674,0.6334052076026963
P100 (18).jpg,P100,1,0.4757130742073059,0.6167351007461548,0.6839074233076693
P100 (19).jpg,P100,1,0.2808477282524109,0.5697540044784546,0.6119797742796231
P100 (2).jpg,P100,1,0.7866179347038269,0.6871046423912048,0.7818010931203301
P100 (20).jpg,P100,1,0.3755027055740356,0.5927879214286804,0.6477601421838424
P100 (21).jpg,P100,1,0.2116194814443588,0.5527083277702332,0.5849985214101145
P100 (22).jpg,P100,1,0.3251588344573974,0.58058100938797,0.6289071253661108
P100 (23).jpg,P100,1,0.6674230098724365,0.6609258651733398,0.7470261019358528
P100 (24).jpg,P100,1,0.2724840641021728,0.5677026510238647,0.6087528085672563
P100 (25).jpg,P100,1,0.0039164908230304,0.5009791254997253,0.5015885038541823
P100 (26).jpg,P100,1,-0.0852921158075332,0.4786899089813232,0.46546103707777325
P100 (27).jpg,P100,1,-0.3864185810089111,0.4045797288417816,0.3482097412387629
P100 (28).jpg,P100,1,0.8851487636566162,0.7078880667686462,0.8078418758147999
P100 (29).jpg,P100,1,0.8454221487045288,0.6996059417724609,0.7976379010744721
P100 (3).jpg,P100,1,0.5782588124275208,0.640666663646698,0.7187269453100099
P100 (30).jpg,P100,1,1.095279574394226,0.7493746280670166,0.8553210556423557
P100 (31).jpg,P100,1,0.5438752174377441,0.6327134370803833,0.7073135853851337
P100 (32).jpg,P100,1,0.6873933672904968,0.6653867959976196,0.7530997580902474
P100 (33).jpg,P100,1,0.2847215533256531,0.570703387260437,0.6134711157187422
P100 (34).jpg,P100,1,-0.0942387133836746,0.4764577150344848,0.46185152976972466
P100 (35).jpg,P100,1,0.0462061651051044,0.5115494728088379,0.518732219284417
P100 (36).jpg,P100,1,-0.0675589591264724,0.4831166863441467,0.4726258217787986
P100 (37).jpg,P100,1,-0.0351234786212444,0.4912200570106506,0.48575794537577816
P100 (38).jpg,P100,1,0.2418355196714401,0.5601659417152405,0.5968480778074009
P100 (39).jpg,P100,1,0.1323306411504745,0.5330344438552856,0.5534674388083418
P100 (4).jpg,P100,1,0.0913278311491012,0.5228160619735718,0.5369744943190219
P100 (40).jpg,P100,1,0.3872682452201843,0.5956249237060547,0.6521030523111392
P100 (41).jpg,P100,1,-1.3205091953277588,0.2107335925102234,0.10504657565229336
P100 (42).jpg,P100,1,-0.9368799924850464,0.2815310060977936,0.179465132920074
P100 (43).jpg,P100,1,-0.7840890884399414,0.313439279794693,0.2188995964906875
P100 (44).jpg,P100,1,-1.2112972736358645,0.2294716089963913,0.12290704955092455
P100 (45).jpg,P100,1,-0.3366124927997589,0.41663259267807,0.36676659640945203
P100 (46).jpg,P100,1,-0.876971423625946,0.2938057482242584,0.19422598214086811
P100 (47).jpg,P100,1,-1.81575620174408,0.1399438679218292,0.049933173792651955
P100 (48).jpg,P100,1,-1.0370060205459597,0.2617281079292297,0.15677555956919934
P100 (49).jpg,P100,1,-0.714863657951355,0.32852503657341,0.23870715778056814
P100 (5).jpg,P100,1,0.6479509472846985,0.6565485596656799,0.7410096270439762
P100 (50).jpg,P100,1,-0.048977505415678,0.4877581000328064,0.48014541297670976
P100 (51).jpg,P100,1,0.6824550628662109,0.6642863750457764,0.7516070196484358
P100 (52).jpg,P100,1,0.0783910006284713,0.5195876955986023,0.5317522128191768
P100 (53).jpg,P100,1,-0.0086104087531566,0.4978474378585815,0.4965077178256377
P100 (54).jpg,P100,1,-0.1093709617853164,0.4726845026016235,0.4557557084516984
P100 (55).jpg,P100,1,0.0212168581783771,0.5053040385246277,0.5086046025645007
P100 (56).jpg,P100,1,-0.6610995531082153,0.3404926359653473,0.2549175426178029
P100 (57).jpg,P100,1,-0.1071798950433731,0.4732306599617004,0.45663757337980904
P100 (58).jpg,P100,1,-0.2298290282487869,0.4427943527698517,0.4078477004370303
P100 (59).jpg,P100,1,-0.257203459739685,0.4360512793064117,0.3971673798440281
P100 (6).jpg,P100,1,0.4383242726325989,0.6078596711158752,0.6706504866877754
P100 (60).jpg,P100,1,-0.6445278525352478,0.3442237079143524,0.26005760673332495
P100 (61).jpg,P100,1,0.0725960582494735,0.5181410312652588,0.5294106099617005
P100 (62).jpg,P100,1,-0.1840975433588028,0.4541051387786865,0.42588113094895497
P100 (63).jpg,P100,1,-0.3214277029037475,0.4203278422355652,0.3725067137613433
P100 (64).jpg,P100,1,-0.220338836312294,0.4451370537281036,0.41157133529515144
P100 (65).jpg,P100,1,-0.0374775044620037,0.4906316995620727,0.48480399190635637
P100 (66).jpg,P100,1,-0.3032849133014679,0.424754649400711,0.3794123108457746
P100 (67).jpg,P100,1,-0.4095981121063232,0.3990085124969482,0.3397241296174704
P100 (68).jpg,P100,1,-0.9358479976654052,0.2817398011684418,0.17971181652561719
P100 (69).jpg,P100,1,-1.233216643333435,0.2256189435720443,0.11912460353264322
P100 (7).jpg,P100,1,0.7264204025268555,0.6740192770957947,0.7646833925899421
P100 (70).jpg,P100,1,-0.4114036560058594,0.3985756039619446,0.3390673671516597
P100 (71).jpg,P100,1,-0.894366979598999,0.2902094423770904,0.18984722138568308
P100 (72).jpg,P100,1,-0.2444096058607101,0.4391999244689941,0.40214746372460447
P100 (73).jpg,P100,1,0.4771085977554321,0.6170648336410522,0.684396661572001
P100 (74).jpg,P100,1,0.9607112407684326,0.7232641577720642,0.8261579434638969
P100 (75).jpg,P100,1,0.5338520407676697,0.6303811073303223,0.7039358196126951
P100 (76).jpg,P100,1,0.8483980298042297,0.7002309560775757,0.7984160785743292
P100 (77).jpg,P100,1,0.4539551138877868,0.611579179763794,0.676227345939022
P100 (78).jpg,P100,1,0.1328407973051071,0.533161461353302,0.5536719804363516
P100 (79).jpg,P100,1,0.5883387923240662,0.6429838538169861,0.7220211001307848
P100 (8).jpg,P100,1,0.8911892175674438,0.7091355323791504,0.8093585616011788
P100 (80).jpg,P100,1,0.2248470336198806,0.555976152420044,0.590198821498743
P100 (81).jpg,P100,1,0.9174440503120422,0.7145209908485413,0.8158444566497497
P100 (82).jpg,P100,1,0.4168309271335602,0.6027246713638306,0.6629030562006227
P100 (83).jpg,P100,1,0.3909246325492859,0.5965052247047424,0.6534476077278352
P100 (84).jpg,P100,1,0.6424004435539246,0.6552959084510803,0.7392776859614926
P100 (85).jpg,P100,1,0.9259517192840576,0.7162532806396484,0.817909167799907
P100 (86).jpg,P100,1,0.5612508654594421,0.6367419362068176,0.7131152003233913
P100 (87).jpg,P100,1,0.4980355501174927,0.621997594833374,0.6916837857766853
P100 (88).jpg,P100,1,0.8022143244743347,0.6904479265213013,0.7860867439612504
P100 (89).jpg,P100,1,0.7570905685424805,0.6807217001914978,0.7735189122805376
P100 (9).jpg,P100,1,1.0898464918136597,0.7483527660369873,0.8542268651643439
P100 (90).jpg,P100,1,0.7169166803359985,0.6719276905059814,0.7618976053097449
P100 (91).jpg,P100,1,0.4874809980392456,0.6195128560066223,0.688020139294833
P100 (92).jpg,P100,1,0.4209030270576477,0.603699266910553,0.6643777679924302
P100 (93).jpg,P100,1,0.4336220026016235,0.606738269329071,0.6689632457595098
P100 (94).jpg,P100,1,0.028002131730318,0.5070000886917114,0.5113555723666928
P100 (95).jpg,P100,1,0.8853890299797058,0.7079377174377441,0.8079023790377827
P100 (96).jpg,P100,1,0.1809369474649429,0.5451112389564514,0.5728646426457801
P100 (97).jpg,P100,1,0.4814644157886505,0.6180936098098755,0.6859210809084544
P100 (98).jpg,P100,1,0.3376610279083252,0.5836222767829895,0.633628397732963
P100 (99).jpg,P100,1,-0.4804124236106872,0.3821547627449035,0.31444672253131944
P114 (1).jpg,P114,1,-0.9875326156616212,0.2713997066020965,0.1676808809176105
P114 (10).jpg,P114,1,-0.5191047191619873,0.3730615973472595,0.30107476182618065
P114 (11).jpg,P114,1,-0.2029196768999099,0.4494434297084808,0.4184321619698103
P114 (12).jpg,P114,1,-0.2502831220626831,0.437753826379776,0.3998585883678461
P114 (13).jpg,P114,1,-0.2772691249847412,0.4311234056949615,0.3893997800925591
P114 (14).jpg,P114,1,0.1258795112371444,0.5314283967018127,0.5508793883363946
P114 (15).jpg,P114,1,-0.32875657081604,0.4185432195663452,0.36973167069206114
P114 (16).jpg,P114,1,0.4585647881031036,0.6126736998558044,0.6778625867613206
P114 (17).jpg,P114,1,0.0421262271702289,0.5105299949645996,0.5170795405191547
P114 (18).jpg,P114,1,0.0760789960622787,0.5190105438232422,0.530818146832495
P114 (19).jpg,P114,1,0.3163105249404907,0.5784248113632202,0.6255506846183684
P114 (2).jpg,P114,1,-0.5778681039810181,0.359423279762268,0.28140121621658065
P114 (20).jpg,P114,1,-0.9881781339645386,0.2712720930576324,0.16753476974380077
P114 (21).jpg,P114,1,-0.6580644249916077,0.3411745429039001,0.2558539336676594
P114 (22).jpg,P114,1,-2.1145005226135254,0.1076954156160354,0.03135502620270194
P114 (23).jpg,P114,1,-0.7420586943626404,0.3225541114807129,0.23078193068368816
P114 (24).jpg,P114,1,-0.6986829042434692,0.3321042954921722,0.24351037966786906
P114 (25).jpg,P114,1,-0.6579388976097107,0.3412027657032013,0.255892709663893
P114 (26).jpg,P114,1,-0.6612756848335266,0.3404531180858612,0.2548632721148878
P114 (27).jpg,P114,1,-0.6310120820999146,0.3472810983657837,0.2642992527455149
P114 (28).jpg,P114,1,-0.9203416705131532,0.2848882675170898,0.18345029662818974
P114 (29).jpg,P114,1,-1.0207695960998535,0.2648775279521942,0.16028941241408015
P114 (3).jpg,P114,1,-1.4443126916885376,0.1908783912658691,0.08760585999672522
P114 (30).jpg,P114,1,-0.614840030670166,0.3509558737277984,0.269432401659731
P114 (31).jpg,P114,1,-0.3789137601852417,0.4063888788223266,0.350978210655285
P114 (32).jpg,P114,1,-0.526688814163208,0.3712894916534424,0.2984919409332668
P114 (33).jpg,P114,1,-0.1968027502298355,0.4509575068950653,0.4208490662598964
P114 (34).jpg,P114,1,-0.643010139465332,0.3445664048194885,0.2605317026341509
P114 (35).jpg,P114,1,-0.5547208786010742,0.3647698163986206,0.2890570492719737
P114 (36).jpg,P114,1,-0.7256665825843811,0.3261463940143585,0.23553674541315733
P114 (37).jpg,P114,1,0.1219942420721054,0.530460774898529,0.5493193649788065
P114 (38).jpg,P114,1,0.5795879364013672,0.6409725546836853,0.7191626630128487
P114 (39).jpg,P114,1,0.7245579361915588,0.6736098527908325,0.7641392378375698
P114 (4).jpg,P114,1,-1.3226349353790283,0.2103802561759948,0.10472279304069387
P114 (40).jpg,P114,1,0.8939164876937866,0.7096977233886719,0.8100403416237527
P114 (41).jpg,P114,1,0.7125643491744995,0.6709675192832947,0.7606142793166061
P114 (42).jpg,P114,1,0.2599983811378479,0.5646358728408813,0.6039177690318629
P114 (43).jpg,P114,1,0.5101158022880554,0.6248335838317871,0.6958475893913753
P114 (44).jpg,P114,1,0.1204927116632461,0.5300868153572083,0.5487162049997825
P114 (45).jpg,P114,1,0.200932964682579,0.5500649213790894,0.5807832768182204
P114 (46).jpg,P114,1,0.4790685772895813,0.6175279021263123,0.6850830954031873
P114 (47).jpg,P114,1,0.4505495429039001,0.6107698678970337,0.6750164762520793
P114 (48).jpg,P114,1,0.3617697060108185,0.589468777179718,0.6426599702163606
P114 (49).jpg,P114,1,0.2072292417287826,0.5516226887702942,0.5832682810867447
P114 (5).jpg,P114,1,-0.9344444274902344,0.2820239067077636,0.18004774475990334
P114 (50).jpg,P114,1,0.3231332898139953,0.5800876617431641,0.6281398571923279
P114 (51).jpg,P114,1,0.3750575482845306,0.5926805138587952,0.6475953391700882
P114 (52).jpg,P114,1,0.1782439202070236,0.5444433689117432,0.5717952221756193
P114 (53).jpg,P114,1,0.3485561609268188,0.586267352104187,0.6377220005388637
P114 (54).jpg,P114,1,0.4603576958179474,0.6130990386009216,0.6784974328437334
P114 (55).jpg,P114,1,0.4051715433597564,0.5999295711517334,0.6586631096033666
P114 (56).jpg,P114,1,0.8962557315826416,0.7101793885231018,0.8106236321356578
P114 (57).jpg,P114,1,0.6701154708862305,0.661529004573822,0.7478507040788391
P114 (58).jpg,P114,1,0.5011347532272339,0.6227259635925293,0.692755027117954
P114 (59).jpg,P114,1,0.4136779904365539,0.6019694209098816,0.6617590357264925
P114 (6).jpg,P114,1,-0.943688690662384,0.2801558375358581,0.1778442396500649
P114 (60).jpg,P114,1,0.925171673297882,0.7160946726799011,0.817720611659588
P114 (61).jpg,P114,1,0.835769772529602,0.6975735425949097,0.7950984382948876
P114 (62).jpg,P114,1,0.8248366713523865,0.69526207447052,0.7921935467516386
P114 (63).jpg,P114,1,0.5487063527107239,0.6338353753089905,0.7089335630899463
P114 (64).jpg,P114,1,0.8538628816604614,0.7013768553733826,0.7998392781407109
P114 (65).jpg,P114,1,0.0438461489975452,0.5109597444534302,0.5177762846205222
P114 (66).jpg,P114,1,0.3055152893066406,0.5757902264595032,0.6214393277489368
P114 (67).jpg,P114,1,-0.0487543307244777,0.487813800573349,0.4802357894388715
P114 (68).jpg,P114,1,-0.2456605583429336,0.4388918280601501,0.4016596135702529
P114 (69).jpg,P114,1,0.0031968690454959,0.5007991790771484,0.5012966312781995
P114 (7).jpg,P114,1,-0.9331663250923156,0.2822827696800232,0.18035406985836785
P114 (70).jpg,P114,1,0.2276502251625061,0.5566680431365967,0.5912983286633885
P114 (71).jpg,P114,1,0.691229522228241,0.666240394115448,0.7542551725692754
P114 (72).jpg,P114,1,0.2019626349210739,0.5503197312355042,0.5811899492839608
P114 (73).jpg,P114,1,0.8933500051498413,0.7095809578895569,0.8098988825181355
P114 (74).jpg,P114,1,0.3923008441925049,0.5968364477157593,0.6539530465140764
P114 (75).jpg,P114,1,0.5603642463684082,0.6365368366241455,0.7128208327269409
P114 (76).jpg,P114,1,-0.0078990571200847,0.4980252683162689,0.49679622556555786
P114 (77).jpg,P114,1,-0.0392944477498531,0.4901776313781738,0.48406776295334103
P114 (78).jpg,P114,1,0.8555736541748047,0.7017350196838379,0.8002832596768517
P114 (79).jpg,P114,1,0.5640544891357422,0.63739013671875,0.7140448472320061
P114 (8).jpg,P114,1,-0.8849689364433289,0.2921491265296936,0.19220341729523524
P114 (80).jpg,P114,1,0.4033765196800232,0.5994986295700073,0.6580080666611126
P114 (9).jpg,P114,1,-0.3057488203048706,0.4241527616977691,0.3784715448199292
P185 (1).jpg,P185,1,0.8275182843208313,0.6958299279212952,0.7929088441148715
P185 (10).jpg,P185,1,1.23845112323761,0.7752942442893982,0.8817636501787034
P185 (11).jpg,P185,1,1.2546381950378418,0.7781017422676086,0.8844742597471148
P185 (12).jpg,P185,1,1.0834286212921145,0.7471423149108887,0.852925512188942
P185 (13).jpg,P185,1,0.8627668023109436,0.7032383680343628,0.8021419441177425
P185 (14).jpg,P185,1,0.8079360127449036,0.6916695237159729,0.787643534022851
P185 (15).jpg,P185,1,0.926581859588623,0.716381311416626,0.8180613773365435
P185 (16).jpg,P185,1,0.8953512907028198,0.7099932432174683,0.8103982726957222
P185 (17).jpg,P185,1,0.4313926994800567,0.6062061786651611,0.6681618164621512
P185 (18).jpg,P185,1,0.5862317085266113,0.6425000429153442,0.7213344658811357
P185 (19).jpg,P185,1,0.2067548781633377,0.5515053868293762,0.5830812056946455
P185 (2).jpg,P185,1,0.8420799970626831,0.6989030838012695,0.7967612755469518
P185 (20).jpg,P185,1,0.5159895420074463,0.626209557056427,0.6978606629457902
P185 (21).jpg,P185,1,0.4169216156005859,0.6027463674545288,0.6629359337243148
P185 (22).jpg,P185,1,1.3128268718719482,0.7879858613014221,0.8937759132607191
P185 (23).jpg,P185,1,0.7516390681266785,0.6795357465744019,0.7719657365977477
P185 (24).jpg,P185,1,0.7775218486785889,0.6851457357406616,0.7792732045014736
P185 (25).jpg,P185,1,0.9121438264846802,0.7134386301040649,0.8145490162871994
P185 (26).jpg,P185,1,0.8737029433250427,0.7055156826972961,0.8049427848113956
P185 (27).jpg,P185,1,0.7907909154891968,0.6880011558532715,0.7829537987411658
P185 (28).jpg,P185,1,0.9881356954574584,0.7287195324897766,0.8324556275485423
P185 (29).jpg,P185,1,1.1829826831817627,0.7654836773872375,0.8720545045072586
P185 (3).jpg,P185,1,0.6089247465133667,0.6476954221725464,0.7286743954903057
P185 (30).jpg,P185,1,1.4184359312057495,0.8050931096076965,0.9089798681675568
P185 (31).jpg,P185,1,1.3825029134750366,0.7993927001953125,0.9040402648870748
P185 (32).jpg,P185,1,1.3244272470474243,0.7899173498153687,0.8955495182793936
P185 (33).jpg,P185,1,0.712604284286499,0.6709763407707214,0.7606260760808784
P185 (34).jpg,P185,1,0.6377023458480835,0.6542338728904724,0.7378058780302412
P185 (35).jpg,P185,1,0.8554668426513672,0.7017126679420471,0.8002555614784752
P185 (36).jpg,P185,1,-0.1635002642869949,0.459215760231018,0.4340712302813533
P185 (37).jpg,P185,1,0.7392815947532654,0.676838755607605,0.7684172736440137
P185 (38).jpg,P185,1,0.0263174660503864,0.5065789818763733,0.5106726120134883
P185 (39).jpg,P185,1,0.2275901585817337,0.5566532015800476,0.5912747780375947
P185 (4).jpg,P185,1,0.1402041763067245,0.5349937677383423,0.556622190450615
P185 (40).jpg,P185,1,0.2618077397346496,0.5650805830955505,0.6046197214201763
P185 (41).jpg,P185,1,-0.0020249001681804,0.4994937479496002,0.49917871130150665
P185 (42).jpg,P185,1,0.2178068608045578,0.5542374849319458,0.5874334696068433
P185 (43).jpg,P185,1,0.9326165914535522,0.7176058292388916,0.8195140495282894
P185 (44).jpg,P185,1,0.6077591776847839,0.6474294662475586,0.7283003688511603
P185 (45).jpg,P185,1,0.7038122415542603,0.6690324544906616,0.7580193188122634
P185 (46).jpg,P185,1,0.6358799934387207,0.6538215279579163,0.7372335366110347
P185 (47).jpg,P185,1,0.7451370358467102,0.6781181693077087,0.7701034626574674
P185 (48).jpg,P185,1,0.1315378099679947,0.5328370928764343,0.5531495257600891
P185 (49).jpg,P185,1,0.1510529071092605,0.537691593170166,0.5609615158120927
P185 (5).jpg,P185,1,0.981894850730896,0.7274839878082275,0.8310387002772436
P185 (50).jpg,P185,1,0.0570462234318256,0.5142576694488525,0.5231211629202512
P185 (51).jpg,P185,1,-0.181360974907875,0.4547836482524872,0.42696703479246173
P185 (52).jpg,P185,1,0.4128473401069641,0.6017704010009766,0.6614573244414672
P185 (53).jpg,P185,1,0.5046075582504272,0.623541533946991,0.6939529391848929
P185 (54).jpg,P185,1,0.9444231986999512,0.7199922204017639,0.8223299315434258
P185 (55).jpg,P185,1,0.3125323057174682,0.5775032639503479,0.6241137787907707
P185 (56).jpg,P185,1,1.030332088470459,0.7369802594184875,0.8417877319251326
P185 (57).jpg,P185,1,0.530691921710968,0.6296444535255432,0.7028662024678327
P185 (58).jpg,P185,1,0.7449692487716675,0.6780815720558167,0.7700552651530254
P185 (59).jpg,P185,1,0.1709792464971542,0.5426409840583801,0.5689070480528875
P185 (6).jpg,P185,1,0.891653299331665,0.7092311978340149,0.8094747075915866
P185 (60).jpg,P185,1,0.7973417043685913,0.6894055604934692,0.7847544367597359
P185 (61).jpg,P185,1,0.883851170539856,0.7076196670532227,0.8075148683704112
P185 (62).jpg,P185,1,0.0404371507465839,0.5101078748703003,0.5163952273043886
P185 (63).jpg,P185,1,1.1535149812698364,0.7601523399353027,0.8666247814699468
P185 (64).jpg,P185,1,0.9746829271316528,0.726051926612854,0.829389426817798
P185 (65).jpg,P185,1,0.8937091827392578,0.7096550464630127,0.8099885838478063
P185 (66).jpg,P185,1,0.8625066876411438,0.7031841278076172,0.8020749590819455
P185 (67).jpg,P185,1,0.7682441473007202,0.6831409335136414,0.7766732902708168
P185 (68).jpg,P185,1,0.4864854216575622,0.6192781329154968,0.6876733331971883
P185 (69).jpg,P185,1,0.9549858570098876,0.7221167683601379,0.8248198398272688
P185 (7).jpg,P185,1,0.4733736515045166,0.6161819696426392,0.6830863618762805
P185 (70).jpg,P185,1,0.6997717618942261,0.6681371927261353,0.7568148928141091
P185 (71).jpg,P185,1,0.5284215211868286,0.6291149258613586,0.7020963562858182
P185 (72).jpg,P185,1,0.4329442083835602,0.6065764427185059,0.6687196837214168
P185 (73).jpg,P185,1,0.3097755908966064,0.5768305063247681,0.623063982471085
P185 (74).jpg,P185,1,0.308269739151001,0.5764628648757935,0.6224900437986067
P185 (75).jpg,P185,1,0.2507621347904205,0.5623640418052673,0.6003278888882241
P185 (76).jpg,P185,1,0.3510195314884186,0.5868648290634155,0.6386448187751573
P185 (77).jpg,P185,1,0.5802407264709473,0.6411228179931641,0.719376512048792
P185 (78).jpg,P185,1,0.2652881145477295,0.5659357905387878,0.6059687411798875
P185 (79).jpg,P185,1,0.510149359703064,0.6248414516448975,0.6958591117627895
P185 (8).jpg,P185,1,0.7319120168685913,0.6752246618270874,0.7662828072370553
P185 (80).jpg,P185,1,0.2514220774173736,0.5625264644622803,0.6005847536130937
P185 (81).jpg,P185,1,-0.1104362159967422,0.4724189937114715,0.45532706266790096
P185 (82).jpg,P185,1,-0.1856048256158828,0.4537315666675567,0.4252833273935781
P185 (83).jpg,P185,1,0.3860740065574646,0.5953372716903687,0.6516633705398098
P185 (9).jpg,P185,1,0.938543736934662,0.7188054323196411,0.8209320042220085
