image_id,patient_id,label,logit,prob,prob_calibrated
P055 (1).jpg,P055,0,0.0526525825262069,0.5131601095199585,0.5152908710733312
P055 (10).jpg,P055,0,0.1567121297121048,0.5390980243682861,0.5453996812928588
P055 (2).jpg,P055,0,-0.2924690246582031,0.4273995161056518,0.4158458025295433
P055 (3).jpg,P055,0,-1.2698965072631836,0.2192749679088592,0.18608898740485488
P055 (4).jpg,P055,0,-0.2549972534179687,0.4365938603878021,0.42646025183841507
P055 (5).jpg,P055,0,-0.1195377260446548,0.4701510965824127,0.46532986840962803
P055 (6).jpg,P055,0,-0.0376681238412857,0.4905840754508972,0.48905910993530255
P055 (7).jpg,P055,0,-1.0549465417861938,0.2582763731479645,0.22690804996295683
P055 (8).jpg,P055,0,0.4150336980819702,0.6022942066192627,0.6182840466415067
P055 (9).jpg,P055,0,0.2480949610471725,0.5617075562477112,0.5715768520202479
P115 (1).jpg,P115,0,1.2374556064605713,0.7751208543777466,0.8081338279011185
P115 (10).jpg,P115,0,1.8092060089111328,0.8592658638954163,0.8911271441153165
P115 (11).jpg,P115,0,1.6945195198059082,0.8448176383972168,0.8775079734723819
P115 (12).jpg,P115,0,1.530386209487915,0.8220627903938293,0.8554888485832045
P115 (13).jpg,P115,0,1.0758002996444702,0.7456983923912048,0.777314625761972
P115 (14).jpg,P115,0,0.7307002544403076,0.6749588847160339,0.7003735549770643
P115 (15).jpg,P115,0,1.2964423894882202,0.7852356433868408,0.8185378430036663
P115 (16).jpg,P115,0,1.582244634628296,0.8295221924781799,0.8627802216710996
P115 (17).jpg,P115,0,1.6024935245513916,0.8323665857315063,0.8655421654970817
P115 (18).jpg,P115,0,0.9353906512260436,0.7181676030158997,0.7478029131232581
P115 (19).jpg,P115,0,2.6980059146881104,0.9369089007377625,0.9583174406979323
P115 (2).jpg,P115,0,1.64567232131958,0.8383053541183472,0.8712750118928522
P115 (20).jpg,P115,0,1.2615225315093994,0.779288113117218,0.8124327130402702
P115 (21).jpg,P115,0,1.4760711193084717,0.8139784336090088,0.8475097878023031
P115 (22).jpg,P115,0,0.8037328720092773,0.6907724142074585,0.7178742643454482
P115 (23).jpg,P115,0,0.7502122521400452,0.679224967956543,0.7051097820668806
P115 (24).jpg,P115,0,0.9811574816703796,0.7273377776145935,0.7576998106859207
P115 (25).jpg,P115,0,1.0427560806274414,0.7393814325332642,0.7705974403794237
P115 (26).jpg,P115,0,1.079699993133545,0.7464372515678406,0.7780980208431141
P115 (27).jpg,P115,0,1.1291807889938354,0.7556877136230469,0.7878666375356289
P115 (28).jpg,P115,0,2.472153902053833,0.9221664667129515,0.946478009016277
P115 (29).jpg,P115,0,1.486640214920044,0.8155733942985535,0.8490902259087798
P115 (3).jpg,P115,0,1.3772964477539062,0.7985564470291138,0.8320778206978044
P115 (30).jpg,P115,0,1.2359960079193115,0.7748662829399109,0.8078707102235975
P115 (31).jpg,P115,0,1.2472388744354248,0.776821494102478,0.8098903366905541
P115 (32).jpg,P115,0,3.4169704914093018,0.9682307839393616,0.9814859299657426
P115 (33).jpg,P115,0,3.2058379650115967,0.9610533714294434,0.9764592406030945
P115 (34).jpg,P115,0,2.8014957904815674,0.9427566528320312,0.9628649548657819
P115 (35).jpg,P115,0,2.5036821365356445,0.9243995547294616,0.9483038219851383
P115 (36).jpg,P115,0,1.1640739440917969,0.7620722055435181,0.7945641178070048
P115 (37).jpg,P115,0,1.344655990600586,0.793254554271698,0.8267113562498832
P115 (38).jpg,P115,0,1.6285500526428225,0.835970938205719,0.8690270290223282
P115 (39).jpg,P115,0,1.4360198974609375,0.8078375458717346,0.841397383872589
P115 (4).jpg,P115,0,1.187772512435913,0.7663424015045166,0.7990227277853088
P115 (40).jpg,P115,0,2.2622969150543213,0.905705988407135,0.932692271858966
P115 (41).jpg,P115,0,2.056623935699463,0.8866152167320251,0.9160467446374853
P115 (42).jpg,P115,0,1.722769856452942,0.8484852313995361,0.8809929758531494
P115 (43).jpg,P115,0,1.949382185935974,0.8753792643547058,0.9059529162680735
P115 (44).jpg,P115,0,2.195434808731079,0.8998388051986694,0.9276477922326881
P115 (45).jpg,P115,0,1.474048733711243,0.8136719465255737,0.8472058300289235
P115 (5).jpg,P115,0,1.3853516578674316,0.7998490929603577,0.8333816053849942
P115 (6).jpg,P115,0,1.0913408994674685,0.7486341595649719,0.7804247884936905
P115 (7).jpg,P115,0,1.1617577075958252,0.7616519927978516,0.7941244341489301
P115 (8).jpg,P115,0,1.6087424755096436,0.8332366943359375,0.8663849883703706
P115 (9).jpg,P115,0,1.2306945323944092,0.7739400863647461,0.8069127151617526
P167 (1).jpg,P167,0,0.3318603038787842,0.5822119116783142,0.5952286607817695
P167 (10).jpg,P167,0,0.1870896071195602,0.5466364622116089,0.5541367120746148
P167 (11).jpg,P167,0,0.1419484466314315,0.5354276299476624,0.541142961733306
P167 (12).jpg,P167,0,0.4005619287490845,0.5988226532936096,0.6143074418800827
P167 (13).jpg,P167,0,-0.1524909287691116,0.4619509577751159,0.4558167413053757
P167 (14).jpg,P167,0,-0.8932990431785583,0.2904295027256012,0.26153261710568537
P167 (15).jpg,P167,0,-1.110511302947998,0.2477755844593048,0.21578178864490005
P167 (16).jpg,P167,0,-1.480474829673767,0.1853557080030441,0.1518300648568246
P167 (17).jpg,P167,0,-0.9998075366020204,0.2689792513847351,0.23834375954764495
P167 (18).jpg,P167,0,-1.282412886619568,0.2171397805213928,0.18389619055521192
P167 (19).jpg,P167,0,-1.323793888092041,0.2101877927780151,0.17678907841104236
P167 (2).jpg,P167,0,-0.0502587109804153,0.4874379336833954,0.4854039303008878
P167 (3).jpg,P167,0,0.0395158380270004,0.5098776817321777,0.511477383513837
P167 (4).jpg,P167,0,-0.7524042129516602,0.3202976584434509,0.294360882685733
P167 (5).jpg,P167,0,0.1189797967672348,0.5297099351882935,0.5345088281102968
P167 (6).jpg,P167,0,-0.1667984277009964,0.4583967924118042,0.4516959723890906
P167 (7).jpg,P167,0,0.0592476576566696,0.5148075819015503,0.517204723146844
P167 (8).jpg,P167,0,-0.4281265139579773,0.3945737779140472,0.3781318527029686
P167 (9).jpg,P167,0,0.060387834906578,0.5150923728942871,0.5175355462940414
P123 (1).jpg,P123,0,-1.9778661727905276,0.1215464919805526,0.0912646547772177
P123 (10).jpg,P123,0,-2.218344688415528,0.0981151759624481,0.07058566559359976
P123 (11).jpg,P123,0,-2.5322585105896,0.0736274495720863,0.05009232588413151
P123 (12).jpg,P123,0,-1.9116034507751465,0.1288008242845535,0.09785462566217831
P123 (13).jpg,P123,0,-3.605200052261353,0.0264626964926719,0.01493117242038428
P123 (14).jpg,P123,0,-3.5320961475372314,0.028412664309144,0.016233472632087714
P123 (15).jpg,P123,0,-3.4068219661712646,0.0320829413831234,0.018729578724184744
P123 (16).jpg,P123,0,-3.512878894805908,0.0289479997009038,0.016593969608699112
P123 (17).jpg,P123,0,-3.5540084838867188,0.0278139784932136,0.01583181122680994
P123 (18).jpg,P123,0,-2.999969720840454,0.0474272370338439,0.029713793370221578
P123 (19).jpg,P123,0,-3.1867642402648926,0.0396668575704097,0.02405564495504936
P123 (2).jpg,P123,0,-2.1111631393432617,0.1080165430903434,0.07920616246676482
P123 (20).jpg,P123,0,-3.275188446044922,0.0364322476089,0.021757794084820432
P123 (21).jpg,P123,0,-2.743569612503052,0.0604508444666862,0.03961822968320431
P123 (22).jpg,P123,0,-3.05522894859314,0.0449922643601894,0.02791738392138638
P123 (23).jpg,P123,0,-3.375676155090332,0.0330643542110919,0.01940645185759849
P123 (24).jpg,P123,0,-3.281006097793579,0.0362285710871219,0.021614372831478452
P123 (25).jpg,P123,0,-3.721051216125488,0.023636307567358,0.013075155267792755
P123 (26).jpg,P123,0,-3.4156479835510254,0.031809989362955,0.01854201564513691
P123 (27).jpg,P123,0,-2.4416754245758057,0.0800494402647018,0.055344711531547734
P123 (28).jpg,P123,0,-1.7530837059020996,0.1476586759090423,0.11536317693643311
P123 (29).jpg,P123,0,-1.20218825340271,0.2310861945152282,0.1983007491540251
P123 (3).jpg,P123,0,-1.7543268203735352,0.1475022882223129,0.11521584054757229
P123 (30).jpg,P123,0,-1.9320305585861208,0.1265259981155395,0.09577910689084031
P123 (31).jpg,P123,0,-1.5470861196517944,0.175507515668869,0.14212861991868705
P123 (32).jpg,P123,0,-1.4216961860656738,0.194395825266838,0.16083639302725425
P123 (33).jpg,P123,0,-1.2860853672027588,0.2165161520242691,0.18325660370676097
P123 (34).jpg,P123,0,-1.5408920049667358,0.1764056384563446,0.14300847099676708
P123 (35).jpg,P123,0,-1.5293962955474854,0.1780820339918136,0.14465341662939962
P123 (36).jpg,P123,0,-1.582796335220337,0.1703998148441314,0.13714389832886043
P123 (37).jpg,P123,0,-1.006975531578064,0.2675721645355224,0.23683499840145897
P123 (38).jpg,P123,0,-1.328979730606079,0.2093281894922256,0.17591379737828672
P123 (39).jpg,P123,0,-2.2096428871154785,0.0988878831267356,0.07125190319698832
P123 (4).jpg,P123,0,-1.9308332204818728,0.1266583800315857,0.09589966997656901
P123 (40).jpg,P123,0,-1.547034502029419,0.1755149960517883,0.14213593331354557
P123 (41).jpg,P123,0,-2.201280117034912,0.0996355861425399,0.07189765010949248
P123 (42).jpg,P123,0,-2.022799491882324,0.116829827427864,0.08702579464839383
P123 (43).jpg,P123,0,-1.5058101415634155,0.1815605461597442,0.14807761438006062
P123 (44).jpg,P123,0,-2.330371856689453,0.0886386185884475,0.06250858582085461
P123 (45).jpg,P123,0,-1.7001609802246094,0.1544442325830459,0.12178914287614302
P123 (46).jpg,P123,0,-2.529977798461914,0.073783166706562,0.05021858098530566
P123 (47).jpg,P123,0,-2.2425482273101807,0.0959941819310188,0.0687627320118856
P123 (48).jpg,P123,0,-2.205510139465332,0.0992567688226699,0.07157034902388355
P123 (49).jpg,P123,0,-1.5826351642608645,0.1704225987195968,0.13716606187021027
P123 (5).jpg,P123,0,-2.7090935707092285,0.062438890337944,0.0411709380298737
P123 (50).jpg,P123,0,-1.4273086786270142,0.1935183703899383,0.15995811175522714
P123 (51).jpg,P123,0,-1.7186739444732666,0.1520420461893081,0.11950693325840207
P123 (52).jpg,P123,0,-1.8248827457427976,0.1388490051031112,0.10711805573341597
P123 (53).jpg,P123,0,-1.0345854759216309,0.2621960639953613,0.2310852411605312
P123 (54).jpg,P123,0,-1.5842115879058838,0.1701998561620712,0.1369494081562675
P123 (55).jpg,P123,0,-1.6789813041687012,0.157230406999588,0.12444603510688589
P123 (6).jpg,P123,0,-2.5468592643737797,0.0726377665996551,0.049291158889780154
P123 (7).jpg,P123,0,-2.173273086547852,0.1021763756871223,0.07409976519683058
P123 (8).jpg,P123,0,-2.4758400917053223,0.0775693207979202,0.053305421120774854
P123 (9).jpg,P123,0,-2.406391143798828,0.0826866403222084,0.05752778075568772
P124 (1).jpg,P124,0,-1.4169975519180298,0.195132702589035,0.16157466173977908
P124 (10).jpg,P124,0,-0.4186418652534485,0.3968417644500732,0.38072692891361126
P124 (11).jpg,P124,0,-0.0423556119203567,0.4894126951694488,0.4876981253041482
P124 (12).jpg,P124,0,-0.5512492060661316,0.3655745983123779,0.34512124600837274
P124 (13).jpg,P124,0,-1.413985252380371,0.1956062465906143,0.16204940424130246
P124 (14).jpg,P124,0,-1.490013599395752,0.1839196979999542,0.15040818208965528
P124 (15).jpg,P124,0,-1.4528144598007202,0.1895687878131866,0.15601565084675692
P124 (16).jpg,P124,0,-1.609421968460083,0.1666688770055771,0.1335236353497805
P124 (17).jpg,P124,0,-1.2782719135284424,0.2178445309400558,0.18461944110754794
P124 (18).jpg,P124,0,-1.0229365825653076,0.2644557952880859,0.23349914598820315
P124 (19).jpg,P124,0,-0.9974849820137024,0.2694361805915832,0.2388340384817628
P124 (2).jpg,P124,0,-0.2934067845344543,0.4271700382232666,0.41558112346588444
P124 (20).jpg,P124,0,-0.1984278708696365,0.450555145740509,0.44261048877701686
P124 (3).jpg,P124,0,-0.2969710230827331,0.4262981116771698,0.41457557650464627
P124 (4).jpg,P124,0,-0.1794754415750503,0.4552512168884277,0.4480503150745265
P124 (5).jpg,P124,0,-0.4651567935943603,0.3857632279396057,0.3680679031901503
P124 (6).jpg,P124,0,-0.4835816025733948,0.3814067542552948,0.3631023480672773
P124 (7).jpg,P124,0,-0.4357678294181824,0.3927498757839203,0.3760461848624917
P124 (8).jpg,P124,0,0.0205661505460739,0.5051413774490356,0.5059742079602392
P124 (9).jpg,P124,0,-0.1388490349054336,0.4653434157371521,0.4597514563211558
P164 (1).jpg,P164,0,-0.9539822936058044,0.2780846655368805,0.24814463938641815
P164 (10).jpg,P164,0,0.0439515262842178,0.5109861493110657,0.51276519845184
P164 (11).jpg,P164,0,-1.0576852560043335,0.2577520608901977,0.22635027615805706
P164 (12).jpg,P164,0,-0.1873123794794082,0.4533083438873291,0.44579933184492676
P164 (13).jpg,P164,0,-0.2077323347330093,0.4482528865337372,0.4399448198193032
P164 (14).jpg,P164,0,-0.0319977551698684,0.4920012652873993,0.49070568309993673
P164 (15).jpg,P164,0,0.548647940158844,0.6338218450546265,0.6541952699752799
P164 (16).jpg,P164,0,0.5144241452217102,0.6258429884910583,0.6451444439163593
P164 (17).jpg,P164,0,1.0883538722991943,0.7480716109275818,0.7798294225231039
P164 (18).jpg,P164,0,-1.288571834564209,0.2160946428775787,0.18282454929571246
P164 (19).jpg,P164,0,-1.6037272214889526,0.1674613356590271,0.13429108551084543
P164 (2).jpg,P164,0,-1.641025424003601,0.1623255759477615,0.12933180779398362
P164 (20).jpg,P164,0,-0.7431438565254211,0.3223170638084411,0.29660092541697924
P164 (21).jpg,P164,0,-1.0360254049301147,0.2619175910949707,0.23078807181712382
P164 (22).jpg,P164,0,-2.5064940452575684,0.0754041746258735,0.051536229923644476
P164 (23).jpg,P164,0,-1.6497251987457275,0.1611460894346237,0.12819772174082852
P164 (24).jpg,P164,0,-0.9910352826118468,0.2707076370716095,0.24019916182995835
P164 (25).jpg,P164,0,-1.4416210651397705,0.1912944465875625,0.15773598836781955
P164 (26).jpg,P164,0,-1.738583207130432,0.1494929790496826,0.1170939360467172
P164 (27).jpg,P164,0,-2.03966760635376,0.115100584924221,0.08548101715718633
P164 (28).jpg,P164,0,-1.5601229667663574,0.1736290007829666,0.1402915405823671
P164 (29).jpg,P164,0,-2.1049599647521973,0.1086156666278839,0.07973346608934741
P164 (3).jpg,P164,0,-1.7309355735778809,0.1504679471254348,0.11801578846280528
P164 (30).jpg,P164,0,-1.1228516101837158,0.245482712984085,0.21336514915268104
P164 (31).jpg,P164,0,-2.286929130554199,0.0922112911939621,0.06553296725156241
P164 (32).jpg,P164,0,-1.608518123626709,0.1667944490909576,0.13364519344502512
P164 (33).jpg,P164,0,-2.253559827804565,0.09504284709692,0.06794788477061395
P164 (34).jpg,P164,0,-2.075477123260498,0.1115032583475112,0.08228374056398821
P164 (35).jpg,P164,0,-2.044883728027344,0.1145703718066215,0.08500838094065291
P164 (36).jpg,P164,0,-2.064282178878784,0.1126171797513961,0.08327141216518062
P164 (37).jpg,P164,0,-2.305750131607056,0.090647853910923,0.06420633588446233
P164 (38).jpg,P164,0,-2.3283791542053223,0.0887997224926948,0.06264441635237114
P164 (39).jpg,P164,0,-1.702385425567627,0.154153972864151,0.12151294998407311
P164 (4).jpg,P164,0,-1.6765003204345703,0.1575594395399093,0.12476049556730873
P164 (40).jpg,P164,0,-1.8734309673309328,0.1331452280282974,0.10184083942215647
P164 (41).jpg,P164,0,-2.458709478378296,0.0788039714097976,0.054318927870950204
P164 (42).jpg,P164,0,-2.385276556015014,0.0843023434281349,0.05887257332134136
P164 (43).jpg,P164,0,-1.6766706705093384,0.1575368344783783,0.12473888221871304
P164 (44).jpg,P164,0,-1.7609648704528809,0.1466695219278335,0.11443185363629992
P164 (45).jpg,P164,0,-1.8062536716461184,0.1410915106534958,0.10920614102311005
P164 (46).jpg,P164,0,-2.4533090591430664,0.0791968926787376,0.0546421836140537
P164 (47).jpg,P164,0,-2.002324104309082,0.1189591214060783,0.08893483134744216
P164 (48).jpg,P164,0,-3.0406954288482666,0.0456208810210228,0.028379363297841735
P164 (49).jpg,P164,0,-3.0800259113311768,0.0439387261867523,0.027145970879328258
P164 (5).jpg,P164,0,-1.362104415893555,0.2038985043764114,0.17040324315839042
P164 (50).jpg,P164,0,-1.868243098258972,0.1337451338768005,0.10239357142415521
P164 (51).jpg,P164,0,-1.8683899641036987,0.1337281316518783,0.10237788738313655
P164 (52).jpg,P164,0,-1.598076343536377,0.1682506501674652,0.135056304219907
P164 (53).jpg,P164,0,-1.694849967956543,0.1551390886306762,0.1224507591142964
P164 (54).jpg,P164,0,-2.29395055770874,0.0916252136230468,0.06503509486811729
P164 (55).jpg,P164,0,-2.5135347843170166,0.074914775788784,0.051137786484392656
P164 (56).jpg,P164,0,-2.505760669708252,0.0754553154110908,0.05157790091044087
P164 (57).jpg,P164,0,-2.4494223594665527,0.0794807970523834,0.054875952611627164
P164 (58).jpg,P164,0,-2.2387428283691406,0.0963249206542968,0.06904642583570013
P164 (59).jpg,P164,0,-1.0087153911590576,0.2672313451766968,0.2364697777225872
P164 (6).jpg,P164,0,-2.114298105239868,0.107714869081974,0.07894088736585307
P164 (60).jpg,P164,0,-2.3973827362060547,0.083372488617897,0.05809796394598789
P164 (61).jpg,P164,0,-2.5682897567749023,0.0712073370814323,0.04813720817007125
P164 (62).jpg,P164,0,-2.963873863220215,0.0490848794579505,0.03094721241134572
P164 (63).jpg,P164,0,-3.626164197921753,0.0259279403835535,0.01457707508231165
P164 (64).jpg,P164,0,-2.402431964874268,0.082987442612648,0.05777772520103872
P164 (65).jpg,P164,0,-1.6892971992492676,0.1558682918548584,0.12314579671760752
P164 (66).jpg,P164,0,-1.4258830547332764,0.193740963935852,0.16018083460417754
P164 (67).jpg,P164,0,-1.7678258419036863,0.145812913775444,0.11362642460674727
P164 (68).jpg,P164,0,-1.186557412147522,0.2338752150535583,0.20120410692851656
P164 (69).jpg,P164,0,-1.3918178081512451,0.1991177201271057,0.16557767897551615
P164 (7).jpg,P164,0,-1.1572422981262207,0.2391687333583831,0.2067347143474837
P164 (70).jpg,P164,0,-0.9087364077568054,0.2872584760189056,0.2580829839795529
P164 (71).jpg,P164,0,-0.3777258992195129,0.4066755175590515,0.3919984913409378
P164 (72).jpg,P164,0,-0.6321948766708374,0.3470130264759063,0.32418312478153294
P164 (8).jpg,P164,0,-1.9598238468170168,0.1234861239790916,0.09301838229193533
P164 (9).jpg,P164,0,-1.0668210983276367,0.2560080885887146,0.22449666726083817
P052 (1).jpg,P052,0,-1.6413335800170898,0.1622836738824844,0.1292914916473923
P052 (10).jpg,P052,0,-0.8233375549316406,0.3050556480884552,0.27753491855792695
P052 (11).jpg,P052,0,-1.8227717876434328,0.1391016095876693,0.10735289074242453
P052 (12).jpg,P052,0,-2.070020914077759,0.11204494535923,0.08276377422741586
P052 (13).jpg,P052,0,-1.653965711593628,0.1605736911296844,0.12764801776846943
P052 (14).jpg,P052,0,-0.7305314540863037,0.3250780999660492,0.29966760814315613
P052 (15).jpg,P052,0,-1.0275840759277344,0.2635527551174164,0.23253398656331956
P052 (16).jpg,P052,0,-2.5195584297180176,0.0744983851909637,0.05079921657275744
P052 (17).jpg,P052,0,-2.6992743015289307,0.063016191124916,0.041623725063653284
P052 (18).jpg,P052,0,-2.80654239654541,0.0569716580212116,0.03692593346597635
P052 (19).jpg,P052,0,-2.9065752029418945,0.0518294870853424,0.03300753510802792
P052 (2).jpg,P052,0,-2.6725473403930664,0.0646128430962562,0.04288040905605166
P052 (20).jpg,P052,0,-2.2560789585113525,0.0948264002799987,0.06776273396710006
P052 (21).jpg,P052,0,-0.2529695630073547,0.4370926916599273,0.4270366555522861
P052 (22).jpg,P052,0,-0.927865505218506,0.2833579480648041,0.25384976939992454
P052 (23).jpg,P052,0,-1.0044282674789429,0.2680716514587402,0.2373704058334362
P052 (24).jpg,P052,0,-1.411233901977539,0.1960394978523254,0.16248400338071325
P052 (25).jpg,P052,0,-0.882087230682373,0.292745441198349,0.2640565987497737
P052 (26).jpg,P052,0,-0.8621574640274048,0.2968887686729431,0.26858152657192463
P052 (27).jpg,P052,0,-0.6021161675453186,0.3538596928119659,0.3318871756690635
P052 (3).jpg,P052,0,-1.8537837266922,0.1354292631149292,0.10394816480680964
P052 (4).jpg,P052,0,-1.2522584199905396,0.2223094254732132,0.18921323144834729
P052 (5).jpg,P052,0,-1.822599053382873,0.1391222923994064,0.10737212671920883
P052 (6).jpg,P052,0,-1.5325005054473877,0.1776281148195266,0.14420768535704065
P052 (7).jpg,P052,0,-1.979017972946167,0.121423564851284,0.09115371492750396
P052 (8).jpg,P052,0,-1.3827648162841797,0.2005653232336044,0.16703620552955545
P052 (9).jpg,P052,0,-1.6028399467468262,0.1675850749015808,0.13441099372154394
P049 (1).jpg,P049,0,-0.0777900367975235,0.480562299489975,0.4774172721210835
P049 (10).jpg,P049,0,-0.9531962275505066,0.2782424986362457,0.24831509296210896
P049 (11).jpg,P049,0,-0.5713862180709839,0.3609170317649841,0.3398520445249045
P049 (12).jpg,P049,0,-0.8171380758285522,0.3063715100288391,0.2789816647805823
P049 (13).jpg,P049,0,-1.431881308555603,0.1928057372570037,0.15924542897961863
P049 (14).jpg,P049,0,-0.3479178547859192,0.4138874411582947,0.40028391316552364
P049 (15).jpg,P049,0,-0.7085453867912292,0.3299203515052795,0.305056559592949
P049 (16).jpg,P049,0,0.6183817386627197,0.6498503684997559,0.6722904251030689
P049 (17).jpg,P049,0,-0.2644177675247192,0.4342780113220215,0.4237849618562482
P049 (18).jpg,P049,0,-0.2340484410524368,0.4417535364627838,0.4324246432836247
P049 (19).jpg,P049,0,0.2762806415557861,0.5686341524124146,0.5795775601324508
P049 (2).jpg,P049,0,-0.5938094854354858,0.3557612299919128,0.3340309436365037
P049 (20).jpg,P049,0,-1.310525894165039,0.2123988568782806,0.17904404805963203
P049 (21).jpg,P049,0,-1.0579156875610352,0.2577079534530639,0.22630339012177728
P049 (22).jpg,P049,0,-2.865436792373657,0.0538888312876224,0.03456784906404116
P049 (23).jpg,P049,0,-2.2078280448913574,0.0990497320890426,0.0713915831107384
P049 (24).jpg,P049,0,-1.44046151638031,0.19147390127182,0.1579150804145593
P049 (25).jpg,P049,0,-2.023599147796631,0.1167473345994949,0.08695199556124118
P049 (26).jpg,P049,0,-0.4508764147758484,0.3891524076461792,0.371935916107154
P049 (3).jpg,P049,0,-0.1852887421846389,0.4538098573684692,0.4463803668174586
P049 (4).jpg,P049,0,-1.303075075149536,0.2136479467153549,0.18032018570822628
P049 (5).jpg,P049,0,-0.4203763008117676,0.3964267075061798,0.38025185912556964
P049 (6).jpg,P049,0,-0.6045089960098267,0.3533127903938293,0.3312709261477542
P049 (7).jpg,P049,0,-1.1942033767700195,0.2325080037117004,0.1997799472273603
P049 (8).jpg,P049,0,-0.9031609296798706,0.2884013652801513,0.25932544991449835
P049 (9).jpg,P049,0,-0.6776135563850403,0.3367941081523895,0.3127292927673073
P014 (1).jpg,P014,0,-0.729651153087616,0.3252712786197662,0.2998823279775317
P014 (10).jpg,P014,0,0.117528423666954,0.5293483138084412,0.5340891864853723
P014 (11).jpg,P014,0,-0.3348278999328613,0.4170663952827453,0.403940793894767
P014 (12).jpg,P014,0,-0.7847672700881958,0.3132933378219604,0.2866104867855318
P014 (13).jpg,P014,0,-0.4789612889289856,0.3824974298477173,0.3643448481315841
P014 (14).jpg,P014,0,-0.7210251688957214,0.327167272567749,0.30199098975274596
P014 (15).jpg,P014,0,-0.099427655339241,0.4751635789871216,0.4711482292835648
P014 (16).jpg,P014,0,-0.7077077627182007,0.3301055133342743,0.30526294041675633
P014 (17).jpg,P014,0,-0.6515852808952332,0.342632383108139,0.3192663655504083
P014 (18).jpg,P014,0,-1.0120735168457031,0.2665742635726928,0.23576596050721957
P014 (19).jpg,P014,0,-1.2457348108291626,0.223439335823059,0.19037890342427435
P014 (2).jpg,P014,0,-1.2348473072052002,0.2253341525793075,0.19233655610752673
P014 (20).jpg,P014,0,-0.7958635091781616,0.3109110593795776,0.28398140980146114
P014 (21).jpg,P014,0,-1.001911163330078,0.268565833568573,0.23790029229608106
P014 (22).jpg,P014,0,-0.9047139286994934,0.2880827486515045,0.25897898199349384
P014 (23).jpg,P014,0,-0.7059310674667358,0.3304985463619232,0.30570095640299616
P014 (24).jpg,P014,0,-0.564592182636261,0.3624855875968933,0.34162547488481276
P014 (25).jpg,P014,0,-0.4689876437187195,0.3848558664321899,0.3670331284728106
P014 (26).jpg,P014,0,-0.3583248257637024,0.4113651216030121,0.3973844506769867
P014 (27).jpg,P014,0,-0.4238173961639404,0.3956036567687988,0.37931000684605093
P014 (28).jpg,P014,0,1.045292615890503,0.7398698925971985,0.7711180691354451
P014 (29).jpg,P014,0,0.651913583278656,0.6574414968490601,0.6808165397793161
P014 (3).jpg,P014,0,-1.0527249574661257,0.2587021887302398,0.22736121654829436
P014 (30).jpg,P014,0,0.2342065423727035,0.5582854151725769,0.5676204458671786
P014 (31).jpg,P014,0,1.2812509536743164,0.7826626300811768,0.8159010913493598
P014 (32).jpg,P014,0,0.3446098566055298,0.5853098630905151,0.5987929777079158
P014 (4).jpg,P014,0,-1.0851057767868042,0.2525410056114197,0.22081929269572728
P014 (5).jpg,P014,0,-1.653548002243042,0.160630002617836,0.12770207658075852
P014 (6).jpg,P014,0,0.0513579100370407,0.5128366947174072,0.5149151102821531
P014 (7).jpg,P014,0,-0.4202291965484619,0.3964619040489197,0.380292142766146
P014 (8).jpg,P014,0,-1.1625661849975586,0.2382013201713562,0.20572201606443627
P014 (9).jpg,P014,0,-0.1625617295503616,0.4594488143920898,0.4529155391373259
P044 (1).jpg,P044,0,0.4708340764045715,0.6155811548233032,0.633465186185634
P044 (10).jpg,P044,0,0.3062562942504883,0.5759711861610413,0.5880406347985603
P044 (11).jpg,P044,0,0.7992319464683533,0.6898102164268494,0.7168138024354958
P044 (12).jpg,P044,0,0.8345447182655334,0.6973150372505188,0.72506868993402
P044 (13).jpg,P044,0,1.1207619905471802,0.7541300654411316,0.7862270256542268
P044 (14).jpg,P044,0,-1.1547844409942627,0.2396162897348404,0.20720348465027363
P044 (15).jpg,P044,0,0.6916916966438293,0.6663431525230408,0.6907758972885777
P044 (16).jpg,P044,0,0.6557568907737732,0.6583065986633301,0.6817862284360567
P044 (17).jpg,P044,0,1.1136850118637085,0.7528154850006104,0.7848416178559364
P044 (18).jpg,P044,0,3.314163446426392,0.9649115204811096,0.9791855642280807
P044 (19).jpg,P044,0,2.471100330352783,0.9220908284187316,0.9464159575185895
P044 (2).jpg,P044,0,0.7862302660942078,0.6870213150978088,0.7137369792037475
P044 (20).jpg,P044,0,2.1048450469970703,0.8913732171058655,0.9202567350909999
P044 (21).jpg,P044,0,1.981929063796997,0.8788866400718689,0.9091261367560759
P044 (22).jpg,P044,0,1.5979210138320925,0.8317275643348694,0.8649226097993002
P044 (23).jpg,P044,0,2.805792808532715,0.942988097667694,0.9630430782898257
P044 (24).jpg,P044,0,2.7382283210754395,0.9392450451850892,0.9601449414875125
P044 (25).jpg,P044,0,3.062183380126953,0.9553055763244628,0.9723010859272873
P044 (26).jpg,P044,0,0.8603934645652771,0.702742874622345,0.731015613191033
P044 (27).jpg,P044,0,1.2756433486938477,0.7817072868347168,0.8149203206708121
P044 (28).jpg,P044,0,2.1044182777404785,0.8913319110870361,0.9202203356561514
P044 (29).jpg,P044,0,0.2511540651321411,0.5624604821205139,0.5724470916513577
P044 (3).jpg,P044,0,2.0170226097106934,0.8825727701187134,0.9124393799975101
P044 (30).jpg,P044,0,0.606171190738678,0.6470669507980347,0.6691568157247353
P044 (4).jpg,P044,0,1.658572554588318,0.8400462865829468,0.8729468923925955
P044 (5).jpg,P044,0,1.316368818283081,0.7885769605636597,0.8219517492661136
P044 (6).jpg,P044,0,0.6122298836708069,0.6484493017196655,0.6707135638055007
P044 (7).jpg,P044,0,0.5308209657669067,0.6296746134757996,0.6494941882399935
P044 (8).jpg,P044,0,0.4678404331207275,0.6148724555969238,0.6326571193950761
P044 (9).jpg,P044,0,-0.0148662477731704,0.4962835311889648,0.49568144394348684
P038 (1).jpg,P038,0,-1.3677502870559692,0.2029835730791092,0.1694778117769025
P038 (10).jpg,P038,0,-1.3252264261245728,0.2099500447511673,0.1765469493017281
P038 (11).jpg,P038,0,-1.2100799083709717,0.2296869456768036,0.19684693463606864
P038 (12).jpg,P038,0,-1.2654151916503906,0.2200430929660797,0.18687897564132608
P038 (13).jpg,P038,0,-1.1030480861663818,0.2491692006587982,0.2172529313635641
P038 (14).jpg,P038,0,-1.2016842365264893,0.2311757504940033,0.19839387401322875
P038 (15).jpg,P038,0,-1.13808012008667,0.2426730394363403,0.21041017601953166
P038 (16).jpg,P038,0,-1.2337005138397217,0.2255344092845916,0.19254364816656713
P038 (17).jpg,P038,0,-1.1077654361724854,0.2482877075672149,0.21632221038716362
P038 (18).jpg,P038,0,-1.0017616748809814,0.2685951888561249,0.23793178733610038
P038 (19).jpg,P038,0,-1.142553687095642,0.2418518215417862,0.20954784113932295
P038 (2).jpg,P038,0,-1.146973967552185,0.2410422265529632,0.20869833170189886
P038 (20).jpg,P038,0,-1.5858495235443115,0.1699686348438263,0.13672460566915093
P038 (21).jpg,P038,0,-1.4971685409545898,0.1828482151031494,0.14934884810595372
P038 (22).jpg,P038,0,-1.342676877975464,0.2070701867341995,0.17361835118418942
P038 (23).jpg,P038,0,-1.1172308921813965,0.2465252727270126,0.21446341810600522
P038 (24).jpg,P038,0,-1.4708536863327026,0.1868128925561905,0.1532753866810943
P038 (25).jpg,P038,0,-1.543503999710083,0.1760264784097671,0.1426368947615642
P038 (26).jpg,P038,0,-1.7839925289154053,0.1438108384609222,0.11174809582981558
P038 (27).jpg,P038,0,-1.8612459897994995,0.1345578879117965,0.10314327417050904
P038 (28).jpg,P038,0,-2.0350770950317383,0.1155689731240272,0.08589893581960907
P038 (29).jpg,P038,0,-1.8925352096557615,0.1309556663036346,0.09982816460862208
P038 (3).jpg,P038,0,-1.555410623550415,0.1743061691522598,0.14095327353400475
P038 (30).jpg,P038,0,-1.9036295413970947,0.1296982318162918,0.09867564866571443
P038 (31).jpg,P038,0,-2.116907119750977,0.1074643656611442,0.07872073689250109
P038 (32).jpg,P038,0,-2.34783935546875,0.0872376635670661,0.06132964656159266
P038 (33).jpg,P038,0,-2.208496332168579,0.0989900976419448,0.07134011878823822
P038 (34).jpg,P038,0,-1.973261833190918,0.1220389530062675,0.09170935270393833
P038 (35).jpg,P038,0,-2.1249449253082275,0.1066958382725715,0.07804602665088606
P038 (36).jpg,P038,0,-2.3233771324157715,0.0892052948474884,0.06298658837071275
P038 (37).jpg,P038,0,-1.911343097686768,0.1288300305604934,0.09788133612681411
P038 (38).jpg,P038,0,-2.273024082183838,0.0933818742632865,0.0665294144526314
P038 (39).jpg,P038,0,-2.1785097122192383,0.101696990430355,0.07368336095468904
P038 (4).jpg,P038,0,-1.4512474536895752,0.189809650182724,0.15625556353755385
P038 (40).jpg,P038,0,-2.3856825828552246,0.0842710062861442,0.058846437642105544
P038 (41).jpg,P038,0,-2.286526918411255,0.092244952917099,0.06556159420744077
P038 (42).jpg,P038,0,-2.1558315753936768,0.1037875413894653,0.07550233062787184
P038 (43).jpg,P038,0,-2.2702112197875977,0.0936202928423881,0.06673269048698154
P038 (44).jpg,P038,0,-1.6779837608337402,0.1573626399040222,0.12457239021140618
P038 (45).jpg,P038,0,-2.2011544704437256,0.0996468663215637,0.07190739319266043
P038 (46).jpg,P038,0,-2.044917345046997,0.1145669668912887,0.08500534258216266
P038 (47).jpg,P038,0,-2.1695544719696045,0.1025180146098136,0.07439677411239064
P038 (48).jpg,P038,0,-2.269737720489502,0.0936604738235473,0.06676696533559316
P038 (49).jpg,P038,0,-2.680047035217285,0.0641610473394393,0.042524165248799616
P038 (5).jpg,P038,0,-1.7770342826843262,0.1446697264909744,0.11255319091043017
P038 (50).jpg,P038,0,-2.220628261566162,0.0979132950305938,0.07041178386064842
P038 (51).jpg,P038,0,-1.6644519567489624,0.1591652780771255,0.1262973066508559
P038 (52).jpg,P038,0,-1.653114676475525,0.160688430070877,0.12775817707800508
P038 (53).jpg,P038,0,-1.942914724349976,0.1253279894590377,0.09468935387854244
P038 (54).jpg,P038,0,-1.491521239280701,0.1836935132741928,0.1501844535559577
P038 (6).jpg,P038,0,-1.2853481769561768,0.216641217470169,0.18338485172333385
P038 (7).jpg,P038,0,-1.2408772706985474,0.2242833226919174,0.1912504357989494
P038 (8).jpg,P038,0,-1.1431790590286257,0.2417371571063995,0.20942750017770395
P038 (9).jpg,P038,0,-1.507685661315918,0.1812820434570312,0.14780289712802444
P047 (1).jpg,P047,0,-0.4226656556129455,0.3958790898323059,0.3796251455733384
P047 (2).jpg,P047,0,-0.6816290616989136,0.335897833108902,0.3117273002605705
P047 (3).jpg,P047,0,-0.4722568392753601,0.3840822279453277,0.36615103360552487
P047 (4).jpg,P047,0,-0.5749393105506897,0.3600978553295135,0.33892637069169457
P047 (5).jpg,P047,0,-0.8810968995094299,0.2929505407810211,0.26428028936395737
P047 (6).jpg,P047,0,-1.0589193105697632,0.2575160264968872,0.22609926253586857
P047 (7).jpg,P047,0,-1.2347776889801023,0.2253462970256805,0.1923491231766364
P047 (8).jpg,P047,0,-0.7843807339668274,0.3133764863014221,0.2867023324134257
P047 (9).jpg,P047,0,-0.7517239451408386,0.3204457759857178,0.2945251008640725
P096 (1).jpg,P096,0,-1.2993898391723633,0.2142677456140518,0.180953991415194
P096 (10).jpg,P096,0,-0.9985719323158264,0.2692222893238067,0.23860450292935567
P096 (11).jpg,P096,0,-0.2883996963500976,0.4283956885337829,0.4169949151185149
P096 (12).jpg,P096,0,0.1503413170576095,0.5375146865844727,0.5435636019785166
P096 (13).jpg,P096,0,-2.0505571365356445,0.1139960959553718,0.08449700205351528
P096 (14).jpg,P096,0,-1.9616057872772217,0.123293362557888,0.09284383928301673
P096 (15).jpg,P096,0,-1.5490431785583496,0.1752244979143142,0.14185156739376964
P096 (16).jpg,P096,0,-1.6571881771087646,0.1601398140192031,0.12723163142390734
P096 (17).jpg,P096,0,-1.546176791191101,0.1756391525268554,0.14225750323543737
P096 (18).jpg,P096,0,-1.4734951257705688,0.1864119470119476,0.15287746191799206
P096 (19).jpg,P096,0,-1.6450419425964355,0.1617801785469055,0.12880716425104763
P096 (2).jpg,P096,0,-1.665026307106018,0.1590884327888488,0.12622368012213234
P096 (20).jpg,P096,0,-1.7552286386489868,0.1473889201879501,0.1151090577173613
P096 (21).jpg,P096,0,-1.5065462589263916,0.1814512014389038,0.14796974113428785
P096 (22).jpg,P096,0,-2.3204152584075928,0.0894462391734123,0.06319002152477458
P096 (23).jpg,P096,0,-2.421960830688477,0.0815133228898048,0.05655467620208314
P096 (24).jpg,P096,0,-1.7910560369491575,0.1429432928562164,0.11093597526334188
P096 (25).jpg,P096,0,-1.159213304519653,0.2388102710247039,0.20635936464028104
P096 (26).jpg,P096,0,-3.255258798599243,0.0371383801102638,0.022256203238270766
P096 (27).jpg,P096,0,-2.456867218017578,0.0789378061890602,0.054428997945640656
P096 (28).jpg,P096,0,-2.9529621601104736,0.0495966933667659,0.031329732501492735
P096 (29).jpg,P096,0,-3.077845573425293,0.044030413031578,0.027212960145145414
P096 (3).jpg,P096,0,-1.7862887382507324,0.1435283422470092,0.11148352265025732
P096 (30).jpg,P096,0,-3.1049551963806152,0.0429033227264881,0.02639134362189448
P096 (31).jpg,P096,0,-3.283777236938477,0.0361319370567798,0.02154638203052772
P096 (32).jpg,P096,0,-3.3587093353271484,0.0336111225187778,0.01978521178787496
P096 (33).jpg,P096,0,-2.357784986495972,0.086448960006237,0.06066770001484503
P096 (34).jpg,P096,0,-1.7944819927215576,0.1425240933895111,0.11054394240502881
P096 (35).jpg,P096,0,-2.392885684967041,0.0837168097496032,0.058384583299743074
P096 (36).jpg,P096,0,-2.6073474884033203,0.0686670392751693,0.04609978691655988
P096 (37).jpg,P096,0,-1.1869487762451172,0.2338050752878189,0.2011310262424117
P096 (38).jpg,P096,0,-1.3984742164611816,0.1980583369731903,0.1645117910270327
P096 (39).jpg,P096,0,-2.0022261142730717,0.1189693957567215,0.0889440577321545
P096 (4).jpg,P096,0,-1.1541073322296145,0.2397396713495254,0.20733276283565
P096 (40).jpg,P096,0,-1.5383354425430298,0.1767773628234863,0.14337294217074065
P096 (41).jpg,P096,0,-1.6804203987121582,0.1570398062467575,0.12426394408351026
P096 (42).jpg,P096,0,-2.4508957862854004,0.0793730616569519,0.05478722138574043
P096 (43).jpg,P096,0,-2.482726573944092,0.0770780220627784,0.052903042630926565
P096 (44).jpg,P096,0,-2.3936188220977783,0.0836605876684188,0.05833776651735951
P096 (45).jpg,P096,0,-2.294785022735596,0.0915557816624641,0.06497615949364882
P096 (46).jpg,P096,0,-2.145893096923828,0.1047156229615211,0.07631240241784103
P096 (47).jpg,P096,0,-2.2333457469940186,0.0967957377433776,0.06945063867681668
P096 (48).jpg,P096,0,-2.062431573867798,0.1128022521734237,0.08343571596932267
P096 (49).jpg,P096,0,-1.3348469734191897,0.2083587497472763,0.1749276214871001
P096 (5).jpg,P096,0,-1.4958604574203491,0.1830437332391739,0.14954205752236374
P096 (50).jpg,P096,0,-1.995142698287964,0.1197138503193855,0.08961329810706839
P096 (6).jpg,P096,0,-0.8617257475852966,0.2969788908958435,0.26868008619865946
P096 (7).jpg,P096,0,-1.799854040145874,0.1418688297271728,0.10993166064415645
P096 (8).jpg,P096,0,-2.053921222686768,0.1136567592620849,0.08419509671740943
P096 (9).jpg,P096,0,-2.158651351928711,0.1035255491733551,0.07527393655733594
P196 (1).jpg,P196,0,-2.209786891937256,0.0988750681281089,0.07124083063124673
P196 (2).jpg,P196,0,-1.4909541606903076,0.1837785542011261,0.1502685738907226
P043 (1).jpg,P043,0,-2.5532727241516118,0.0722069293260574,0.048943095284682464
P043 (10).jpg,P043,0,-2.105665922164917,0.1085473448038101,0.07967329456179062
P043 (11).jpg,P043,0,-1.7033023834228516,0.1540344506502151,0.12139925530494015
P043 (12).jpg,P043,0,-2.677838087081909,0.0642938166856765,0.042628797882264494
P043 (13).jpg,P043,0,-2.174247026443481,0.102087065577507,0.07402215624079428
P043 (14).jpg,P043,0,-2.233543157577514,0.0967784821987152,0.06943581516225612
P043 (15).jpg,P043,0,-2.163409948348999,0.1030847504734993,0.07488994230380358
P043 (16).jpg,P043,0,-2.069288492202759,0.1121178343892097,0.08282840584085106
P043 (17).jpg,P043,0,-2.151325225830078,0.1042074486613273,0.07586865388201396
P043 (18).jpg,P043,0,-1.7860692739486694,0.1435553133487701,0.11150878600801177
P043 (19).jpg,P043,0,-2.17081356048584,0.1024022325873375,0.07429608725401264
P043 (2).jpg,P043,0,-2.8841614723205566,0.0529420934617519,0.03384902338562902
P043 (20).jpg,P043,0,-1.802029371261597,0.1416042000055313,0.10968457286411805
P043 (21).jpg,P043,0,-1.7285805940628052,0.1507692337036132,0.11830092309932223
P043 (22).jpg,P043,0,-1.9180684089660645,0.1280771195888519,0.09719344596024009
P043 (23).jpg,P043,0,-2.114683151245117,0.1076778694987297,0.07890836154258984
P043 (24).jpg,P043,0,-2.1994199752807617,0.09980259090662,0.07204201662774022
P043 (25).jpg,P043,0,-2.1777377128601074,0.1017675399780273,0.07374461290333317
P043 (26).jpg,P043,0,-1.8724002838134768,0.1332642287015915,0.10195044071706398
P043 (27).jpg,P043,0,-1.7197612524032593,0.1519019156694412,0.1193740498391521
P043 (28).jpg,P043,0,-1.4250431060791016,0.1938721984624862,0.16031217583757032
P043 (29).jpg,P043,0,-1.575749397277832,0.1713983118534088,0.13811577955417847
P043 (3).jpg,P043,0,-2.3648743629455566,0.0858907178044319,0.06019994180929555
P043 (30).jpg,P043,0,-0.8146555423736572,0.3068993091583252,0.27956229782454506
P043 (31).jpg,P043,0,-1.7930715084075928,0.1426965445280075,0.11070519729758119
P043 (32).jpg,P043,0,-1.1321710348129272,0.243760660290718,0.21155321026410365
P043 (33).jpg,P043,0,-1.1501843929290771,0.2404554039239883,0.2080829289626425
P043 (34).jpg,P043,0,-1.805410861968994,0.141193687915802,0.10930144872246075
P043 (35).jpg,P043,0,-2.3783650398254395,0.0848374143242836,0.05931913532496828
P043 (36).jpg,P043,0,-2.1383652687072754,0.1054234579205513,0.07693128419692138
P043 (37).jpg,P043,0,-1.0230225324630735,0.2644390761852264,0.23348127124834753
P043 (38).jpg,P043,0,-1.0061043500900269,0.2677429318428039,0.2370180175908882
P043 (39).jpg,P043,0,-1.0254909992218018,0.2639592289924621,0.2329683178505277
P043 (4).jpg,P043,0,-2.1834731101989746,0.1012444570660591,0.07329067239094557
P043 (40).jpg,P043,0,-1.034562587738037,0.2622005045413971,0.23108996693319853
P043 (41).jpg,P043,0,-1.05022931098938,0.2591810822486877,0.2278710486070167
P043 (42).jpg,P043,0,-1.56004798412323,0.1736397743225097,0.14030204967031598
P043 (43).jpg,P043,0,-1.3462592363357544,0.2064826339483261,0.17302191630583835
P043 (44).jpg,P043,0,-1.269012451171875,0.2194263488054275,0.18624462891527999
P043 (45).jpg,P043,0,-1.9359885454177856,0.1260892152786255,0.0953815308148741
P043 (46).jpg,P043,0,-2.2801713943481445,0.0927785262465477,0.06601548689421435
P043 (47).jpg,P043,0,-2.1146373748779297,0.1076822653412818,0.07891222774781065
P043 (48).jpg,P043,0,-2.296661853790283,0.0913998037576675,0.064843786960263
P043 (49).jpg,P043,0,-2.6670689582824707,0.0649447366595268,0.04314243819608592
P043 (5).jpg,P043,0,-1.955063819885254,0.1240022554993629,0.09348607682086882
P043 (50).jpg,P043,0,-2.91469955444336,0.0514316745102405,0.0327075365172545
P043 (51).jpg,P043,0,-2.307089328765869,0.0905375257134437,0.06411289950927805
P043 (52).jpg,P043,0,-2.337666749954224,0.0880510881543159,0.062013678687110954
P043 (53).jpg,P043,0,-2.3282718658447266,0.0888084024190902,0.06265173736258486
P043 (54).jpg,P043,0,-1.2872655391693115,0.2163159996271133,0.1830514355895262
P043 (55).jpg,P043,0,-2.1756441593170166,0.101959079504013,0.0739109554975914
P043 (56).jpg,P043,0,-1.8262624740600584,0.1386841237545013,0.10696481129515743
P043 (57).jpg,P043,0,-1.6163229942321775,0.1657126098871231,0.1325985969584612
P043 (58).jpg,P043,0,-1.2835791110992432,0.2169415950775146,0.18369289765528346
P043 (59).jpg,P043,0,-1.5073809623718262,0.1813272535800933,0.1478474993084524
P043 (6).jpg,P043,0,-2.1909680366516118,0.1005645021796226,0.07270134869802047
P043 (60).jpg,P043,0,-1.707087755203247,0.1535418331623077,0.12093087267788749
P043 (61).jpg,P043,0,-2.177292823791504,0.1018082126975059,0.0737799325596352
P043 (62).jpg,P043,0,-1.682666897773743,0.1567426472902298,0.12398014787972293
P043 (63).jpg,P043,0,-2.3775649070739746,0.0848995596170425,0.05937103744548916
P043 (64).jpg,P043,0,-2.6177332401275635,0.0680058225989341,0.04557198610158361
P043 (65).jpg,P043,0,-2.456681251525879,0.0789513364434242,0.054440120613896026
P043 (66).jpg,P043,0,-1.8066264390945437,0.1410463452339172,0.10916401051219203
P043 (67).jpg,P043,0,-1.729641675949097,0.1506334096193313,0.11817237637695094
P043 (68).jpg,P043,0,-2.185009002685547,0.1011047959327697,0.07316954836052145
P043 (69).jpg,P043,0,-1.8196862936019895,0.1394715160131454,0.10769695344811014
P043 (7).jpg,P043,0,-2.1011605262756348,0.10898407548666,0.08005802051348143
P043 (70).jpg,P043,0,-2.0224008560180664,0.1168709620833396,0.08706260533670616
P043 (71).jpg,P043,0,-2.236292839050293,0.0965383946895599,0.06922964642004961
P043 (8).jpg,P043,0,-2.2466413974761963,0.0956395640969276,0.06845879011020331
P043 (9).jpg,P043,0,-2.3688411712646484,0.0855797827243805,0.059939685991862904
P070 (1).jpg,P070,0,-2.0829174518585205,0.1107682734727859,0.0816332301524776
P070 (10).jpg,P070,0,-2.25811767578125,0.0946515500545501,0.06761323517383955
P070 (11).jpg,P070,0,-2.766730308532715,0.0591487102210521,0.038606825491947785
P070 (12).jpg,P070,0,-2.427773714065552,0.081079177558422,0.05619535378734702
P070 (13).jpg,P070,0,-1.956918716430664,0.1238008961081504,0.09330357442865488
P070 (14).jpg,P070,0,-2.142872810363769,0.1049991101026535,0.07656015728243765
P070 (15).jpg,P070,0,-2.31425142288208,0.0899495258927345,0.06361534371772773
P070 (16).jpg,P070,0,-2.348134756088257,0.0872141420841217,0.06130988880836919
P070 (17).jpg,P070,0,-2.295355319976806,0.0915083587169647,0.06493590996672344
P070 (18).jpg,P070,0,-2.257684230804444,0.0946886986494064,0.06764499399381922
P070 (19).jpg,P070,0,-2.294100761413574,0.0916127115488052,0.06502448283131369
P070 (2).jpg,P070,0,-1.8259440660476685,0.138722151517868,0.1070001592774849
P070 (20).jpg,P070,0,-1.742567777633667,0.1489870697259903,0.11661611160988027
P070 (21).jpg,P070,0,-2.001969814300537,0.118996262550354,0.08896819408776648
P070 (22).jpg,P070,0,-0.8393207788467407,0.3016778528690338,0.27382637204216664
P070 (23).jpg,P070,0,-1.2556664943695068,0.2217207849025726,0.18860643860873474
P070 (24).jpg,P070,0,-1.2654746770858765,0.2200329005718231,0.1868684723631819
P070 (25).jpg,P070,0,-1.2507421970367432,0.2225717008113861,0.18948366898046984
P070 (26).jpg,P070,0,-0.5524179935455322,0.3653035759925842,0.34481435460487464
P070 (27).jpg,P070,0,-1.2147130966186523,0.2288682013750076,0.19599715636403223
P070 (28).jpg,P070,0,-1.2785770893096924,0.2177925407886505,0.18456606495547281
P070 (29).jpg,P070,0,-1.4393939971923828,0.1916392147541046,0.15808010454180665
P070 (3).jpg,P070,0,-2.176365375518799,0.1018930524587631,0.07385361255904256
P070 (30).jpg,P070,0,-1.4988088607788086,0.1826032400131225,0.14910685689627443
P070 (31).jpg,P070,0,-0.7527771592140198,0.3202164471149444,0.294270875272367
P070 (32).jpg,P070,0,-0.9389909505844116,0.2811042070388794,0.25140891091666817
P070 (33).jpg,P070,0,-1.6700955629348757,0.15841144323349,0.1255754385148435
P070 (34).jpg,P070,0,-1.518306016921997,0.179711103439331,0.14625521767906566
P070 (35).jpg,P070,0,-1.602991819381714,0.1675638854503631,0.134390462914704
P070 (36).jpg,P070,0,-1.41512930393219,0.1954263001680374,0.16186896778150928
P070 (37).jpg,P070,0,-2.1164979934692383,0.1075036153197288,0.0787552220958842
P070 (38).jpg,P070,0,-2.187747001647949,0.1008562222123146,0.07295408064850184
P070 (39).jpg,P070,0,-2.548869609832764,0.0725024566054344,0.0491818040450999
P070 (4).jpg,P070,0,-2.054023742675781,0.113646425306797,0.08418591159838067
P070 (40).jpg,P070,0,-1.7937651872634888,0.1426117122173309,0.1106258661154898
P070 (41).jpg,P070,0,-2.171422004699707,0.1023463159799575,0.07424747608323796
P070 (42).jpg,P070,0,-2.899312973022461,0.0521875359117984,0.03327794740600902
P070 (43).jpg,P070,0,-2.430037260055542,0.0809106975793838,0.056056014715006035
P070 (44).jpg,P070,0,-2.4872536659240723,0.0767565891146659,0.0526400877994225
P070 (45).jpg,P070,0,-2.5928268432617188,0.0696014985442161,0.046847481623155954
P070 (46).jpg,P070,0,-2.91705584526062,0.0513168424367904,0.03262102240844746
P070 (47).jpg,P070,0,-2.673253059387207,0.0645702034235,0.04284676548216945
P070 (48).jpg,P070,0,-2.3088409900665283,0.0903934016823768,0.06399087650707436
P070 (49).jpg,P070,0,-1.698864221572876,0.15461365878582,0.121950401151153
P070 (5).jpg,P070,0,-1.7060915231704712,0.1536713540554046,0.12105399003182062
P070 (50).jpg,P070,0,-2.9534358978271484,0.0495743714272975,0.03131303057524306
P070 (51).jpg,P070,0,-3.075882911682129,0.0441130921244621,0.027273398877384558
P070 (52).jpg,P070,0,-2.1546926498413086,0.1038935184478759,0.0755947607422932
P070 (53).jpg,P070,0,-1.697113037109375,0.1548426896333694,0.12216846126727586
P070 (54).jpg,P070,0,-2.2233519554138184,0.0976729840040206,0.07020490705849515
P070 (55).jpg,P070,0,-2.1114988327026367,0.1079842075705528,0.07917771780156445
P070 (56).jpg,P070,0,-2.31945276260376,0.0895246565341949,0.06325626132562019
P070 (57).jpg,P070,0,-2.328413724899292,0.088796928524971,0.06264205753025485
P070 (58).jpg,P070,0,-2.524970293045044,0.0741261094808578,0.05049684330443749
P070 (59).jpg,P070,0,-2.6454858779907227,0.0662677809596061,0.04418969975336792
P070 (6).jpg,P070,0,-2.091138362884521,0.1099611148238182,0.08091992466285312
P070 (60).jpg,P070,0,-2.959670066833496,0.0492814630270004,0.031094042134502772
P070 (61).jpg,P070,0,-2.2554931640625,0.0948766842484474,0.06780574683478487
P070 (62).jpg,P070,0,-1.7969372272491455,0.1422243118286132,0.11026373614293714
P070 (63).jpg,P070,0,-1.931333065032959,0.1266030967235565,0.09584932284245898
P070 (64).jpg,P070,0,-3.0986647605896,0.0431623682379722,0.02657981212354948
P070 (65).jpg,P070,0,-2.5935850143432617,0.0695524141192436,0.046808158276243725
P070 (66).jpg,P070,0,-2.4284112453460693,0.0810316950082779,0.05615607580033669
P070 (67).jpg,P070,0,-2.1825995445251465,0.10132397711277,0.073359646151223
P070 (68).jpg,P070,0,-3.271449089050293,0.0365637503564357,0.021850470431723307
P070 (69).jpg,P070,0,-3.0684404373168945,0.0444279909133911,0.02750377199897553
P070 (7).jpg,P070,0,-2.3130528926849365,0.0900476723909378,0.06369835499307953
P070 (70).jpg,P070,0,-2.9751136302948,0.048562902957201,0.030557920214302613
P070 (71).jpg,P070,0,-3.1691219806671143,0.0403443947434425,0.0245416571149254
P070 (72).jpg,P070,0,-1.499719262123108,0.1824674010276794,0.14897268786262532
P070 (73).jpg,P070,0,-2.050276279449463,0.1140244603157043,0.08452225158559189
P070 (74).jpg,P070,0,-1.8035014867782595,0.1414253711700439,0.10951763711665384
P070 (8).jpg,P070,0,-2.4095587730407715,0.0824466869235038,0.05732853857866097
P070 (9).jpg,P070,0,-1.862115502357483,0.1344566643238067,0.1030498468951154
P072 (1).jpg,P072,0,-1.943957805633545,0.1252136826515197,0.0945855026675041
P072 (10).jpg,P072,0,-3.13535213470459,0.0416723415255546,0.025498789942496235
P072 (11).jpg,P072,0,-3.0183897018432617,0.0466019660234451,0.02910286692059186
P072 (12).jpg,P072,0,-3.1715292930603027,0.0402512960135936,0.024474780306910127
P072 (13).jpg,P072,0,-3.242379665374756,0.0376016795635223,0.022584207017030934
P072 (14).jpg,P072,0,-2.9936118125915527,0.0477153062820434,0.029927535322838546
P072 (15).jpg,P072,0,-2.628782033920288,0.0673088729381561,0.045016808903803024
P072 (16).jpg,P072,0,-1.852371454238892,0.1355946958065033,0.10410111805231084
P072 (17).jpg,P072,0,-0.1683409363031387,0.4580138623714447,0.4512520924493676
P072 (18).jpg,P072,0,-1.3687150478363037,0.2028275430202484,0.16932007579393016
P072 (19).jpg,P072,0,-2.392679452896118,0.0837326273322105,0.05839775924844859
P072 (2).jpg,P072,0,-2.119565725326538,0.1072096303105354,0.07849697962620417
P072 (20).jpg,P072,0,-1.206631779670715,0.2302975803613662,0.19748116303968966
P072 (21).jpg,P072,0,-1.15832257270813,0.2389722019433975,0.20652892916710416
P072 (22).jpg,P072,0,-1.2519688606262207,0.2223594933748245,0.18926485515308306
P072 (23).jpg,P072,0,-1.2073326110839844,0.2301733493804931,0.19735213162695905
P072 (24).jpg,P072,0,-2.694310426712036,0.0633099228143692,0.04185442865995012
P072 (25).jpg,P072,0,-2.2863147258758545,0.0922627300024032,0.06557670143580845
P072 (26).jpg,P072,0,-2.611776113510132,0.068384364247322,0.045874017783666086
P072 (27).jpg,P072,0,-3.015878677368164,0.0467136576771736,0.02918542598133218
P072 (28).jpg,P072,0,-2.7140517234802246,0.0621492676436901,0.04094410196680512
P072 (29).jpg,P072,0,-1.5858814716339111,0.1699641346931457,0.13672022396486566
P072 (3).jpg,P072,0,-1.989912986755371,0.1202660650014877,0.09011031046360994
P072 (30).jpg,P072,0,-1.3748207092285156,0.2018420994281768,0.16832452518400454
P072 (31).jpg,P072,0,-2.4637608528137207,0.0784380510449409,0.05401819732092964
P072 (32).jpg,P072,0,-1.720676302909851,0.1517840772867202,0.11926231755260333
P072 (33).jpg,P072,0,-2.4393978118896484,0.0802173241972923,0.055483243014140274
P072 (34).jpg,P072,0,-2.3126108646392822,0.0900839120149612,0.06372899572543828
P072 (35).jpg,P072,0,-1.913923263549805,0.1285407394170761,0.09761691535739005
P072 (36).jpg,P072,0,-2.2286624908447266,0.0972059518098831,0.06980316312695314
P072 (37).jpg,P072,0,-2.0075795650482178,0.1184094175696373,0.08844126003289421
P072 (38).jpg,P072,0,-2.187419176101685,0.1008859500288963,0.07297984814731424
P072 (39).jpg,P072,0,-2.2396483421325684,0.0962461233139038,0.06897882137708763
P072 (4).jpg,P072,0,-1.906675100326538,0.1293548494577407,0.0983613451365185
P072 (40).jpg,P072,0,-2.0281777381896973,0.1162760481238365,0.086530533408482
P072 (41).jpg,P072,0,-2.6945700645446777,0.0632945299148559,0.041842331348924094
P072 (42).jpg,P072,0,-2.717041254043579,0.0619752444326877,0.04080790927489556
P072 (43).jpg,P072,0,-2.544163942337036,0.0728195309638977,0.04943813553873107
P072 (44).jpg,P072,0,-2.7075963020324707,0.0625266060233116,0.041239674368634106
P072 (45).jpg,P072,0,-2.8211545944213867,0.0561916679143905,0.03632682844603727
P072 (46).jpg,P072,0,-2.9408020973205566,0.0501730367541313,0.031761405411264335
P072 (47).jpg,P072,0,-2.6356747150421143,0.0668774470686912,0.0446737374739929
P072 (48).jpg,P072,0,-2.9986886978149414,0.0474851503968238,0.02975673978663658
P072 (49).jpg,P072,0,-2.8477349281311035,0.054798524826765,0.0352609293017172
P072 (5).jpg,P072,0,-2.2474076747894287,0.0955733060836792,0.06840202802127118
P072 (50).jpg,P072,0,-2.0159828662872314,0.1175350099802017,0.08765719471592216
P072 (6).jpg,P072,0,-0.6975475549697876,0.332356184720993,0.3077725126816744
P072 (7).jpg,P072,0,-1.831596851348877,0.1380481570959091,0.10637414381298355
P072 (8).jpg,P072,0,-1.21565842628479,0.2287013977766037,0.19582411354567114
P072 (9).jpg,P072,0,-2.022042751312256,0.1169079318642616,0.08709568532101165
P078 (1).jpg,P078,0,-1.3261027336120603,0.2098047435283661,0.17639896334195662
P078 (10).jpg,P078,0,-0.606345534324646,0.3528932929039001,0.3307983356460126
P078 (11).jpg,P078,0,-0.8765199780464172,0.2938994169235229,0.265315675587213
P078 (12).jpg,P078,0,-0.9710621237754822,0.2746688425540924,0.2444603721947411
P078 (13).jpg,P078,0,-1.0040650367736816,0.2681429386138916,0.2374468208837917
P078 (14).jpg,P078,0,-1.1940348148345947,0.2325380891561508,0.19981126236728752
P078 (15).jpg,P078,0,-0.866463840007782,0.2959906160831451,0.2675996464792021
P078 (16).jpg,P078,0,-0.7449938654899597,0.3219130635261535,0.296152628149854
P078 (17).jpg,P078,0,-0.8103992342948914,0.3078054189682007,0.2805595131339619
P078 (18).jpg,P078,0,-0.6066195964813232,0.352830708026886,0.3307278413496342
P078 (19).jpg,P078,0,-1.5233030319213867,0.1789756417274475,0.1455316724086368
P078 (2).jpg,P078,0,-1.410996675491333,0.196076899766922,0.16252151927375047
P078 (20).jpg,P078,0,-0.637693464756012,0.3457680940628052,0.3227848596225884
P078 (21).jpg,P078,0,-0.6830004453659058,0.3355919420719147,0.3113855003303896
P078 (22).jpg,P078,0,-1.0732773542404177,0.2547803223133087,0.22319324976218013
P078 (23).jpg,P078,0,-1.454662799835205,0.1892849951982498,0.15573305126822626
P078 (24).jpg,P078,0,-0.6833606362342834,0.3355116546154022,0.31129576138879234
P078 (3).jpg,P078,0,-1.2728667259216309,0.2187668979167938,0.18556680371948614
P078 (4).jpg,P078,0,-2.117026329040528,0.1074529290199279,0.07871069135479579
P078 (5).jpg,P078,0,-1.4562705755233765,0.1890383958816528,0.15548757209048994
P078 (6).jpg,P078,0,-1.3249857425689695,0.209989994764328,0.17658761167759907
P078 (7).jpg,P078,0,-1.2587285041809082,0.2211928516626358,0.18806253584850835
P078 (8).jpg,P078,0,-0.9756709933280944,0.2737515866756439,0.2434725628409009
P078 (9).jpg,P078,0,-1.1320395469665527,0.2437849193811416,0.21157869644413577
P080 (1).jpg,P080,0,-0.2893515229225158,0.4281626343727112,0.4167260533821561
P080 (10).jpg,P080,0,-2.193777561187744,0.1003106608986854,0.07248156417364994
P080 (11).jpg,P080,0,-1.561890959739685,0.1733754724264145,0.14004394081583285
P080 (12).jpg,P080,0,-2.3362512588500977,0.0881648138165474,0.06210942278501123
P080 (13).jpg,P080,0,-1.5296012163162231,0.1780520379543304,0.14462395694875654
P080 (14).jpg,P080,0,-2.439929485321045,0.0801781117916107,0.055450875810275635
P080 (15).jpg,P080,0,-2.060256242752075,0.1130201369524002,0.08362922694043369
P080 (16).jpg,P080,0,-1.4750248193740845,0.1861800700426101,0.15264740561358783
P080 (17).jpg,P080,0,-1.2850285768508911,0.216695487499237,0.1834404737557022
P080 (18).jpg,P080,0,-1.6904914379119873,0.1557112336158752,0.12299602874094963
P080 (19).jpg,P080,0,-0.7475430965423584,0.321356862783432,0.29553553775433916
P080 (2).jpg,P080,0,-1.8378925323486328,0.1373007297515869,0.1056807311492822
P080 (20).jpg,P080,0,-1.7332618236541748,0.1501708328723907,0.1177347169398967
P080 (21).jpg,P080,0,-2.317676305770874,0.0896695554256439,0.06337868869650712
P080 (22).jpg,P080,0,-1.9574100971221924,0.12374759465456,0.09325528129278032
P080 (23).jpg,P080,0,-1.815102458000183,0.1400225609540939,0.10820988595799697
P080 (24).jpg,P080,0,-2.0712039470672607,0.1119273081421852,0.08265947592703185
P080 (25).jpg,P080,0,-2.538623094558716,0.0731945261359214,0.049741585344297144
P080 (26).jpg,P080,0,-1.9258928298950195,0.12720587849617,0.09639856650412781
P080 (27).jpg,P080,0,-2.0391359329223637,0.1151547357439994,0.08552932599282086
P080 (28).jpg,P080,0,-2.612311124801636,0.0683502852916717,0.04584681453156401
P080 (29).jpg,P080,0,-2.56868314743042,0.0711813196539878,0.048116267162686834
P080 (3).jpg,P080,0,-1.8032469749450684,0.1414562761783599,0.10954648244621637
P080 (30).jpg,P080,0,-2.5368871688842773,0.0733123645186424,0.049837017544040844
P080 (31).jpg,P080,0,-2.6930928230285645,0.0633821636438369,0.04191120512992679
P080 (32).jpg,P080,0,-2.445375442504883,0.0797773897647857,0.05512035890572568
P080 (33).jpg,P080,0,-2.60339879989624,0.0689200013875961,0.04630198051357124
P080 (34).jpg,P080,0,-2.0392420291900635,0.1151439398527145,0.0855196839127698
P080 (35).jpg,P080,0,-1.918120622634888,0.1280712932348251,0.09718812226402687
P080 (36).jpg,P080,0,-2.53351092338562,0.0735420733690261,0.05002312307321504
P080 (37).jpg,P080,0,-2.0841877460479736,0.1106432080268859,0.08152263725246664
P080 (38).jpg,P080,0,-1.6941438913345337,0.1552316546440124,0.12253895073436707
P080 (39).jpg,P080,0,-1.3189642429351809,0.2109906822443008,0.17760731161121068
P080 (4).jpg,P080,0,-0.8877659440040588,0.2915710508823395,0.26277626804064574
P080 (40).jpg,P080,0,-2.5350308418273926,0.0734385848045349,0.04993926073151034
P080 (41).jpg,P080,0,-0.7664306163787842,0.3172517418861389,0.2909868110395235
P080 (42).jpg,P080,0,-1.3956539630889893,0.1985066533088684,0.16496272278718907
P080 (43).jpg,P080,0,-2.638445854187012,0.0667047202587127,0.04453651234154651
P080 (44).jpg,P080,0,-3.07954478263855,0.043958943337202,0.02716073940416464
P080 (45).jpg,P080,0,-2.7140114307403564,0.0621516108512878,0.0409459405335077
P080 (46).jpg,P080,0,-2.8373427391052246,0.0553392879664897,0.03567403149356257
P080 (47).jpg,P080,0,-3.3368234634399414,0.0343293063342571,0.020284494587594612
P080 (48).jpg,P080,0,-3.639334201812744,0.0255973897874355,0.01435887033315728
P080 (49).jpg,P080,0,-1.537589430809021,0.1768859773874282,0.14347944150304895
P080 (5).jpg,P080,0,-2.0051522254943848,0.1186630204319953,0.0886689176825251
P080 (50).jpg,P080,0,-1.9047956466674805,0.1295666694641113,0.0985552003682151
P080 (51).jpg,P080,0,-1.6350560188293457,0.1631389111280441,0.13011490088219585
P080 (52).jpg,P080,0,-2.382584571838379,0.0845103859901428,0.05904612997803023
P080 (53).jpg,P080,0,-1.3207918405532837,0.210686594247818,0.17729733334462636
P080 (54).jpg,P080,0,-2.2833914756774902,0.0925078392028808,0.0657851544246694
P080 (55).jpg,P080,0,-1.7168030738830566,0.1522834151983261,0.11973587764085984
P080 (56).jpg,P080,0,-1.1728143692016602,0.2363466471433639,0.20378298925811908
P080 (57).jpg,P080,0,-1.379546046257019,0.2010819017887115,0.16755725067970909
P080 (58).jpg,P080,0,-1.3258850574493408,0.2098408341407776,0.176435714186063
P080 (59).jpg,P080,0,-1.710457444190979,0.1531043946743011,0.12051523651408627
P080 (6).jpg,P080,0,-2.359719038009644,0.0862963423132896,0.060539754802308
P080 (60).jpg,P080,0,-1.7207415103912354,0.1517756879329681,0.11925435884214522
P080 (61).jpg,P080,0,-2.0765905380249023,0.111393004655838,0.08218609495746994
P080 (62).jpg,P080,0,-1.9767358303070068,0.1216672137379646,0.091373645925183
P080 (63).jpg,P080,0,-2.536273002624512,0.0733541026711463,0.049870822752503964
P080 (64).jpg,P080,0,-2.125044107437134,0.106686383485794,0.07803773424922499
P080 (65).jpg,P080,0,-2.791992664337158,0.0577584095299243,0.037531912024821125
P080 (66).jpg,P080,0,-3.2728185653686523,0.0365155339241027,0.02181648458185706
P080 (67).jpg,P080,0,-3.7517266273498535,0.0229386407881975,0.012623079750914246
P080 (68).jpg,P080,0,-3.5103695392608643,0.0290186200290918,0.01664161990756243
P080 (69).jpg,P080,0,-3.161240577697754,0.0406506471335887,0.0247618565922422
P080 (7).jpg,P080,0,-1.822113037109375,0.1391805112361908,0.10742626657500695
P080 (70).jpg,P080,0,-3.072172164916992,0.0442698299884796,0.027388025325267462
P080 (71).jpg,P080,0,-2.3950562477111816,0.0835504606366157,0.058246077366445125
P080 (72).jpg,P080,0,-2.136164426803589,0.1056312024593353,0.07711308832879177
P080 (73).jpg,P080,0,-2.288966178894043,0.0920409113168716,0.06538816125992344
P080 (74).jpg,P080,0,-2.1403958797454834,0.1052321121096611,0.07676389084080505
P080 (75).jpg,P080,0,-2.3592662811279297,0.0863320454955101,0.06056968382405585
P080 (76).jpg,P080,0,-1.8754862546920776,0.1329081803560257,0.10162259516314015
P080 (77).jpg,P080,0,-3.398154258728028,0.0323531962931156,0.018915588401527236
P080 (78).jpg,P080,0,-2.908958911895752,0.0517124645411968,0.03291924018812208
P080 (79).jpg,P080,0,-3.331804752349853,0.0344960689544677,0.02040071430087185
P080 (8).jpg,P080,0,-1.8430426120758057,0.1366918534040451,0.10511646315986306
P080 (80).jpg,P080,0,-3.23616099357605,0.037827368825674,0.02274426921371603
P080 (81).jpg,P080,0,-1.528860569000244,0.1781604588031768,0.14473045694278505
P080 (82).jpg,P080,0,-2.0641684532165527,0.1126285418868064,0.0832815006764034
P080 (83).jpg,P080,0,-1.3914960622787476,0.1991690248250961,0.1656293399949346
P080 (84).jpg,P080,0,-1.3539113998413086,0.2052316516637802,0.17175331942864355
P080 (85).jpg,P080,0,-1.154422640800476,0.2396821826696396,0.20727255458169566
P080 (86).jpg,P080,0,-1.6103448867797852,0.16654072701931,0.1333996085820953
P080 (87).jpg,P080,0,-1.4248008728027344,0.1939100623130798,0.16035006959555076
P080 (88).jpg,P080,0,-1.6704161167144775,0.158368706703186,0.12553454302937955
P080 (9).jpg,P080,0,-1.8888980150222776,0.1313701719045639,0.10020860579860236
P143 (1).jpg,P143,0,-1.5472337007522583,0.1754861623048782,0.1421077117596535
P143 (10).jpg,P143,0,-2.113283395767212,0.1078124344348907,0.07902666120026156
P143 (11).jpg,P143,0,-2.1552419662475586,0.1038423925638198,0.0755501677104197
P143 (12).jpg,P143,0,-2.35413146018982,0.0867379382252693,0.06091008579485566
P143 (13).jpg,P143,0,-1.5623600482940674,0.1733082681894302,0.1399783084298961
P143 (14).jpg,P143,0,-2.004573345184326,0.1187235862016677,0.08872328833155356
P143 (15).jpg,P143,0,-1.695160150527954,0.1550984382629394,0.12241203341631907
P143 (16).jpg,P143,0,-1.748074293136597,0.1482902467250824,0.11595856380458108
P143 (17).jpg,P143,0,-2.101604700088501,0.1089409440755844,0.08002001627015658
P143 (18).jpg,P143,0,-2.3810408115386963,0.084629900753498,0.05914587498719683
P143 (19).jpg,P143,0,-2.19650936126709,0.1000643894076347,0.0722684473862067
P143 (2).jpg,P143,0,-1.7960176467895508,0.1423365324735641,0.1103686112884008
P143 (20).jpg,P143,0,-2.8067502975463867,0.0569604896008968,0.03691734318927646
P143 (21).jpg,P143,0,-3.132148742675781,0.041800457984209,0.02559144887324509
P143 (22).jpg,P143,0,-2.274190664291382,0.0932831540703773,0.06644527833818495
P143 (23).jpg,P143,0,-2.433192491531372,0.08067636936903,0.055862327545541386
P143 (24).jpg,P143,0,-2.770111322402954,0.0589608363807201,0.0384612685327943
P143 (25).jpg,P143,0,-2.167703866958618,0.1026884093880653,0.07454499116543736
P143 (26).jpg,P143,0,-2.06966495513916,0.1120803728699684,0.08279517962713266
P143 (27).jpg,P143,0,-1.699242115020752,0.1545642763376236,0.12190338928048976
P143 (28).jpg,P143,0,-2.4955410957336426,0.0761713609099388,0.052161910281282614
P143 (29).jpg,P143,0,-2.32594895362854,0.0889965519309043,0.06281044126541697
P143 (3).jpg,P143,0,-1.9011324644088743,0.1299803555011749,0.09893401548188574
P143 (30).jpg,P143,0,-1.6824800968170166,0.156767338514328,0.1240037248842488
P143 (31).jpg,P143,0,-1.2694112062454224,0.2193580418825149,0.1861744141106986
P143 (32).jpg,P143,0,-1.6708471775054932,0.1583112627267837,0.12547956730624277
P143 (33).jpg,P143,0,-1.1206600666046145,0.2458888739347458,0.21379288106495992
P143 (34).jpg,P143,0,-1.629572510719299,0.163888931274414,0.1308378016863787
P143 (35).jpg,P143,0,-2.2047266960144043,0.0993268340826034,0.07163086459926106
P143 (36).jpg,P143,0,-2.472682237625122,0.0777955800294876,0.05349089949013244
P143 (37).jpg,P143,0,-2.641342163085937,0.0665246397256851,0.04439351843017809
P143 (38).jpg,P143,0,-2.614820003509521,0.0681907013058662,0.04571945249751777
P143 (39).jpg,P143,0,-2.246638774871826,0.0956397950649261,0.06845898445487085
P143 (4).jpg,P143,0,-1.9933481216430664,0.1199030876159668,0.08978356884832264
P143 (40).jpg,P143,0,-2.7385945320129395,0.0607340335845947,0.03983877775869728
P143 (41).jpg,P143,0,-2.678788185119629,0.0642366781830787,0.04258376387764194
P143 (42).jpg,P143,0,-2.3771848678588867,0.0849290937185287,0.059395704306742535
P143 (43).jpg,P143,0,-1.4026641845703125,0.1973936855792999,0.16384368344753222
P143 (44).jpg,P143,0,-1.2579761743545532,0.221322476863861,0.18819605991626281
P143 (45).jpg,P143,0,-1.5099917650222778,0.1809400171041488,0.14746568757221276
P143 (46).jpg,P143,0,-2.1245760917663574,0.106731005012989,0.07807687109677898
P143 (47).jpg,P143,0,-3.1977906227111816,0.0392489470541477,0.023756668596079996
P143 (48).jpg,P143,0,-2.2551422119140625,0.0949068292975425,0.06783152816741166
P143 (49).jpg,P143,0,-1.701710820198059,0.1542419642210006,0.12159665366501705
P143 (5).jpg,P143,0,-1.9923293590545652,0.1200106516480445,0.08988035949925031
P143 (50).jpg,P143,0,-1.463850498199463,0.1878791004419326,0.15433450162978565
P143 (51).jpg,P143,0,-2.243232488632202,0.0959348157048225,0.06871183473592421
P143 (52).jpg,P143,0,-2.443124294281006,0.0799428075551986,0.05525675629443551
P143 (53).jpg,P143,0,-2.12964415550232,0.1062487810850143,0.07765401934287901
P143 (54).jpg,P143,0,-1.7702620029449463,0.1455097496509552,0.11334162782487457
P143 (55).jpg,P143,0,-1.0593299865722656,0.2574374973773956,0.22601577244230467
P143 (56).jpg,P143,0,-1.7276232242584229,0.1508918404579162,0.1184170093109856
P143 (57).jpg,P143,0,-1.7497824430465698,0.1480746269226074,0.11575524462495024
P143 (6).jpg,P143,0,-1.3843369483947754,0.2003133744001388,0.16678218456715987
P143 (7).jpg,P143,0,-1.3891912698745728,0.1995369046926498,0.16599978600549647
P143 (8).jpg,P143,0,-1.592376947402954,0.1690497398376464,0.13583181682846537
P143 (9).jpg,P143,0,-1.893588304519653,0.1308358758687973,0.09971825356917392
P168 (1).jpg,P168,0,0.3387662768363952,0.5838907957077026,0.5971605951229483
P168 (10).jpg,P168,0,-0.6677494049072266,0.3390009701251983,0.315198130687124
P168 (11).jpg,P168,0,-0.3300601840019226,0.4182260036468506,0.405275407488418
P168 (12).jpg,P168,0,0.2690693736076355,0.5668644309043884,0.5775343914649067
P168 (13).jpg,P168,0,0.1118894070386886,0.5279431939125061,0.5324583012472637
P168 (14).jpg,P168,0,0.3900766372680664,0.5963011384010315,0.6114166593574943
P168 (15).jpg,P168,0,-0.6262850165367126,0.3483533859252929,0.3256894806819015
P168 (16).jpg,P168,0,1.6557652950286863,0.8396687507629395,0.8725846561032047
P168 (17).jpg,P168,0,0.7437739968299866,0.6778205633163452,0.703551815306206
P168 (18).jpg,P168,0,-0.4589670300483703,0.3872309029102325,0.3697424251260278
P168 (19).jpg,P168,0,-0.0646799951791763,0.4838356077671051,0.48121922093844716
P168 (2).jpg,P168,0,-0.3804702758789062,0.4060134887695312,0.391238706130529
P168 (20).jpg,P168,0,-0.4319697022438049,0.3936560750007629,0.377082300111504
P168 (21).jpg,P168,0,-0.7726942896842957,0.3158965706825256,0.28948746248808616
P168 (22).jpg,P168,0,-0.0732829123735427,0.4816874563694,0.47872407802176264
P168 (23).jpg,P168,0,0.1136876195669174,0.5283913016319275,0.5329784473458087
P168 (24).jpg,P168,0,-0.6255812048912048,0.3485131859779358,0.3258691152823676
P168 (25).jpg,P168,0,-0.1490937024354934,0.4627954363822937,0.45679610298604817
P168 (26).jpg,P168,0,0.0476379841566085,0.5119072794914246,0.5138353608616657
P168 (27).jpg,P168,0,-0.3707414269447326,0.4083618819713592,0.39393450801293783
P168 (28).jpg,P168,0,0.3013004660606384,0.574760377407074,0.5866448933127104
P168 (29).jpg,P168,0,-0.6374319195747375,0.3458272814750671,0.32285129783075245
P168 (3).jpg,P168,0,-1.0298911333084106,0.2631052136421203,0.23205590673207743
P168 (30).jpg,P168,0,-0.7475374937057495,0.3213581144809723,0.29553689321002097
P168 (31).jpg,P168,0,-2.0231616497039795,0.1167924553155899,0.0869923646093974
P168 (32).jpg,P168,0,-1.5955936908721924,0.1685983538627624,0.13539365662976224
P168 (33).jpg,P168,0,-1.168487310409546,0.2371285408735275,0.20460003536526775
P168 (34).jpg,P168,0,-1.808425545692444,0.1408285200595855,0.10896087434391923
P168 (35).jpg,P168,0,-2.687647819519043,0.063706174492836,0.04216600616386494
P168 (36).jpg,P168,0,-2.8506009578704834,0.0546502619981765,0.035147814290370075
P168 (37).jpg,P168,0,-0.6703248620033264,0.3384241163730621,0.31455252041918935
P168 (38).jpg,P168,0,-0.7501233220100403,0.3207944333553314,0.294911705301214
P168 (39).jpg,P168,0,-0.6741458773612976,0.3375691473484039,0.3135959962220087
P168 (4).jpg,P168,0,0.9882907271385192,0.7287501692771912,0.7592183181287437
P168 (40).jpg,P168,0,-0.8539572954177856,0.2986033856868744,0.27045750680941966
P168 (41).jpg,P168,0,-1.1310107707977295,0.2439745962619781,0.211778180818812
P168 (42).jpg,P168,0,-1.2719017267227173,0.2189318835735321,0.1857363326412769
P168 (43).jpg,P168,0,-1.375781774520874,0.2016873210668563,0.16816824594321528
P168 (44).jpg,P168,0,-2.995880603790283,0.0476123243570327,0.029851092007184128
P168 (45).jpg,P168,0,-2.615687131881714,0.0681356191635131,0.045675511522402366
P168 (46).jpg,P168,0,-2.747514247894287,0.0602271929383277,0.0394441942957001
P168 (47).jpg,P168,0,-3.016286611557007,0.0466954968869686,0.029171998223727177
P168 (48).jpg,P168,0,-2.539625406265259,0.0731265619397163,0.04968656232770987
P168 (49).jpg,P168,0,-1.9582157135009768,0.1236602813005447,0.09317615344032824
P168 (5).jpg,P168,0,0.435912549495697,0.607284665107727,0.6239932718911115
P168 (50).jpg,P168,0,0.2388254255056381,0.5594241619110107,0.568937214604922
P168 (51).jpg,P168,0,0.067260667681694,0.5168088674545288,0.5195293671956824
P168 (52).jpg,P168,0,-0.6832971572875977,0.3355258107185364,0.31131157567904594
P168 (53).jpg,P168,0,-0.4686717391014099,0.384930670261383,0.36711841322630806
P168 (54).jpg,P168,0,0.222595676779747,0.5554202795028687,0.5643061935489889
P168 (55).jpg,P168,0,-1.5397279262542725,0.1765748262405395,0.14317432972317803
P168 (56).jpg,P168,0,-1.0413528680801392,0.2608890533447265,0.22969092879351038
P168 (57).jpg,P168,0,-2.151564598083496,0.1041851043701171,0.07584915423996803
P168 (58).jpg,P168,0,-2.153693437576294,0.1039865911006927,0.07567593790150981
P168 (59).jpg,P168,0,-1.822488784790039,0.1391355097293853,0.1073844080001423
P168 (6).jpg,P168,0,0.4227923154830932,0.6041512489318848,0.6204095160171347
P168 (60).jpg,P168,0,-1.2682764530181885,0.2195524275302887,0.18637428080785884
P168 (61).jpg,P168,0,-1.0738279819488523,0.254675805568695,0.22308233657936427
P168 (62).jpg,P168,0,-1.0879586935043335,0.252002865076065,0.2202494301314119
P168 (63).jpg,P168,0,-0.5752618908882141,0.360023558139801,0.338842390889725
P168 (64).jpg,P168,0,-0.8743159770965576,0.294357031583786,0.26581518573569785
P168 (65).jpg,P168,0,0.5239505767822266,0.6280710697174072,0.6476745874160165
P168 (66).jpg,P168,0,-1.0931721925735474,0.2510213851928711,0.21921077576286
P168 (67).jpg,P168,0,-1.5271118879318235,0.1784166395664215,0.14498216378097023
P168 (68).jpg,P168,0,-0.8768234848976135,0.2938364446163177,0.26524693642736896
P168 (69).jpg,P168,0,-0.8879796862602234,0.2915269136428833,0.2627281555064589
P168 (7).jpg,P168,0,0.2180260866880417,0.5542916059494019,0.5630002369898164
P168 (70).jpg,P168,0,-0.5863292813301086,0.3574775457382202,0.33596730503269506
P168 (71).jpg,P168,0,-0.5033910274505615,0.3767440915107727,0.35779603284678224
P168 (72).jpg,P168,0,-0.4069250226020813,0.3996496498584747,0.3839421695446616
P168 (73).jpg,P168,0,-0.8733924031257629,0.294548898935318,0.2660246808877793
P168 (74).jpg,P168,0,-0.6866129636764526,0.3347869515419006,0.3104861099594078
P168 (75).jpg,P168,0,-0.4265808463096618,0.3949430584907532,0.3785542884205195
P168 (76).jpg,P168,0,-0.0234171897172927,0.4941459596157074,0.4931976970073268
P168 (77).jpg,P168,0,0.301846444606781,0.5748938322067261,0.5867987294186486
P168 (78).jpg,P168,0,0.2844918370246887,0.5706470608711243,0.5819007189809525
P168 (79).jpg,P168,0,0.7598300576210022,0.6813168525695801,0.7074282557978484
P168 (8).jpg,P168,0,0.6802139282226562,0.6637864708900452,0.6879197806498855
P168 (9).jpg,P168,0,0.2688164114952087,0.5668023228645325,0.5774626710867069
P184 (1).jpg,P184,0,0.2957540154457092,0.5734042525291443,0.5850811595143681
P184 (10).jpg,P184,0,0.3723974823951721,0.5920382142066956,0.6065248355931437
P184 (11).jpg,P184,0,-0.0491673499345779,0.4877106845378876,0.48572070768491543
P184 (12).jpg,P184,0,0.2959480881690979,0.5734516978263855,0.5851359043832879
P184 (13).jpg,P184,0,0.5013239979743958,0.6227704286575317,0.6416518753311385
P184 (14).jpg,P184,0,0.3555946946144104,0.5879736542701721,0.6018556015656591
P184 (15).jpg,P184,0,0.8742273449897766,0.7056245803833008,0.7341647143262902
P184 (16).jpg,P184,0,0.9172626733779908,0.7144839763641357,0.7438095266520762
P184 (17).jpg,P184,0,0.5224542021751404,0.6277214288711548,0.6472777061834512
P184 (18).jpg,P184,0,0.3243991136550903,0.5803959369659424,0.5931380861455846
P184 (19).jpg,P184,0,0.1761947125196457,0.5439350605010986,0.5510067317680579
P184 (2).jpg,P184,0,0.5393806099891663,0.6316682696342468,0.6517551089649639
P184 (20).jpg,P184,0,0.0792597383260726,0.5198045372962952,0.5230087905201947
P184 (21).jpg,P184,0,0.5534955859184265,0.6349461674690247,0.6554684768876798
P184 (22).jpg,P184,0,0.2283850759267807,0.5568493604660034,0.5659594803776804
P184 (23).jpg,P184,0,0.3499141931533813,0.5865967273712158,0.6002728305604875
P184 (24).jpg,P184,0,0.6067081093788147,0.6471895575523376,0.6692949243235544
P184 (25).jpg,P184,0,0.9582855105400084,0.7227783799171448,0.7527870967256142
P184 (26).jpg,P184,0,1.4524589776992798,0.8103765249252319,0.8439299502690243
P184 (27).jpg,P184,0,1.468863844871521,0.8128846883773804,0.846424289909636
P184 (28).jpg,P184,0,0.5588342547416687,0.6361827850341797,0.6568680696640825
P184 (29).jpg,P184,0,0.3696385025978088,0.5913716554641724,0.6057594674341095
P184 (3).jpg,P184,0,0.3990721106529236,0.5984647274017334,0.6138971866678189
P184 (30).jpg,P184,0,0.6616165637969971,0.6596234440803528,0.6832616280333232
P184 (31).jpg,P184,0,0.4060644507408142,0.6001438498497009,0.6158212750952028
P184 (32).jpg,P184,0,0.3587247729301452,0.5887316465377808,0.602726835466915
P184 (33).jpg,P184,0,0.1812823265790939,0.5451968908309937,0.5524688640822105
P184 (34).jpg,P184,0,0.326641321182251,0.580941915512085,0.5937666957598231
P184 (35).jpg,P184,0,0.5193748474121094,0.6270015239715576,0.6464603342197719
P184 (36).jpg,P184,0,0.2625845670700073,0.5652715563774109,0.5756947805571547
P184 (37).jpg,P184,0,0.2184392064809799,0.5543937087059021,0.5631183399070091
P184 (38).jpg,P184,0,0.853557825088501,0.7013128995895386,0.7294508946792937
P184 (39).jpg,P184,0,0.0722297877073288,0.5180495977401733,0.520970533983543
P184 (4).jpg,P184,0,0.3229686021804809,0.5800475478172302,0.5927368783867756
P184 (40).jpg,P184,0,0.0868947356939315,0.5217100381851196,0.5252216036961143
P184 (41).jpg,P184,0,-0.0537313371896743,0.4865703880786896,0.4843960484845737
P184 (42).jpg,P184,0,-0.1177792698144912,0.4705891907215118,0.46583828184444764
P184 (43).jpg,P184,0,-0.6895953416824341,0.3341231048107147,0.30974467971524666
P184 (44).jpg,P184,0,-1.11970055103302,0.2460668534040451,0.21398034977423996
P184 (45).jpg,P184,0,-1.0790034532546997,0.253694623708725,0.22204175985321908
P184 (46).jpg,P184,0,-0.8097972273826599,0.3079337179660797,0.28070073306375654
P184 (47).jpg,P184,0,-0.9312210083007812,0.2826770544052124,0.25311194755900374
P184 (48).jpg,P184,0,-0.5739784836769104,0.3603192865848541,0.3391765701615977
P184 (49).jpg,P184,0,-0.2143687158823013,0.4466121196746826,0.43804564431457166
P184 (5).jpg,P184,0,0.0870151966810226,0.5217400789260864,0.5252565085962444
P184 (50).jpg,P184,0,-0.3107626438140869,0.4229286015033722,0.4106914406290565
P184 (51).jpg,P184,0,-0.1696074157953262,0.4576994776725769,0.45088770197146416
P184 (52).jpg,P184,0,-0.9154211282730104,0.2858918011188507,0.25659845584700897
P184 (53).jpg,P184,0,-0.8801994323730469,0.2931364476680755,0.2644831092051465
P184 (54).jpg,P184,0,-0.636176347732544,0.3461114168167114,0.3231703401720748
P184 (55).jpg,P184,0,-0.6092272996902466,0.3522354960441589,0.3300574681744548
P184 (56).jpg,P184,0,-0.7400519251823425,0.3229928016662597,0.2973510426517341
P184 (57).jpg,P184,0,-0.5519943833351135,0.3654018044471741,0.3449255680472137
P184 (58).jpg,P184,0,-0.5124411582946777,0.3746214210987091,0.35538324927227977
P184 (59).jpg,P184,0,0.5837263464927673,0.6419244408607483,0.6633575874369625
P184 (6).jpg,P184,0,0.0785080641508102,0.519616961479187,0.5227908862808249
P184 (60).jpg,P184,0,-0.231781855225563,0.4423125684261322,0.433071176990929
P184 (61).jpg,P184,0,0.6035627722740173,0.6464710235595703,0.6684854521997108
P184 (62).jpg,P184,0,0.414721667766571,0.6022195219993591,0.6181984706875929
P184 (63).jpg,P184,0,0.6684863567352295,0.6611641645431519,0.6849866799254798
P184 (64).jpg,P184,0,1.0936086177825928,0.7490606307983398,0.7808760106378613
P184 (65).jpg,P184,0,0.8909425139427185,0.7090846300125122,0.7379381809776756
P184 (66).jpg,P184,0,1.7980492115020752,0.8579113483428955,0.8898629654008623
P184 (67).jpg,P184,0,2.062591075897217,0.8872137069702148,0.9165784568286085
P184 (68).jpg,P184,0,0.8826534748077393,0.7073717713356018,0.736071246825773
P184 (69).jpg,P184,0,0.6284373998641968,0.6521350741386414,0.6748595564905366
P184 (7).jpg,P184,0,0.6639173030853271,0.660139799118042,0.6838399239411924
P184 (70).jpg,P184,0,0.3619340062141418,0.5895084738731384,0.6036194258206771
P184 (71).jpg,P184,0,0.0826714485883712,0.5206561088562012,0.5239977063057756
P184 (72).jpg,P184,0,0.1097808331251144,0.5274176597595215,0.5318482910564121
P184 (73).jpg,P184,0,1.4990441799163818,0.8174318075180054,0.8509278324569267
P184 (74).jpg,P184,0,1.1108965873718262,0.7522962689399719,0.7842939619213898
P184 (75).jpg,P184,0,1.1128504276275637,0.7526601552963257,0.784677808611211
P184 (76).jpg,P184,0,1.42101788520813,0.805497944355011,0.8390571982063577
P184 (77).jpg,P184,0,1.1145009994506836,0.7529672384262085,0.7850016895423603
P184 (78).jpg,P184,0,1.4312129020690918,0.807090163230896,0.8406505551067929
P184 (79).jpg,P184,0,0.3333436846733093,0.5825726985931396,0.5956438851535901
P184 (8).jpg,P184,0,0.3599177598953247,0.5890205502510071,0.6030587234522848
P184 (80).jpg,P184,0,-0.2213927060365677,0.4448768198490143,0.43603752124415085
P184 (81).jpg,P184,0,0.1005725115537643,0.5251219868659973,0.5291832326996756
P184 (82).jpg,P184,0,-0.4047023057937622,0.4001831114292145,0.38455326545307633
P184 (83).jpg,P184,0,0.1965455859899521,0.5489788055419922,0.5568498413465088
P184 (84).jpg,P184,0,0.103438600897789,0.5258365869522095,0.5300129174288415
P184 (85).jpg,P184,0,0.9263829588890076,0.7163408398628235,0.7458237905737795
P184 (86).jpg,P184,0,0.9690686464309692,0.7249338030815125,0.75511153102213
P184 (87).jpg,P184,0,1.0675108432769775,0.7441232800483704,0.7756428391517584
P184 (9).jpg,P184,0,0.475959300994873,0.6167932748794556,0.6348468822544845
P191 (1).jpg,P191,0,-1.2240138053894043,0.2272308766841888,0.19429968429549943
P191 (10).jpg,P191,0,-0.1107067614793777,0.4723515212535858,0.4678838261453961
P191 (11).jpg,P191,0,-1.113866686820984,0.247150719165802,0.21512273561646433
P191 (12).jpg,P191,0,-1.4960362911224363,0.1830174326896667,0.14951607416894824
P191 (13).jpg,P191,0,-1.4560593366622925,0.1890707910060882,0.1555198065398031
P191 (14).jpg,P191,0,-1.2994327545166016,0.2142605036497116,0.18094660063746262
P191 (15).jpg,P191,0,-1.7674697637557983,0.1458572745323181,0.1136681037591572
P191 (16).jpg,P191,0,-2.2017476558685303,0.0995936542749404,0.07186140618343476
P191 (17).jpg,P191,0,-2.081486225128174,0.1109093204140663,0.08175799773092932
P191 (18).jpg,P191,0,-1.817695140838623,0.1397106647491455,0.10791950085951084
P191 (19).jpg,P191,0,-1.529815435409546,0.1780206859111786,0.1445931658585648
P191 (2).jpg,P191,0,-1.6566880941390991,0.1602070927619934,0.12729617279944266
P191 (20).jpg,P191,0,-1.4938758611679075,0.1833406835794448,0.14983558400434624
P191 (21).jpg,P191,0,-1.917769432067871,0.1281105130910873,0.09722393460189585
P191 (22).jpg,P191,0,-1.9683008193969729,0.122571513056755,0.092190678437177
P191 (23).jpg,P191,0,-1.4035087823867798,0.1972599178552627,0.16370927337137153
P191 (24).jpg,P191,0,-1.6408686637878418,0.1623468846082687,0.12935232088883644
P191 (25).jpg,P191,0,-1.592732548713684,0.1689997911453247,0.13578332084536437
P191 (26).jpg,P191,0,-1.6688042879104614,0.1585836708545684,0.12574029186101812
P191 (27).jpg,P191,0,-1.8790887594223025,0.132493570446968,0.1012410575468253
P191 (28).jpg,P191,0,-1.8700233697891235,0.133539006114006,0.10220359677419841
P191 (29).jpg,P191,0,-1.7925279140472412,0.142763078212738,0.11076739917381848
P191 (3).jpg,P191,0,-1.851415753364563,0.135706752538681,0.10420473607377824
P191 (30).jpg,P191,0,-1.206394910812378,0.2303395569324493,0.1975247877970575
P191 (31).jpg,P191,0,-1.538074970245361,0.1768152862787246,0.14341011926044336
P191 (32).jpg,P191,0,-2.403008460998535,0.0829435735940933,0.057741267478910153
P191 (33).jpg,P191,0,-2.185990571975708,0.1010156124830246,0.07309223613233946
P191 (34).jpg,P191,0,-2.4737653732299805,0.0777179077267646,0.05342721239229178
P191 (35).jpg,P191,0,-2.3556137084960938,0.0866205990314483,0.06081164006013325
P191 (36).jpg,P191,0,-2.324768543243408,0.089092306792736,0.06289123184721665
P191 (37).jpg,P191,0,-2.281577587127685,0.0926602333784103,0.06591480986418566
P191 (38).jpg,P191,0,-1.8537946939468384,0.1354279667139053,0.10394697779871509
P191 (39).jpg,P191,0,-2.344309568405152,0.0875191465020179,0.06156619580327174
P191 (4).jpg,P191,0,-1.6728801727294922,0.1580405533313751,0.12522056535018733
P191 (40).jpg,P191,0,-2.00285005569458,0.1189040169119834,0.08888532443837228
P191 (41).jpg,P191,0,-1.959171295166016,0.1235567554831504,0.09308237406879531
P191 (42).jpg,P191,0,-1.856229305267334,0.1351431608200073,0.10368377131816528
P191 (43).jpg,P191,0,-1.5757017135620115,0.1714050769805908,0.13812237552936932
P191 (44).jpg,P191,0,-1.856968641281128,0.1350567638874054,0.10360395824703687
P191 (45).jpg,P191,0,-1.7644084692001345,0.1462390720844268,0.11402698015123135
P191 (46).jpg,P191,0,-2.199610948562622,0.0997854396700859,0.0720271827899253
P191 (47).jpg,P191,0,-2.1222147941589355,0.1069563403725624,0.07827460385320302
P191 (48).jpg,P191,0,-1.8110026121139529,0.140516996383667,0.10867047718054579
P191 (49).jpg,P191,0,-1.6439759731292725,0.1619247645139694,0.12894622569564246
P191 (5).jpg,P191,0,-1.9119398593902588,0.1287630647420883,0.09782012203844638
P191 (50).jpg,P191,0,-1.2157478332519531,0.2286856323480606,0.19580775356297606
P191 (51).jpg,P191,0,-1.6064293384552002,0.1670849472284317,0.1339264722648544
P191 (52).jpg,P191,0,-1.400104284286499,0.1977995783090591,0.16425161037607894
P191 (53).jpg,P191,0,-1.7347348928451538,0.1499829292297363,0.11755703197463559
P191 (54).jpg,P191,0,-2.508308887481689,0.0752777382731437,0.051433245971836024
P191 (55).jpg,P191,0,-2.3590781688690186,0.0863468870520591,0.060582122858713144
P191 (56).jpg,P191,0,-3.051265239715576,0.0451628826558589,0.02804264962834297
P191 (57).jpg,P191,0,-2.3689444065093994,0.0855717062950134,0.05993292697961678
P191 (58).jpg,P191,0,-1.0156028270721436,0.2658847868442535,0.2350278280095039
P191 (59).jpg,P191,0,-0.649312436580658,0.3431445062160492,0.3198406342546411
P191 (6).jpg,P191,0,-1.6638723611831665,0.1592428535223007,0.12637164280807214
P191 (60).jpg,P191,0,-1.186859369277954,0.2338211089372635,0.20114771974455728
P191 (61).jpg,P191,0,-1.0137825012207031,0.2662402689456939,0.23540833738699668
P191 (62).jpg,P191,0,-1.7040948867797852,0.1539312005043029,0.12130106575613947
P191 (63).jpg,P191,0,-1.8455698490142824,0.1363938897848129,0.10484054037830372
P191 (64).jpg,P191,0,-2.24977970123291,0.0953684672713279,0.06822659618348358
P191 (65).jpg,P191,0,-1.9967765808105469,0.1195417791604995,0.08945852738833006
P191 (66).jpg,P191,0,-1.657494068145752,0.1600986719131469,0.12719216649846832
P191 (67).jpg,P191,0,-1.5900949239730835,0.1693705469369888,0.1361433807784042
P191 (68).jpg,P191,0,-1.2498689889907837,0.2227228134870529,0.18963955102307484
P191 (69).jpg,P191,0,-1.8390014171600344,0.1371694356203079,0.105559011090844
P191 (7).jpg,P191,0,-1.678599834442139,0.1572809666395187,0.12449434147023154
P191 (70).jpg,P191,0,-1.81497585773468,0.1400378197431564,0.10822408297904046
P191 (71).jpg,P191,0,-1.9156248569488523,0.1283502429723739,0.09744288129096393
P191 (72).jpg,P191,0,-2.3945441246032715,0.0835896879434585,0.058278728679389255
P191 (73).jpg,P191,0,-2.0220043659210205,0.1169118955731391,0.08709923185279232
P191 (74).jpg,P191,0,-1.6813204288482666,0.156920701265335,0.12415017801886939
P191 (75).jpg,P191,0,-1.8422237634658811,0.1367885023355484,0.10520600211807132
P191 (8).jpg,P191,0,-1.8458856344223025,0.136356696486473,0.10480610802339628
P191 (9).jpg,P191,0,-1.5693681240081787,0.1723064929246902,0.13900083914590802
P013 (1).jpg,P013,1,1.4619853496551514,0.8118361830711365,0.8453824189108035
P013 (10).jpg,P013,1,-0.9407997131347656,0.2807388305664062,0.25101355535792885
P013 (11).jpg,P013,1,0.0097622126340866,0.5024405717849731,0.5028359044890848
P013 (12).jpg,P013,1,0.1431948393583297,0.5357376337051392,0.5415025672533225
P013 (13).jpg,P013,1,-0.0191459208726882,0.4952136278152466,0.494438315596428
P013 (14).jpg,P013,1,0.0277461260557174,0.5069360733032227,0.5080595859495387
P013 (15).jpg,P013,1,-0.2517187595367431,0.4374004602432251,0.427392315564429
P013 (16).jpg,P013,1,-0.4914288520812988,0.3795570135116577,0.36099624630325544
P013 (17).jpg,P013,1,-0.1703631430864334,0.4575119614601135,0.45067028977987644
P013 (18).jpg,P013,1,0.1265729516744613,0.531601071357727,0.5367034592947424
P013 (19).jpg,P013,1,-0.5258074402809143,0.371495246887207,0.35183320277633967
P013 (2).jpg,P013,1,0.0768931359052658,0.5192137956619263,0.5223227024613916
P013 (20).jpg,P013,1,-0.7196545004844666,0.3274690806865692,0.3023268296578915
P013 (21).jpg,P013,1,-0.2665421962738037,0.4337561428546905,0.4231822657820524
P013 (22).jpg,P013,1,-0.3588594794273376,0.4112357199192047,0.3972356845572206
P013 (23).jpg,P013,1,-0.2659594416618347,0.4338992834091186,0.4233475693942236
P013 (24).jpg,P013,1,-0.2508501410484314,0.437614232301712,0.4276393472875647
P013 (25).jpg,P013,1,-0.5063520073890686,0.3760490715503692,0.35700582909253226
P013 (26).jpg,P013,1,-0.3306463360786438,0.4180833697319031,0.405111251622484
P013 (27).jpg,P013,1,-0.5824041366577148,0.3583795726299286,0.3369856019349326
P013 (28).jpg,P013,1,-0.3353879451751709,0.416930228471756,0.40378411480172804
P013 (29).jpg,P013,1,-0.0827205926179885,0.4793316125869751,0.4759880501986263
P013 (3).jpg,P013,1,0.3506708741188049,0.5867802500724792,0.6004837879940497
P013 (30).jpg,P013,1,-0.6869902610778809,0.3347029685974121,0.310392258526998
P013 (31).jpg,P013,1,-0.4457798600196838,0.3903646171092987,0.37332039070264644
P013 (32).jpg,P013,1,-0.5271576642990112,0.3711800277233124,0.3514754884125354
P013 (33).jpg,P013,1,-0.2859111428260803,0.4290052056312561,0.4176980878575846
P013 (34).jpg,P013,1,-0.5970897078514099,0.3550097942352295,0.3331835662901017
P013 (35).jpg,P013,1,-1.0025845766067505,0.2684335708618164,0.23775844947972283
P013 (36).jpg,P013,1,-0.7572938799858093,0.3192341029644012,0.2931820783773916
P013 (37).jpg,P013,1,-0.4463153481483459,0.3902371823787689,0.37317482774793154
P013 (38).jpg,P013,1,-0.5302658081054688,0.3704549074172973,0.3506526829742635
P013 (39).jpg,P013,1,-0.2270997315645218,0.4434678256511688,0.43440745180354806
P013 (4).jpg,P013,1,0.5916957855224609,0.6437541246414185,0.665422457253526
P013 (40).jpg,P013,1,-0.4833070635795593,0.3814715147018432,0.3631761265452819
P013 (41).jpg,P013,1,0.00923453271389,0.5023086071014404,0.502682617486199
P013 (42).jpg,P013,1,0.4202361106872558,0.603539764881134,0.6197097506671775
P013 (43).jpg,P013,1,0.1263163238763809,0.5315371751785278,0.536629309511581
P013 (44).jpg,P013,1,0.5006297826766968,0.6226073503494263,0.6414663700089096
P013 (45).jpg,P013,1,0.0761628597974777,0.5190315246582031,0.5221109751989754
P013 (46).jpg,P013,1,0.1158376187086105,0.5289270877838135,0.5336002561066778
P013 (47).jpg,P013,1,-0.0202543288469314,0.4949365854263305,0.49411636389358293
P013 (48).jpg,P013,1,-0.2537632584571838,0.4368974864482879,0.4268110111233784
P013 (49).jpg,P013,1,0.4981119036674499,0.6220154762268066,0.6407931978971735
P013 (5).jpg,P013,1,0.167105957865715,0.5416795611381531,0.5483925301762603
P013 (50).jpg,P013,1,0.4894629120826721,0.6199798583984375,0.6384766184203042
P013 (51).jpg,P013,1,0.5293408036231995,0.6293293833732605,0.6491025371447294
P013 (52).jpg,P013,1,0.4260541200637817,0.6049310564994812,0.6213017135397555
P013 (53).jpg,P013,1,0.803310215473175,0.6906821131706238,0.7177747849519311
P013 (54).jpg,P013,1,0.9995360970497132,0.7309674024581909,0.761598976707461
P013 (55).jpg,P013,1,1.0261462926864624,0.7361680865287781,0.7671677218511028
P013 (56).jpg,P013,1,1.334827542304993,0.7916380167007446,0.8250691197008273
P013 (57).jpg,P013,1,0.8014536499977112,0.6902853846549988,0.7173375587472902
P013 (58).jpg,P013,1,1.0095468759536743,0.7329314351081848,0.7637046251253923
P013 (59).jpg,P013,1,0.5831770300865173,0.6417980790138245,0.6632150291855584
P013 (6).jpg,P013,1,-0.193992331624031,0.4516534209251404,0.4438824164712662
P013 (60).jpg,P013,1,0.6954194903373718,0.6671714186668396,0.6917004058619782
P013 (7).jpg,P013,1,0.0607340782880783,0.5151788592338562,0.5176360059998213
P013 (8).jpg,P013,1,0.2145261019468307,0.5534268021583557,0.5619993740534909
P013 (9).jpg,P013,1,-0.4721813201904297,0.384100079536438,0.36617140007995275
P026 (1).jpg,P026,1,1.6248540878295898,0.8354634642601013,0.8685374317887424
P026 (10).jpg,P026,1,1.0848784446716309,0.747416079044342,0.7791352528957531
P026 (11).jpg,P026,1,1.546633005142212,0.8244268894195557,0.857807170253743
P026 (12).jpg,P026,1,0.3827113509178161,0.5945268869400024,0.6093813485588545
P026 (13).jpg,P026,1,0.0838322788476944,0.5209457874298096,0.5243341411844609
P026 (14).jpg,P026,1,0.3317049741744995,0.5821741819381714,0.5951851733707658
P026 (2).jpg,P026,1,1.16788911819458,0.762763261795044,0.7952868212463358
P026 (3).jpg,P026,1,1.602246642112732,0.8323321342468262,0.8655087753702615
P026 (4).jpg,P026,1,1.666370868682861,0.8410913944244385,0.8739485369318717
P026 (5).jpg,P026,1,0.9974797368049622,0.7305627465248108,0.7611648534996796
P026 (6).jpg,P026,1,1.3860838413238523,0.7999662756919861,0.8334997112761328
P026 (7).jpg,P026,1,1.298214554786682,0.7855343222618103,0.8188435125048659
P026 (8).jpg,P026,1,1.3701218366622925,0.7973998188972473,0.8309097211604929
P026 (9).jpg,P026,1,1.5723977088928225,0.8281251788139343,0.861419944872383
P156 (1).jpg,P156,1,1.6350154876708984,0.8368555307388306,0.8698797683042319
P156 (10).jpg,P156,1,2.6868607997894287,0.9362468719482422,0.957797042668556
P156 (11).jpg,P156,1,2.4638471603393555,0.9215682148933412,0.9459869272805282
P156 (12).jpg,P156,1,3.121885061264038,0.9577864408493042,0.9741094581931992
P156 (13).jpg,P156,1,2.5254664421081543,0.9259079098701476,0.9495307922548848
P156 (14).jpg,P156,1,2.9770829677581787,0.951528012752533,0.9695097982815125
P156 (15).jpg,P156,1,2.532843589782715,0.9264124035835266,0.94994001429313
P156 (16).jpg,P156,1,2.1222171783447266,0.8930439352989197,0.9217255960271029
P156 (17).jpg,P156,1,2.3501923084259038,0.9129495024681092,0.9388275648067789
P156 (18).jpg,P156,1,1.9834696054458616,0.8790505528450012,0.9092739204421809
P156 (19).jpg,P156,1,1.9994316101074217,0.8807374238967896,0.9107924581582442
P156 (2).jpg,P156,1,1.54967999458313,0.8248674869537354,0.8582384866913471
P156 (20).jpg,P156,1,2.29102087020874,0.9081306457519532,0.9347575973943789
P156 (21).jpg,P156,1,2.059048652648926,0.8868587613105774,0.9162631734769241
P156 (22).jpg,P156,1,1.712519884109497,0.8471628427505493,0.8797385476781188
P156 (23).jpg,P156,1,2.874159574508667,0.9465541243553162,0.9657688248151644
P156 (24).jpg,P156,1,2.6582701206207275,0.9345188736915588,0.9564335139881516
P156 (25).jpg,P156,1,2.5688788890838623,0.9288316369056702,0.9518941493520681
P156 (26).jpg,P156,1,2.584632873535156,0.9298660755157472,0.9527255206309004
P156 (27).jpg,P156,1,2.7475435733795166,0.939774453639984,0.9605570967810704
P156 (28).jpg,P156,1,2.9571595191955566,0.950600802898407,0.9688179483881918
P156 (29).jpg,P156,1,3.004724502563477,0.9527871012687684,0.9704450863370735
P156 (3).jpg,P156,1,1.4025554656982422,0.8025890588760376,0.8361390084863892
P156 (30).jpg,P156,1,2.4763145446777344,0.9224646091461182,0.9467223936493205
P156 (31).jpg,P156,1,2.554286241531372,0.9278609156608582,0.9511116953621837
P156 (32).jpg,P156,1,2.696441173553467,0.9368162751197816,0.9582447504423933
P156 (33).jpg,P156,1,2.207203865051269,0.900894582271576,0.9285603182973653
P156 (34).jpg,P156,1,2.109548091888428,0.8918277621269226,0.920656857388656
P156 (35).jpg,P156,1,1.7303245067596436,0.8494539260864258,0.8819102824399822
P156 (36).jpg,P156,1,2.271911144256592,0.906523823738098,0.933390226138765
P156 (37).jpg,P156,1,2.5060384273529053,0.9245641231536864,0.9484378852488088
P156 (38).jpg,P156,1,1.6888442039489746,0.8440721035003662,0.8767973527138602
P156 (39).jpg,P156,1,1.802262783050537,0.8584241271018982,0.890341910566591
P156 (4).jpg,P156,1,1.5762178897857666,0.8286681771278381,0.8619490118367215
P156 (40).jpg,P156,1,1.7573964595794678,0.8528833389282227,0.8851472782481198
P156 (41).jpg,P156,1,1.7233772277832031,0.8485633730888367,0.8810669518002218
P156 (42).jpg,P156,1,1.9862046241760252,0.8793410062789917,0.9095357569971875
P156 (43).jpg,P156,1,1.5758466720581057,0.8286154866218567,0.8618976754150133
P156 (44).jpg,P156,1,1.332607626914978,0.7912716865539551,0.8246965004365295
P156 (45).jpg,P156,1,1.8494999408721924,0.864068329334259,0.8955872751699351
P156 (46).jpg,P156,1,2.013207197189331,0.8821768164634705,0.9120845204589472
P156 (47).jpg,P156,1,1.5089128017425537,0.8189000487327576,0.8523766205087039
P156 (48).jpg,P156,1,1.6544296741485596,0.8394888043403625,0.8724120041067993
P156 (49).jpg,P156,1,1.967703938484192,0.8773642778396606,0.9077512584701063
P156 (5).jpg,P156,1,1.5180164575576782,0.8202462196350098,0.8537027641908087
P156 (50).jpg,P156,1,2.5724635124206543,0.9290682077407836,0.9520845290966338
P156 (51).jpg,P156,1,2.6195826530456543,0.9321112632751464,0.9545213949852372
P156 (52).jpg,P156,1,2.391484498977661,0.916175663471222,0.9415258414964915
P156 (53).jpg,P156,1,2.2916829586029053,0.90818589925766,0.9348045011534069
P156 (54).jpg,P156,1,1.905406475067139,0.8705021739006042,0.9015078404934845
P156 (55).jpg,P156,1,2.6030113697052,0.931055188179016,0.9536781356307399
P156 (56).jpg,P156,1,2.357163667678833,0.9135019183158876,0.9392911436178153
P156 (6).jpg,P156,1,1.1883420944213867,0.7664444446563721,0.7991289913430532
P156 (7).jpg,P156,1,1.1431241035461426,0.758252739906311,0.7905619267188518
P156 (8).jpg,P156,1,2.6942291259765625,0.9366852045059204,0.9581417826055594
P156 (9).jpg,P156,1,2.989197969436645,0.9520837664604188,0.9699232033195969
P157 (1).jpg,P157,1,2.0675058364868164,0.887704610824585,0.9170140941209934
P157 (2).jpg,P157,1,2.0865485668182373,0.8895888924598694,0.9186825352346725
P157 (3).jpg,P157,1,3.342410087585449,0.9658554196357728,0.9798441139292978
P157 (4).jpg,P157,1,2.755176782608032,0.9402050375938416,0.9608917799477661
P157 (5).jpg,P157,1,3.3991377353668213,0.9676775336265564,0.9811056078719371
P205 (1).jpg,P205,1,1.9171375036239624,0.8718188405036926,0.9027115954137012
P205 (10).jpg,P205,1,1.2349929809570312,0.7746912837028503,0.807689738030293
P205 (11).jpg,P205,1,0.9632668495178224,0.7237753868103027,0.7538627224234282
P205 (12).jpg,P205,1,0.8734367489814758,0.7054603099822998,0.7339853805298536
P205 (13).jpg,P205,1,0.5081697106361389,0.6243773102760315,0.6434788809304137
P205 (14).jpg,P205,1,0.4370754361152649,0.6075619459152222,0.6243102637117351
P205 (15).jpg,P205,1,-0.4903352856636047,0.3798145949840545,0.36128942736035485
P205 (16).jpg,P205,1,1.2286657094955444,0.7735849022865295,0.8065451397069157
P205 (17).jpg,P205,1,1.7229087352752686,0.8485031127929688,0.8810098943723934
P205 (18).jpg,P205,1,0.1291946619749069,0.5322538018226624,0.5374608801240234
P205 (19).jpg,P205,1,0.4497237205505371,0.6105735898017883,0.6277511384601795
P205 (2).jpg,P205,1,1.6809327602386477,0.8430279493331909,0.8758008306607771
P205 (20).jpg,P205,1,0.3193307518959045,0.5791611075401306,0.5917160341553015
P205 (21).jpg,P205,1,-0.3232836723327636,0.4198757112026214,0.4071747449636873
P205 (22).jpg,P205,1,0.0189562290906906,0.5047388672828674,0.5055065854560826
P205 (23).jpg,P205,1,-0.932433545589447,0.2824312746524811,0.252845678852988
P205 (24).jpg,P205,1,-0.442224383354187,0.3912110924720764,0.374287464984661
P205 (25).jpg,P205,1,0.3493476510047912,0.5864593386650085,0.6001148581591776
P205 (26).jpg,P205,1,1.775676131248474,0.8551621437072754,0.8872890763408597
P205 (27).jpg,P205,1,1.3476154804229736,0.7937395572662354,0.8272034646076943
P205 (28).jpg,P205,1,1.6158195734024048,0.8342177867889404,0.8673341066848885
P205 (29).jpg,P205,1,1.5380330085754397,0.8231785893440247,0.8565838908193588
P205 (3).jpg,P205,1,1.5699809789657593,0.8277808427810669,0.8610843676404891
P205 (30).jpg,P205,1,1.2026381492614746,0.7689937949180603,0.8017823482221813
P205 (31).jpg,P205,1,1.503489375114441,0.8180943131446838,0.8515818669260983
P205 (32).jpg,P205,1,1.787508249282837,0.856621503829956,0.8886567686618143
P205 (33).jpg,P205,1,2.732598304748535,0.9389230608940125,0.9598938420895512
P205 (34).jpg,P205,1,2.203434944152832,0.9005575180053711,0.9282692534020579
P205 (35).jpg,P205,1,1.526620864868164,0.8215113878250122,0.854947092547118
P205 (36).jpg,P205,1,1.8251078128814695,0.8611778616905212,0.8929069553309221
P205 (37).jpg,P205,1,1.7062476873397827,0.8463489413261414,0.8789653163470331
P205 (38).jpg,P205,1,2.086005687713623,0.8895354866981506,0.9186353968053899
P205 (39).jpg,P205,1,1.7957310676574707,0.8576284646987915,0.8895986874450533
P205 (4).jpg,P205,1,1.823329210281372,0.8609651327133179,0.8927091641003283
P205 (40).jpg,P205,1,1.01310396194458,0.7336271405220032,0.7644497160226817
P205 (41).jpg,P205,1,1.2094130516052246,0.7701950669288635,0.8030305277172934
P205 (42).jpg,P205,1,0.6488450169563293,0.6567501425743103,0.6800411972416477
P205 (43).jpg,P205,1,-0.0363140255212783,0.4909225106239319,0.4894522955182456
P205 (44).jpg,P205,1,-0.1392786651849746,0.4652365148067474,0.4596274594145971
P205 (45).jpg,P205,1,0.6464022994041443,0.6561992764472961,0.6794232772718679
P205 (46).jpg,P205,1,0.297778308391571,0.5738992691040039,0.58565207721609
P205 (47).jpg,P205,1,0.6409828662872314,0.6549755930900574,0.6780501088624467
P205 (48).jpg,P205,1,-0.0916358977556228,0.4771070182323456,0.47340478177308126
P205 (49).jpg,P205,1,0.4553641080856323,0.6119138598442078,0.6292814250779664
P205 (5).jpg,P205,1,1.7388322353363037,0.8505386710166931,0.8829359767698995
P205 (50).jpg,P205,1,0.5594708323478699,0.6363301277160645,0.6570347745068635
P205 (51).jpg,P205,1,0.0738792866468429,0.5184614062309265,0.5214488531968311
P205 (52).jpg,P205,1,0.5183638334274292,0.6267651319503784,0.6461917874950284
P205 (53).jpg,P205,1,1.6156314611434937,0.8341917395591736,0.8673089527654431
P205 (54).jpg,P205,1,1.1589248180389404,0.7611372470855713,0.7935857287944036
P205 (55).jpg,P205,1,0.8845629096031189,0.7077668905258179,0.7365020627823048
P205 (56).jpg,P205,1,0.7298782467842102,0.6747785210609436,0.7001730723130718
P205 (57).jpg,P205,1,1.571597695350647,0.8280112743377686,0.8613089336497943
P205 (58).jpg,P205,1,1.5153248310089111,0.8198490142822266,0.8533117018860121
P205 (59).jpg,P205,1,1.43272602558136,0.8073256611824036,0.8408859452478471
P205 (6).jpg,P205,1,2.255857467651367,0.905154585838318,0.9322210056979113
P205 (60).jpg,P205,1,1.116397738456726,0.7533199787139893,0.785373437257266
P205 (61).jpg,P205,1,1.5566833019256592,0.8258769512176514,0.8592256996583846
P205 (62).jpg,P205,1,1.6795074939727783,0.8428393602371216,0.8756205710950538
P205 (63).jpg,P205,1,1.5430657863616943,0.8239099383354187,0.8573008222731339
P205 (64).jpg,P205,1,1.5118128061294556,0.8193296790122986,0.8528001440030185
P205 (65).jpg,P205,1,1.948526620864868,0.8752859234809875,0.9058681765007748
P205 (66).jpg,P205,1,2.0886354446411133,0.8897936344146729,0.9188635080640378
P205 (67).jpg,P205,1,1.1988646984100342,0.768322765827179,0.8010845660601157
P205 (68).jpg,P205,1,1.0572686195373535,0.7421682476997375,0.7735649331458062
P205 (69).jpg,P205,1,1.3038382530212402,0.7864802479743958,0.819810852881019
P205 (7).jpg,P205,1,1.1293936967849731,0.7557269930839539,0.7879079832305209
P205 (70).jpg,P205,1,1.7660644054412842,0.853967547416687,0.8861672681167027
P205 (71).jpg,P205,1,1.9178662300109863,0.8719003200531006,0.9027859374554248
P205 (72).jpg,P205,1,1.3032495975494385,0.7863814234733582,0.8197097865587443
P205 (8).jpg,P205,1,0.9922209978103638,0.7295264005661011,0.7600522027780411
P205 (9).jpg,P205,1,1.0417718887329102,0.7391917109489441,0.770395209270459
P041 (1).jpg,P041,1,-1.1836793422698977,0.234391301870346,0.20174214842813884
P041 (10).jpg,P041,1,-0.8356156349182129,0.3024589717388153,0.27468331368945204
P041 (11).jpg,P041,1,-0.7983510494232178,0.3103783726692199,0.28339402742049175
P041 (12).jpg,P041,1,-1.2616876363754272,0.2206835299730301,0.18753805308881924
P041 (13).jpg,P041,1,0.1390977948904037,0.5347185134887695,0.540320339665834
P041 (14).jpg,P041,1,-0.5276890397071838,0.3710560500621795,0.3513347570037342
P041 (15).jpg,P041,1,0.0161787122488021,0.5040445923805237,0.5046997975897402
P041 (16).jpg,P041,1,-0.953402578830719,0.2782010436058044,0.24827033937095092
P041 (17).jpg,P041,1,-0.3782694935798645,0.4065443277359009,0.39184795465897687
P041 (18).jpg,P041,1,-1.2399464845657349,0.2244452983140945,0.19141778336174223
P041 (19).jpg,P041,1,-1.5756324529647827,0.1714149117469787,0.13813195665447844
P041 (2).jpg,P041,1,-0.9640777707099916,0.2760624885559082,0.24596247316524955
P041 (20).jpg,P041,1,-1.119826316833496,0.2460435032844543,0.21395577103014526
P041 (21).jpg,P041,1,-0.8853837251663208,0.2920633852481842,0.2633128796848863
P041 (22).jpg,P041,1,-2.623543739318848,0.0676384717226028,0.04527921348843341
P041 (23).jpg,P041,1,-1.7548580169677734,0.1474355012178421,0.11515293200146687
P041 (24).jpg,P041,1,-1.687981128692627,0.1560415178537368,0.12331102501127687
P041 (25).jpg,P041,1,-1.1609208583831787,0.2384999990463256,0.2060345935444184
P041 (26).jpg,P041,1,-1.5083458423614502,0.1811840683221817,0.14770629722445533
P041 (27).jpg,P041,1,-1.7220962047576904,0.1516013592481613,0.11908911938240749
P041 (28).jpg,P041,1,-1.8709838390350344,0.1334279179573059,0.10210123385219559
P041 (29).jpg,P041,1,-0.9398412704467772,0.2809323966503143,0.25122299827044287
P041 (3).jpg,P041,1,-0.7133399844169617,0.328861266374588,0.30387673504733625
P041 (30).jpg,P041,1,-0.8743279576301575,0.2943545281887054,0.2658124688715887
P041 (31).jpg,P041,1,-1.927329540252685,0.127046450972557,0.09625324426993392
P041 (32).jpg,P041,1,-1.54827618598938,0.1753353774547577,0.1419600935232116
P041 (33).jpg,P041,1,-1.9436051845550537,0.1252523213624954,0.09462059889358702
P041 (34).jpg,P041,1,-1.8897969722747805,0.1312676072120666,0.100114457492709
P041 (35).jpg,P041,1,-2.027853012084961,0.1163094118237495,0.08656036362197815
P041 (36).jpg,P041,1,-1.6394121646881104,0.1625450551509857,0.12954304574473313
P041 (37).jpg,P041,1,-2.0248913764953613,0.1166141480207443,0.08683285732259349
P041 (38).jpg,P041,1,-1.5872801542282104,0.1697668880224228,0.13652850942851463
P041 (39).jpg,P041,1,-1.5273019075393677,0.1783887892961502,0.14495479458057753
P041 (4).jpg,P041,1,-1.3342735767364502,0.2084533423185348,0.17502380655587663
P041 (5).jpg,P041,1,-1.3710211515426636,0.202454924583435,0.1689435072318697
P041 (6).jpg,P041,1,-1.1269547939300537,0.2447235435247421,0.2125659929539776
P041 (7).jpg,P041,1,-1.5185405015945437,0.1796765327453613,0.1462211987987116
P041 (8).jpg,P041,1,-1.1797983646392822,0.235088437795639,0.2024693800802403
P041 (9).jpg,P041,1,-1.3208016157150269,0.2106849551200866,0.177295676524146
P100 (1).jpg,P100,1,1.6353991031646729,0.8369079828262329,0.8699302154472569
P100 (10).jpg,P100,1,1.104210376739502,0.7510481476783752,0.7829766538508445
P100 (100).jpg,P100,1,-0.8691962361335754,0.2954215705394745,0.2669778259995398
P100 (101).jpg,P100,1,-1.1630653142929075,0.2381107658147812,0.20562726148418356
P100 (102).jpg,P100,1,0.216780349612236,0.5539838075637817,0.5626440617816703
P100 (103).jpg,P100,1,0.7277200818061829,0.674304723739624,0.6996463441918622
P100 (104).jpg,P100,1,-1.054417610168457,0.2583777010440826,0.22701588538851716
P100 (105).jpg,P100,1,-0.8306113481521606,0.3035157918930053,0.2758433679112049
P100 (106).jpg,P100,1,-1.7992451190948486,0.1419429779052734,0.11000091306814286
P100 (107).jpg,P100,1,-1.9280152320861816,0.126970425248146,0.09618395605399808
P100 (108).jpg,P100,1,-1.5095298290252686,0.1810084879398346,0.14753318307217095
P100 (109).jpg,P100,1,1.8493062257766724,0.8640456795692444,0.8955662242312394
P100 (11).jpg,P100,1,1.259316086769104,0.778908371925354,0.8120416981187905
P100 (110).jpg,P100,1,1.6964199542999268,0.8450665473937988,0.8777451423527329
P100 (111).jpg,P100,1,1.6748292446136477,0.8422186374664307,0.8750273146018782
P100 (112).jpg,P100,1,1.0124502182006836,0.7334993481636047,0.7643129005168173
P100 (113).jpg,P100,1,1.2770302295684814,0.7819437980651855,0.8151632615405989
P100 (114).jpg,P100,1,1.0910171270370483,0.7485732436180115,0.780360311017079
P100 (115).jpg,P100,1,1.5669108629226685,0.8273428082466125,0.8606570813642483
P100 (116).jpg,P100,1,1.6311347484588623,0.8363250494003296,0.8693684977846657
P100 (117).jpg,P100,1,1.0040546655654907,0.731855034828186,0.7625509970134045
P100 (118).jpg,P100,1,0.5541208982467651,0.6350911855697632,0.6556325497195993
P100 (119).jpg,P100,1,0.518094003200531,0.6267020106315613,0.6461200992693259
P100 (12).jpg,P100,1,0.6825147271156311,0.664299726486206,0.6884934640549083
P100 (120).jpg,P100,1,0.6759267449378967,0.6628289222717285,0.6868492725956952
P100 (121).jpg,P100,1,0.8690404891967773,0.7045460343360901,0.7329867548518021
P100 (122).jpg,P100,1,0.7046921253204346,0.6692272424697876,0.6939933940182796
P100 (123).jpg,P100,1,0.3816999793052673,0.5942830443382263,0.6091015685626998
P100 (124).jpg,P100,1,-0.3581448197364807,0.4114087522029876,0.3974345411987896
P100 (125).jpg,P100,1,-1.0060395002365112,0.2677556276321411,0.23703164524917394
P100 (126).jpg,P100,1,-0.6021494269371033,0.3538520932197571,0.3318786060849441
P100 (127).jpg,P100,1,0.167543813586235,0.5417882204055786,0.5485185331975115
P100 (128).jpg,P100,1,-0.5262522101402283,0.3713914453983307,0.351715351667992
P100 (129).jpg,P100,1,0.4308738112449646,0.6060822606086731,0.6226185353661111
P100 (13).jpg,P100,1,0.5235863924026489,0.6279860138893127,0.647578014073946
P100 (130).jpg,P100,1,0.4693291187286377,0.6152249574661255,0.6330590501550187
P100 (131).jpg,P100,1,0.9738073945045472,0.7258777022361755,0.756128342167988
P100 (132).jpg,P100,1,0.674880862236023,0.6625952124595642,0.6865878131047503
P100 (133).jpg,P100,1,0.2765800356864929,0.5687075853347778,0.5796623290603845
P100 (134).jpg,P100,1,-0.5238849520683289,0.3719442486763,0.35234281386118343
P100 (135).jpg,P100,1,1.2320564985275269,0.7741783261299133,0.8071591735149194
P100 (14).jpg,P100,1,0.8200358748435974,0.6942439675331116,0.7216951576036249
P100 (15).jpg,P100,1,0.6456759572029114,0.6560354232788086,0.6792394172036678
P100 (16).jpg,P100,1,0.557682991027832,0.6359162926673889,0.6565664822801286
P100 (17).jpg,P100,1,0.5129370093345642,0.6254947185516357,0.6447487348097265
P100 (18).jpg,P100,1,0.7529165744781494,0.6798138618469238,0.7057627672971186
P100 (19).jpg,P100,1,0.1387230008840561,0.534625232219696,0.5402121676691698
P100 (2).jpg,P100,1,1.751781940460205,0.8521774411201477,0.8844823596538209
P100 (20).jpg,P100,1,0.8461589813232422,0.6997607946395874,0.7277508164525839
P100 (21).jpg,P100,1,0.4847437143325805,0.6188673973083496,0.6372098816548293
P100 (22).jpg,P100,1,-0.1468988209962844,0.4633411467075348,0.4574290275349307
P100 (23).jpg,P100,1,0.7273097634315491,0.6742146015167236,0.6995461409489495
P100 (24).jpg,P100,1,-0.3919696807861328,0.4032432436943054,0.38806084409251485
P100 (25).jpg,P100,1,-0.5884929299354553,0.3569807112216949,0.3354066420332486
P100 (26).jpg,P100,1,-0.3783822655677795,0.4065171480178833,0.39181672747499596
P100 (27).jpg,P100,1,0.0286769121885299,0.5071687698364258,0.5083299078388392
P100 (28).jpg,P100,1,1.423287868499756,0.8058533668518066,0.8394130796022464
P100 (29).jpg,P100,1,0.1643096655607223,0.5409852266311646,0.547587687284173
P100 (3).jpg,P100,1,1.8012787103652954,0.858304500579834,0.890230217426579
P100 (30).jpg,P100,1,0.5588587522506714,0.6361884474754333,0.6568744857069498
P100 (31).jpg,P100,1,-0.5747213959693909,0.3601480722427368,0.33898310779802887
P100 (32).jpg,P100,1,0.0215152949094772,0.5053786039352417,0.5062498943684897
P100 (33).jpg,P100,1,-0.248748317360878,0.4381316006183624,0.42823724685488995
P100 (34).jpg,P100,1,-0.3915052413940429,0.4033550024032593,0.38818900964889513
P100 (35).jpg,P100,1,-0.6769424080848694,0.3369440734386444,0.31289693610052344
P100 (36).jpg,P100,1,-0.8365256786346436,0.3022670149803161,0.27447268055942015
P100 (37).jpg,P100,1,-0.4828930497169494,0.3815692067146301,0.3632873991044452
P100 (38).jpg,P100,1,-0.7484224438667297,0.3211651444435119,0.2953228480484723
P100 (39).jpg,P100,1,0.1092108935117721,0.5272756218910217,0.5316833911707176
P100 (4).jpg,P100,1,1.439674735069275,0.808404266834259,0.8419633073329097
P100 (40).jpg,P100,1,-0.4773780703544616,0.3828714489936828,0.3647710264409175
P100 (41).jpg,P100,1,-3.339438438415528,0.0342427268624305,0.020224196052073137
P100 (42).jpg,P100,1,-2.048738479614258,0.1141799092292785,0.0846606238612789
P100 (43).jpg,P100,1,-1.988356113433838,0.1204308792948722,0.09025874895606353
P100 (44).jpg,P100,1,-1.4658358097076416,0.1875763684511184,0.15403365031901567
P100 (45).jpg,P100,1,0.7969374060630798,0.6893189549446106,0.7162722593560447
P100 (46).jpg,P100,1,-1.632881999015808,0.1634359359741211,0.13040109860810337
P100 (47).jpg,P100,1,-1.704257249832153,0.1539100557565689,0.12128095775600277
P100 (48).jpg,P100,1,-1.1030635833740234,0.2491662949323654,0.21724986907352864
P100 (49).jpg,P100,1,-1.0561573505401611,0.2580444812774658,0.22666133375381597
P100 (5).jpg,P100,1,1.4512652158737185,0.8101930618286133,0.843747157582382
P100 (50).jpg,P100,1,-0.7418157458305359,0.3226072192192077,0.2969229973011767
P100 (51).jpg,P100,1,-0.6328173279762268,0.3468720018863678,0.3240246801385193
P100 (52).jpg,P100,1,-1.2260230779647827,0.2268782407045364,0.19393444086848408
P100 (53).jpg,P100,1,-1.1025803089141846,0.249256744980812,0.21734538008728072
P100 (54).jpg,P100,1,-1.0047403573989868,0.2680104374885559,0.23730476311048507
P100 (55).jpg,P100,1,-1.1263422966003418,0.2448367327451706,0.21268514704937364
P100 (56).jpg,P100,1,-2.1656932830810547,0.1028738245368003,0.07470632879145239
P100 (57).jpg,P100,1,-0.9745883345603944,0.2739668786525726,0.24370436336664056
P100 (58).jpg,P100,1,-0.8342544436454773,0.3027462363243103,0.27499855403989476
P100 (59).jpg,P100,1,-1.4584558010101318,0.1887036114931106,0.15515443270390814
P100 (6).jpg,P100,1,1.0240110158920288,0.7357531785964966,0.7667242322507092
P100 (60).jpg,P100,1,-1.9192577600479128,0.1279443651437759,0.0970722444668591
P100 (61).jpg,P100,1,-1.0960674285888672,0.2504774928092956,0.21863549851938655
P100 (62).jpg,P100,1,-0.790656566619873,0.3120277225971222,0.28521329902771353
P100 (63).jpg,P100,1,-0.2241555601358413,0.4441946148872375,0.43524820604770076
P100 (64).jpg,P100,1,-0.3795703053474426,0.4062305092811584,0.3914878065619488
P100 (65).jpg,P100,1,-1.2449898719787598,0.2235686331987381,0.1905123617379637
P100 (66).jpg,P100,1,-1.2000705003738403,0.2314626723527908,0.19869225789699732
P100 (67).jpg,P100,1,-1.971317768096924,0.1222474202513694,0.09189769932050694
P100 (68).jpg,P100,1,-1.891451597213745,0.1310790479183197,0.09994137317905394
P100 (69).jpg,P100,1,-3.2315895557403564,0.0379941053688526,0.02286263942259633
P100 (7).jpg,P100,1,1.4826983213424685,0.8149797916412354,0.8485023599306657
P100 (70).jpg,P100,1,-1.9829158782958984,0.1210083439946174,0.09077917350954354
P100 (71).jpg,P100,1,-1.693434715270996,0.1553246825933456,0.12262758448830843
P100 (72).jpg,P100,1,-1.335310935974121,0.2082822173833847,0.17484982405901145
P100 (73).jpg,P100,1,-1.099291205406189,0.2498727440834045,0.21799622120550585
P100 (74).jpg,P100,1,-1.196407914161682,0.2321148365736007,0.19937073116891527
P100 (75).jpg,P100,1,-1.3997538089752195,0.1978551894426345,0.16430752301388754
P100 (76).jpg,P100,1,-1.6644128561019895,0.1591705083847046,0.12630232033610955
P100 (77).jpg,P100,1,-1.4541778564453125,0.189359426498413,0.15580715564489936
P100 (78).jpg,P100,1,-1.3136110305786133,0.2118832319974899,0.17851771309539258
P100 (79).jpg,P100,1,-0.9625717997550964,0.2763635814189911,0.24628717099917966
P100 (8).jpg,P100,1,1.8212864398956297,0.8607204556465149,0.8924815993531686
P100 (80).jpg,P100,1,-0.8411492109298706,0.3012928068637848,0.2734040986127625
P100 (81).jpg,P100,1,-0.9586314558982848,0.277152270078659,0.24713810102478287
P100 (82).jpg,P100,1,-2.0208635330200195,0.1170297190546989,0.08720469619269358
P100 (83).jpg,P100,1,-1.7369580268859863,0.1496997326612472,0.11728931260264863
P100 (84).jpg,P100,1,-1.0573794841766355,0.2578105330467224,0.2264125023296442
P100 (85).jpg,P100,1,-1.0839271545410156,0.252763569355011,0.22105502757405432
P100 (86).jpg,P100,1,-0.6001591682434082,0.3543072640895843,0.33239161020078123
P100 (87).jpg,P100,1,-0.6099032163619995,0.3520812690258026,0.3298838199800287
P100 (88).jpg,P100,1,-0.5386989712715149,0.3684903085231781,0.34842468852188413
P100 (89).jpg,P100,1,-0.8633249402046204,0.2966451346874237,0.26831510972377176
P100 (9).jpg,P100,1,1.0238968133926392,0.7357308864593506,0.7667004962370776
P100 (90).jpg,P100,1,-0.8237269520759583,0.3049730956554413,0.2774442009646885
P100 (91).jpg,P100,1,-2.0660295486450195,0.1124426797032356,0.08311654404161621
P100 (92).jpg,P100,1,-1.5652035474777222,0.1729012429714203,0.1395810121224906
P100 (93).jpg,P100,1,-1.204596757888794,0.2306584864854812,0.19785619523141976
P100 (94).jpg,P100,1,-0.964007556438446,0.2760765254497528,0.24597760543912822
P100 (95).jpg,P100,1,-0.812876284122467,0.3072779178619385,0.2799788983666448
P100 (96).jpg,P100,1,-0.9417003393173218,0.2805569767951965,0.25081685257839076
P100 (97).jpg,P100,1,-1.875067949295044,0.132956400513649,0.10166698000244759
P100 (98).jpg,P100,1,-1.0427696704864502,0.2606159448623657,0.22939976806099066
P100 (99).jpg,P100,1,-1.0458112955093384,0.2600302696228027,0.22877557325111686
P114 (1).jpg,P114,1,1.3411602973937988,0.7926806807518005,0.8261286610482806
P114 (10).jpg,P114,1,1.8136391639709477,0.8598010540008545,0.891625919585667
P114 (11).jpg,P114,1,1.984790802001953,0.879190981388092,0.9094004900449749
P114 (12).jpg,P114,1,1.7146316766738892,0.8474360704421997,0.879997926541892
P114 (13).jpg,P114,1,1.7013981342315674,0.8457173109054565,0.8783645320409684
P114 (14).jpg,P114,1,1.7798281908035278,0.8556756973266602,0.8877706814825466
P114 (15).jpg,P114,1,0.9991767406463624,0.7308967113494873,0.7615231512083309
P114 (16).jpg,P114,1,1.647939920425415,0.8386123776435852,0.8715702466402294
P114 (17).jpg,P114,1,1.7993489503860474,0.858069658279419,0.8900108983394323
P114 (18).jpg,P114,1,1.502010464668274,0.8178741335868835,0.8513645339625135
P114 (19).jpg,P114,1,1.7263472080230713,0.8489445447921753,0.8814281135973429
P114 (2).jpg,P114,1,1.4729830026626587,0.8135103583335876,0.847045454521502
P114 (20).jpg,P114,1,1.7498159408569336,0.8519295454025269,0.8842487394828358
P114 (21).jpg,P114,1,2.4908607006073,0.9234986305236816,0.9475685416978613
P114 (22).jpg,P114,1,1.5234293937683103,0.8210429549217224,0.8544865856600231
P114 (23).jpg,P114,1,2.413540840148926,0.917854070663452,0.9429210118685012
P114 (24).jpg,P114,1,2.4969322681427,0.9239265322685242,0.9479179557671319
P114 (25).jpg,P114,1,2.637462615966797,0.9332339763641356,0.9554148443565712
P114 (26).jpg,P114,1,2.2620396614074707,0.9056839942932128,0.9326735033829419
P114 (27).jpg,P114,1,1.827356457710266,0.8614464402198792,0.8931565586977472
P114 (28).jpg,P114,1,1.9095773696899412,0.8709716796875,0.9019373405539418
P114 (29).jpg,P114,1,1.6938979625701904,0.8447360992431641,0.8774303190106841
P114 (3).jpg,P114,1,1.2854007482528689,0.7833676338195801,0.8166242963400522
P114 (30).jpg,P114,1,2.4209325313568115,0.9184097051620485,0.9433815352195164
P114 (31).jpg,P114,1,2.106846332550049,0.8915668725967407,0.9204272238051665
P114 (32).jpg,P114,1,1.9569263458251955,0.8761999011039734,0.9066971755634278
P114 (33).jpg,P114,1,1.9456857442855835,0.8749753832817078,0.9055863098488158
P114 (34).jpg,P114,1,1.876445174217224,0.8672022819519043,0.8984790873949938
P114 (35).jpg,P114,1,1.8125487565994265,0.8596696257591248,0.8915034240185692
P114 (36).jpg,P114,1,1.5473021268844604,0.8245237469673157,0.8579019814594465
P114 (37).jpg,P114,1,1.6163299083709717,0.8342884182929993,0.8674023271093576
P114 (38).jpg,P114,1,1.731736660003662,0.8496344089508057,0.8820810691704478
P114 (39).jpg,P114,1,2.185145854949951,0.8989076614379883,0.9268412351747711
P114 (4).jpg,P114,1,1.1692551374435425,0.7630103826522827,0.7955451250424042
P114 (40).jpg,P114,1,1.4035639762878418,0.8027487993240356,0.8362995071493311
P114 (41).jpg,P114,1,1.2243415117263794,0.772826611995697,0.8057599214186225
P114 (42).jpg,P114,1,1.21010422706604,0.7703174352645874,0.8031575329354099
P114 (43).jpg,P114,1,0.715874433517456,0.6716979146003723,0.6967458863949929
P114 (44).jpg,P114,1,0.7973264455795288,0.6894022822380066,0.7163641220479502
P114 (45).jpg,P114,1,1.203213810920715,0.7690960168838501,0.8018886367594654
P114 (46).jpg,P114,1,0.9476265907287598,0.7206376194953918,0.7504749212003194
P114 (47).jpg,P114,1,1.2295883893966677,0.7737465500831604,0.806712373720978
P114 (48).jpg,P114,1,1.570676565170288,0.8278800249099731,0.8611810236841493
P114 (49).jpg,P114,1,1.155955195426941,0.7605969905853271,0.7930199032057974
P114 (5).jpg,P114,1,1.3626914024353027,0.7961967587471008,0.8296931582526657
P114 (50).jpg,P114,1,1.7116304636001587,0.8470476865768433,0.8796291606984078
P114 (51).jpg,P114,1,0.9950487017631532,0.7300840020179749,0.7606509324554266
P114 (52).jpg,P114,1,1.0023174285888672,0.7315139770507812,0.7621852873923286
P114 (53).jpg,P114,1,1.9361369609832764,0.873927116394043,0.9046333486348413
P114 (54).jpg,P114,1,0.8990391492843628,0.710752010345459,0.7397535376930663
P114 (55).jpg,P114,1,1.057872295379639,0.7422837615013123,0.7736877813722313
P114 (56).jpg,P114,1,1.058998703956604,0.7424991130828857,0.773916879776478
P114 (57).jpg,P114,1,1.0748388767242432,0.7455160617828369,0.7771211861044358
P114 (58).jpg,P114,1,1.805517673492432,0.8588192462921143,0.8907106339137403
P114 (59).jpg,P114,1,1.1124451160430908,0.7525846362113953,0.784598222847487
P114 (6).jpg,P114,1,1.3529669046401978,0.794614315032959,0.8280904992743398
P114 (60).jpg,P114,1,1.333856463432312,0.7914777994155884,0.8249061981291163
P114 (61).jpg,P114,1,1.0933072566986084,0.7490040063858032,0.7808160853849013
P114 (62).jpg,P114,1,1.1207375526428225,0.7541255354881287,0.786222252821167
P114 (63).jpg,P114,1,0.5003319978713989,0.62253737449646,0.6413867842126852
P114 (64).jpg,P114,1,0.72109454870224,0.6728479862213135,0.6980260039943661
P114 (65).jpg,P114,1,1.05902361869812,0.7425039410591125,0.7739219452889007
P114 (66).jpg,P114,1,1.2515523433685305,0.777568519115448,0.8106608676896152
P114 (67).jpg,P114,1,1.1836607456207275,0.7656053900718689,0.7982543715231486
P114 (68).jpg,P114,1,1.100623369216919,0.7503768801689148,0.782267553898856
P114 (69).jpg,P114,1,1.1867096424102783,0.766152024269104,0.7988243218822061
P114 (7).jpg,P114,1,1.2028615474700928,0.7690334916114807,0.8018236009304787
P114 (70).jpg,P114,1,1.4082295894622805,0.8034865856170654,0.8370403675457463
P114 (71).jpg,P114,1,2.1032958030700684,0.8912230730056763,0.9201245265898771
P114 (72).jpg,P114,1,1.267855525016785,0.7803754210472107,0.8135515381262372
P114 (73).jpg,P114,1,1.2451456785202026,0.7764583826065063,0.8095155574459649
P114 (74).jpg,P114,1,1.904577612876892,0.8704087734222412,0.9014222886391947
P114 (75).jpg,P114,1,1.8774166107177732,0.8673141002655029,0.8985820052053299
P114 (76).jpg,P114,1,1.3343292474746704,0.7915558218955994,0.8249855338205038
P114 (77).jpg,P114,1,1.4319546222686768,0.8072056770324707,0.8407659765854368
P114 (78).jpg,P114,1,2.984260082244873,0.9518579244613647,0.9697553656368731
P114 (79).jpg,P114,1,2.592001438140869,0.930345058441162,0.9531096721523734
P114 (8).jpg,P114,1,1.0101698637008667,0.7330533862113953,0.7638352377675127
P114 (80).jpg,P114,1,1.4974907636642456,0.8171999454498291,0.8506987139349266
P114 (9).jpg,P114,1,1.2976619005203247,0.7854412198066711,0.8187482317398193
P185 (1).jpg,P185,1,1.8602452278137207,0.8653255701065063,0.8967491033004934
P185 (10).jpg,P185,1,3.2881455421447754,0.9640198945999146,0.9785603712348849
P185 (11).jpg,P185,1,3.540813684463501,0.9718270301818848,0.9839275098101607
P185 (12).jpg,P185,1,2.0195887088775635,0.8828385472297668,0.9126773160065307
P185 (13).jpg,P185,1,2.0882511138916016,0.8897560238838196,0.9188302067332327
P185 (14).jpg,P185,1,2.3961353302001958,0.9165321588516236,0.9418226652722622
P185 (15).jpg,P185,1,2.420454263687134,0.9183737635612488,0.9433518437640932
P185 (16).jpg,P185,1,2.215685606002808,0.901649296283722,0.9292113596930661
P185 (17).jpg,P185,1,2.792258977890014,0.9422560930252076,0.9624792649977946
P185 (18).jpg,P185,1,2.825430393218994,0.9440346360206604,0.9638467046227254
P185 (19).jpg,P185,1,2.7443737983703613,0.939594864845276,0.960417310246565
P185 (2).jpg,P185,1,2.701564073562622,0.9371188282966614,0.9584822851295056
P185 (20).jpg,P185,1,2.3685553073883057,0.9143978357315063,0.9400415942199353
P185 (21).jpg,P185,1,2.712854385375977,0.9377809166908264,0.959001229495393
P185 (22).jpg,P185,1,2.079017400741577,0.8888469934463501,0.9180263735082672
P185 (23).jpg,P185,1,1.838360071182251,0.8627546429634094,0.8943706047333946
P185 (24).jpg,P185,1,1.8027938604354856,0.8584886789321899,0.8904021469195236
P185 (25).jpg,P185,1,2.0368852615356445,0.8846156597137451,0.9142658996017515
P185 (26).jpg,P185,1,1.966822862625122,0.8772693872451782,0.9076654895585806
P185 (27).jpg,P185,1,1.4327303171157837,0.8073263764381409,0.8408866124623604
P185 (28).jpg,P185,1,1.8518285751342771,0.864341676235199,0.8958400336422475
P185 (29).jpg,P185,1,2.1592371463775635,0.8965287804603577,0.9247734314818414
P185 (3).jpg,P185,1,3.1110682487487797,0.95734703540802,0.9737905642927163
P185 (30).jpg,P185,1,1.8953630924224851,0.8693658113479614,0.9004667367643269
P185 (31).jpg,P185,1,1.7535738945007324,0.8524029850959778,0.8846949407424195
P185 (32).jpg,P185,1,1.5975778102874756,0.8316795825958252,0.8648760101268288
P185 (33).jpg,P185,1,2.5796613693237305,0.9295410513877868,0.9524646492349296
P185 (34).jpg,P185,1,2.299988269805908,0.9088760614395142,0.9353902080877395
P185 (35).jpg,P185,1,2.8281826972961426,0.944179892539978,0.9639579843621614
P185 (36).jpg,P185,1,2.443140983581543,0.9200584292411804,0.944744256080903
P185 (37).jpg,P185,1,2.7757411003112797,0.941350758075714,0.9617799322969206
P185 (38).jpg,P185,1,2.966740369796753,0.9510487914085388,0.9691525234863209
P185 (39).jpg,P185,1,2.738898754119873,0.9392833113670348,0.9601747422906836
P185 (4).jpg,P185,1,2.01983380317688,0.8828638195991516,0.9127000112311371
P185 (40).jpg,P185,1,3.1276631355285645,0.9580195546150208,0.9742782526222172
P185 (41).jpg,P185,1,3.019099235534668,0.9534295797348022,0.970920420500423
P185 (42).jpg,P185,1,2.7959797382354736,0.942458152770996,0.9626350889451977
P185 (43).jpg,P185,1,2.347043752670288,0.9126989841461182,0.9386171102587865
P185 (44).jpg,P185,1,2.198319435119629,0.900098443031311,0.9278724440619563
P185 (45).jpg,P185,1,2.58574652671814,0.9299386143684388,0.952783770919367
P185 (46).jpg,P185,1,2.2921741008758545,0.9082267880439758,0.9348392744561419
P185 (47).jpg,P185,1,2.1090683937072754,0.8917814493179321,0.9206161301391522
P185 (48).jpg,P185,1,2.0710701942443848,0.8880593776702881,0.9173287381841799
P185 (49).jpg,P185,1,1.831902027130127,0.8619881272315979,0.8936595607912997
P185 (5).jpg,P185,1,2.6399073600769043,0.933386206626892,0.9555356985908453
P185 (50).jpg,P185,1,2.6482701301574707,0.9339043498039246,0.9559467488053994
P185 (51).jpg,P185,1,2.251772880554199,0.9048033356666564,0.9319204941361067
P185 (52).jpg,P185,1,2.501852512359619,0.9242716431617736,0.9481994966529503
P185 (53).jpg,P185,1,2.826848030090332,0.9441095590591432,0.9639040630227336
P185 (54).jpg,P185,1,2.197285890579224,0.900005578994751,0.9277920266946049
P185 (55).jpg,P185,1,1.9920051097869875,0.8799550533294678,0.9100888144857121
P185 (56).jpg,P185,1,2.278055191040039,0.9070432186126708,0.9338327331642852
P185 (57).jpg,P185,1,2.716219663619995,0.9379770159721376,0.959154705182706
P185 (58).jpg,P185,1,2.8709287643432617,0.9463904500007628,0.9656444953751835
P185 (59).jpg,P185,1,3.0131635665893555,0.9531652331352234,0.9707250492750058
P185 (6).jpg,P185,1,2.2561349868774414,0.905178427696228,0.9322413786767463
P185 (60).jpg,P185,1,3.536957263946533,0.9717212319374084,0.9838564897994397
P185 (61).jpg,P185,1,2.8165178298950195,0.9435619115829468,0.9634840828625102
P185 (62).jpg,P185,1,1.4283576011657717,0.8066453337669373,0.8402055995230716
P185 (63).jpg,P185,1,1.6727944612503052,0.8419480323791504,0.8747685243317562
P185 (64).jpg,P185,1,1.969919204711914,0.8776024580001831,0.9079665888865627
P185 (65).jpg,P185,1,1.7209372520446775,0.8482495546340942,0.8807695290809113
P185 (66).jpg,P185,1,1.5694172382354736,0.8277004957199097,0.8610059909453115
P185 (67).jpg,P185,1,1.7002546787261963,0.8455680012702942,0.8782225018726298
P185 (68).jpg,P185,1,1.920588731765747,0.8722041249275208,0.9030632290007613
P185 (69).jpg,P185,1,1.939407467842102,0.8742870092391968,0.904960707670834
P185 (7).jpg,P185,1,2.1576173305511475,0.8963784575462341,0.9246423843686726
P185 (70).jpg,P185,1,1.903759241104126,0.8703163862228394,0.9013377546364144
P185 (71).jpg,P185,1,2.2293295860290527,0.9028525352478028,0.9302471522729394
P185 (72).jpg,P185,1,2.843428611755371,0.9449780583381652,0.9645684515477235
P185 (73).jpg,P185,1,2.9436264038085938,0.9499613642692566,0.968339365377126
P185 (74).jpg,P185,1,3.07094669342041,0.9556783437728882,0.9725740166295281
P185 (75).jpg,P185,1,3.2784149646759038,0.963680863380432,0.9783218630907342
P185 (76).jpg,P185,1,3.218658924102783,0.9615304470062256,0.9767992753122511
P185 (77).jpg,P185,1,2.997241973876953,0.9524493217468262,0.9701946863116825
P185 (78).jpg,P185,1,2.9730656147003174,0.9513424038887024,0.9693715013293456
P185 (79).jpg,P185,1,1.980236530303955,0.8787063360214233,0.9089635227893448
P185 (8).jpg,P185,1,3.058865785598755,0.9551637172698976,0.9721970733808653
P185 (80).jpg,P185,1,2.3661553859710693,0.91420978307724,0.9398842194364644
P185 (81).jpg,P185,1,2.3498263359069824,0.9129204750061036,0.9388031373018132
P185 (82).jpg,P185,1,2.423595905303955,0.9186090230941772,0.9435466134163997
P185 (83).jpg,P185,1,2.343303203582764,0.912400484085083,0.9383662064735523
P185 (9).jpg,P185,1,2.7064900398254395,0.9374085068702698,0.958709469013527
