image_id,patient_id,label,logit,prob,prob_calibrated
P055 (1).jpg,P055,0,0.026220366358757,0.5065547227859497,0.5070126186914568
P055 (10).jpg,P055,0,0.2664147317409515,0.5662124752998352,0.5707785761657841
P055 (2).jpg,P055,0,0.1162644177675247,0.5290334224700928,0.531056843574655
P055 (3).jpg,P055,0,-0.0270486958324909,0.4932382702827453,0.49276587561268914
P055 (4).jpg,P055,0,0.0632217228412628,0.5158001780509949,0.5169032705817307
P055 (5).jpg,P055,0,0.0617241412401199,0.5154260993003845,0.5165031641969419
P055 (6).jpg,P055,0,0.234391987323761,0.5583311915397644,0.562365605891169
P055 (7).jpg,P055,0,0.156239166855812,0.5389805436134338,0.5416917662540245
P055 (8).jpg,P055,0,0.1940203458070755,0.5483534932136536,0.5517084750747449
P055 (9).jpg,P055,0,0.1172839328646659,0.5292873978614807,0.531328468774173
P115 (1).jpg,P115,0,-0.048303160816431,0.4879265427589416,0.48708338065155976
P115 (10).jpg,P115,0,-0.1421248167753219,0.4645285010337829,0.4620593969880224
P115 (11).jpg,P115,0,-0.0892823413014411,0.4776941835880279,0.4761380747240981
P115 (12).jpg,P115,0,-0.0659456104040145,0.4835195541381836,0.4823690488234867
P115 (13).jpg,P115,0,-0.0746102109551429,0.4813560843467712,0.480054831866034
P115 (14).jpg,P115,0,-0.0860874056816101,0.4784914553165436,0.4769907365076513
P115 (15).jpg,P115,0,-0.0971941277384758,0.47572061419487,0.4740271928105673
P115 (16).jpg,P115,0,-0.0759168192744255,0.4810299277305603,0.4797059233487129
P115 (17).jpg,P115,0,-0.0668180137872695,0.4833017289638519,0.48213600383258065
P115 (18).jpg,P115,0,-0.047778233885765,0.4880577623844147,0.48722368851632647
P115 (19).jpg,P115,0,-0.065591350197792,0.4836080372333526,0.48246368449707955
P115 (2).jpg,P115,0,-0.0186923183500766,0.4953270852565765,0.4950005912796521
P115 (20).jpg,P115,0,-0.0658720582723617,0.4835379719734192,0.48238869714589033
P115 (21).jpg,P115,0,-0.0935251861810684,0.4766357541084289,0.475005963605525
P115 (22).jpg,P115,0,-0.0846214443445205,0.4788572490215301,0.4773820162516963
P115 (23).jpg,P115,0,-0.0502294190227985,0.4874452948570251,0.486568528170232
P115 (24).jpg,P115,0,-0.0623849630355834,0.4844087958335876,0.48332028250465847
P115 (25).jpg,P115,0,-0.0709257945418357,0.4822759628295898,0.481038799069543
P115 (26).jpg,P115,0,-0.0659051686525344,0.4835297167301178,0.4823798522095723
P115 (27).jpg,P115,0,-0.0469987913966178,0.4882524609565735,0.48743202962321863
P115 (28).jpg,P115,0,-0.0298760086297988,0.4925315380096435,0.4920098386088846
P115 (29).jpg,P115,0,-0.0612662471830844,0.484688252210617,0.4836191748439803
P115 (3).jpg,P115,0,-0.0266698002815246,0.493332952260971,0.4928671966905232
P115 (30).jpg,P115,0,-0.0437012985348701,0.4890764057636261,0.4883134805472769
P115 (31).jpg,P115,0,-0.0102030886337161,0.4974492490291595,0.4972710392139546
P115 (32).jpg,P115,0,-0.0276499837636947,0.4930879771709442,0.49260508544852855
P115 (33).jpg,P115,0,-0.0364397950470447,0.4908910989761352,0.4902547974068332
P115 (34).jpg,P115,0,-0.0869912877678871,0.4782659113407135,0.4767494953812093
P115 (35).jpg,P115,0,-0.0832521021366119,0.4791989624500274,0.4777475324702276
P115 (36).jpg,P115,0,-0.051927663385868,0.4870210289955139,0.486114643092816
P115 (37).jpg,P115,0,-0.0523176491260528,0.4869235455989837,0.4860104158880781
P115 (38).jpg,P115,0,-0.0997501090168953,0.4750831723213196,0.4733454461165171
P115 (39).jpg,P115,0,-0.064999371767044,0.4837559163570404,0.4826218260832029
P115 (4).jpg,P115,0,-0.0087824957445263,0.4978043735027313,0.49765099089031917
P115 (40).jpg,P115,0,-0.0660566017031669,0.4834918677806854,0.4823393993056826
P115 (41).jpg,P115,0,-0.0883011445403099,0.4779390394687652,0.47639992113811847
P115 (42).jpg,P115,0,-0.087746225297451,0.4780775010585785,0.47654801504177935
P115 (43).jpg,P115,0,-0.1015740782022476,0.4746282994747162,0.472859006702083
P115 (44).jpg,P115,0,-0.0822902098298072,0.4794390499591827,0.47800430304373964
P115 (45).jpg,P115,0,-0.0712723359465599,0.4821894764900207,0.4809462446823848
P115 (5).jpg,P115,0,-0.0405027531087398,0.4898757040500641,0.4891685513875731
P115 (6).jpg,P115,0,-0.051160916686058,0.487212598323822,0.4863195665732982
P115 (7).jpg,P115,0,-0.1298498958349228,0.467583030462265,0.46532520744131217
P115 (8).jpg,P115,0,-0.0684492141008377,0.4828944206237793,0.4817002824544786
P115 (9).jpg,P115,0,-0.0972178727388382,0.4757146835327148,0.4740208589517146
P167 (1).jpg,P167,0,0.2979898154735565,0.5739510655403137,0.5790341098801757
P167 (10).jpg,P167,0,0.358062595129013,0.5885714292526245,0.594615621947566
P167 (11).jpg,P167,0,0.3779371082782745,0.5933754444122314,0.599730562464921
P167 (12).jpg,P167,0,0.3706135749816894,0.5916072130203247,0.5978482293476667
P167 (13).jpg,P167,0,0.3700145483016968,0.5914624929428101,0.5976941358695358
P167 (14).jpg,P167,0,0.279344230890274,0.5693854689598083,0.5741641226522007
P167 (15).jpg,P167,0,0.2215341627597808,0.5551581382751465,0.5589772148484942
P167 (16).jpg,P167,0,0.2129220813512802,0.5530303120613098,0.5567045981879115
P167 (17).jpg,P167,0,0.1708772629499435,0.5426156520843506,0.5455771336075514
P167 (18).jpg,P167,0,-0.0051260432228446,0.4987184405326843,0.4986289568492759
P167 (19).jpg,P167,0,-0.0384298637509346,0.4903936982154846,0.4897227334573875
P167 (2).jpg,P167,0,0.2822608053684234,0.5701004266738892,0.5749268695793449
P167 (3).jpg,P167,0,0.3131747841835022,0.5776599645614624,0.5829889423287379
P167 (4).jpg,P167,0,0.3930379152297973,0.5970137715339661,0.60360251557874
P167 (5).jpg,P167,0,0.314059168100357,0.5778757333755493,0.5832189511706944
P167 (6).jpg,P167,0,0.4891475737094879,0.6199055910110474,0.6279244718288635
P167 (7).jpg,P167,0,0.3621221482753753,0.5895540714263916,0.5956621054419763
P167 (8).jpg,P167,0,0.3103598058223724,0.5769730806350708,0.582256588225792
P167 (9).jpg,P167,0,0.3187750875949859,0.5790256857872009,0.5844448444990871
P123 (1).jpg,P123,0,-0.1019667163491249,0.4745303988456726,0.47275429965083243
P123 (10).jpg,P123,0,-0.0680830404162406,0.4829858243465423,0.48179809128151396
P123 (11).jpg,P123,0,-0.0383823066949844,0.4904056191444397,0.48973544802551927
P123 (12).jpg,P123,0,-0.0245557613670825,0.4938613772392273,0.4934325258093393
P123 (13).jpg,P123,0,-0.0952414646744728,0.4762075841426849,0.47454808423281053
P123 (14).jpg,P123,0,-0.0599635913968086,0.4850136041641235,0.4839672259961984
P123 (15).jpg,P123,0,-0.06375353038311,0.4840669929981231,0.48295465246990604
P123 (16).jpg,P123,0,-0.0997641682624816,0.475079596042633,0.4733416964225011
P123 (17).jpg,P123,0,-0.0501253753900527,0.4874712526798248,0.4865963363522052
P123 (18).jpg,P123,0,-0.0240219756960868,0.4939947724342346,0.4935752716763105
P123 (19).jpg,P123,0,-0.1318780779838562,0.4670781791210174,0.46478538574066586
P123 (2).jpg,P123,0,-0.0568397343158721,0.4857938885688782,0.4848019390412089
P123 (20).jpg,P123,0,-0.0663168430328369,0.4834268987178802,0.4822698805611176
P123 (21).jpg,P123,0,-0.1359989196062088,0.4660525619983673,0.4636888364277676
P123 (22).jpg,P123,0,-0.0530255027115345,0.4867466986179352,0.4858212387508979
P123 (23).jpg,P123,0,-0.097085602581501,0.4757476449012756,0.4740561414541332
P123 (24).jpg,P123,0,-0.1140991896390914,0.4715060889720917,0.469520090066524
P123 (25).jpg,P123,0,-0.0523916706442832,0.4869050681591034,0.4859906331071476
P123 (26).jpg,P123,0,-0.0620712600648403,0.4844871461391449,0.4834040947416202
P123 (27).jpg,P123,0,-0.0611192733049392,0.4847249388694763,0.4836584433908055
P123 (28).jpg,P123,0,-0.0857751816511154,0.4785693287849426,0.47707406987382894
P123 (29).jpg,P123,0,-0.1237676665186882,0.4690974950790405,0.46694453791657964
P123 (3).jpg,P123,0,-0.022892627865076,0.4942770898342132,0.493877287207446
P123 (30).jpg,P123,0,-0.1283267885446548,0.4679622948169708,0.46573065171337685
P123 (31).jpg,P123,0,-0.0492924451828002,0.4876793622970581,0.4868189601098919
P123 (32).jpg,P123,0,-0.0530367791652679,0.4867439270019531,0.48581822509933287
P123 (33).jpg,P123,0,-0.0349468365311622,0.4912641644477844,0.4906539687422968
P123 (34).jpg,P123,0,-0.0807823538780212,0.4798153638839721,0.47840683822152913
P123 (35).jpg,P123,0,-0.0604477562010288,0.4848926663398742,0.48383786219257957
P123 (36).jpg,P123,0,-0.1004000604152679,0.4749210178852081,0.47317210291947276
P123 (37).jpg,P123,0,-0.0708921328186988,0.4822843968868255,0.48104778952256827
P123 (38).jpg,P123,0,-0.0219902954995632,0.4945026338100433,0.49411859641260825
P123 (39).jpg,P123,0,-0.0504073314368724,0.4874008297920227,0.4865209769592625
P123 (4).jpg,P123,0,-0.0679287016391754,0.483024388551712,0.48183931720396284
P123 (40).jpg,P123,0,-0.0429255366325378,0.489270269870758,0.48852085978022713
P123 (41).jpg,P123,0,-0.0937384068965911,0.4765825569629669,0.4749490769645898
P123 (42).jpg,P123,0,-0.0767623111605644,0.4808188378810882,0.47948015900909696
P123 (43).jpg,P123,0,-0.0629072487354278,0.4842783808708191,0.4831807451614853
P123 (44).jpg,P123,0,-0.0578822754323482,0.4855334460735321,0.4845233562454224
P123 (45).jpg,P123,0,-0.0663693621754646,0.4834137856960296,0.48225585110919444
P123 (46).jpg,P123,0,-0.0909621119499206,0.4772751331329345,0.4756898343894095
P123 (47).jpg,P123,0,0.0277217999100685,0.5069299936294556,0.5074141187767103
P123 (48).jpg,P123,0,-0.0025959061458706,0.4993510246276855,0.49930568163022127
P123 (49).jpg,P123,0,-0.0395060777664184,0.490124762058258,0.4894350069451655
P123 (5).jpg,P123,0,-0.0819839835166931,0.4795155227184295,0.47808605050986575
P123 (50).jpg,P123,0,-0.0296169631183147,0.4925963282585144,0.4920791071527961
P123 (51).jpg,P123,0,-0.090934082865715,0.4772821366786957,0.47569731352338696
P123 (52).jpg,P123,0,-0.0202417187392711,0.4949397444725036,0.49458622301268373
P123 (53).jpg,P123,0,-0.0514947548508644,0.4871291816234588,0.48623034321539077
P123 (54).jpg,P123,0,-0.0259997248649597,0.4935004711151123,0.49304638408071566
P123 (55).jpg,P123,0,0.0371869131922721,0.5092957019805908,0.5099449544462882
P123 (6).jpg,P123,0,-0.0919799655675888,0.4770212173461914,0.47541824307753244
P123 (7).jpg,P123,0,-0.0497907474637031,0.4875548779964447,0.48668577433577814
P123 (8).jpg,P123,0,-0.0641744285821914,0.4839618802070617,0.4828422078566753
P123 (9).jpg,P123,0,-0.0501691699028015,0.4874603748321533,0.4865846311973483
P124 (1).jpg,P124,0,-0.055513821542263,0.486125111579895,0.4851562566630861
P124 (10).jpg,P124,0,-0.0223047472536563,0.494424045085907,0.4940345027996452
P124 (11).jpg,P124,0,-0.0438225455582141,0.4890461266040802,0.4882810687543903
P124 (12).jpg,P124,0,-0.0673038586974144,0.4831804037094116,0.482006223513792
P124 (13).jpg,P124,0,-0.0583692267537117,0.4854118525981903,0.48439323875282136
P124 (14).jpg,P124,0,-0.0731961652636528,0.4817091226577759,0.4804324516992284
P124 (15).jpg,P124,0,-0.0675237625837326,0.4831254780292511,0.4819474829390887
P124 (16).jpg,P124,0,-0.0379564203321933,0.4905120134353637,0.4898493110292126
P124 (17).jpg,P124,0,-0.0189605019986629,0.4952600598335266,0.49492886832108896
P124 (18).jpg,P124,0,-0.0426126942038536,0.4893484115600586,0.48860449097323033
P124 (19).jpg,P124,0,-0.0567364245653152,0.4858196973800659,0.4848295454903562
P124 (2).jpg,P124,0,-0.0284698344767093,0.492883026599884,0.49238585197012263
P124 (20).jpg,P124,0,-0.0743309408426284,0.4814258217811584,0.48012940894627165
P124 (3).jpg,P124,0,-0.0475950688123703,0.4881034791469574,0.48727264723454555
P124 (4).jpg,P124,0,-0.0103483041748404,0.4974128901958465,0.49723220004547913
P124 (5).jpg,P124,0,-0.0704326629638671,0.4823991060256958,0.4811705070480844
P124 (6).jpg,P124,0,-0.0172158069908618,0.4956961274147033,0.495395472662418
P124 (7).jpg,P124,0,-0.0251321643590927,0.4937172830104828,0.49327838434938837
P124 (8).jpg,P124,0,-0.0284430235624313,0.4928897023200989,0.49239302133926205
P124 (9).jpg,P124,0,-0.0379007309675216,0.4905259609222412,0.4898641999577143
P164 (1).jpg,P164,0,-0.0503672882914543,0.4874108731746673,0.48653167939554465
P164 (10).jpg,P164,0,-0.0835347175598144,0.4791284799575805,0.4776720924447588
P164 (11).jpg,P164,0,-0.0116864377632737,0.4970784187316894,0.49687430612844197
P164 (12).jpg,P164,0,-0.0655597820878028,0.483615905046463,0.4824721175385598
P164 (13).jpg,P164,0,-0.0304961577057838,0.4923765957355499,0.4918440125379947
P164 (14).jpg,P164,0,-0.0232040844857692,0.4941992461681366,0.4937939955512585
P164 (15).jpg,P164,0,0.0674400329589843,0.5168536305427551,0.5180301513199337
P164 (16).jpg,P164,0,-0.0657332018017768,0.4835726320743561,0.4824257906679413
P164 (17).jpg,P164,0,-0.0071165729314088,0.498220831155777,0.49809656191526636
P164 (18).jpg,P164,0,-0.0183041170239448,0.4954240918159485,0.49510441209541534
P164 (19).jpg,P164,0,-0.0429717563092708,0.489258736371994,0.48850850407223806
P164 (2).jpg,P164,0,-0.0332186035811901,0.4916961193084717,0.4911160600980547
P164 (20).jpg,P164,0,-0.0839941650629043,0.4790137708187103,0.4775494518750848
P164 (21).jpg,P164,0,-0.1024410277605056,0.4744121134281158,0.47262781552215943
P164 (22).jpg,P164,0,-0.0823302268981933,0.4794290363788605,0.4779936205283037
P164 (23).jpg,P164,0,-0.0985408872365951,0.4753847122192383,0.4736679647887092
P164 (24).jpg,P164,0,-0.0676333755254745,0.4830980896949768,0.4819182033918029
P164 (25).jpg,P164,0,-0.0777984410524368,0.480560153722763,0.47920350169992076
P164 (26).jpg,P164,0,-0.101633071899414,0.4746135771274566,0.47284327436416695
P164 (27).jpg,P164,0,-0.1137897372245788,0.471583217382431,0.46960255158250985
P164 (28).jpg,P164,0,-0.0902124047279357,0.4774622023105621,0.47588988608084304
P164 (29).jpg,P164,0,-0.1325369179248809,0.4669141769409179,0.46461004635163755
P164 (3).jpg,P164,0,0.0633105933666229,0.5158223509788513,0.5169270132960028
P164 (30).jpg,P164,0,-0.0661498829722404,0.4834685623645782,0.4823144808301305
P164 (31).jpg,P164,0,-0.0851851403713226,0.4787165820598602,0.4772315568326332
P164 (32).jpg,P164,0,-0.0883494690060615,0.4779269993305206,0.4763870247571173
P164 (33).jpg,P164,0,-0.0945131629705429,0.4763893187046051,0.47474237987532114
P164 (34).jpg,P164,0,-0.0767690539360046,0.4808171987533569,0.47947835857801996
P164 (35).jpg,P164,0,-0.0872869044542312,0.4781921207904815,0.47667059927228855
P164 (36).jpg,P164,0,-0.0616852268576622,0.4845835268497467,0.4835072327781471
P164 (37).jpg,P164,0,-0.1163327172398567,0.4709495604038238,0.4689249591019053
P164 (38).jpg,P164,0,-0.0849908739328384,0.4787651002407074,0.4772834091640908
P164 (39).jpg,P164,0,-0.0747538954019546,0.4813202321529388,0.48001646231130407
P164 (4).jpg,P164,0,-0.0501814410090446,0.4874572455883026,0.4865813514466609
P164 (40).jpg,P164,0,-0.1075013428926467,0.4731504917144775,0.4712786085193424
P164 (41).jpg,P164,0,-0.091743104159832,0.4770803153514862,0.4754814429169385
P164 (42).jpg,P164,0,-0.0824676752090454,0.4793947339057922,0.47795692899580816
P164 (43).jpg,P164,0,-0.0837995857000351,0.4790623486042022,0.47760139071973223
P164 (44).jpg,P164,0,-0.1124444752931594,0.4719184935092926,0.4699610502880467
P164 (45).jpg,P164,0,-0.0787686333060264,0.480318009853363,0.478944461976958
P164 (46).jpg,P164,0,-0.1045037060976028,0.4738978445529938,0.472077804319314
P164 (47).jpg,P164,0,-0.1194314286112785,0.4701776206493377,0.4680994437212634
P164 (48).jpg,P164,0,-0.0799915343523025,0.4800127744674682,0.4786179655728983
P164 (49).jpg,P164,0,-0.1169117838144302,0.470805287361145,0.4687706792184594
P164 (5).jpg,P164,0,-0.086184412240982,0.4784672260284424,0.4769648454775719
P164 (50).jpg,P164,0,-0.0445232838392257,0.4888710081577301,0.4880937491129823
P164 (51).jpg,P164,0,-0.0386996641755104,0.4903262853622436,0.4896506014925611
P164 (52).jpg,P164,0,-0.0307264067232608,0.4923190176486969,0.49178244507097785
P164 (53).jpg,P164,0,-0.0637740939855575,0.4840618669986725,0.4829491587822429
P164 (54).jpg,P164,0,-0.0613458044826984,0.4846683144569397,0.48359791877326613
P164 (55).jpg,P164,0,-0.1046206653118133,0.4738686680793762,0.47204661927491637
P164 (56).jpg,P164,0,-0.0945027917623519,0.476391851902008,0.47474514675184004
P164 (57).jpg,P164,0,-0.0885242596268653,0.477883368730545,0.47634037853569267
P164 (58).jpg,P164,0,-0.0978952497243881,0.4755457043647766,0.47384017559280783
P164 (59).jpg,P164,0,-0.0961270257830619,0.4759867787361145,0.4743118454620821
P164 (6).jpg,P164,0,0.0122343366965651,0.5030585527420044,0.5032722326687338
P164 (60).jpg,P164,0,-0.0499194636940956,0.487522691488266,0.4866513714869308
P164 (61).jpg,P164,0,-0.0542306341230869,0.4864456951618194,0.485499171195308
P164 (62).jpg,P164,0,-0.0829427689313888,0.479276180267334,0.47783010557770456
P164 (63).jpg,P164,0,-0.0292907357215881,0.4926778376102447,0.4921663405065764
P164 (64).jpg,P164,0,-0.0761352926492691,0.480975329875946,0.4796475855070141
P164 (65).jpg,P164,0,-0.0033408408053219,0.4991647899150848,0.49910643681520034
P164 (66).jpg,P164,0,-0.1117562279105186,0.472089946269989,0.47014447326802833
P164 (67).jpg,P164,0,-0.1048510521650314,0.4738112390041351,0.47198519145466916
P164 (68).jpg,P164,0,-0.0811043009161949,0.4797350168228149,0.47832088930488137
P164 (69).jpg,P164,0,-0.0736508592963218,0.4815956354141235,0.4803110235420355
P164 (7).jpg,P164,0,-0.0185590796172618,0.4953603744506836,0.4950362246850839
P164 (70).jpg,P164,0,-0.0738579854369163,0.4815438687801361,0.4802557103126598
P164 (71).jpg,P164,0,-0.0985053852200508,0.475393533706665,0.47367743407426743
P164 (72).jpg,P164,0,-0.07418954372406,0.4814611375331878,0.4801671683703772
P164 (8).jpg,P164,0,0.0762450993061065,0.5190520882606506,0.5203817354003994
P164 (9).jpg,P164,0,-0.0695022046566009,0.4826314747333526,0.4814190254872223
P052 (1).jpg,P052,0,-0.0960189849138259,0.4760136604309082,0.4743406666223273
P052 (10).jpg,P052,0,-0.0728004872798919,0.4818078875541687,0.48053812122759354
P052 (11).jpg,P052,0,-0.0986406505107879,0.4753597974777221,0.47364135550217124
P052 (12).jpg,P052,0,-0.0863474532961845,0.4784265160560608,0.476921330133541
P052 (13).jpg,P052,0,-0.0456492640078067,0.4885896742343902,0.4877927618774809
P052 (14).jpg,P052,0,-0.0372370965778827,0.4906918108463287,0.4900416284792767
P052 (15).jpg,P052,0,-0.0364910289645195,0.4908782839775085,0.4902410992456821
P052 (16).jpg,P052,0,-0.0547836422920227,0.4863075017929077,0.48535138552726
P052 (17).jpg,P052,0,-0.0414727367460727,0.4896332919597626,0.488909237616013
P052 (18).jpg,P052,0,-0.0961124002933502,0.4759903848171234,0.4743157469717969
P052 (19).jpg,P052,0,-0.0760857984423637,0.4809876978397369,0.4796608016465006
P052 (2).jpg,P052,0,0.0487578064203262,0.5121870636940002,0.5130381400536849
P052 (20).jpg,P052,0,-0.1290441900491714,0.4677836000919342,0.46553967700350724
P052 (21).jpg,P052,0,0.0351280979812145,0.5087811350822449,0.5093944956580511
P052 (22).jpg,P052,0,0.1538485437631607,0.5383864641189575,0.5410567321935299
P052 (23).jpg,P052,0,0.195544496178627,0.5487309694290161,0.5521117407207462
P052 (24).jpg,P052,0,0.0694936141371727,0.5173664093017578,0.5185786800064116
P052 (25).jpg,P052,0,0.2084809690713882,0.5519322752952576,0.5555317118260318
P052 (26).jpg,P052,0,0.2071545869112014,0.5516042113304138,0.5551812970595738
P052 (27).jpg,P052,0,0.5024466514587402,0.6230341792106628,0.6312425980944671
P052 (3).jpg,P052,0,-0.03195096924901,0.4920129477977752,0.49145500724279684
P052 (4).jpg,P052,0,-0.0311566069722175,0.4922114312648773,0.4916674122868932
P052 (5).jpg,P052,0,-0.0316843278706073,0.4920795559883117,0.49152630431364225
P052 (6).jpg,P052,0,-0.0312642268836498,0.4921845197677612,0.4916386355511419
P052 (7).jpg,P052,0,-0.0452210158109664,0.4886966943740845,0.4879072364332739
P052 (8).jpg,P052,0,-0.0227805934846401,0.4943050742149353,0.4939072482178661
P052 (9).jpg,P052,0,-0.0238944441080093,0.494026631116867,0.4936093765452
P049 (1).jpg,P049,0,0.1254131942987442,0.5313122868537903,0.5334936369576462
P049 (10).jpg,P049,0,0.0152613734826445,0.5038152933120728,0.5040818206716232
P049 (11).jpg,P049,0,0.1735533326864242,0.543279767036438,0.5462868531094198
P049 (12).jpg,P049,0,0.0701716542243957,0.5175356864929199,0.5187597804089933
P049 (13).jpg,P049,0,0.0588446259498596,0.5147069096565247,0.5157337898736228
P049 (14).jpg,P049,0,0.2461598962545395,0.5612311363220215,0.565461690599545
P049 (15).jpg,P049,0,-0.0516858845949173,0.4870814383029938,0.4861792612613298
P049 (16).jpg,P049,0,0.3525168299674988,0.5872277617454529,0.5931846295228507
P049 (17).jpg,P049,0,0.1379009187221527,0.5344206690788269,0.5368171647051234
P049 (18).jpg,P049,0,0.1529203802347183,0.5381557941436768,0.5408101430692975
P049 (19).jpg,P049,0,0.2376200705766677,0.5591270923614502,0.5632153944919199
P049 (2).jpg,P049,0,0.1641347110271453,0.5409418344497681,0.5437881288266997
P049 (20).jpg,P049,0,0.0327686853706836,0.5081914663314819,0.5087636391778807
P049 (21).jpg,P049,0,-0.11182801425457,0.4720720946788788,0.47012534130277855
P049 (22).jpg,P049,0,-0.0678106993436813,0.4830538034439087,0.4818708373398717
P049 (23).jpg,P049,0,-0.0828396752476692,0.4793019294738769,0.4778576255756415
P049 (24).jpg,P049,0,0.0033142296597361,0.5008285641670227,0.5008864456083093
P049 (25).jpg,P049,0,-0.1207762211561203,0.4698425829410553,0.4677412369471252
P049 (26).jpg,P049,0,-0.1572268158197403,0.4607740938663482,0.45804591865655286
P049 (3).jpg,P049,0,-0.0756087601184845,0.4811068475246429,0.4797881837690404
P049 (4).jpg,P049,0,0.1697109788656234,0.5423262119293213,0.5452677656944714
P049 (5).jpg,P049,0,0.0864412039518356,0.5215968489646912,0.5231036915775192
P049 (6).jpg,P049,0,0.1162539720535278,0.5290307998657227,0.5310540604706704
P049 (7).jpg,P049,0,0.0341224074363708,0.508529782295227,0.5091255990531518
P049 (8).jpg,P049,0,0.0721210539340972,0.5180224776268005,0.5192804256482327
P049 (9).jpg,P049,0,-0.0598673820495605,0.4850375950336456,0.483992932390311
P014 (1).jpg,P014,0,0.0721543133258819,0.5180307626724243,0.5192893081990972
P014 (10).jpg,P014,0,0.0885952562093734,0.5221343040466309,0.5236785681428932
P014 (11).jpg,P014,0,0.1080612987279892,0.5269891023635864,0.5288706643352501
P014 (12).jpg,P014,0,-0.0580823570489883,0.4854834973812103,0.4844698924980599
P014 (13).jpg,P014,0,0.0733315199613571,0.5183246731758118,0.519603695644924
P014 (14).jpg,P014,0,-0.0583619251847267,0.4854136407375335,0.4843951897779431
P014 (15).jpg,P014,0,0.1047318130731582,0.5261590480804443,0.5279830160492482
P014 (16).jpg,P014,0,0.0465707629919052,0.5116405487060547,0.5124535586474824
P014 (17).jpg,P014,0,-0.0149334976449608,0.4962666630744934,0.49600586952304515
P014 (18).jpg,P014,0,-0.0784903168678283,0.4803874790668487,0.4790187708524071
P014 (19).jpg,P014,0,0.0065801320597529,0.501645028591156,0.5017599598660285
P014 (2).jpg,P014,0,0.1838491410017013,0.5458332896232605,0.5490156219047719
P014 (20).jpg,P014,0,-0.0851921439170837,0.4787148237228393,0.47722968750100864
P014 (21).jpg,P014,0,0.0997997298836708,0.5249292850494385,0.5266677880842332
P014 (22).jpg,P014,0,0.1410260945558548,0.5351982116699219,0.5376484103542536
P014 (23).jpg,P014,0,0.0054937722161412,0.5013734698295593,0.5014693976690044
P014 (24).jpg,P014,0,-0.0014788517728447,0.4996302425861358,0.4996044562706949
P014 (25).jpg,P014,0,0.1593064367771148,0.5397425889968872,0.5425063430335844
P014 (26).jpg,P014,0,0.1051271855831146,0.5262576341629028,0.5280884326093144
P014 (27).jpg,P014,0,0.0489424429833889,0.5122331976890564,0.5130874905047919
P014 (28).jpg,P014,0,0.0893211513757705,0.5223154425621033,0.5238722820315511
P014 (29).jpg,P014,0,0.1230446994304657,0.530722439289093,0.5328629325995436
P014 (3).jpg,P014,0,0.1557727009057998,0.5388646125793457,0.5415678669666817
P014 (30).jpg,P014,0,0.1322829723358154,0.5330225825309753,0.5353223712499451
P014 (31).jpg,P014,0,0.1958955824375152,0.5488178730010986,0.552204622799456
P014 (32).jpg,P014,0,0.0466594398021698,0.5116627216339111,0.5124772620118893
P014 (4).jpg,P014,0,0.0350546315312385,0.508762776851654,0.5093748527411788
P014 (5).jpg,P014,0,0.0370996929705143,0.5092738270759583,0.5099216351364491
P014 (6).jpg,P014,0,0.0653877332806587,0.5163411498069763,0.5174819215133881
P014 (7).jpg,P014,0,0.0711043775081634,0.5177686214447021,0.5190088970880742
P014 (8).jpg,P014,0,-0.0758609324693679,0.4810438454151153,0.479720846608923
P014 (9).jpg,P014,0,-0.0838033631443977,0.4790613651275635,0.4776003824062565
P044 (1).jpg,P044,0,0.0994864851236343,0.5248511433601379,0.5265842430869242
P044 (10).jpg,P044,0,0.2373219281435012,0.5590535998344421,0.5631369243704871
P044 (11).jpg,P044,0,0.2160132974386215,0.5537943243980408,0.5575206082362633
P044 (12).jpg,P044,0,0.1895737498998642,0.5472519993782043,0.5505315906541478
P044 (13).jpg,P044,0,0.2539557814598083,0.5631499290466309,0.5675099599282245
P044 (14).jpg,P044,0,0.0861495211720466,0.5215240716934204,0.523025842117793
P044 (15).jpg,P044,0,0.1146157383918762,0.528622567653656,0.5306175538594425
P044 (16).jpg,P044,0,0.0850950628519058,0.5212609171867371,0.5227444003239957
P044 (17).jpg,P044,0,0.0945482924580574,0.5236194729804993,0.5252669921122832
P044 (18).jpg,P044,0,0.1624042093753814,0.5405120253562927,0.5433287897981669
P044 (19).jpg,P044,0,0.1379334032535553,0.5344287753105164,0.5368258061196949
P044 (2).jpg,P044,0,-0.0047904727980494,0.4988023638725281,0.49871871017904146
P044 (20).jpg,P044,0,0.0844050347805023,0.521088719367981,0.5225602195079408
P044 (21).jpg,P044,0,0.0721868425607681,0.5180388689041138,0.51929799573593
P044 (22).jpg,P044,0,0.1057314425706863,0.5264082551002502,0.5282495383430064
P044 (23).jpg,P044,0,0.071895033121109,0.5179660320281982,0.5192200621843207
P044 (24).jpg,P044,0,0.1219800859689712,0.5304572582244873,0.5325794033014885
P044 (25).jpg,P044,0,0.2925120592117309,0.5726109743118286,0.5776049406502811
P044 (26).jpg,P044,0,0.1193762868642807,0.5298087000846863,0.5318858676975672
P044 (27).jpg,P044,0,0.0762620419263839,0.5190562605857849,0.520386259457887
P044 (28).jpg,P044,0,0.1565069109201431,0.5390470623970032,0.5417628801538409
P044 (29).jpg,P044,0,0.0406895130872726,0.5101709961891174,0.5108813771640885
P044 (3).jpg,P044,0,0.0739242136478424,0.5184726119041443,0.5197619758908885
P044 (30).jpg,P044,0,0.2164871990680694,0.5539113879203796,0.5576456800478962
P044 (4).jpg,P044,0,0.0375203900039196,0.509378969669342,0.5100341128324188
P044 (5).jpg,P044,0,0.1130781099200248,0.5282394289970398,0.5302078108190088
P044 (6).jpg,P044,0,0.1924075782299041,0.5479540824890137,0.5512816886969573
P044 (7).jpg,P044,0,0.1782997846603393,0.544457197189331,0.5475451935143574
P044 (8).jpg,P044,0,0.1529621630907058,0.5381661653518677,0.5408212441276077
P044 (9).jpg,P044,0,0.1212724447250366,0.5302810072898865,0.5323909316741765
P038 (1).jpg,P038,0,-0.1393870562314987,0.4652095437049866,0.4627875212244935
P038 (10).jpg,P038,0,-0.1426028162240982,0.464409589767456,0.4619322866036791
P038 (11).jpg,P038,0,-0.125051200389862,0.4687778949737549,0.46660275119266115
P038 (12).jpg,P038,0,-0.117375947535038,0.4706896245479584,0.46864701704787703
P038 (13).jpg,P038,0,-0.1150378063321113,0.4712722301483154,0.46926998182362784
P038 (14).jpg,P038,0,-0.1537203937768936,0.4616453647613525,0.4589773127608272
P038 (15).jpg,P038,0,-0.1446107625961303,0.4639101922512054,0.46139838451624243
P038 (16).jpg,P038,0,-0.1594790369272232,0.4602145254611969,0.45744782614976504
P038 (17).jpg,P038,0,-0.1415120959281921,0.4646808803081512,0.4622223399155879
P038 (18).jpg,P038,0,-0.1219689175486564,0.4695455729961395,0.46742357119917904
P038 (19).jpg,P038,0,-0.1345980316400528,0.4664011895656585,0.4640615716000336
P038 (2).jpg,P038,0,-0.1341397613286972,0.4665152132511139,0.4641835126164998
P038 (20).jpg,P038,0,-0.125561773777008,0.4686507284641266,0.4664668014948711
P038 (21).jpg,P038,0,-0.1723459064960479,0.4570198357105255,0.4540333448442324
P038 (22).jpg,P038,0,-0.1121138557791709,0.4720008671283722,0.4700491618059877
P038 (23).jpg,P038,0,-0.0923896878957748,0.4769189655780792,0.4753089219982081
P038 (24).jpg,P038,0,-0.1572804003953933,0.4607607424259186,0.4580316874998883
P038 (25).jpg,P038,0,-0.165892407298088,0.4586217403411865,0.45574538992843894
P038 (26).jpg,P038,0,-0.1353106647729873,0.4662238359451294,0.46387195579504004
P038 (27).jpg,P038,0,-0.1173752844333648,0.4706898331642151,0.46864719370821345
P038 (28).jpg,P038,0,-0.1243639141321182,0.468949019908905,0.4667857618209102
P038 (29).jpg,P038,0,-0.1260517537593841,0.4685287475585937,0.4663363398584934
P038 (3).jpg,P038,0,-0.1460595726966858,0.4635498821735382,0.46101320866220935
P038 (30).jpg,P038,0,-0.111982449889183,0.4720336496829986,0.470084182557825
P038 (31).jpg,P038,0,-0.1549134701490402,0.4613489210605621,0.45866036909164715
P038 (32).jpg,P038,0,-0.1092594042420387,0.4727123081684112,0.4708099624420962
P038 (33).jpg,P038,0,-0.1320735365152359,0.4670295417308807,0.4647333667646792
P038 (34).jpg,P038,0,-0.0915839299559593,0.477120041847229,0.4755239145409787
P038 (35).jpg,P038,0,-0.107683464884758,0.4731051325798034,0.4712300579296587
P038 (36).jpg,P038,0,-0.092099905014038,0.4769913256168365,0.47538624089225784
P038 (37).jpg,P038,0,-0.0804888010025024,0.4798886477947235,0.47848520797630223
P038 (38).jpg,P038,0,-0.1259137839078903,0.4685630798339844,0.46637307512406256
P038 (39).jpg,P038,0,-0.0958781763911247,0.4760487973690033,0.474378229192363
P038 (4).jpg,P038,0,-0.1256054937839508,0.4686398208141327,0.46645516045788865
P038 (40).jpg,P038,0,-0.1272926479578018,0.4682197272777557,0.4660059611043191
P038 (41).jpg,P038,0,-0.1551329046487808,0.4612943828105926,0.458602079411769
P038 (42).jpg,P038,0,-0.1167381256818771,0.4708485603332519,0.46881694608223917
P038 (43).jpg,P038,0,-0.1286558657884597,0.4678803384304046,0.4656430489861111
P038 (44).jpg,P038,0,-0.1416328698396682,0.4646508693695068,0.4621902214610571
P038 (45).jpg,P038,0,-0.150293081998825,0.4624973237514496,0.45988797031417367
P038 (46).jpg,P038,0,-0.141587495803833,0.4646621346473694,0.4622022881354392
P038 (47).jpg,P038,0,-0.1533129513263702,0.4617466628551483,0.45908555846502686
P038 (48).jpg,P038,0,-0.1380245685577392,0.4655485153198242,0.4631499425423431
P038 (49).jpg,P038,0,-0.1853181272745132,0.4538025856018066,0.4505952788986776
P038 (5).jpg,P038,0,-0.103546492755413,0.4741364419460296,0.4723330359922321
P038 (50).jpg,P038,0,-0.1406688690185547,0.4648906588554382,0.4624465952889417
P038 (51).jpg,P038,0,-0.1234740391373634,0.4691706597805023,0.46702273106407827
P038 (52).jpg,P038,0,-0.1300636380910873,0.4675298631191253,0.46526831387308765
P038 (53).jpg,P038,0,-0.0910293310880661,0.4772583544254303,0.47567189803120585
P038 (54).jpg,P038,0,-0.1284690946340561,0.4679268002510071,0.46569276854994535
P038 (6).jpg,P038,0,-0.0554537400603294,0.486140102148056,0.4851723123194969
P038 (7).jpg,P038,0,-0.1484770327806472,0.4629487991333008,0.4603706145959392
P038 (8).jpg,P038,0,-0.1531936973333358,0.4617763161659241,0.4591172415413449
P038 (9).jpg,P038,0,-0.1417544335126876,0.4646206200122833,0.46215789329529633
P047 (1).jpg,P047,0,0.1855947971343994,0.5462659597396851,0.5494779975578337
P047 (2).jpg,P047,0,0.196762204170227,0.54903244972229,0.552433877425374
P047 (3).jpg,P047,0,0.3055020868778229,0.5757870078086853,0.5809919361375991
P047 (4).jpg,P047,0,0.1931420117616653,0.5481359362602234,0.5514760511066505
P047 (5).jpg,P047,0,0.1964100003242492,0.5489452481269836,0.552340708707564
P047 (6).jpg,P047,0,0.1418827921152115,0.5354112982749939,0.5378762415419339
P047 (7).jpg,P047,0,0.1601805388927459,0.539959728717804,0.5427384374611448
P047 (8).jpg,P047,0,0.1990380436182022,0.549595832824707,0.5530358177156499
P047 (9).jpg,P047,0,0.1644583493471145,0.5410221815109253,0.5438740261425539
P096 (1).jpg,P096,0,-0.0639175176620483,0.4840260446071625,0.4829108424159549
P096 (10).jpg,P096,0,-0.1003324687480926,0.4749379158020019,0.47319012943704747
P096 (11).jpg,P096,0,-0.0259948559105396,0.4935016334056854,0.4930476861127438
P096 (12).jpg,P096,0,-0.0114800771698355,0.4971300363540649,0.4969294986253179
P096 (13).jpg,P096,0,-0.011864342726767,0.497033953666687,0.49682672433789327
P096 (14).jpg,P096,0,-0.0052810134366154,0.4986797869205475,0.498587507776944
P096 (15).jpg,P096,0,-0.0099833253771066,0.49750417470932,0.4973298168844111
P096 (16).jpg,P096,0,0.0112296398729085,0.5028073787689209,0.5030035201734119
P096 (17).jpg,P096,0,-0.0333469249308109,0.4916639924049377,0.49108174926923326
P096 (18).jpg,P096,0,-0.0140270562842488,0.4964933097362518,0.496248297979414
P096 (19).jpg,P096,0,-0.0401298850774765,0.489968866109848,0.4892682348500314
P096 (2).jpg,P096,0,-0.0471981093287467,0.4882026314735412,0.4873787525112449
P096 (20).jpg,P096,0,-0.0378026589751243,0.4905504584312439,0.4898904202122498
P096 (21).jpg,P096,0,-0.0615584999322891,0.4846152067184448,0.48354109122461675
P096 (22).jpg,P096,0,-0.0627642571926117,0.4843140542507171,0.48321894747927135
P096 (23).jpg,P096,0,-0.0355889499187469,0.4911037385463714,0.49048228581827236
P096 (24).jpg,P096,0,-0.0855738818645477,0.4786195456981659,0.47712779796189914
P096 (25).jpg,P096,0,-0.0708329528570175,0.4822991490364074,0.4810635954771487
P096 (26).jpg,P096,0,-0.0315355286002159,0.4921167194843292,0.49156609180721206
P096 (27).jpg,P096,0,-0.0436119772493839,0.4890986979007721,0.48833735800463224
P096 (28).jpg,P096,0,-0.0554248094558715,0.4861473143100738,0.48518004349532684
P096 (29).jpg,P096,0,-0.0442277789115905,0.4889448583126068,0.48817274236192826
P096 (3).jpg,P096,0,-0.0452011376619339,0.4887016117572784,0.4879125500703887
P096 (30).jpg,P096,0,-0.0499220415949821,0.4875220656394958,0.4866506824753887
P096 (31).jpg,P096,0,-0.0402501039206981,0.489938884973526,0.48923609515328775
P096 (32).jpg,P096,0,-0.0493629202246665,0.4876618087291717,0.4868001234916112
P096 (33).jpg,P096,0,-0.0693942233920097,0.4826583564281463,0.48144786707128984
P096 (34).jpg,P096,0,-0.0083559239283204,0.4979110360145569,0.49776508230853167
P096 (35).jpg,P096,0,-0.0593076981604099,0.4851774275302887,0.48414247727586934
P096 (36).jpg,P096,0,-0.0514725744724273,0.487134724855423,0.48623627123377605
P096 (37).jpg,P096,0,-0.0936538353562355,0.4766036868095398,0.4749716403176263
P096 (38).jpg,P096,0,-0.0417818315327167,0.489556074142456,0.4888266059902882
P096 (39).jpg,P096,0,-0.041406188160181,0.4896499216556549,0.4889270284123572
P096 (4).jpg,P096,0,-0.0688806325197219,0.482786625623703,0.4815850478754665
P096 (40).jpg,P096,0,0.0072056064382195,0.5018013715744019,0.5019272512460848
P096 (41).jpg,P096,0,-0.0541560314595699,0.4864642918109894,0.4855191081740919
P096 (42).jpg,P096,0,-0.0674520209431648,0.4831433892250061,0.48196664646196197
P096 (43).jpg,P096,0,-0.064576618373394,0.4838614463806152,0.48273476289161293
P096 (44).jpg,P096,0,-0.0692617297172546,0.4826914668083191,0.481483256040946
P096 (45).jpg,P096,0,-0.0582396201789379,0.4854442179203033,0.4844278705148201
P096 (46).jpg,P096,0,-0.0627316832542419,0.4843222200870514,0.48322765011891916
P096 (47).jpg,P096,0,-0.0815247222781181,0.4796301126480102,0.4782086530241194
P096 (48).jpg,P096,0,-0.0731517300009727,0.4817201793193817,0.48044431846711955
P096 (49).jpg,P096,0,-0.1188015192747116,0.470334529876709,0.46826724137150877
P096 (5).jpg,P096,0,-0.0534329451620578,0.4866449236869812,0.48571234971457633
P096 (50).jpg,P096,0,-0.0775287970900535,0.4806275069713592,0.479275498182758
P096 (6).jpg,P096,0,-0.0943175479769706,0.4764380753040313,0.4747945671643866
P096 (7).jpg,P096,0,-0.103264145553112,0.4742068946361542,0.47240832390922927
P096 (8).jpg,P096,0,-0.1188226044178009,0.4703292548656463,0.46826162451441017
P096 (9).jpg,P096,0,-0.064886562526226,0.483784019947052,0.4826519624288666
P196 (1).jpg,P196,0,-0.1368944346904754,0.4658297300338745,0.46345058737607564
P196 (2).jpg,P196,0,-0.0580162703990936,0.4855000078678131,0.48448755145223643
P043 (1).jpg,P043,0,-0.0338184796273708,0.4915462434291839,0.49095566471978713
P043 (10).jpg,P043,0,-0.0259587503969669,0.4935106933116913,0.49305734127591244
P043 (11).jpg,P043,0,-0.0883433893322944,0.4779285192489624,0.4763886472418026
P043 (12).jpg,P043,0,-0.0131142204627394,0.4967215061187744,0.49649243842186214
P043 (13).jpg,P043,0,-0.0792070031166076,0.4802085757255554,0.47882742166985093
P043 (14).jpg,P043,0,-0.0597271136939525,0.4850726723670959,0.4840304111627283
P043 (15).jpg,P043,0,-0.0573682934045791,0.4856618642807007,0.484660698846203
P043 (16).jpg,P043,0,-0.0680052191019058,0.4830052852630615,0.4818188783497772
P043 (17).jpg,P043,0,-0.0332011915743351,0.4917004406452179,0.49112071576304606
P043 (18).jpg,P043,0,-0.0300206206738948,0.492495447397232,0.4919711696076415
P043 (19).jpg,P043,0,-0.013433332554996,0.4966416954994201,0.49640709082202567
P043 (2).jpg,P043,0,-0.0618355423212051,0.4845460057258606,0.483467072226801
P043 (20).jpg,P043,0,-0.0408661663532257,0.4897848665714264,0.48907139642009895
P043 (21).jpg,P043,0,-0.0020771194249391,0.4994807243347168,0.4994444396579031
P043 (22).jpg,P043,0,-0.0459469035267829,0.4885153174400329,0.4877132009376527
P043 (23).jpg,P043,0,-0.0322472862899303,0.491938829421997,0.49137577562307155
P043 (24).jpg,P043,0,0.0318440496921539,0.507960319519043,0.5085164036455733
P043 (25).jpg,P043,0,-0.0073954565450549,0.4981511235237121,0.4980219709200776
P043 (26).jpg,P043,0,0.0267993137240409,0.5066994428634644,0.5071674367769006
P043 (27).jpg,P043,0,-0.0188959427177906,0.4952761530876159,0.49494613401780757
P043 (28).jpg,P043,0,-0.0087980395182967,0.4978005290031433,0.49764683353817646
P043 (29).jpg,P043,0,-0.0668727904558181,0.4832880198955536,0.4821213716071857
P043 (3).jpg,P043,0,-0.0575999617576599,0.4856039881706238,0.4845987937980415
P043 (30).jpg,P043,0,-0.0541755557060241,0.4864594638347626,0.48551389046735954
P043 (31).jpg,P043,0,-0.0181093513965606,0.49547278881073,0.49515650050139265
P043 (32).jpg,P043,0,-0.0263590514659881,0.4934106171131134,0.4929502949762853
P043 (33).jpg,P043,0,-0.0338081941008567,0.4915487766265869,0.49095841485720493
P043 (34).jpg,P043,0,-0.0844166502356529,0.4789083302021026,0.4774366800687215
P043 (35).jpg,P043,0,-0.0727241188287735,0.4818269908428192,0.48055851634174046
P043 (36).jpg,P043,0,-0.0662889778614044,0.4834338426589966,0.4822773242027985
P043 (37).jpg,P043,0,-0.0716698765754699,0.4820901751518249,0.4808400710172707
P043 (38).jpg,P043,0,-0.0424377955496311,0.4893921315670013,0.4886512463645642
P043 (39).jpg,P043,0,-0.0376931503415107,0.4905778169631958,0.4899196982010314
P043 (4).jpg,P043,0,-0.0068344380706548,0.498291403055191,0.49817202258434384
P043 (40).jpg,P043,0,-0.0492603704333305,0.4876874387264251,0.48682753308367355
P043 (41).jpg,P043,0,-0.0590417832136154,0.4852438271045685,0.4842135294876118
P043 (42).jpg,P043,0,-0.0558341592550277,0.4860451221466064,0.4850706528969101
P043 (43).jpg,P043,0,-0.0172422379255294,0.4956895709037781,0.49538840386427396
P043 (44).jpg,P043,0,0.0005131056532263,0.5001282691955566,0.5001372387446616
P043 (45).jpg,P043,0,-0.0063222083263099,0.4984194040298462,0.49830902535848365
P043 (46).jpg,P043,0,-0.0640846043825149,0.4839843213558197,0.48286620460028973
P043 (47).jpg,P043,0,-0.0497432611882686,0.487566739320755,0.4866984663424791
P043 (48).jpg,P043,0,-0.0705236345529556,0.482376366853714,0.4811462097165461
P043 (49).jpg,P043,0,-0.0706399455666542,0.4823473691940307,0.48111514468325056
P043 (5).jpg,P043,0,0.0163265988230705,0.5040815472602844,0.504366712784145
P043 (50).jpg,P043,0,-0.062064304947853,0.4844889342784881,0.48340595295557326
P043 (51).jpg,P043,0,-0.048833068460226,0.4877941608428955,0.48694174355530667
P043 (52).jpg,P043,0,-0.0755721032619476,0.4811159670352936,0.4797979722491834
P043 (53).jpg,P043,0,-0.0711982473731041,0.4822079539299011,0.4809660321721576
P043 (54).jpg,P043,0,-0.0793719738721847,0.4801674485206604,0.4787833767473817
P043 (55).jpg,P043,0,-0.0156754478812217,0.4960812032222748,0.4958074357401797
P043 (56).jpg,P043,0,0.0165646001696586,0.5041410326957703,0.5044303653259958
P043 (57).jpg,P043,0,-0.0763558223843574,0.4809202849864959,0.47958869912873037
P043 (58).jpg,P043,0,-0.1063366830348968,0.4734408259391784,0.4715890996095263
P043 (59).jpg,P043,0,-0.0192429050803184,0.4951894283294678,0.4948533427470621
P043 (6).jpg,P043,0,-0.0574133172631263,0.4856505990028381,0.48464866779990035
P043 (60).jpg,P043,0,-0.023300252854824,0.4941751956939697,0.4937682776804943
P043 (61).jpg,P043,0,-0.0962788611650466,0.4759488403797149,0.4742713418948042
P043 (62).jpg,P043,0,-0.0950315818190574,0.4762599766254425,0.474604075795437
P043 (63).jpg,P043,0,-0.0572921335697174,0.485680878162384,0.4846810499300754
P043 (64).jpg,P043,0,-0.03523750603199,0.4911915063858032,0.49057625167905633
P043 (65).jpg,P043,0,-0.0675694197416305,0.4831141233444214,0.481935287093006
P043 (66).jpg,P043,0,-0.0570120252668857,0.4857508242130279,0.48475589963031895
P043 (67).jpg,P043,0,-0.0666433200240135,0.4833453297615051,0.48218266913353
P043 (68).jpg,P043,0,-0.1074381992220878,0.473166286945343,0.4712954416624349
P043 (69).jpg,P043,0,-0.0770501270890235,0.4807469844818115,0.47940330793419017
P043 (7).jpg,P043,0,-0.0448672249913215,0.4887850880622864,0.4880018088266136
P043 (70).jpg,P043,0,-0.0534116737544536,0.4866502285003662,0.4857180344669535
P043 (71).jpg,P043,0,-0.0365254580974578,0.4908696413040161,0.4902318941055565
P043 (8).jpg,P043,0,-0.0307910405099391,0.4923028349876404,0.49176516235561546
P043 (9).jpg,P043,0,-0.0581360273063182,0.4854700565338135,0.4844555513454877
P070 (1).jpg,P070,0,-0.1227924227714538,0.469340443611145,0.4672042521496743
P070 (10).jpg,P070,0,-0.1358118653297424,0.4660991430282593,0.46373860374300063
P070 (11).jpg,P070,0,-0.1619425863027572,0.4596026241779327,0.45679375449268605
P070 (12).jpg,P070,0,-0.1535025388002395,0.4616995453834533,0.4590351900619687
P070 (13).jpg,P070,0,-0.1225927621126174,0.4693901240825653,0.46725742537658926
P070 (14).jpg,P070,0,-0.1230868473649025,0.4692670702934265,0.46712584294108606
P070 (15).jpg,P070,0,-0.1426946818828582,0.4643867611885071,0.46190785810600177
P070 (16).jpg,P070,0,-0.1115331426262855,0.4721455872058868,0.47020392886704887
P070 (17).jpg,P070,0,-0.1782795488834381,0.4555477797985077,0.4524601699505857
P070 (18).jpg,P070,0,-0.1493850797414779,0.462723046541214,0.4601292771675814
P070 (19).jpg,P070,0,-0.1371386498212814,0.465768963098526,0.46338561757779007
P070 (2).jpg,P070,0,-0.1736218780279159,0.4567032158374786,0.4536949704633469
P070 (20).jpg,P070,0,-0.091556504368782,0.4771268665790558,0.47553123240338174
P070 (21).jpg,P070,0,-0.0935023948550224,0.4766413867473602,0.47501204430066757
P070 (22).jpg,P070,0,-0.1233139783143997,0.469210535287857,0.467065356039618
P070 (23).jpg,P070,0,-0.0868352130055427,0.4783048629760742,0.4767911500997937
P070 (24).jpg,P070,0,-0.1084937751293182,0.472903162240982,0.47101404977116773
P070 (25).jpg,P070,0,-0.0959931835532188,0.4760200977325439,0.47434754946108
P070 (26).jpg,P070,0,-0.0826051384210586,0.479360431432724,0.4779202337233864
P070 (27).jpg,P070,0,-0.1219983920454979,0.4695382118225097,0.46741572122110553
P070 (28).jpg,P070,0,-0.0749167874455452,0.4812795221805572,0.47997296383703947
P070 (29).jpg,P070,0,-0.1667733788490295,0.4584029912948608,0.4555116149220258
P070 (3).jpg,P070,0,-0.1351252049207687,0.4662700295448303,0.4639213015278874
P070 (30).jpg,P070,0,-0.1028471291065216,0.4743108749389648,0.4725195236918316
P070 (31).jpg,P070,0,-0.1313020437955856,0.4672215580940246,0.464938694877537
P070 (32).jpg,P070,0,-0.0873766914010047,0.4781697392463684,0.4766466365767751
P070 (33).jpg,P070,0,-0.1122638881206512,0.4719634652137756,0.47000917731204633
P070 (34).jpg,P070,0,-0.093211606144905,0.4767139852046966,0.47508962698728363
P070 (35).jpg,P070,0,-0.0881327241659164,0.4779810607433319,0.4764448678367299
P070 (36).jpg,P070,0,-0.0920368656516075,0.4770070612430572,0.4754030609993618
P070 (37).jpg,P070,0,-0.082885131239891,0.4792905747890472,0.4778454914615416
P070 (38).jpg,P070,0,-0.1363807618618011,0.4659575819969177,0.4635872464289459
P070 (39).jpg,P070,0,-0.1028084158897399,0.4743204712867737,0.47252984692746397
P070 (4).jpg,P070,0,-0.1590581685304641,0.4603190720081329,0.4575595813252794
P070 (40).jpg,P070,0,-0.1911203265190124,0.452364832162857,0.4490590107129388
P070 (41).jpg,P070,0,-0.1420088857412338,0.4645573198795318,0.46209022629944807
P070 (42).jpg,P070,0,-0.1337275505065918,0.4666178226470947,0.4642932013357239
P070 (43).jpg,P070,0,-0.1141378134489059,0.4714964926242828,0.4695097978805903
P070 (44).jpg,P070,0,-0.126140296459198,0.4685066640377044,0.4663127650483068
P070 (45).jpg,P070,0,-0.1155500710010528,0.4711445569992065,0.46913348786035963
P070 (46).jpg,P070,0,-0.0826707109808921,0.4793440997600555,0.47790272946625445
P070 (47).jpg,P070,0,-0.1025951132178306,0.4743736982345581,0.4725867264695481
P070 (48).jpg,P070,0,-0.0892786681652069,0.4776951670646667,0.4761390549287579
P070 (49).jpg,P070,0,-0.0998642742633819,0.4750546514987945,0.47331499757527973
P070 (5).jpg,P070,0,-0.1402782797813415,0.4649878144264221,0.4625504772701527
P070 (50).jpg,P070,0,-0.1234913319349289,0.4691663384437561,0.4670181259367952
P070 (51).jpg,P070,0,-0.144441619515419,0.4639522731304168,0.46144335534899633
P070 (52).jpg,P070,0,-0.1095340251922607,0.4726438522338867,0.470736761413954
P070 (53).jpg,P070,0,-0.1052981540560722,0.4736997783184051,0.47186598353917275
P070 (54).jpg,P070,0,-0.1305248141288757,0.4674150347709656,0.46514556186130995
P070 (55).jpg,P070,0,-0.1102266386151313,0.4724712073802948,0.47055214885107244
P070 (56).jpg,P070,0,-0.0872690975666046,0.4781965613365173,0.47667535165766056
P070 (57).jpg,P070,0,-0.0895204171538353,0.477634847164154,0.47607454274391636
P070 (58).jpg,P070,0,-0.1130444034934043,0.4717689752578735,0.4698011716357612
P070 (59).jpg,P070,0,-0.1068242937326431,0.4733193218708038,0.4714591029345805
P070 (6).jpg,P070,0,-0.130379632115364,0.4674511849880218,0.46518420475058037
P070 (60).jpg,P070,0,-0.130646675825119,0.4673847258090973,0.4651131264305675
P070 (61).jpg,P070,0,-0.0905642807483673,0.477374404668808,0.4757959906023091
P070 (62).jpg,P070,0,-0.1657912731170654,0.4586468636989593,0.4557722281900054
P070 (63).jpg,P070,0,-0.1565386801958084,0.4609450399875641,0.458228681911695
P070 (64).jpg,P070,0,-0.13857501745224,0.4654115736484527,0.46300351859025735
P070 (65).jpg,P070,0,-0.0996524468064308,0.4751074910163879,0.4733714933585466
P070 (66).jpg,P070,0,-0.1096635609865188,0.4726115763187408,0.47070223370080355
P070 (67).jpg,P070,0,-0.0987302064895629,0.4753375053405761,0.47361746887658107
P070 (68).jpg,P070,0,-0.1903730034828186,0.4525499939918518,0.4492568281061468
P070 (69).jpg,P070,0,-0.1508682072162628,0.4623543620109558,0.4597351371807473
P070 (7).jpg,P070,0,-0.1474400758743286,0.4632066190242767,0.4606462359636844
P070 (70).jpg,P070,0,-0.1312078684568405,0.4672449827194214,0.46496375988862515
P070 (71).jpg,P070,0,-0.1653553694486618,0.4587550759315491,0.45588790810795005
P070 (72).jpg,P070,0,-0.162707582116127,0.4594126343727112,0.4565906785263869
P070 (73).jpg,P070,0,-0.1262211799621582,0.4684865772724151,0.4662912296581474
P070 (74).jpg,P070,0,-0.1615701615810394,0.4596951007843017,0.4568926236481056
P070 (8).jpg,P070,0,-0.1063191592693328,0.4734452068805694,0.471593771505149
P070 (9).jpg,P070,0,-0.1336737126111984,0.4666312634944916,0.46430752777915435
P072 (1).jpg,P072,0,-0.1947737336158752,0.4514599442481994,0.44809218210977714
P072 (10).jpg,P072,0,-0.0447012260556221,0.48882657289505,0.48804618256573573
P072 (11).jpg,P072,0,-0.074147954583168,0.4814714789390564,0.48017827459464174
P072 (12).jpg,P072,0,-0.0775336027145385,0.4806262850761413,0.479274215045944
P072 (13).jpg,P072,0,-0.1048586219549179,0.4738093018531799,0.471983173143416
P072 (14).jpg,P072,0,-0.0523743405938148,0.486909419298172,0.4859952646833296
P072 (15).jpg,P072,0,-0.0835398733615875,0.4791271388530731,0.47767071618884943
P072 (16).jpg,P072,0,-0.0816621929407119,0.4795957803726196,0.4781719541385913
P072 (17).jpg,P072,0,-0.1314117461442947,0.4671942889690399,0.464909497535706
P072 (18).jpg,P072,0,-0.1534357219934463,0.4617161154747009,0.4590529414338743
P072 (19).jpg,P072,0,-0.1546289026737213,0.4614195823669433,0.4587359621126182
P072 (2).jpg,P072,0,-0.1823882162570953,0.4545289576053619,0.4513714014470407
P072 (20).jpg,P072,0,-0.0748131275177002,0.4813054502010345,0.48000064501095374
P072 (21).jpg,P072,0,-0.101358026266098,0.4746821820735931,0.47291662352155234
P072 (22).jpg,P072,0,-0.0808162465691566,0.479806900024414,0.4783977899646624
P072 (23).jpg,P072,0,-0.1175715997815132,0.4706409275531769,0.46859489266735316
P072 (24).jpg,P072,0,-0.1030996814370155,0.4742478430271148,0.4724521788651126
P072 (25).jpg,P072,0,-0.1415407210588455,0.464673787355423,0.46221472735778074
P072 (26).jpg,P072,0,-0.1129423975944519,0.4717943966388702,0.4698283553951278
P072 (27).jpg,P072,0,-0.0858427211642265,0.4785524904727936,0.4770560433023413
P072 (28).jpg,P072,0,-0.1269784718751907,0.4682979583740234,0.46608960531730365
P072 (29).jpg,P072,0,-0.1997666656970977,0.4502237737178802,0.44677150067202714
P072 (3).jpg,P072,0,-0.1732405126094818,0.4567978680133819,0.45379610013838995
P072 (30).jpg,P072,0,-0.0915404930710792,0.4771308898925781,0.47553550464032485
P072 (31).jpg,P072,0,0.0122126890346407,0.5030531287193298,0.503266442884535
P072 (32).jpg,P072,0,-0.1138855516910553,0.4715592861175537,0.4695770191880352
P072 (33).jpg,P072,0,-0.1057757437229156,0.4735806584358215,0.47173865040759483
P072 (34).jpg,P072,0,-0.0811433270573616,0.4797252416610718,0.4783104707387625
P072 (35).jpg,P072,0,-0.1227182671427726,0.4693588614463806,0.4672240010413332
P072 (36).jpg,P072,0,-0.1178533434867858,0.4705707132816314,0.4685198335727006
P072 (37).jpg,P072,0,-0.1057682409882545,0.4735825657844543,0.47174065072964544
P072 (38).jpg,P072,0,-0.1187315583229065,0.4703519344329834,0.468285878280046
P072 (39).jpg,P072,0,-0.1561942547559738,0.4610306620597839,0.45832016274667714
P072 (4).jpg,P072,0,-0.1404238492250442,0.4649515748023987,0.46251176091697116
P072 (40).jpg,P072,0,-0.1093477308750152,0.4726903140544891,0.4707864185791876
P072 (41).jpg,P072,0,-0.1002128198742866,0.4749677777290344,0.4732220396443002
P072 (42).jpg,P072,0,-0.0929978191852569,0.4767673015594482,0.4751466663055876
P072 (43).jpg,P072,0,-0.1128168627619743,0.4718256890773773,0.46986180967352004
P072 (44).jpg,P072,0,-0.1153220310807228,0.4712013900279999,0.4691942489919978
P072 (45).jpg,P072,0,-0.1085178256034851,0.4728971421718597,0.47100763869025725
P072 (46).jpg,P072,0,-0.1129170134663581,0.4718007147312164,0.469835120090847
P072 (47).jpg,P072,0,-0.0916832163929939,0.4770952761173248,0.47549742241635906
P072 (48).jpg,P072,0,-0.1033522635698318,0.474184900522232,0.47238482709411067
P072 (49).jpg,P072,0,-0.1048764139413833,0.4738049209117889,0.47197842932096673
P072 (5).jpg,P072,0,-0.1136216446757316,0.4716250896453857,0.46964734484025494
P072 (50).jpg,P072,0,-0.0637382566928863,0.4840708076953888,0.48295873292898944
P072 (6).jpg,P072,0,-0.0402434319257736,0.4899404644966125,0.4892378788637918
P072 (7).jpg,P072,0,-0.1023476421833038,0.4744353890419006,0.47265271827920724
P072 (8).jpg,P072,0,-0.0181104689836502,0.4954724907875061,0.49515620161195595
P072 (9).jpg,P072,0,-0.0720285177230835,0.4820006489753723,0.4807442879646535
P078 (1).jpg,P078,0,0.2810609638690948,0.5698062777519226,0.5746131282073328
P078 (10).jpg,P078,0,0.330545574426651,0.5818921327590942,0.5874999714025708
P078 (11).jpg,P078,0,0.5372399091720581,0.6311700940132141,0.6398643524151141
P078 (12).jpg,P078,0,0.4530431926250458,0.6113625168800354,0.6188561816685939
P078 (13).jpg,P078,0,0.5561062097549438,0.6355510950088501,0.6445023625281266
P078 (14).jpg,P078,0,0.4782758057117462,0.617340624332428,0.6252029588438557
P078 (15).jpg,P078,0,0.6326392292976379,0.6530876755714417,0.6630330679920428
P078 (16).jpg,P078,0,0.4886380732059479,0.6197855472564697,0.6277971088092177
P078 (17).jpg,P078,0,0.5319081544876099,0.6299280524253845,0.6385488259894044
P078 (18).jpg,P078,0,0.4651424586772918,0.6142334342002869,0.6219047354149215
P078 (19).jpg,P078,0,0.4603374600410461,0.6130942702293396,0.6206951971820175
P078 (2).jpg,P078,0,0.329377144575119,0.5816077589988708,0.5871969928644829
P078 (20).jpg,P078,0,0.4959588050842285,0.6215091943740845,0.6296254060070858
P078 (21).jpg,P078,0,0.2122781574726104,0.5528711676597595,0.5565345784065032
P078 (22).jpg,P078,0,0.3709602057933807,0.5916910171508789,0.5979373877489128
P078 (23).jpg,P078,0,0.3967466950416565,0.5979057550430298,0.6045515104294075
P078 (24).jpg,P078,0,0.4412904679775238,0.6085664629936218,0.6158859459638754
P078 (3).jpg,P078,0,0.2741058766841888,0.56810063123703,0.5727932960873536
P078 (4).jpg,P078,0,0.1719064563512802,0.5428711175918579,0.5458501076999639
P078 (5).jpg,P078,0,0.2416355460882187,0.5601166486740112,0.5642719447638658
P078 (6).jpg,P078,0,0.2178664654493332,0.5542522072792053,0.5580096534811434
P078 (7).jpg,P078,0,0.1872894316911697,0.5466859340667725,0.5499267772896198
P078 (8).jpg,P078,0,0.3289476335048675,0.5815032720565796,0.5870856023087058
P078 (9).jpg,P078,0,0.3748381435871124,0.5926275253295898,0.5989344060348397
P080 (1).jpg,P080,0,-0.1166471987962722,0.4708711802959442,0.46884117148943205
P080 (10).jpg,P080,0,-0.0410628952085971,0.4897356927394867,0.489018803233615
P080 (11).jpg,P080,0,-0.1325767189264297,0.4669042825698852,0.46459945425096866
P080 (12).jpg,P080,0,-0.1251430213451385,0.4687550067901611,0.46657830178243065
P080 (13).jpg,P080,0,-0.1232739239931106,0.4692205190658569,0.46707602277540095
P080 (14).jpg,P080,0,-0.0966198369860649,0.4758638441562652,0.4741803845075393
P080 (15).jpg,P080,0,-0.1092028841376304,0.4727263748645782,0.47082502819933086
P080 (16).jpg,P080,0,-0.1551429778337478,0.4612919092178345,0.4585994036394453
P080 (17).jpg,P080,0,-0.1600730866193771,0.4600669741630554,0.45729009261673387
P080 (18).jpg,P080,0,-0.1158744841814041,0.4710637331008911,0.46904704969542266
P080 (19).jpg,P080,0,-0.1523444205522537,0.4619873762130737,0.45934288462880607
P080 (2).jpg,P080,0,-0.120365098118782,0.4699449837207794,0.46785074256199993
P080 (20).jpg,P080,0,-0.1678830236196518,0.4581275284290313,0.45521718699736774
P080 (21).jpg,P080,0,-0.0801348984241485,0.479977011680603,0.47857969068737016
P080 (22).jpg,P080,0,-0.0948389694094657,0.4763080179691314,0.47465546059159325
P080 (23).jpg,P080,0,-0.0938266217708587,0.4765605628490448,0.4749255416934418
P080 (24).jpg,P080,0,-0.0942885056138038,0.4764453172683716,0.474802315299443
P080 (25).jpg,P080,0,-0.0834029987454414,0.4791612923145294,0.47770725271605285
P080 (26).jpg,P080,0,-0.0245000645518302,0.4938752949237823,0.49344742029624494
P080 (27).jpg,P080,0,-0.0541189089417457,0.4864735603332519,0.4855290288940331
P080 (28).jpg,P080,0,-0.004210309125483,0.498947411775589,0.4988738838231626
P080 (29).jpg,P080,0,-0.0598701499402523,0.4850369393825531,0.4839921928301233
P080 (3).jpg,P080,0,-0.1281273066997528,0.4680119156837463,0.46578375624353974
P080 (30).jpg,P080,0,-0.0583287887275218,0.4854219555854797,0.48440404405354087
P080 (31).jpg,P080,0,-0.030867863446474,0.4922836422920227,0.4917446203549255
P080 (32).jpg,P080,0,-0.0970198437571525,0.4757640659809112,0.4740736824375387
P080 (33).jpg,P080,0,-0.0220430642366409,0.494489461183548,0.4941044844827429
P080 (34).jpg,P080,0,-0.0825354158878326,0.4793778359889984,0.47793884585402496
P080 (35).jpg,P080,0,-0.1130856871604919,0.471758633852005,0.46979016991832234
P080 (36).jpg,P080,0,-0.1023043021559715,0.4744462370872497,0.4726642756365812
P080 (37).jpg,P080,0,-0.1020806729793548,0.4745019376277923,0.4727239106354535
P080 (38).jpg,P080,0,-0.1241238489747047,0.4690088033676147,0.46684968849530406
P080 (39).jpg,P080,0,-0.1096080541610717,0.4726254343986511,0.4707170289881854
P080 (4).jpg,P080,0,-0.0985685959458351,0.4753777980804443,0.4736605741884402
P080 (40).jpg,P080,0,-0.1661780476570129,0.4585508406162262,0.4556695901330179
P080 (41).jpg,P080,0,-0.1027523055672645,0.4743345379829407,0.47254480930317494
P080 (42).jpg,P080,0,-0.1141489148139953,0.4714937210083008,0.4695068396760826
P080 (43).jpg,P080,0,-0.1162881404161453,0.4709606468677521,0.46893683588823665
P080 (44).jpg,P080,0,-0.1400759071111679,0.4650381803512573,0.4626043020343781
P080 (45).jpg,P080,0,-0.1257922649383545,0.4685933291912079,0.46640543054986805
P080 (46).jpg,P080,0,-0.0983832255005836,0.47542405128479,0.47371001730515183
P080 (47).jpg,P080,0,-0.0812770798802375,0.4796918928623199,0.4782747637229555
P080 (48).jpg,P080,0,-0.0840162336826324,0.4790083169937134,0.4775435611545362
P080 (49).jpg,P080,0,-0.1084791272878646,0.4729067981243133,0.47101795441806865
P080 (5).jpg,P080,0,-0.053057488054037,0.4867387115955353,0.48581269061604276
P080 (50).jpg,P080,0,-0.0373362898826599,0.4906670153141022,0.49001510811165977
P080 (51).jpg,P080,0,-0.0430498383939266,0.4892392158508301,0.4884876307552731
P080 (52).jpg,P080,0,-0.0157778989523649,0.4960556030273437,0.4957800354151186
P080 (53).jpg,P080,0,-0.0540994778275489,0.4864784181118011,0.4855342217209801
P080 (54).jpg,P080,0,-0.0644021034240722,0.4839050471782684,0.48278138434850015
P080 (55).jpg,P080,0,-0.0922558903694152,0.4769523739814758,0.4753446212573931
P080 (56).jpg,P080,0,-0.030082955956459,0.4924798309803009,0.49195450129447954
P080 (57).jpg,P080,0,-0.1258559674024582,0.4685774743556976,0.46638846920923155
P080 (58).jpg,P080,0,-0.1182811558246612,0.470464140176773,0.46840586318587357
P080 (59).jpg,P080,0,-0.1098686903715133,0.4725604057312011,0.4706475571205511
P080 (6).jpg,P080,0,0.0199150890111923,0.5049786567687988,0.5053264244434773
P080 (60).jpg,P080,0,-0.1232674568891525,0.4692220985889435,0.46707774501160504
P080 (61).jpg,P080,0,-0.1206785440444946,0.4698669612407684,0.467767253676058
P080 (62).jpg,P080,0,-0.0864225476980209,0.4784078001976013,0.4769012876999384
P080 (63).jpg,P080,0,-0.104839988052845,0.4738140106201172,0.47198814144865037
P080 (64).jpg,P080,0,-0.0761831179261207,0.4809634089469909,0.47963481503891303
P080 (65).jpg,P080,0,-0.086246982216835,0.4784516096115112,0.4769481456299816
P080 (66).jpg,P080,0,-0.0976425930857658,0.4756087362766266,0.47390756835955405
P080 (67).jpg,P080,0,-0.0771295577287674,0.4807271361351013,0.4793820989596814
P080 (68).jpg,P080,0,-0.0918097198009491,0.4770637154579162,0.4754636683175107
P080 (69).jpg,P080,0,-0.0628212615847587,0.4842998385429382,0.4832037178843838
P080 (7).jpg,P080,0,-0.0442113913595676,0.4889489710330963,0.48817712303708816
P080 (70).jpg,P080,0,-0.092889979481697,0.4767941832542419,0.47517543866762285
P080 (71).jpg,P080,0,-0.0412898585200309,0.4896789491176605,0.4889581275167323
P080 (72).jpg,P080,0,-0.1158854812383651,0.4710610508918762,0.46904411962065273
P080 (73).jpg,P080,0,-0.054915077984333,0.4862746894359588,0.4853162610845091
P080 (74).jpg,P080,0,-0.0995740443468093,0.4751270115375519,0.47339240398585836
P080 (75).jpg,P080,0,-0.1160042807459831,0.4710314273834228,0.4690124666116363
P080 (76).jpg,P080,0,-0.0987028405070304,0.4753443002700805,0.47362476799653486
P080 (77).jpg,P080,0,-0.1181277930736541,0.4705023467540741,0.4684467190673595
P080 (78).jpg,P080,0,-0.1265069395303726,0.4684154093265533,0.4662151466232421
P080 (79).jpg,P080,0,-0.1408204138278961,0.4648529589176178,0.46240629097219754
P080 (8).jpg,P080,0,-0.0370048806071281,0.4907498359680176,0.4901037140670459
P080 (80).jpg,P080,0,-0.1206158697605133,0.4698825478553772,0.46778394733998535
P080 (81).jpg,P080,0,-0.0840686112642288,0.4789951741695404,0.47752958016487457
P080 (82).jpg,P080,0,-0.0860924571752548,0.4784901440143585,0.476989388262018
P080 (83).jpg,P080,0,-0.0781387984752655,0.4804752767086029,0.4791126255517759
P080 (84).jpg,P080,0,-0.0860992670059204,0.4784885048866272,0.47698757071607556
P080 (85).jpg,P080,0,-0.0526946075260639,0.486829400062561,0.4859096715137819
P080 (86).jpg,P080,0,-0.0881597846746444,0.4779743254184723,0.476437646116255
P080 (87).jpg,P080,0,-0.1200850382447242,0.4700148105621338,0.4679253403229793
P080 (88).jpg,P080,0,-0.0673029199242591,0.4831806123256683,0.48200647427929816
P080 (9).jpg,P080,0,-0.1102412864565849,0.4724675118923187,0.47054824463072364
P143 (1).jpg,P143,0,-0.0634975209832191,0.4841309189796448,0.48302304723538136
P143 (10).jpg,P143,0,-0.0461365468800067,0.4884679019451141,0.48766250838548175
P143 (11).jpg,P143,0,-0.0464576333761215,0.4883877038955688,0.48757668104775514
P143 (12).jpg,P143,0,-0.0906072258949279,0.4773636758327484,0.4757845311288772
P143 (13).jpg,P143,0,-0.0951466113328933,0.4762312769889831,0.47457338868270055
P143 (14).jpg,P143,0,-0.1143327355384826,0.4714478850364685,0.46945785688596914
P143 (15).jpg,P143,0,-0.1593485027551651,0.4602469503879547,0.45748248704810635
P143 (16).jpg,P143,0,-0.1498288959264755,0.4626127183437347,0.46001132810616835
P143 (17).jpg,P143,0,-0.0443866401910781,0.488905131816864,0.4881302760975897
P143 (18).jpg,P143,0,-0.0590134374797344,0.4852508902549743,0.48422110347746433
P143 (19).jpg,P143,0,-0.0525154210627079,0.4868741631507873,0.48595756001952184
P143 (2).jpg,P143,0,-0.0316120982170105,0.4920976161956787,0.4915456178148457
P143 (20).jpg,P143,0,-0.0899937376379966,0.477516770362854,0.4759482366139111
P143 (21).jpg,P143,0,-0.0710469558835029,0.4822457134723663,0.4810064391121004
P143 (22).jpg,P143,0,-0.0891790390014648,0.4777199625968933,0.47616564180759186
P143 (23).jpg,P143,0,-0.0876707062125206,0.4780963659286499,0.47656816949391334
P143 (24).jpg,P143,0,-0.100637100636959,0.4748619496822357,0.47310888547687424
P143 (25).jpg,P143,0,-0.101333163678646,0.4746884107589721,0.472923253932945
P143 (26).jpg,P143,0,-0.0793861970305442,0.4801638722419739,0.4787795793751837
P143 (27).jpg,P143,0,-0.0976110100746154,0.4756166040897369,0.47391599277071017
P143 (28).jpg,P143,0,-0.1209867596626281,0.4697901010513305,0.46768515968523
P143 (29).jpg,P143,0,-0.1068948358297348,0.4733016788959503,0.47144029678036375
P143 (3).jpg,P143,0,-0.0701335966587066,0.4824737906455993,0.4812503844062877
P143 (30).jpg,P143,0,-0.0982381403446197,0.4754602015018463,0.47374871564767324
P143 (31).jpg,P143,0,-0.0817787796258926,0.4795666635036468,0.4781408305813901
P143 (32).jpg,P143,0,-0.0754007548093795,0.4811587333679199,0.479843727630847
P143 (33).jpg,P143,0,-0.1205726712942123,0.4698932766914367,0.4677954535473875
P143 (34).jpg,P143,0,-0.0710640773177146,0.4822414815425873,0.48100186630596675
P143 (35).jpg,P143,0,-0.0809079259634018,0.4797840714454651,0.4783733145903941
P143 (36).jpg,P143,0,-0.0877319723367691,0.4780810475349426,0.47655181885074605
P143 (37).jpg,P143,0,-0.0722222253680229,0.4819522798061371,0.4806925546409434
P143 (38).jpg,P143,0,-0.0563735291361808,0.4859103262424469,0.4849265192014141
P143 (39).jpg,P143,0,-0.1597888022661209,0.4601375758647918,0.4573655754298259
P143 (4).jpg,P143,0,-0.0756442621350288,0.4810979068279266,0.4797787036806048
P143 (40).jpg,P143,0,-0.1446437388658523,0.4639019966125488,0.46138961704003545
P143 (41).jpg,P143,0,-0.1699635237455368,0.457611083984375,0.45466524140853987
P143 (42).jpg,P143,0,-0.1493928730487823,0.4627211093902588,0.4601272059713818
P143 (43).jpg,P143,0,-0.1018857061862945,0.4745506048202514,0.4727759028964842
P143 (44).jpg,P143,0,-0.1132633239030838,0.4717143774032593,0.4697428316958921
P143 (45).jpg,P143,0,-0.0655429810285568,0.483620136976242,0.48247660574384377
P143 (46).jpg,P143,0,-0.0527404397726058,0.4868179261684418,0.4858974226512192
P143 (47).jpg,P143,0,-0.0311299487948417,0.4922181367874145,0.49167454048682246
P143 (48).jpg,P143,0,-0.0617632530629634,0.4845640361309051,0.48348638609110345
P143 (49).jpg,P143,0,-0.0669253841042518,0.4832748770713806,0.4821073225502033
P143 (5).jpg,P143,0,-0.0815258026123046,0.479629784822464,0.478208364619408
P143 (50).jpg,P143,0,-0.0205237120389938,0.4948692619800567,0.49451080812179027
P143 (51).jpg,P143,0,-0.1031909510493278,0.4742251336574554,0.4724278414378481
P143 (52).jpg,P143,0,-0.1225391700863838,0.469403475522995,0.46727169802438695
P143 (53).jpg,P143,0,-0.0884946286678314,0.4778907895088196,0.47634828609500596
P143 (54).jpg,P143,0,-0.0841532200574874,0.4789740741252899,0.47750699586961476
P143 (55).jpg,P143,0,-0.0835117995738983,0.4791341722011566,0.47767821002570693
P143 (56).jpg,P143,0,-0.0977189168334007,0.4755896329879761,0.47388720992410094
P143 (57).jpg,P143,0,-0.192111849784851,0.4521192014217376,0.44879657807858014
P143 (6).jpg,P143,0,-0.0787617415189743,0.4803197681903839,0.4789463020329084
P143 (7).jpg,P143,0,-0.0768815577030181,0.4807890951633453,0.47944831831497914
P143 (8).jpg,P143,0,-0.0336837992072105,0.4915798604488373,0.490991675526586
P143 (9).jpg,P143,0,-0.0799176394939422,0.4800312221050262,0.4786376938860612
P168 (1).jpg,P168,0,0.1781904548406601,0.544430136680603,0.5475162156641474
P168 (10).jpg,P168,0,0.2265225052833557,0.5563897490501404,0.5602924506873981
P168 (11).jpg,P168,0,0.2802093923091888,0.5695975422859192,0.5743904179558297
P168 (12).jpg,P168,0,0.2616933286190033,0.5650525093078613,0.5695406223270122
P168 (13).jpg,P168,0,0.255873829126358,0.5636216998100281,0.5680135516945694
P168 (14).jpg,P168,0,0.2425726801156997,0.5603475570678711,0.5645184394761856
P168 (15).jpg,P168,0,0.2457238584756851,0.5611237287521362,0.5653470605260876
P168 (16).jpg,P168,0,0.3441240489482879,0.5851919054985046,0.5910160083761441
P168 (17).jpg,P168,0,0.2155343294143676,0.5536759495735168,0.5573941918923295
P168 (18).jpg,P168,0,0.288061112165451,0.5715214014053345,0.5764427114095646
P168 (19).jpg,P168,0,0.2142422795295715,0.5533566474914551,0.557053137884998
P168 (2).jpg,P168,0,0.1788598448038101,0.5445961356163025,0.5476936323020106
P168 (20).jpg,P168,0,0.3164270222187042,0.5784532427787781,0.5838345994827229
P168 (21).jpg,P168,0,0.1370183378458023,0.5342010855674744,0.5365823753682365
P168 (22).jpg,P168,0,0.0718617141246795,0.5179576873779297,0.5192111636198605
P168 (23).jpg,P168,0,0.1896736770868301,0.5472767949104309,0.5505580447347515
P168 (24).jpg,P168,0,0.0954675525426864,0.5238487720489502,0.5255122297109716
P168 (25).jpg,P168,0,0.1308486461639404,0.5326655507087708,0.5349406305410042
P168 (26).jpg,P168,0,0.1632245033979416,0.540715754032135,0.543546535351981
P168 (27).jpg,P168,0,0.139044776558876,0.5347052812576294,0.5371214361668906
P168 (28).jpg,P168,0,0.0891216620802879,0.5222656726837158,0.5238190466179429
P168 (29).jpg,P168,0,0.2583964765071869,0.5642420649528503,0.5686756695993501
P168 (3).jpg,P168,0,0.2969361841678619,0.5736933350563049,0.5787593152079424
P168 (30).jpg,P168,0,0.2732038497924804,0.5678792595863342,0.5725571308962343
P168 (31).jpg,P168,0,0.0666281431913375,0.5166508555412292,0.5178132767204234
P168 (32).jpg,P168,0,0.0526275038719177,0.5131538510322571,0.514072394719094
P168 (33).jpg,P168,0,0.0617911219596862,0.5154428482055664,0.5165210597801824
P168 (34).jpg,P168,0,0.1335630416870117,0.5333412289619446,0.5356630221340248
P168 (35).jpg,P168,0,0.0565215423703193,0.5141265988349915,0.5151130333565326
P168 (36).jpg,P168,0,0.0634077936410904,0.5158466100692749,0.5169529813046043
P168 (37).jpg,P168,0,-0.0439537614583969,0.4890133142471313,0.4882459921892097
P168 (38).jpg,P168,0,-0.05619652941823,0.4859545528888702,0.4849738178658144
P168 (39).jpg,P168,0,-0.0423168912529945,0.4894223511219024,0.48868356764250476
P168 (4).jpg,P168,0,0.3098089396953583,0.5768386125564575,0.5821132305107711
P168 (40).jpg,P168,0,-0.0064675519242882,0.498383104801178,0.49827015122042106
P168 (41).jpg,P168,0,-0.0582471415400505,0.4854423105716705,0.48442586075166855
P168 (42).jpg,P168,0,-0.1190548241138458,0.4702713787555694,0.4681997641980169
P168 (43).jpg,P168,0,-0.0932384431362152,0.476707249879837,0.4750824668036959
P168 (44).jpg,P168,0,0.0218633487820625,0.5054656267166138,0.505847454220839
P168 (45).jpg,P168,0,0.0194424726068973,0.5048604607582092,0.5052000292344725
P168 (46).jpg,P168,0,0.0060643991455435,0.5015161037445068,0.5016220199913451
P168 (47).jpg,P168,0,-0.0615296848118305,0.4846223890781402,0.48354878996649253
P168 (48).jpg,P168,0,0.0425808653235435,0.5106436014175415,0.5113870002754035
P168 (49).jpg,P168,0,-0.0349437966942787,0.4912649393081665,0.49065478151381353
P168 (5).jpg,P168,0,0.246227815747261,0.5612478256225586,0.5654795453409565
P168 (50).jpg,P168,0,0.2777800261974334,0.5690018534660339,0.5737549038047974
P168 (51).jpg,P168,0,0.2014043182134628,0.55018150806427,0.5536615124837176
P168 (52).jpg,P168,0,0.1159008666872978,0.5289428234100342,0.5309599797012394
P168 (53).jpg,P168,0,0.2029221951961517,0.5505571961402893,0.5540627829972865
P168 (54).jpg,P168,0,0.2176240235567093,0.554192304611206,0.5579456801988533
P168 (55).jpg,P168,0,0.1488016992807388,0.5371319651603699,0.5397156762292796
P168 (56).jpg,P168,0,0.3304375112056732,0.5818657875061035,0.5874719529546837
P168 (57).jpg,P168,0,0.2418474107980728,0.5601688623428345,0.5643276744009754
P168 (58).jpg,P168,0,0.2180332094430923,0.5542933344841003,0.5580536511979062
P168 (59).jpg,P168,0,0.1755431443452835,0.5437734127044678,0.5468144485907485
P168 (6).jpg,P168,0,0.2311650365591049,0.5575352311134338,0.5615157494629197
P168 (60).jpg,P168,0,0.2864414155483246,0.5711247324943542,0.5760195662763913
P168 (61).jpg,P168,0,0.3098419606685638,0.5768466591835022,0.5821218242988527
P168 (62).jpg,P168,0,0.1603301465511322,0.5399969220161438,0.5427781599150086
P168 (63).jpg,P168,0,0.2582533359527588,0.5642068982124329,0.5686381061205791
P168 (64).jpg,P168,0,0.2514517307281494,0.5625337362289429,0.566852300645129
P168 (65).jpg,P168,0,0.2978674471378326,0.5739211440086365,0.5790021978421074
P168 (66).jpg,P168,0,0.3217401206493377,0.579748272895813,0.5852150648690023
P168 (67).jpg,P168,0,0.2172300964593887,0.5540949702262878,0.5578417303281434
P168 (68).jpg,P168,0,0.1412031799554824,0.5352422595024109,0.5376955059524511
P168 (69).jpg,P168,0,-0.0499633252620697,0.4875117540359497,0.4866396483408154
P168 (7).jpg,P168,0,0.3818654716014862,0.594322919845581,0.6007390431010083
P168 (70).jpg,P168,0,-0.0988755971193313,0.4753012061119079,0.4735786901311508
P168 (71).jpg,P168,0,-0.0552438609302043,0.4861924946308136,0.4852283988458413
P168 (72).jpg,P168,0,-0.029936883598566,0.4925163388252258,0.4919935607397311
P168 (73).jpg,P168,0,-0.0502376034855842,0.4874432682991028,0.48656634067775717
P168 (74).jpg,P168,0,-0.0759328603744506,0.4810259044170379,0.4797016399559567
P168 (75).jpg,P168,0,-0.0446293950080871,0.4888444542884826,0.4880653840253862
P168 (76).jpg,P168,0,-0.0726094618439674,0.4818556010723114,0.48058913699134553
P168 (77).jpg,P168,0,0.1335705667734146,0.5333430767059326,0.5356650246050619
P168 (78).jpg,P168,0,0.202865794301033,0.5505431890487671,0.5540478739445478
P168 (79).jpg,P168,0,0.2250744849443435,0.5560322403907776,0.5599107492683364
P168 (8).jpg,P168,0,0.2310568541288375,0.5575085878372192,0.5614872520322658
P168 (9).jpg,P168,0,0.2136199027299881,0.5532028079032898,0.5568888339094785
P184 (1).jpg,P184,0,-0.0619899444282054,0.4845075011253357,0.4834258200483656
P184 (10).jpg,P184,0,-0.0719236359000206,0.4820268452167511,0.48077229882966277
P184 (11).jpg,P184,0,-0.042394034564495,0.48940309882164,0.48866294495328105
P184 (12).jpg,P184,0,-0.0299153625965118,0.4925217032432556,0.4919993154192751
P184 (13).jpg,P184,0,-0.0014945100992918,0.4996263682842254,0.4996002681902354
P184 (14).jpg,P184,0,-0.0977174490690231,0.4755900800228119,0.4738876014316564
P184 (15).jpg,P184,0,-0.0044422456994652,0.4988894164562225,0.4988118488127648
P184 (16).jpg,P184,0,-0.0478018000721931,0.4880518615245819,0.4872173894604926
P184 (17).jpg,P184,0,-0.0651915892958641,0.4837078750133514,0.48257047655736324
P184 (18).jpg,P184,0,-0.0582303032279014,0.485446572303772,0.4844303600735382
P184 (19).jpg,P184,0,-0.1069271191954612,0.4732936918735504,0.4714316902309095
P184 (2).jpg,P184,0,-0.0806849598884582,0.4798397123813629,0.478432839358571
P184 (20).jpg,P184,0,-0.0960550233721733,0.4760046899318695,0.47433105292480304
P184 (21).jpg,P184,0,-0.0869212076067924,0.4782833456993103,0.4767681990018709
P184 (22).jpg,P184,0,-0.0202678218483924,0.4949331879615783,0.49457924211611376
P184 (23).jpg,P184,0,-0.0688012391328811,0.4828064739704132,0.48160625420281344
P184 (24).jpg,P184,0,-0.0316200703382492,0.4920955896377563,0.4915434861465484
P184 (25).jpg,P184,0,-0.0773074626922607,0.4806827306747436,0.47933459637855264
P184 (26).jpg,P184,0,0.0471665970981121,0.5117894411087036,0.5126128243788814
P184 (27).jpg,P184,0,-0.0761180520057678,0.4809796214103699,0.47965218916880853
P184 (28).jpg,P184,0,-0.0789189934730529,0.4802804887294769,0.47890431707153786
P184 (29).jpg,P184,0,-0.0774669870734214,0.4806429147720337,0.47929200193272553
P184 (3).jpg,P184,0,-0.0305419564247131,0.492365151643753,0.49183176616361296
P184 (30).jpg,P184,0,-0.0769313126802444,0.4807766377925873,0.4794350330062985
P184 (31).jpg,P184,0,0.0128613272681832,0.5032153129577637,0.5034399242992561
P184 (32).jpg,P184,0,-0.0366566590964794,0.4908368587493896,0.49019681563028816
P184 (33).jpg,P184,0,-0.0233343169093132,0.4941667020320892,0.4937591680928027
P184 (34).jpg,P184,0,-0.117958202958107,0.4705445766448974,0.4684918984160085
P184 (35).jpg,P184,0,-0.105042777955532,0.4737633764743805,0.4719340724422409
P184 (36).jpg,P184,0,-0.0845273435115814,0.478880763053894,0.4774071336585395
P184 (37).jpg,P184,0,-0.1027886793017387,0.47432541847229,0.4725351098793825
P184 (38).jpg,P184,0,-0.0993051677942276,0.4751940965652466,0.4734641164417941
P184 (39).jpg,P184,0,-0.1025484204292297,0.4743853807449341,0.47259917771862636
P184 (4).jpg,P184,0,-0.0667421296238899,0.4833206534385681,0.4821562744511558
P184 (40).jpg,P184,0,-0.0783276855945587,0.4804280400276184,0.47906219288950974
P184 (41).jpg,P184,0,-0.1023237779736518,0.4744413495063782,0.4726590820740465
P184 (42).jpg,P184,0,-0.081176683306694,0.479716956615448,0.4783015658433498
P184 (43).jpg,P184,0,-0.0541683323681354,0.4864612519741058,0.48551582084923806
P184 (44).jpg,P184,0,-0.0645789951086044,0.4838608205318451,0.48273412795175913
P184 (45).jpg,P184,0,-0.0835620909929275,0.4791216254234314,0.4776647855639391
P184 (46).jpg,P184,0,-0.0537113435566425,0.4865753650665283,0.48563794849469843
P184 (47).jpg,P184,0,-0.095836728811264,0.4760591685771942,0.4743892859478228
P184 (48).jpg,P184,0,-0.1194024458527565,0.4701847732067108,0.46810716410090775
P184 (49).jpg,P184,0,-0.096067726612091,0.476001501083374,0.47432766418543154
P184 (5).jpg,P184,0,-0.0477702692151069,0.4880596995353699,0.48722581741091664
P184 (50).jpg,P184,0,-0.1022439375519752,0.4744612574577331,0.47268037293646464
P184 (51).jpg,P184,0,-0.0493794232606887,0.4876576662063598,0.4867957125540638
P184 (52).jpg,P184,0,-0.1110151261091232,0.4722747206687927,0.47034199135478205
P184 (53).jpg,P184,0,-0.0886262655258178,0.4778578877449035,0.4763131565005602
P184 (54).jpg,P184,0,-0.0795471519231796,0.4801236987113952,0.4787366069785708
P184 (55).jpg,P184,0,-0.0737333744764328,0.4815750122070312,0.48028898772817114
P184 (56).jpg,P184,0,-0.0767091140151023,0.4808320701122284,0.4794943635337399
P184 (57).jpg,P184,0,-0.1082415580749511,0.4729659855365753,0.4710812832807857
P184 (58).jpg,P184,0,-0.0843269228935241,0.4789307415485382,0.47746063033724806
P184 (59).jpg,P184,0,-0.0170216709375381,0.4957447052001953,0.4954473932651866
P184 (6).jpg,P184,0,-0.0951888784766197,0.4762207269668579,0.4745621128717134
P184 (60).jpg,P184,0,-0.0169427618384361,0.4957644343376159,0.49546849709098373
P184 (61).jpg,P184,0,-0.0390210561454296,0.4902459383010864,0.48956467693374534
P184 (62).jpg,P184,0,-0.0160186979919672,0.495995432138443,0.49571563431485577
P184 (63).jpg,P184,0,-0.0304835550487041,0.4923796951770782,0.4918473824343386
P184 (64).jpg,P184,0,-0.0105119124054908,0.497372031211853,0.497188441631121
P184 (65).jpg,P184,0,-0.0449959561228752,0.4887529015541076,0.4879673974009068
P184 (66).jpg,P184,0,-0.0046146502718329,0.4988463521003723,0.4987657365770647
P184 (67).jpg,P184,0,0.0304944589734077,0.507623016834259,0.5081555332283114
P184 (68).jpg,P184,0,-0.0122438175603747,0.496939092874527,0.49672523162326737
P184 (69).jpg,P184,0,0.0007970575243234,0.5001992583274841,0.5002131864451147
P184 (7).jpg,P184,0,-0.0858278423547744,0.478556215763092,0.47706001451213076
P184 (70).jpg,P184,0,-0.0265537314116954,0.4933619797229767,0.4928982349741087
P184 (71).jpg,P184,0,0.0165600776672363,0.5041399002075195,0.5044291558015044
P184 (72).jpg,P184,0,0.0324045978486537,0.5081004500389099,0.5086662874235451
P184 (73).jpg,P184,0,0.0266405940055847,0.506659746170044,0.507124993187119
P184 (74).jpg,P184,0,-0.0674043819308281,0.4831553101539612,0.48197937175508737
P184 (75).jpg,P184,0,-0.0786137133836746,0.4803566932678222,0.47898582458330613
P184 (76).jpg,P184,0,-0.0179267972707748,0.4955184459686279,0.49520532314089477
P184 (77).jpg,P184,0,-0.0106368781998753,0.4973408281803131,0.4971550184943467
P184 (78).jpg,P184,0,-0.0391585603356361,0.4902116060256958,0.4895279151987051
P184 (79).jpg,P184,0,-0.0042752427980303,0.4989311993122101,0.4988565163083632
P184 (8).jpg,P184,0,-0.0882878378033638,0.477942407131195,0.47640347232102237
P184 (80).jpg,P184,0,-0.063222050666809,0.4841997623443603,0.4830966418360173
P184 (81).jpg,P184,0,-0.0157833993434906,0.4960542023181915,0.4957785643477123
P184 (82).jpg,P184,0,-0.0278206393122673,0.4930453300476074,0.49255945079409136
P184 (83).jpg,P184,0,-0.0473896414041519,0.4881547689437866,0.48732755680663775
P184 (84).jpg,P184,0,-0.0240264795720577,0.4939936399459839,0.4935740672377659
P184 (85).jpg,P184,0,0.0056106885895133,0.5014026761054993,0.5015006686461748
P184 (86).jpg,P184,0,0.0092540076002478,0.502313494682312,0.5024751199605533
P184 (87).jpg,P184,0,0.022257175296545,0.5055640339851379,0.5059527750866444
P184 (9).jpg,P184,0,-0.0727418363094329,0.4818225800991058,0.4805537846694836
P191 (1).jpg,P191,0,-0.1034131795167923,0.4741697013378143,0.47236858382746666
P191 (10).jpg,P191,0,-0.0959552153944969,0.4760295450687408,0.4743576779645935
P191 (11).jpg,P191,0,-0.0924418270587921,0.4769059717655182,0.4752950105276059
P191 (12).jpg,P191,0,-0.1658990383148193,0.4586201310157776,0.4557436302458882
P191 (13).jpg,P191,0,-0.1223867908120155,0.4694414436817169,0.46731228002041586
P191 (14).jpg,P191,0,-0.0952153727412223,0.4762141108512878,0.4745550448814368
P191 (15).jpg,P191,0,-0.0735016167163848,0.4816329181194305,0.48035087921171776
P191 (16).jpg,P191,0,-0.0503057539463043,0.487426221370697,0.4865481258650974
P191 (17).jpg,P191,0,-0.0892244577407836,0.4777086675167084,0.47615352141890405
P191 (18).jpg,P191,0,-0.1039110571146011,0.4740455746650696,0.4722358267219397
P191 (19).jpg,P191,0,-0.1216388046741485,0.4696277379989624,0.4675114916576937
P191 (2).jpg,P191,0,-0.0820617154240608,0.4794961214065552,0.47806529977654777
P191 (20).jpg,P191,0,-0.1005779579281807,0.47487673163414,0.4731246584611113
P191 (21).jpg,P191,0,-0.0067005986347794,0.49832484126091,0.49820781972628075
P191 (22).jpg,P191,0,-0.0720154866576194,0.4820038974285126,0.480747768174233
P191 (23).jpg,P191,0,0.0078025599941611,0.5019506216049194,0.50208691395372
P191 (24).jpg,P191,0,-0.0036851437762379,0.4990786612033844,0.499014347512733
P191 (25).jpg,P191,0,-0.0378879085183143,0.4905291795730591,0.4898676281288288
P191 (26).jpg,P191,0,-0.1202428936958313,0.469975471496582,0.46788329319754957
P191 (27).jpg,P191,0,-0.0948253571987152,0.4763114154338836,0.4746590920532933
P191 (28).jpg,P191,0,-0.0571736879646778,0.4857104420661926,0.48471270052560395
P191 (29).jpg,P191,0,-0.0404885113239288,0.4898792505264282,0.48917235880580523
P191 (3).jpg,P191,0,-0.0823331177234649,0.4794283211231231,0.47799284882623655
P191 (30).jpg,P191,0,-0.1023431718349456,0.4744365215301513,0.4726539103724752
P191 (31).jpg,P191,0,-0.0857306197285652,0.4785804450511932,0.47708596366539496
P191 (32).jpg,P191,0,-0.0695153400301933,0.4826281368732452,0.4814155170631321
P191 (33).jpg,P191,0,-0.1515033394098281,0.462196409702301,0.4595663666607839
P191 (34).jpg,P191,0,-0.1350436359643936,0.4662903547286987,0.4639430049929753
P191 (35).jpg,P191,0,-0.1231172010302543,0.4692595303058624,0.4671177594461465
P191 (36).jpg,P191,0,-0.1324895173311233,0.4669259786605835,0.464622660946722
P191 (37).jpg,P191,0,-0.1234869360923767,0.469167411327362,0.4670192965631893
P191 (38).jpg,P191,0,-0.0743578374385833,0.4814190864562988,0.4801222263646728
P191 (39).jpg,P191,0,-0.1137380748987197,0.4715960919857025,0.46961631849328067
P191 (4).jpg,P191,0,-0.1065142452716827,0.4733965694904327,0.4715417611928922
P191 (40).jpg,P191,0,-0.0148813994601368,0.4962797164916992,0.49601980317385924
P191 (41).jpg,P191,0,-0.1102339848875999,0.4724693894386291,0.4705501907828377
P191 (42).jpg,P191,0,-0.0686362013220787,0.4828477203845978,0.48165033674932695
P191 (43).jpg,P191,0,-0.1196868047118187,0.4701139628887176,0.4680314177153715
P191 (44).jpg,P191,0,0.0037594428285956,0.5009399056434631,0.5010055249412888
P191 (45).jpg,P191,0,-0.0220415741205215,0.4944897890090942,0.49410488298398697
P191 (46).jpg,P191,0,-0.0636870414018631,0.4840836524963379,0.4829724154215426
P191 (47).jpg,P191,0,-0.057389423251152,0.4856565594673157,0.48465505263394104
P191 (48).jpg,P191,0,-0.1077806949615478,0.4730809032917022,0.471204138286844
P191 (49).jpg,P191,0,-0.1203262582421302,0.4699546694755554,0.46786108800626197
P191 (5).jpg,P191,0,-0.0877762660384178,0.4780699908733368,0.47653999782238193
P191 (50).jpg,P191,0,-0.1422539204359054,0.4644964039325714,0.4620250650474807
P191 (51).jpg,P191,0,-0.1057823076844215,0.4735790491104126,0.47173690037484695
P191 (52).jpg,P191,0,-0.1538663357496261,0.4616090953350067,0.45893854113030974
P191 (53).jpg,P191,0,-0.112689085304737,0.471857488155365,0.46989586187606014
P191 (54).jpg,P191,0,-0.1184684634208679,0.4704174399375915,0.4683559649623959
P191 (55).jpg,P191,0,-0.139962837100029,0.4650662839412689,0.46263437548011127
P191 (56).jpg,P191,0,-0.1014851778745651,0.4746504724025726,0.4728827145907015
P191 (57).jpg,P191,0,-0.1621550172567367,0.4595498442649841,0.4567373610790316
P191 (58).jpg,P191,0,-0.0748692899942398,0.4812914133071899,0.4799856474618144
P191 (59).jpg,P191,0,-0.1090644299983978,0.4727609157562256,0.4708619341669151
P191 (6).jpg,P191,0,-0.0904512703418731,0.4774025976657867,0.4758261463959932
P191 (60).jpg,P191,0,-0.0165350548923015,0.4958662986755371,0.49557753643667174
P191 (61).jpg,P191,0,-0.0688469782471656,0.4827950298786163,0.48159403707351034
P191 (62).jpg,P191,0,-0.0879230797290802,0.4780333638191223,0.4765008166203315
P191 (63).jpg,P191,0,-0.1157763302326202,0.4710882306098938,0.4690732020968517
P191 (64).jpg,P191,0,-0.129511758685112,0.4676672220230102,0.4654152140833686
P191 (65).jpg,P191,0,-0.1374830901622772,0.4656832814216614,0.46329398646852643
P191 (66).jpg,P191,0,-0.1182173192501068,0.4704800248146057,0.4684228692164757
P191 (67).jpg,P191,0,-0.1496845781803131,0.4626485407352447,0.4600496816530986
P191 (68).jpg,P191,0,-0.1226418986916542,0.4693778753280639,0.4672443393521905
P191 (69).jpg,P191,0,-0.1380521059036255,0.465541660785675,0.4631426172296831
P191 (7).jpg,P191,0,-0.1279584467411041,0.468053936958313,0.46582870945567156
P191 (70).jpg,P191,0,-0.153743639588356,0.4616396427154541,0.4589711371360129
P191 (71).jpg,P191,0,-0.0690825060009956,0.4827362298965454,0.48153112686818567
P191 (72).jpg,P191,0,-0.0825380980968475,0.4793771803379059,0.47793812984872097
P191 (73).jpg,P191,0,-0.1483797580003738,0.4629729688167572,0.46039646903827103
P191 (74).jpg,P191,0,-0.040238182991743,0.4899418652057647,0.48923928212925544
P191 (75).jpg,P191,0,-0.0678525567054748,0.4830433428287506,0.48185965661091174
P191 (8).jpg,P191,0,-0.1033268868923187,0.4741912484169006,0.4723915938146653
P191 (9).jpg,P191,0,-0.1230982989072799,0.4692642390727997,0.46712279327491457
P013 (1).jpg,P013,1,0.2165626138448715,0.5539300441741943,0.557665582793157
P013 (10).jpg,P013,1,0.1624927073717117,0.5405340194702148,0.5433522822284581
P013 (11).jpg,P013,1,0.0817451179027557,0.5204249024391174,0.5218501832249172
P013 (12).jpg,P013,1,0.039492230862379,0.509871780872345,0.5105612911201399
P013 (13).jpg,P013,1,0.0477979034185409,0.5119472146034241,0.5127815689949881
P013 (14).jpg,P013,1,0.1607090681791305,0.5400909781455994,0.542878765277011
P013 (15).jpg,P013,1,0.0929570347070694,0.5232225060462952,0.5248424521392714
P013 (16).jpg,P013,1,0.0836544632911682,0.5209014415740967,0.5223598716078405
P013 (17).jpg,P013,1,0.0720359236001968,0.5180011987686157,0.5192576899237773
P013 (18).jpg,P013,1,0.2126253247261047,0.5529569387435913,0.5566262450826363
P013 (19).jpg,P013,1,0.1467497050762176,0.5366216897964478,0.5391702513057993
P013 (2).jpg,P013,1,0.0683927610516548,0.5170915126800537,0.5182846384359556
P013 (20).jpg,P013,1,0.1619783043861389,0.5404062867164612,0.5432157275581891
P013 (21).jpg,P013,1,0.0619621500372886,0.5154855847358704,0.5165667540387094
P013 (22).jpg,P013,1,0.0896075665950775,0.522386908531189,0.5239487134177295
P013 (23).jpg,P013,1,0.091356836259365,0.5228233337402344,0.5244154906176224
P013 (24).jpg,P013,1,0.0756858438253402,0.5189124345779419,0.5202323998420236
P013 (25).jpg,P013,1,0.0885453298687934,0.5221219062805176,0.5236652444336407
P013 (26).jpg,P013,1,-0.01219127420336,0.4969522058963775,0.4967392846287114
P013 (27).jpg,P013,1,-0.0561607107520103,0.4859635233879089,0.4849833895244221
P013 (28).jpg,P013,1,0.1030206233263015,0.5257323980331421,0.5275267398502228
P013 (29).jpg,P013,1,0.0396034680306911,0.5098995566368103,0.5105910300623544
P013 (3).jpg,P013,1,0.0825983881950378,0.5206378698348999,0.5220779643354637
P013 (30).jpg,P013,1,0.0472551174461841,0.5118115544319153,0.5126364855424608
P013 (31).jpg,P013,1,0.1378214210271835,0.5344009399414062,0.5367960169298628
P013 (32).jpg,P013,1,0.1352227628231048,0.533754289150238,0.536104656017498
P013 (33).jpg,P013,1,0.0732661187648773,0.5183083415031433,0.5195862298596066
P013 (34).jpg,P013,1,0.124095395207405,0.530984103679657,0.5331427345115597
P013 (35).jpg,P013,1,0.1547479778528213,0.5386099815368652,0.5412956694655193
P013 (36).jpg,P013,1,0.200398564338684,0.5499326586723328,0.5533955898143949
P013 (37).jpg,P013,1,0.1246195584535598,0.5311146378517151,0.5332823122119561
P013 (38).jpg,P013,1,0.008880746550858,0.5022202134132385,0.5023752873559418
P013 (39).jpg,P013,1,0.1148081719875335,0.5286705493927002,0.5306688301443935
P013 (4).jpg,P013,1,0.029341384768486,0.50733482837677,0.5078472031029405
P013 (40).jpg,P013,1,0.1540297120809555,0.5384314656257629,0.5411048616040658
P013 (41).jpg,P013,1,0.0702148452401161,0.5175464749336243,0.5187713163013369
P013 (42).jpg,P013,1,0.081274926662445,0.5203076004981995,0.5217246614499488
P013 (43).jpg,P013,1,0.0343040563166141,0.5085752010345459,0.5091741678350287
P013 (44).jpg,P013,1,0.1089061498641967,0.5271996855735779,0.5290958747106872
P013 (45).jpg,P013,1,0.0543748885393142,0.5135903358459473,0.5145393795390902
P013 (46).jpg,P013,1,0.0996100902557373,0.5248819589614868,0.5266172097874915
P013 (47).jpg,P013,1,0.162383958697319,0.5405070185661316,0.5433234140827715
P013 (48).jpg,P013,1,0.1682521551847458,0.5419641137123108,0.5448807497070324
P013 (49).jpg,P013,1,0.2326603382825851,0.557904064655304,0.5619096004010707
P013 (5).jpg,P013,1,0.0985536277294159,0.5246185064315796,0.5263354334182793
P013 (50).jpg,P013,1,0.1957652568817138,0.5487855672836304,0.552170144778473
P013 (51).jpg,P013,1,0.1321987360715866,0.5330016613006592,0.5352999532131615
P013 (52).jpg,P013,1,0.1661169081926345,0.5414339900016785,0.5443141855855145
P013 (53).jpg,P013,1,0.0883816257119178,0.5220810174942017,0.5236215569060402
P013 (54).jpg,P013,1,0.0995313227176666,0.5248623490333557,0.52659620173965
P013 (55).jpg,P013,1,0.0827221721410751,0.5206687450408936,0.5221110077874116
P013 (56).jpg,P013,1,0.123036578297615,0.5307204127311707,0.5328607698485557
P013 (57).jpg,P013,1,0.0788440033793449,0.519700825214386,0.521075661235465
P013 (58).jpg,P013,1,0.0434176847338676,0.5108526945114136,0.5116107033378297
P013 (59).jpg,P013,1,0.0333022251725196,0.5083248019218445,0.5089062988261298
P013 (6).jpg,P013,1,0.0515002757310867,0.5128722190856934,0.5137711323169676
P013 (60).jpg,P013,1,0.1632745712995529,0.5407282114028931,0.5435598252471795
P013 (7).jpg,P013,1,0.1224570721387863,0.5305760502815247,0.5327064375166606
P013 (8).jpg,P013,1,0.0345674715936183,0.5086410045623779,0.5092445987850165
P013 (9).jpg,P013,1,0.115073561668396,0.5287367105484009,0.5307395454079619
P026 (1).jpg,P026,1,0.1394230276346206,0.5347993969917297,0.5372220466270518
P026 (10).jpg,P026,1,0.317198246717453,0.5786412954330444,0.5840350635284707
P026 (11).jpg,P026,1,0.3040433526039123,0.5754306316375732,0.5806119625384155
P026 (12).jpg,P026,1,0.1830522567033767,0.5456357002258301,0.5488045212732986
P026 (13).jpg,P026,1,0.1620408743619918,0.5404218435287476,0.5432323378838799
P026 (14).jpg,P026,1,0.0819369852542877,0.5204728245735168,0.5219014031459767
P026 (2).jpg,P026,1,0.1989877671003341,0.5495834350585938,0.5530225216744858
P026 (3).jpg,P026,1,0.1995608657598495,0.5497252941131592,0.5531740778575317
P026 (4).jpg,P026,1,0.2034981995820999,0.5506997108459473,0.554215038832378
P026 (5).jpg,P026,1,0.0300762429833412,0.5075185298919678,0.5080437036725947
P026 (6).jpg,P026,1,0.1444469541311264,0.5360490679740906,0.5385580629988989
P026 (7).jpg,P026,1,0.1511861830949783,0.5377247333526611,0.5403493581253701
P026 (8).jpg,P026,1,0.1367072612047195,0.5341236591339111,0.5364996170656535
P026 (9).jpg,P026,1,0.1222059279680252,0.5305135250091553,0.5326395516129965
P156 (1).jpg,P156,1,-0.0517269186675548,0.4870711266994476,0.4861682943998654
P156 (10).jpg,P156,1,-0.0580420941114425,0.485493540763855,0.4844806511167126
P156 (11).jpg,P156,1,-0.0546848848462104,0.4863322079181671,0.48537777723796843
P156 (12).jpg,P156,1,-0.0679122358560562,0.4830284416675567,0.4818437154463561
P156 (13).jpg,P156,1,-0.0186943635344505,0.4953265786170959,0.49500004431534356
P156 (14).jpg,P156,1,-0.087139293551445,0.4782289266586303,0.4767099944872856
P156 (15).jpg,P156,1,-0.0750247165560722,0.4812525808811188,0.4799441427583807
P156 (16).jpg,P156,1,-0.0466132834553718,0.4883488118648529,0.4875350756002123
P156 (17).jpg,P156,1,-0.0652906075119972,0.483683168888092,0.4825440246989949
P156 (18).jpg,P156,1,-0.0453192815184593,0.4886721074581146,0.48788096902220657
P156 (19).jpg,P156,1,-0.0543695613741874,0.4864109456539154,0.485462044096247
P156 (2).jpg,P156,1,-0.0017695929855108,0.4995576441287994,0.499526692695889
P156 (20).jpg,P156,1,-0.0574779659509658,0.4856344163417816,0.48463139273772776
P156 (21).jpg,P156,1,-0.0825740694999694,0.4793682098388672,0.4779285274307943
P156 (22).jpg,P156,1,-0.0734928324818611,0.4816350638866424,0.48035322507516737
P156 (23).jpg,P156,1,-0.0632237866520881,0.4841993153095245,0.48309617804820043
P156 (24).jpg,P156,1,-0.0498070642352104,0.4875507950782776,0.48668141323600267
P156 (25).jpg,P156,1,-0.0473397597670555,0.4881672859191894,0.4873408899293363
P156 (26).jpg,P156,1,-0.0618232637643814,0.4845491051673889,0.48347035274363687
P156 (27).jpg,P156,1,-0.070601962506771,0.48235684633255,0.48112528940743826
P156 (28).jpg,P156,1,-0.0359922312200069,0.4910029172897339,0.4903744609714815
P156 (29).jpg,P156,1,-0.0337078459560871,0.4915738105773926,0.49098524590785103
P156 (3).jpg,P156,1,-0.0285295322537422,0.4928680956363678,0.4923698885048645
P156 (30).jpg,P156,1,0.0101207215338945,0.5025301575660706,0.5027069309690435
P156 (31).jpg,P156,1,-0.0119150187820196,0.4970212876796722,0.49681317072176573
P156 (32).jpg,P156,1,-0.0507572889328002,0.4873133897781372,0.4864274434304925
P156 (33).jpg,P156,1,-0.0509202778339386,0.487272709608078,0.48638388152986023
P156 (34).jpg,P156,1,-0.0578421540558338,0.4855434596538543,0.48453407710880364
P156 (35).jpg,P156,1,-0.0671848431229591,0.4832100570201874,0.4820380150796226
P156 (36).jpg,P156,1,-0.0640615224838256,0.4839900732040405,0.48287237099591307
P156 (37).jpg,P156,1,-0.0419766940176487,0.4895074069499969,0.488774512885828
P156 (38).jpg,P156,1,-0.04811467602849,0.4879736006259918,0.4871337605696814
P156 (39).jpg,P156,1,-0.0190505273640155,0.4952374994754791,0.4949047920096748
P156 (4).jpg,P156,1,-0.0485773906111717,0.4878580570220947,0.48701008250180905
P156 (40).jpg,P156,1,-0.0148632628843188,0.4962842762470245,0.4960246537994789
P156 (41).jpg,P156,1,-0.0283484384417533,0.4929133355617523,0.49241831388645485
P156 (42).jpg,P156,1,-0.0532307364046573,0.4866954088211059,0.4857663898566576
P156 (43).jpg,P156,1,-0.0446094460785388,0.4888494610786438,0.48807071666395957
P156 (44).jpg,P156,1,-0.0483928807079792,0.4879041314125061,0.48705939959996547
P156 (45).jpg,P156,1,-0.0244759134948253,0.493881344795227,0.4934538787948527
P156 (46).jpg,P156,1,-0.0400113053619861,0.4899985194206238,0.4892999364239534
P156 (47).jpg,P156,1,-0.0336573682725429,0.4915864467620849,0.49099874263225873
P156 (48).jpg,P156,1,-0.0525617450475692,0.4868626296520233,0.48594517967109735
P156 (49).jpg,P156,1,-0.03729098290205,0.4906783103942871,0.49002722139988336
P156 (5).jpg,P156,1,-0.0372679568827152,0.4906841218471527,0.4900333776479601
P156 (50).jpg,P156,1,-0.0153617681935429,0.4961595833301544,0.4958913288735788
P156 (51).jpg,P156,1,-0.0562216266989707,0.4859482645988464,0.48496711124065617
P156 (52).jpg,P156,1,-0.0400269143283367,0.489994615316391,0.48929576345573106
P156 (53).jpg,P156,1,-0.0291958004236221,0.4927015900611877,0.492191726338133
P156 (54).jpg,P156,1,-0.0458115115761756,0.4885491132736206,0.4877493919917524
P156 (55).jpg,P156,1,-0.0574873201549053,0.4856321215629577,0.4846288931625087
P156 (56).jpg,P156,1,-0.0324762947857379,0.4918816089630127,0.49131454179692996
P156 (6).jpg,P156,1,-0.0382407382130622,0.4904409646987915,0.4897732970009894
P156 (7).jpg,P156,1,-0.0644396841526031,0.4838956594467163,0.4827713446771348
P156 (8).jpg,P156,1,-0.0744503214955329,0.4813960492610931,0.4800975290907207
P156 (9).jpg,P156,1,-0.057714145630598,0.4855754971504211,0.4845682824320934
P157 (1).jpg,P157,1,-0.0744630396366119,0.48139289021492,0.4800941328003611
P157 (2).jpg,P157,1,-0.0829673185944557,0.4792700409889221,0.47782355226999645
P157 (3).jpg,P157,1,0.0160426124930381,0.5040105581283569,0.5042907615508563
P157 (4).jpg,P157,1,-0.0184921696782112,0.4953771233558655,0.49505411911767483
P157 (5).jpg,P157,1,-0.0144357625395059,0.4963911175727844,0.49613898894410396
P205 (1).jpg,P205,1,0.3856766521930694,0.5952415466308594,0.6017166251408966
P205 (10).jpg,P205,1,0.3941004574298858,0.5972694158554077,0.6038744767268355
P205 (11).jpg,P205,1,0.2540565729141235,0.5631747245788574,0.5675364266460693
P205 (12).jpg,P205,1,0.2960123121738434,0.5734674334526062,0.5785183225450234
P205 (13).jpg,P205,1,0.3202693462371826,0.5793898701667786,0.5848330567217818
P205 (14).jpg,P205,1,0.426744133234024,0.6050959229469299,0.6121977058992554
P205 (15).jpg,P205,1,0.3841485679149627,0.594873309135437,0.6013247627670667
P205 (16).jpg,P205,1,0.3357075452804565,0.5831474661827087,0.5888376950486323
P205 (17).jpg,P205,1,0.2789859473705292,0.5692976117134094,0.5740703993864807
P205 (18).jpg,P205,1,0.284440279006958,0.5706344842910767,0.5754966161942232
P205 (19).jpg,P205,1,0.1529459208250045,0.538162112236023,0.540816928813748
P205 (2).jpg,P205,1,0.3730505406856537,0.5921959280967712,0.5984749142951924
P205 (20).jpg,P205,1,0.5509649515151978,0.6343594193458557,0.6432411019480004
P205 (21).jpg,P205,1,0.6352753639221191,0.653684675693512,0.6636628932383807
P205 (22).jpg,P205,1,0.3225653767585754,0.5799493193626404,0.5854293659971047
P205 (23).jpg,P205,1,0.4072512090206146,0.600428581237793,0.6072350906011633
P205 (24).jpg,P205,1,0.3833189010620117,0.5946733355522156,0.6011119483419631
P205 (25).jpg,P205,1,0.4597226977348327,0.6129483580589294,0.6205403375016006
P205 (26).jpg,P205,1,0.3003719449043274,0.5745334625244141,0.579655205757336
P205 (27).jpg,P205,1,0.2533672451972961,0.5630050897598267,0.5673554091444557
P205 (28).jpg,P205,1,0.4835284054279327,0.6185807585716248,0.6265188344149271
P205 (29).jpg,P205,1,0.359498530626297,0.5889190435409546,0.5949858804049835
P205 (3).jpg,P205,1,0.2717864215373993,0.567531406879425,0.5721859585310635
P205 (30).jpg,P205,1,0.352342426776886,0.5871855020523071,0.5931396018856998
P205 (31).jpg,P205,1,0.4259724915027618,0.6049115061759949,0.6120016915244075
P205 (32).jpg,P205,1,0.520268440246582,0.6272104978561401,0.6356697021880605
P205 (33).jpg,P205,1,0.3155784606933594,0.5782463550567627,0.5836140012135324
P205 (34).jpg,P205,1,0.5538848638534546,0.6350364685058594,0.6439576638417059
P205 (35).jpg,P205,1,0.2940510809421539,0.5729876160621643,0.578006610128124
P205 (36).jpg,P205,1,0.1973698288202285,0.5491828918457031,0.5525946041204227
P205 (37).jpg,P205,1,0.2394142597913742,0.559569239616394,0.5636875523172782
P205 (38).jpg,P205,1,0.2144133746623993,0.5533989071846008,0.5570983038519496
P205 (39).jpg,P205,1,0.1995028108358383,0.5497109293937683,0.5531587256576725
P205 (4).jpg,P205,1,0.2907743752002716,0.5721856951713562,0.5771512989067995
P205 (40).jpg,P205,1,0.2208293378353119,0.5549840927124023,0.558791312181542
P205 (41).jpg,P205,1,0.4178021848201751,0.6029571890830994,0.6099240367925873
P205 (42).jpg,P205,1,0.2775241434574127,0.5689391493797302,0.5736879515042522
P205 (43).jpg,P205,1,0.2423183470964431,0.5602849125862122,0.564451545315205
P205 (44).jpg,P205,1,0.2445259988307953,0.5608287453651428,0.5650321189871201
P205 (45).jpg,P205,1,0.2987798154354095,0.574144184589386,0.5792401154818468
P205 (46).jpg,P205,1,0.5239628553390503,0.6280739307403564,0.6365845925277561
P205 (47).jpg,P205,1,0.3788236081600189,0.5935893058776855,0.5999582169044049
P205 (48).jpg,P205,1,0.3590361475944519,0.5888071060180664,0.5948666659137438
P205 (49).jpg,P205,1,0.2907791435718536,0.5721868276596069,0.5771525439216677
P205 (5).jpg,P205,1,0.3813119530677795,0.594189465045929,0.600596996546121
P205 (50).jpg,P205,1,0.3406318724155426,0.5843439698219299,0.5901126108754015
P205 (51).jpg,P205,1,0.437736302614212,0.6077194809913635,0.6149859947777773
P205 (52).jpg,P205,1,0.4190950989723205,0.603266716003418,0.6102530841957728
P205 (53).jpg,P205,1,0.5065615773200989,0.624000072479248,0.6322667808090829
P205 (54).jpg,P205,1,0.2013767659664154,0.5501747727394104,0.5536542280411672
P205 (55).jpg,P205,1,0.2397184371948242,0.5596442222595215,0.5637675880510296
P205 (56).jpg,P205,1,0.3272725641727447,0.5810955762863159,0.5866511002375974
P205 (57).jpg,P205,1,0.3094417750835418,0.5767489671707153,0.5820176716749077
P205 (58).jpg,P205,1,0.3838264644145965,0.5947956442832947,0.6012421458672311
P205 (59).jpg,P205,1,0.3003271520137787,0.5745224952697754,0.5796435291654828
P205 (6).jpg,P205,1,0.3316971361637115,0.5821722149848938,0.587798511127559
P205 (60).jpg,P205,1,0.1833420842885971,0.5457075834274292,0.5488813008126018
P205 (61).jpg,P205,1,0.2773322165012359,0.5688920617103577,0.5736377316068723
P205 (62).jpg,P205,1,0.2037788778543472,0.5507692098617554,0.5542892271256281
P205 (63).jpg,P205,1,0.2351438999176025,0.5585165619850159,0.5625635787638151
P205 (64).jpg,P205,1,0.2767488062381744,0.568748950958252,0.5734850662751216
P205 (65).jpg,P205,1,0.3476317226886749,0.5860431790351868,0.5919227965821595
P205 (66).jpg,P205,1,0.3212206661701202,0.5796217322349548,0.5850801572542973
P205 (67).jpg,P205,1,0.3569052219390869,0.5882910490036011,0.5943171128930552
P205 (68).jpg,P205,1,0.4067508280277252,0.6003085374832153,0.6071074040354071
P205 (69).jpg,P205,1,0.4174292981624603,0.6028679013252258,0.6098291183154161
P205 (7).jpg,P205,1,0.3273670077323913,0.5811185836791992,0.5866756018778945
P205 (70).jpg,P205,1,0.4569835066795349,0.6122983694076538,0.6198500324848938
P205 (71).jpg,P205,1,0.356139212846756,0.5881055593490601,0.5941195058889073
P205 (72).jpg,P205,1,0.4156197607517242,0.6024346351623535,0.6093683816929777
P205 (8).jpg,P205,1,0.2947549521923065,0.5731598138809204,0.5781902792239368
P205 (9).jpg,P205,1,0.2321555614471435,0.5577796101570129,0.5617766547747844
P041 (1).jpg,P041,1,-0.0319338180124759,0.4920172095298767,0.4914595932907417
P041 (10).jpg,P041,1,-0.0792905688285827,0.4801877439022064,0.47880511073306536
P041 (11).jpg,P041,1,-0.0173325724899768,0.4956669509410858,0.4953642444298382
P041 (12).jpg,P041,1,0.0650045946240425,0.516245424747467,0.5173795691702133
P041 (13).jpg,P041,1,-0.0377350412309169,0.4905673861503601,0.48990849833627914
P041 (14).jpg,P041,1,0.0270417295396327,0.5067600011825562,0.5072322615249021
P041 (15).jpg,P041,1,-0.0731711685657501,0.4817153215408325,0.48043912725088467
P041 (16).jpg,P041,1,0.0334846228361129,0.5083703398704529,0.5089550685890499
P041 (17).jpg,P041,1,-0.0001048268750309,0.4999737739562988,0.49997196228692514
P041 (18).jpg,P041,1,-0.066169649362564,0.4834636151790619,0.4823092005925678
P041 (19).jpg,P041,1,-0.1123559698462486,0.4719405472278595,0.4699846371857943
P041 (2).jpg,P041,1,0.0426303669810295,0.5106559991836548,0.5114002334523459
P041 (20).jpg,P041,1,-0.0534910783171653,0.4866304099559784,0.4856968137332893
P041 (21).jpg,P041,1,-0.1730341166257858,0.456849068403244,0.45385083337954313
P041 (22).jpg,P041,1,-0.0238613523542881,0.4940349757671356,0.4936182260481353
P041 (23).jpg,P041,1,-0.0773596167564392,0.4806697368621826,0.47932067074083223
P041 (24).jpg,P041,1,-0.064511552453041,0.4838776886463165,0.4827521451381609
P041 (25).jpg,P041,1,0.0142404688522219,0.5035600662231445,0.5038087795430966
P041 (26).jpg,P041,1,-0.0472632274031639,0.4881863594055176,0.4873613466986866
P041 (27).jpg,P041,1,-0.1335645020008087,0.4666584134101867,0.4643365892675453
P041 (28).jpg,P041,1,-0.1104765385389328,0.4724089503288269,0.47048554128068715
P041 (29).jpg,P041,1,-0.0118568958714604,0.4970357716083526,0.4968287160445803
P041 (3).jpg,P041,1,-0.0382296442985534,0.4904437661170959,0.48977626301428956
P041 (30).jpg,P041,1,0.0400734581053257,0.5100170373916626,0.5107166797490064
P041 (31).jpg,P041,1,-0.0526840388774871,0.4868320524692535,0.4859124960324069
P041 (32).jpg,P041,1,-0.1140363365411758,0.4715217649936676,0.46953683874858987
P041 (33).jpg,P041,1,-0.0261392407119274,0.4934655129909515,0.49300907547396855
P041 (34).jpg,P041,1,-0.101127989590168,0.4747395515441894,0.4729779705901081
P041 (35).jpg,P041,1,-0.0555424466729164,0.486117959022522,0.4851486071411308
P041 (36).jpg,P041,1,-0.129634603857994,0.4676366150379181,0.4653825144237954
P041 (37).jpg,P041,1,-0.0407787002623081,0.4898067116737366,0.4890947795466927
P041 (38).jpg,P041,1,-0.0330991894006729,0.4917259812355041,0.49114798938470083
P041 (39).jpg,P041,1,0.0182547122240066,0.5045635104179382,0.5048823750222069
P041 (4).jpg,P041,1,-0.0545599125325679,0.4863633811473846,0.4854111746660112
P041 (5).jpg,P041,1,-0.1092399135231971,0.4727171659469604,0.47081515779872163
P041 (6).jpg,P041,1,-0.0374424830079078,0.4906404912471771,0.489986716331117
P041 (7).jpg,P041,1,-0.0789680331945419,0.4802682399749756,0.47889122393547745
P041 (8).jpg,P041,1,-0.0178856067359447,0.4955287575721741,0.4952163392323605
P041 (9).jpg,P041,1,-0.0248259268701076,0.4937938153743744,0.49336027810022376
P100 (1).jpg,P100,1,-0.0061155939474701,0.498471051454544,0.49836428724203513
P100 (10).jpg,P100,1,0.0604330748319625,0.5151036977767944,0.5161582151299507
P100 (100).jpg,P100,1,-0.013149038888514,0.4967128038406372,0.4964831261070334
P100 (101).jpg,P100,1,-0.0242384374141693,0.4939406514167785,0.49351738498996794
P100 (102).jpg,P100,1,-0.0474204942584037,0.4881470501422882,0.487319309995485
P100 (103).jpg,P100,1,-0.0422095581889152,0.489449143409729,0.488712261009739
P100 (104).jpg,P100,1,-0.0558836460113525,0.4860327243804931,0.48505742864149026
P100 (105).jpg,P100,1,-0.0494028218090534,0.4876518249511719,0.4867894585849627
P100 (106).jpg,P100,1,-0.1029461771249771,0.474286139011383,0.47249311173291203
P100 (107).jpg,P100,1,-0.0311477780342102,0.4922136962413788,0.4916697730793958
P100 (108).jpg,P100,1,-0.0097091561183333,0.4975726902484894,0.497403146035461
P100 (109).jpg,P100,1,-0.0466892644762992,0.4883298277854919,0.4875147658474884
P100 (11).jpg,P100,1,0.1080436557531356,0.526984691619873,0.5288659611550759
P100 (110).jpg,P100,1,-0.0362213999032974,0.4909456670284271,0.49031318880882235
P100 (111).jpg,P100,1,-0.0614870265126228,0.4846330881118774,0.4835601873038052
P100 (112).jpg,P100,1,-0.02582423761487,0.4935442507266998,0.49309331208409996
P100 (113).jpg,P100,1,-0.0166508760303258,0.4958373606204986,0.49554656056330953
P100 (114).jpg,P100,1,-0.0410820357501506,0.4897309243679046,0.48901368624393865
P100 (115).jpg,P100,1,-0.0607253462076187,0.4848233163356781,0.48376369400371494
P100 (116).jpg,P100,1,-0.037952996790409,0.490512877702713,0.4898502263357568
P100 (117).jpg,P100,1,-0.0714450478553772,0.4821463525295257,0.4809001172194254
P100 (118).jpg,P100,1,-0.0439682081341743,0.4890097379684448,0.48824213031853353
P100 (119).jpg,P100,1,-0.0572315528988838,0.4856960475444793,0.48469723805704085
P100 (12).jpg,P100,1,0.0814541354775428,0.520352303981781,0.5217725031772547
P100 (120).jpg,P100,1,-0.0169272981584072,0.4957683086395263,0.49547263277321457
P100 (121).jpg,P100,1,-0.0551160015165805,0.4862244725227356,0.4852625672200936
P100 (122).jpg,P100,1,-0.019179780036211,0.4952052235603332,0.49487022482016785
P100 (123).jpg,P100,1,-0.020676601678133,0.4948310256004333,0.49446992017842345
P100 (124).jpg,P100,1,-0.0502741448581218,0.4874340891838074,0.48655657413251796
P100 (125).jpg,P100,1,-0.0211560055613517,0.4947111904621124,0.49434171158808177
P100 (126).jpg,P100,1,-0.0220063216984272,0.4944986701011657,0.4941143105293517
P100 (127).jpg,P100,1,-0.0280766300857067,0.4929812848567962,0.49249099705281674
P100 (128).jpg,P100,1,-0.0461449474096298,0.488465815782547,0.4876602628906241
P100 (129).jpg,P100,1,-0.0455060712993145,0.4886254370212555,0.4878310384214292
P100 (13).jpg,P100,1,0.1155323833227157,0.5288509726524353,0.5308617992986167
P100 (130).jpg,P100,1,0.0106658777222037,0.5026664137840271,0.5028527376644734
P100 (131).jpg,P100,1,0.1073439344763755,0.5268102288246155,0.528679428667261
P100 (132).jpg,P100,1,-0.0035582110285758,0.4991104304790497,0.4990482976863146
P100 (133).jpg,P100,1,-0.0131800761446356,0.496705025434494,0.4964748250818609
P100 (134).jpg,P100,1,0.0203911997377872,0.5050976276397705,0.5054537534758305
P100 (135).jpg,P100,1,0.013328275643289,0.5033320188522339,0.5035648113773018
P100 (14).jpg,P100,1,0.0462932027876377,0.5115712285041809,0.5123793662773779
P100 (15).jpg,P100,1,0.0516079179942607,0.5128991603851318,0.513799901167416
P100 (16).jpg,P100,1,0.0382833518087863,0.5095696449279785,0.5102380959493792
P100 (17).jpg,P100,1,0.0074040098115801,0.5018510222434998,0.501980316759254
P100 (18).jpg,P100,1,0.0490080490708351,0.5122495293617249,0.5131050259193486
P100 (19).jpg,P100,1,0.0485461093485355,0.5121341347694397,0.5129815564411806
P100 (2).jpg,P100,1,0.017957579344511,0.5044893026351929,0.5048029092847344
P100 (20).jpg,P100,1,0.0122050596401095,0.503051221370697,0.5032644023615179
P100 (21).jpg,P100,1,0.0632264912128448,0.5158013701438904,0.5169045445052934
P100 (22).jpg,P100,1,-0.0208992213010787,0.4947753846645355,0.4944103841736222
P100 (23).jpg,P100,1,-0.0645077377557754,0.4838786721229553,0.4827531642291431
P100 (24).jpg,P100,1,-0.058551125228405,0.4853664040565491,0.48434463449088705
P100 (25).jpg,P100,1,-0.0698528289794921,0.4825438559055328,0.48132537527277863
P100 (26).jpg,P100,1,-0.0518383085727691,0.4870433211326599,0.4861385241425197
P100 (27).jpg,P100,1,-0.053872101008892,0.4865351915359497,0.4855949867889714
P100 (28).jpg,P100,1,-0.0395791679620742,0.4901064932346344,0.4894154664858435
P100 (29).jpg,P100,1,0.0180227570235729,0.5045055747032166,0.504820340538243
P100 (3).jpg,P100,1,0.0068053351715207,0.5017013549804688,0.5018201934587636
P100 (30).jpg,P100,1,-0.0158201195299625,0.4960450530052185,0.49576874361716194
P100 (31).jpg,P100,1,-0.0534842200577259,0.4866321682929992,0.4856986465893686
P100 (32).jpg,P100,1,-0.0741115808486938,0.481480598449707,0.4801879880802215
P100 (33).jpg,P100,1,-0.0732803493738174,0.4816881120204925,0.48040996976607814
P100 (34).jpg,P100,1,-0.0678918585181236,0.4830335676670074,0.4818491585239826
P100 (35).jpg,P100,1,-0.0330702438950538,0.4917331635951996,0.4911557289231859
P100 (36).jpg,P100,1,-0.0496235638856887,0.4875966608524322,0.48673045879851473
P100 (37).jpg,P100,1,-0.0596888996660709,0.48508220911026,0.48404062172816814
P100 (38).jpg,P100,1,-0.0752319395542144,0.4812009036540985,0.4798888069004669
P100 (39).jpg,P100,1,-0.0532503128051757,0.4866905510425567,0.4857611580634092
P100 (4).jpg,P100,1,0.0104877362027764,0.5026218891143799,0.5028050922403063
P100 (40).jpg,P100,1,-0.049856174737215,0.4875385761260986,0.4866682871344663
P100 (41).jpg,P100,1,-0.0904999002814292,0.4773904681205749,0.47581316991964173
P100 (42).jpg,P100,1,-0.0895003527402877,0.4776398539543152,0.47607989702409337
P100 (43).jpg,P100,1,-0.0716500282287597,0.4820951521396637,0.48084537199855276
P100 (44).jpg,P100,1,-0.1027075946331024,0.4743456840515136,0.47255673195389325
P100 (45).jpg,P100,1,0.0203261785209178,0.5050814151763916,0.505436364518848
P100 (46).jpg,P100,1,-0.0884067863225936,0.4779126644134521,0.47637172848911613
P100 (47).jpg,P100,1,-0.1126767471432685,0.4718606173992157,0.4698991499636386
P100 (48).jpg,P100,1,-0.1056663990020752,0.4736079275608063,0.47176780315514205
P100 (49).jpg,P100,1,-0.060776088386774,0.4848106503486633,0.4837501364764263
P100 (5).jpg,P100,1,0.004733090288937,0.501183271408081,0.5012659420021088
P100 (50).jpg,P100,1,-0.1235943138599395,0.4691407382488251,0.4669907016373117
P100 (51).jpg,P100,1,-0.0573201328516006,0.4856739044189453,0.48467356808370526
P100 (52).jpg,P100,1,-0.0803795158863067,0.4799159467220306,0.47851438407351515
P100 (53).jpg,P100,1,-0.094143271446228,0.4764815270900726,0.4748410621198509
P100 (54).jpg,P100,1,-0.0544555112719535,0.4863894879817962,0.48543907481422566
P100 (55).jpg,P100,1,-0.016553059220314,0.4958618581295013,0.49557272125308083
P100 (56).jpg,P100,1,-0.0492832362651824,0.4876816868782043,0.4868214214785745
P100 (57).jpg,P100,1,-0.0435469187796115,0.4891149997711181,0.4883547495347923
P100 (58).jpg,P100,1,-0.0476430356502532,0.4880914986133575,0.487259826017124
P100 (59).jpg,P100,1,-0.0663238614797592,0.4834251701831817,0.4822680057199882
P100 (6).jpg,P100,1,-0.0145109528675675,0.4963723421096802,0.4961188792300558
P100 (60).jpg,P100,1,-0.04530830681324,0.4886748492717743,0.4878839026678769
P100 (61).jpg,P100,1,-0.0321209691464901,0.4919704496860504,0.4914095512581575
P100 (62).jpg,P100,1,-0.0440630614757537,0.4889860153198242,0.48821677425461507
P100 (63).jpg,P100,1,-0.0271798260509967,0.4932054579257965,0.492730810004882
P100 (64).jpg,P100,1,-0.0413676872849464,0.4896595180034637,0.488937321074084
P100 (65).jpg,P100,1,-0.0303754769265651,0.4924066960811615,0.49187628209012835
P100 (66).jpg,P100,1,-0.0322656519711017,0.4919342696666717,0.4913708648746071
P100 (67).jpg,P100,1,-0.0452564656734466,0.4886878132820129,0.4878977603210949
P100 (68).jpg,P100,1,-0.0301993191242218,0.4924507439136505,0.4919233860952563
P100 (69).jpg,P100,1,-0.0646536126732826,0.4838421940803528,0.48271419405336236
P100 (7).jpg,P100,1,0.0248405002057552,0.5062097907066345,0.5066436190960525
P100 (70).jpg,P100,1,-0.0299981944262981,0.4925009906291961,0.4919771663397472
P100 (71).jpg,P100,1,-0.0468285605311393,0.4882950484752655,0.48747753207179234
P100 (72).jpg,P100,1,-0.058943398296833,0.4852684140205383,0.4842398180023252
P100 (73).jpg,P100,1,-0.0689756721258163,0.4827629029750824,0.48155966246049453
P100 (74).jpg,P100,1,-0.0383351072669029,0.4904173910617828,0.48974806699354867
P100 (75).jpg,P100,1,-0.0686734765768051,0.4828383922576904,0.4816403802898479
P100 (76).jpg,P100,1,-0.0043830359354615,0.4989042580127716,0.4988276853730523
P100 (77).jpg,P100,1,-0.0140263037756085,0.4964934885501861,0.4962484992391916
P100 (78).jpg,P100,1,-0.0472421497106552,0.4881916642189026,0.48736698068203005
P100 (79).jpg,P100,1,-0.0460216142237186,0.4884966313838959,0.4876932303899345
P100 (8).jpg,P100,1,0.0310621634125709,0.5077649354934692,0.5083073341868815
P100 (80).jpg,P100,1,-0.0363872610032558,0.4909041821956634,0.4902688431915739
P100 (81).jpg,P100,1,0.0051867961883544,0.5012966990470886,0.5013872924308497
P100 (82).jpg,P100,1,-0.0373240485787391,0.4906701147556305,0.4900183809492729
P100 (83).jpg,P100,1,-0.0851411372423172,0.4787275493144989,0.47724330181804797
P100 (84).jpg,P100,1,-0.040999811142683,0.4897514581680298,0.4890356680033418
P100 (85).jpg,P100,1,-0.0403611436486244,0.4899110496044159,0.48920640951014804
P100 (86).jpg,P100,1,-0.0452767722308635,0.4886826872825622,0.48789233217374295
P100 (87).jpg,P100,1,-0.026628665626049,0.4933432340621948,0.4928781966113035
P100 (88).jpg,P100,1,-0.0305583700537681,0.4923609793186188,0.4918273772343629
P100 (89).jpg,P100,1,0.024331010878086,0.5060824155807495,0.5065073711639184
P100 (9).jpg,P100,1,0.0542008876800537,0.513546884059906,0.5144928793057968
P100 (90).jpg,P100,1,-0.041832361370325,0.4895434379577636,0.48881309769154985
P100 (91).jpg,P100,1,-0.0463476292788982,0.4884151220321655,0.487606085374974
P100 (92).jpg,P100,1,-0.0453977212309837,0.4886525273323059,0.48786000134685487
P100 (93).jpg,P100,1,-0.0684645324945449,0.4828905165195465,0.4816961907815589
P100 (94).jpg,P100,1,-0.0570004880428314,0.4857537746429443,0.48475898258740135
P100 (95).jpg,P100,1,-0.0837530568242073,0.4790739715099334,0.47761381069063175
P100 (96).jpg,P100,1,-0.0330420956015586,0.4917401969432831,0.4911632553047027
P100 (97).jpg,P100,1,-0.0019580777734518,0.4995104670524597,0.49947627931526073
P100 (98).jpg,P100,1,-0.0250290259718894,0.4937430918216705,0.4933059654830436
P100 (99).jpg,P100,1,-0.0253466181457042,0.4936636984348297,0.4932210355272574
P114 (1).jpg,P114,1,-0.1073294356465339,0.4731934070587158,0.4713244365320473
P114 (10).jpg,P114,1,-0.0886696428060531,0.4778470993041992,0.4763015805671176
P114 (11).jpg,P114,1,-0.0628290846943855,0.484297901391983,0.4832016278234757
P114 (12).jpg,P114,1,-0.065428152680397,0.483648806810379,0.48250728086156014
P114 (13).jpg,P114,1,-0.0829216539859771,0.4792814254760742,0.4778357420250976
P114 (14).jpg,P114,1,-0.083801619708538,0.4790618121623993,0.4776008477816842
P114 (15).jpg,P114,1,-0.0863781869411468,0.4784188866615295,0.47691312742204156
P114 (16).jpg,P114,1,-0.0981804430484771,0.4754745960235595,0.4737641052472079
P114 (17).jpg,P114,1,-0.0645437389612197,0.4838696420192718,0.48274354656371116
P114 (18).jpg,P114,1,-0.0717232823371887,0.4820768535137176,0.4808258077377043
P114 (19).jpg,P114,1,-0.0674628466367721,0.4831407070159912,0.4819637547150024
P114 (2).jpg,P114,1,-0.1171775683760643,0.4707390666007995,0.46869986861297575
P114 (20).jpg,P114,1,-0.0793387442827224,0.4801757037639618,0.4787922485641674
P114 (21).jpg,P114,1,-0.0723197758197784,0.4819279313087463,0.48066650208761386
P114 (22).jpg,P114,1,-0.0765581578016281,0.4808697998523712,0.4795346715396546
P114 (23).jpg,P114,1,-0.0775598436594009,0.480619728565216,0.47926720852695487
P114 (24).jpg,P114,1,-0.0741785913705825,0.4814638495445251,0.4801700931534404
P114 (25).jpg,P114,1,-0.0659724324941635,0.4835128784179687,0.482361883727583
P114 (26).jpg,P114,1,-0.052225038409233,0.4869467318058014,0.4860351668271988
P114 (27).jpg,P114,1,-0.0452506653964519,0.4886893033981323,0.4878993107940878
P114 (28).jpg,P114,1,-0.074076347053051,0.481489360332489,0.48019739716318505
P114 (29).jpg,P114,1,-0.0759732574224472,0.4810158312320709,0.4796908529020524
P114 (3).jpg,P114,1,-0.1251711547374725,0.4687480330467224,0.4665708106612755
P114 (30).jpg,P114,1,-0.0582076236605644,0.4854521751403808,0.48443642022609856
P114 (31).jpg,P114,1,-0.0889908075332641,0.4777669906616211,0.4762158733238711
P114 (32).jpg,P114,1,-0.0796814858913421,0.4800901710987091,0.4787007421863272
P114 (33).jpg,P114,1,-0.0632069706916809,0.4842035174369812,0.4831006706206828
P114 (34).jpg,P114,1,-0.1097762286663055,0.4725834727287292,0.4706722024046695
P114 (35).jpg,P114,1,-0.1104731932282447,0.472409725189209,0.4704864329227505
P114 (36).jpg,P114,1,-0.0872824117541313,0.4781932234764099,0.4766717983046848
P114 (37).jpg,P114,1,-0.0874221101403236,0.4781583845615387,0.4766345150849096
P114 (38).jpg,P114,1,-0.093067280948162,0.4767499566078186,0.47512813352495914
P114 (39).jpg,P114,1,-0.0350271575152874,0.4912441074848175,0.4906324930657612
P114 (4).jpg,P114,1,-0.0967955961823463,0.4758199751377105,0.4741335003350152
P114 (40).jpg,P114,1,-0.0366444252431392,0.4908399581909179,0.49020008652296637
P114 (41).jpg,P114,1,-0.0045678899623453,0.4988580346107483,0.49877824333387977
P114 (42).jpg,P114,1,-0.0807958170771598,0.4798119962215423,0.47840324397930517
P114 (43).jpg,P114,1,-0.0896017029881477,0.477614551782608,0.4760528513049438
P114 (44).jpg,P114,1,-0.0894282758235931,0.4776578545570373,0.4760991311230718
P114 (45).jpg,P114,1,-0.0625518411397934,0.4843671321868896,0.48327569794963354
P114 (46).jpg,P114,1,-0.069484606385231,0.4826357960700989,0.4814237259425622
P114 (47).jpg,P114,1,-0.0791180357336998,0.4802307784557342,0.4788511748739643
P114 (48).jpg,P114,1,-0.076088860630989,0.4809869825839996,0.4796599839679188
P114 (49).jpg,P114,1,-0.067438893020153,0.4831466674804687,0.4819701531794412
P114 (5).jpg,P114,1,-0.1083131432533264,0.4729481637477875,0.4710622007103576
P114 (50).jpg,P114,1,0.0027374145574867,0.500684380531311,0.500732167100557
P114 (51).jpg,P114,1,-0.0280616283416748,0.4929850399494171,0.4924950086174098
P114 (52).jpg,P114,1,-0.1074078232049942,0.4731738269329071,0.4713035394702828
P114 (53).jpg,P114,1,-0.0363228917121887,0.4909202754497528,0.49028605333268066
P114 (54).jpg,P114,1,-0.0545967668294906,0.4863542020320892,0.4854013257611763
P114 (55).jpg,P114,1,-0.0791617184877395,0.4802199006080627,0.47883951210045356
P114 (56).jpg,P114,1,-0.0808665454387664,0.4797943830490112,0.47838436181270777
P114 (57).jpg,P114,1,-0.0801015496253967,0.4799852967262268,0.47858859402153564
P114 (58).jpg,P114,1,-0.0616323240101337,0.4845967888832092,0.48352136715325994
P114 (59).jpg,P114,1,-0.10626932233572,0.4734576344490051,0.47160705822869825
P114 (6).jpg,P114,1,-0.0945871844887733,0.4763708114624023,0.47472263213429117
P114 (60).jpg,P114,1,-0.0505259521305561,0.4873712062835693,0.4864892729685702
P114 (61).jpg,P114,1,-0.0657425224781036,0.4835703074932098,0.48242330077637124
P114 (62).jpg,P114,1,-0.0579375363886356,0.485519677400589,0.484508589946796
P114 (63).jpg,P114,1,-0.0434612669050693,0.4891363382339477,0.4883776461685615
P114 (64).jpg,P114,1,-0.0481212399899959,0.4879720211029053,0.487132006090309
P114 (65).jpg,P114,1,-0.0852964296936988,0.4786888062953949,0.4772018524331526
P114 (66).jpg,P114,1,-0.0431283935904502,0.4892195761203766,0.4884666310040486
P114 (67).jpg,P114,1,-0.0551620684564113,0.4862130284309387,0.48525025655458814
P114 (68).jpg,P114,1,-0.0470363013446331,0.4882430732250213,0.48742200329977425
P114 (69).jpg,P114,1,-0.0280524939298629,0.4929873645305633,0.49249745121941835
P114 (7).jpg,P114,1,-0.0825180858373642,0.479382187128067,0.4779434720460355
P114 (70).jpg,P114,1,-0.0417910926043987,0.4895537197589874,0.4888241301979528
P114 (71).jpg,P114,1,-0.0577652230858802,0.4855626821517944,0.48455463393131004
P114 (72).jpg,P114,1,-0.0434859134256839,0.4891302287578583,0.4883710576054081
P114 (73).jpg,P114,1,-0.0537759736180305,0.4865592122077942,0.4856206763760716
P114 (74).jpg,P114,1,-0.0313238836824893,0.4921696186065674,0.4916226838062877
P114 (75).jpg,P114,1,-0.044096291065216,0.488977700471878,0.48820789138111254
P114 (76).jpg,P114,1,-0.0223255343735218,0.4944187998771667,0.4940289437265406
P114 (77).jpg,P114,1,-0.0582010298967361,0.4854538738727569,0.48443818213070783
P114 (78).jpg,P114,1,-0.0755215361714363,0.4811286032199859,0.47981147520446094
P114 (79).jpg,P114,1,-0.0689859092235565,0.482760339975357,0.4815569281011533
P114 (8).jpg,P114,1,-0.1137675195932388,0.4715887904167175,0.4696084721029332
P114 (80).jpg,P114,1,-0.0732690468430519,0.481690913438797,0.4804129881783727
P114 (9).jpg,P114,1,-0.0762353986501693,0.4809504151344299,0.4796208548925957
P185 (1).jpg,P185,1,0.0444611012935638,0.5111134648323059,0.5118896285356104
P185 (10).jpg,P185,1,0.0202889628708362,0.5050720572471619,0.5054264117410551
P185 (11).jpg,P185,1,0.0364224091172218,0.5091046094894409,0.5097405541990825
P185 (12).jpg,P185,1,0.0192395448684692,0.5048097372055054,0.5051457586028973
P185 (13).jpg,P185,1,0.0868938714265823,0.5217098593711853,0.523224505256008
P185 (14).jpg,P185,1,0.0646782889962196,0.5161639451980591,0.5172923981533563
P185 (15).jpg,P185,1,0.0260311178863048,0.506507396697998,0.5069620108855738
P185 (16).jpg,P185,1,0.0118097616359591,0.5029523968696594,0.5031586776154896
P185 (17).jpg,P185,1,0.0827682614326477,0.5206802487373352,0.5221233110239953
P185 (18).jpg,P185,1,0.0927509069442749,0.5231711268424988,0.5247874555957944
P185 (19).jpg,P185,1,0.0824364423751831,0.5205974578857422,0.5220347334868889
P185 (2).jpg,P185,1,0.0438818708062171,0.5109686851501465,0.5117347900539088
P185 (20).jpg,P185,1,0.0937719941139221,0.5234258770942688,0.5250598839440028
P185 (21).jpg,P185,1,0.0524191185832023,0.5131018161773682,0.5140167025399729
P185 (22).jpg,P185,1,0.0510622039437294,0.5127627849578857,0.5136540507685389
P185 (23).jpg,P185,1,-0.0140822166576981,0.4964795708656311,0.496233545242498
P185 (24).jpg,P185,1,0.0376566648483276,0.5094130635261536,0.5100705471019383
P185 (25).jpg,P185,1,0.0407760664820671,0.5101925730705261,0.5109045163395081
P185 (26).jpg,P185,1,0.0176425240933895,0.5044105052947998,0.5047186500918515
P185 (27).jpg,P185,1,0.0402350910007953,0.5100573897361755,0.5107598912487101
P185 (28).jpg,P185,1,0.0223132111132144,0.5055781006813049,0.5059677606797612
P185 (29).jpg,P185,1,-0.0021827176678925,0.4994543194770813,0.49941619566612994
P185 (3).jpg,P185,1,0.0713381618261337,0.5178269743919373,0.5190713359666038
P185 (30).jpg,P185,1,-0.0151946963742375,0.4962013959884643,0.49593601206056465
P185 (31).jpg,P185,1,0.0028943233191967,0.5007236003875732,0.500774134896111
P185 (32).jpg,P185,1,-0.0320463664829731,0.4919891059398651,0.49142949912054734
P185 (33).jpg,P185,1,0.0647244974970817,0.5161754488945007,0.5173047426015587
P185 (34).jpg,P185,1,0.0255538485944271,0.5063881278038025,0.5068343814741816
P185 (35).jpg,P185,1,0.0443471670150756,0.5110849738121033,0.5118591720813865
P185 (36).jpg,P185,1,0.0516654700040817,0.5129135251045227,0.5138152826827974
P185 (37).jpg,P185,1,0.0229834020137786,0.5057455897331238,0.5061469882122297
P185 (38).jpg,P185,1,0.1235039085149765,0.530836820602417,0.5329852232431533
P185 (39).jpg,P185,1,0.0605978816747665,0.5151448249816895,0.516202249334579
P185 (4).jpg,P185,1,-0.003899045754224,0.4990252256393432,0.49895713606190384
P185 (40).jpg,P185,1,0.1289711594581604,0.5321981906890869,0.5344408824667686
P185 (41).jpg,P185,1,0.0442861840128898,0.5110697746276855,0.5118428703137117
P185 (42).jpg,P185,1,0.0906119048595428,0.5226374864578247,0.524216717403468
P185 (43).jpg,P185,1,-0.0186229981482028,0.4953444004058838,0.49501913028827493
P185 (44).jpg,P185,1,0.0770050436258316,0.5192417502403259,0.5205846541840983
P185 (45).jpg,P185,1,0.1083212941884994,0.5270538926124573,0.5289399720915287
P185 (46).jpg,P185,1,0.1438331753015518,0.5358964800834656,0.5383948696634326
P185 (47).jpg,P185,1,0.115835964679718,0.5289266705513,0.530942687085473
P185 (48).jpg,P185,1,0.0611009672284126,0.5152705311775208,0.5163366655692966
P185 (49).jpg,P185,1,0.0223842225968837,0.505595862865448,0.5059867511826349
P185 (5).jpg,P185,1,0.0207339562475681,0.5051832795143127,0.5055454183853112
P185 (50).jpg,P185,1,-0.0093394694849848,0.4976651668548584,0.49750202238444685
P185 (51).jpg,P185,1,-0.0455288812518119,0.4886197447776794,0.48782494113108216
P185 (52).jpg,P185,1,-0.0564064309000968,0.4859021008014679,0.4849177270731307
P185 (53).jpg,P185,1,0.0755853950977325,0.5188873410224915,0.5202055770714256
P185 (54).jpg,P185,1,0.0065462971106171,0.5016365647315979,0.5017509102506208
P185 (55).jpg,P185,1,0.0201890878379344,0.505047082901001,0.5053997016124484
P185 (56).jpg,P185,1,0.1296542882919311,0.5323682427406311,0.534622725268385
P185 (57).jpg,P185,1,0.08131605386734,0.5203178524971008,0.5217356408364304
P185 (58).jpg,P185,1,-0.0422349199652671,0.4894428551197052,0.48870548103480826
P185 (59).jpg,P185,1,0.0371469296514987,0.5092856287956238,0.5099342644011484
P185 (6).jpg,P185,1,0.0555197298526763,0.5138763785362244,0.5148453222211147
P185 (60).jpg,P185,1,0.0401299521327018,0.5100311040878296,0.5107317830767556
P185 (61).jpg,P185,1,0.0701575055718422,0.5175321698188782,0.5187560014397375
P185 (62).jpg,P185,1,-0.0364389345049858,0.4908913075923919,0.49025502748586647
P185 (63).jpg,P185,1,-0.0068255728110671,0.4982936382293701,0.4981743937156676
P185 (64).jpg,P185,1,0.0139398807659745,0.5034849047660828,0.5037283867647168
P185 (65).jpg,P185,1,0.0521439611911773,0.5130330324172974,0.5139431645952873
P185 (66).jpg,P185,1,0.0543367713689804,0.513580858707428,0.5145291930746155
P185 (67).jpg,P185,1,0.0285754390060901,0.5071433782577515,0.5076423871652022
P185 (68).jpg,P185,1,0.0820356160402298,0.5204974412918091,0.5219277329340077
P185 (69).jpg,P185,1,0.0060522584244608,0.5015130639076233,0.5016187727851361
P185 (7).jpg,P185,1,0.0609377101063728,0.5152297019958496,0.5162930461936055
P185 (70).jpg,P185,1,0.0520142763853073,0.5130006670951843,0.5139085051167316
P185 (71).jpg,P185,1,0.1438625901937484,0.5359037518501282,0.5384026907702192
P185 (72).jpg,P185,1,0.0398867689073085,0.5099703669548035,0.5106667694110639
P185 (73).jpg,P185,1,0.0642693489789962,0.5160618424415588,0.5171831502618423
P185 (74).jpg,P185,1,0.0432343631982803,0.5108069181442261,0.5115616972343415
P185 (75).jpg,P185,1,0.019118458032608,0.5047794580459595,0.5051133752981444
P185 (76).jpg,P185,1,0.07976084202528,0.5199296474456787,0.5213204443939564
P185 (77).jpg,P185,1,-0.0097734304144978,0.4975566565990448,0.4973859552593193
P185 (78).jpg,P185,1,0.0451015383005142,0.5112734436988831,0.5120608259376176
P185 (79).jpg,P185,1,0.1177088245749473,0.5293932557106018,0.5314416654478397
P185 (8).jpg,P185,1,0.0313805565237998,0.5078445076942444,0.5083924700366911
P185 (80).jpg,P185,1,0.0967282950878143,0.5241632461547852,0.5258485469960424
P185 (81).jpg,P185,1,0.075844332575798,0.5189520120620728,0.5202747207719532
P185 (82).jpg,P185,1,0.0811861157417297,0.5202853679656982,0.5217009522684204
P185 (83).jpg,P185,1,0.0398529842495918,0.5099619030952454,0.5106577372445014
P185 (9).jpg,P185,1,-0.0029540145769715,0.4992615282535553,0.4992098997108096
