image_id,patient_id,label,logit,prob,prob_calibrated
P055 (1).jpg,P055,0,-1.484999179840088,0.1846735030412674,0.12947883253103723
P055 (10).jpg,P055,0,-1.1729211807250977,0.2363273650407791,0.1816644448895004
P055 (2).jpg,P055,0,-2.25188946723938,0.0951866135001182,0.0526670532727632
P055 (3).jpg,P055,0,-1.9144046306610107,0.1284868121147155,0.07895763473011548
P055 (4).jpg,P055,0,0.0687750056385994,0.5171869397163391,0.5220489873089544
P055 (5).jpg,P055,0,0.0193063989281654,0.5048264265060425,0.506193253093186
P055 (6).jpg,P055,0,-0.9932661056518556,0.2702674269676208,0.21847510558992955
P055 (7).jpg,P055,0,-2.220488309860229,0.0979256555438041,0.054714095616440375
P055 (8).jpg,P055,0,-0.6108458638191223,0.3518663048744201,0.31349132625209875
P055 (9).jpg,P055,0,-1.123471975326538,0.2453678399324417,0.1912888558319216
P115 (1).jpg,P115,0,1.0107228755950928,0.7331616282463074,0.7853255642487025
P115 (10).jpg,P115,0,1.0423003435134888,0.73929363489151,0.7920779314630694
P115 (11).jpg,P115,0,0.9535515308380128,0.721828818321228,0.7726986666602873
P115 (12).jpg,P115,0,0.9354968070983888,0.7181891798973083,0.7686038379504833
P115 (13).jpg,P115,0,0.4402744472026825,0.6083244681358337,0.6376010741122332
P115 (14).jpg,P115,0,-0.0086105093359947,0.497847318649292,0.49723774232978174
P115 (15).jpg,P115,0,0.5460484027862549,0.6332182884216309,0.6683425164144756
P115 (16).jpg,P115,0,0.8240031003952026,0.6950854063034058,0.7421883816384877
P115 (17).jpg,P115,0,1.0275813341140747,0.7364466786384583,0.7889501503748916
P115 (18).jpg,P115,0,0.268015593290329,0.5666056275367737,0.5851428811102437
P115 (19).jpg,P115,0,2.354978084564209,0.9133290648460388,0.9535557616676271
P115 (2).jpg,P115,0,1.1773149967193604,0.7644646763801575,0.8191722421420632
P115 (20).jpg,P115,0,0.3997312486171722,0.5986230373382568,0.6254957823157574
P115 (21).jpg,P115,0,1.0083129405975342,0.7326898574829102,0.7848037473054629
P115 (22).jpg,P115,0,0.1389385759830474,0.5346788763999939,0.5444543575119167
P115 (23).jpg,P115,0,0.0655102506279945,0.5163717269897461,0.5210035825329524
P115 (24).jpg,P115,0,0.3465076982975006,0.5857704877853394,0.6093650954465455
P115 (25).jpg,P115,0,0.3947268426418304,0.5974200367927551,0.6239902778983479
P115 (26).jpg,P115,0,0.3031166493892669,0.5752041935920715,0.5960333086894831
P115 (27).jpg,P115,0,0.4548269212245941,0.6117863059043884,0.6419048081896491
P115 (28).jpg,P115,0,2.3041226863861084,0.909217894077301,0.9505785861341216
P115 (29).jpg,P115,0,0.5582755208015442,0.6360534429550171,0.671811148804422
P115 (3).jpg,P115,0,1.1665252447128296,0.7625163793563843,0.8171122383006572
P115 (30).jpg,P115,0,0.4530650675296783,0.6113677620887756,0.6413849583847511
P115 (31).jpg,P115,0,0.4111802279949188,0.6013708710670471,0.6289308859919347
P115 (32).jpg,P115,0,3.196322202682495,0.9606956243515016,0.9837226863312981
P115 (33).jpg,P115,0,3.007601022720337,0.9529163241386414,0.979354608383421
P115 (34).jpg,P115,0,2.6216745376586914,0.9322435259819032,0.9665659481996118
P115 (35).jpg,P115,0,2.4565212726593018,0.9210370182991028,0.9589971814990158
P115 (36).jpg,P115,0,0.3525435030460357,0.5872341990470886,0.6112071974386226
P115 (37).jpg,P115,0,0.0615339055657386,0.5153785943984985,0.5197300724156955
P115 (38).jpg,P115,0,0.845812201499939,0.6996878981590271,0.7475069207926905
P115 (39).jpg,P115,0,0.991690993309021,0.7294217944145203,0.7811795892168965
P115 (4).jpg,P115,0,1.0054312944412231,0.7321251034736633,0.7841785842591777
P115 (40).jpg,P115,0,1.882177829742432,0.8678610920906067,0.9179821206316972
P115 (41).jpg,P115,0,1.7772130966186523,0.8553524017333984,0.9072531877072685
P115 (42).jpg,P115,0,1.320610284805298,0.7892832159996033,0.8448318449783658
P115 (43).jpg,P115,0,1.2739638090133667,0.7814205288887024,0.8368221298321099
P115 (44).jpg,P115,0,1.458080530166626,0.8112389445304871,0.8665776689549028
P115 (45).jpg,P115,0,0.9519797563552856,0.7215131521224976,0.7723442281341885
P115 (5).jpg,P115,0,1.156851053237915,0.7607601284980774,0.8152497727985017
P115 (6).jpg,P115,0,0.3248340785503387,0.5805018544197083,0.6027249936893159
P115 (7).jpg,P115,0,0.1914232671260833,0.5477102398872375,0.5611024250699875
P115 (8).jpg,P115,0,0.5820146799087524,0.6415308713912964,0.6784920589511931
P115 (9).jpg,P115,0,0.5605219006538391,0.6365732550621033,0.6724463899862727
P167 (1).jpg,P167,0,-0.1127762421965599,0.4718357920646667,0.4638839402078656
P167 (10).jpg,P167,0,-1.0125014781951904,0.2664906084537506,0.21428990964378913
P167 (11).jpg,P167,0,-1.1242797374725342,0.2452182918787002,0.1911285581049941
P167 (12).jpg,P167,0,-0.7921737432479858,0.3117021322250366,0.26570386567729926
P167 (13).jpg,P167,0,-1.2343180179595947,0.2254265695810318,0.1702443371761799
P167 (14).jpg,P167,0,-1.9032680988311768,0.1297390311956405,0.08000316602322376
P167 (15).jpg,P167,0,-1.951403260231018,0.1244004219770431,0.07557322231566213
P167 (16).jpg,P167,0,-1.8905344009399412,0.1311835497617721,0.08121412329171636
P167 (17).jpg,P167,0,-1.6317532062530518,0.1635903269052505,0.10969192758783712
P167 (18).jpg,P167,0,-2.1734697818756104,0.1021583452820777,0.05791979888719279
P167 (19).jpg,P167,0,-2.524225950241089,0.0741772055625915,0.037719562973850394
P167 (2).jpg,P167,0,-0.79908686876297,0.3102208971977234,0.26397668111135875
P167 (3).jpg,P167,0,-1.3808600902557373,0.2008709013462066,0.14530102324999108
P167 (4).jpg,P167,0,-2.0969502925872803,0.1093935966491699,0.06351602917778293
P167 (5).jpg,P167,0,-1.321594476699829,0.2105531394481659,0.15500266825875456
P167 (6).jpg,P167,0,-1.5666050910949707,0.172700896859169,0.11812648604421225
P167 (7).jpg,P167,0,-1.2755839824676514,0.2183028608560562,0.1628941752771863
P167 (8).jpg,P167,0,-1.635881423950195,0.1630262583494186,0.10917565473886777
P167 (9).jpg,P167,0,-1.2548258304595947,0.2218658626079559,0.16655910656690662
P123 (1).jpg,P123,0,-3.4565250873565674,0.0305748619139194,0.011710750023507814
P123 (10).jpg,P123,0,-3.213604211807251,0.0386569686233997,0.015925997773505795
P123 (11).jpg,P123,0,-3.4717326164245605,0.0301273148506879,0.011487035152897087
P123 (12).jpg,P123,0,-3.019397497177124,0.0465572103857994,0.020341536254794196
P123 (13).jpg,P123,0,-4.7184271812438965,0.0088501861318945,0.0023411687100099395
P123 (14).jpg,P123,0,-4.701331615447998,0.0090014124289155,0.002392970859342645
P123 (15).jpg,P123,0,-4.449492454528809,0.0115495454519987,0.0033028547883616815
P123 (16).jpg,P123,0,-4.692070960998535,0.0090843979269266,0.0024215078997037306
P123 (17).jpg,P123,0,-4.727783679962158,0.0087684877216815,0.0023132923884534905
P123 (18).jpg,P123,0,-4.126584053039551,0.0158816147595644,0.004990090958342024
P123 (19).jpg,P123,0,-4.288996696472168,0.0135330278426408,0.004055130413598137
P123 (2).jpg,P123,0,-3.334266901016236,0.0344141609966754,0.013672734621627797
P123 (20).jpg,P123,0,-4.474673748016357,0.011265579611063,0.003198171271636819
P123 (21).jpg,P123,0,-3.952899694442749,0.0188372936099767,0.006228176609031925
P123 (22).jpg,P123,0,-4.179349899291992,0.0150776412338018,0.004664921041519884
P123 (23).jpg,P123,0,-4.241098880767822,0.0141875827684998,0.004311082630225857
P123 (24).jpg,P123,0,-4.3355793952941895,0.0129250409081578,0.003820733838334369
P123 (25).jpg,P123,0,-4.699383735656738,0.0090188048779964,0.0023989453254387445
P123 (26).jpg,P123,0,-4.485161781311035,0.0111493533477187,0.003155552223489454
P123 (27).jpg,P123,0,-3.495080709457397,0.0294525250792503,0.011151761723360546
P123 (28).jpg,P123,0,-2.612030267715454,0.0683681741356849,0.03383630448904128
P123 (29).jpg,P123,0,-2.190571546554565,0.1006003767251968,0.056733906411420454
P123 (3).jpg,P123,0,-3.001104593276977,0.0473759993910789,0.020814620307292076
P123 (30).jpg,P123,0,-2.9791688919067383,0.0483758747577667,0.021396125176544184
P123 (31).jpg,P123,0,-2.944502592086792,0.0499969758093357,0.022347654733087006
P123 (32).jpg,P123,0,-2.518176317214966,0.0745937377214431,0.03800234789799693
P123 (33).jpg,P123,0,-2.317404270172119,0.0896917656064033,0.04862686601679394
P123 (34).jpg,P123,0,-2.581836223602295,0.0703165978193283,0.035126083101339765
P123 (35).jpg,P123,0,-2.694079637527466,0.0633236095309257,0.030558240428158908
P123 (36).jpg,P123,0,-2.653514623641968,0.0657727196812629,0.032138561233183816
P123 (37).jpg,P123,0,-1.9047313928604128,0.1295739114284515,0.07986506961922644
P123 (38).jpg,P123,0,-2.460181713104248,0.0786971598863601,0.04081851735861561
P123 (39).jpg,P123,0,-3.564091444015503,0.0275426264852285,0.010216329234305214
P123 (4).jpg,P123,0,-3.1688015460968018,0.0403567999601364,0.016852556273980513
P123 (40).jpg,P123,0,-2.7578556537628174,0.0596445240080356,0.028224774221882284
P123 (41).jpg,P123,0,-3.504974365234375,0.0291710272431373,0.011012626573075834
P123 (42).jpg,P123,0,-2.6260008811950684,0.0674836784601211,0.03325510798591764
P123 (43).jpg,P123,0,-2.6440579891204834,0.0663561895489692,0.032518176204223266
P123 (44).jpg,P123,0,-3.3749101161956787,0.0330888517200946,0.012986946101294326
P123 (45).jpg,P123,0,-2.7053654193878174,0.0626574978232383,0.03013212096087013
P123 (46).jpg,P123,0,-2.881946086883545,0.0530532784759998,0.024170399852531936
P123 (47).jpg,P123,0,-2.785009860992432,0.0581396110355854,0.0272845992409598
P123 (48).jpg,P123,0,-2.626077651977539,0.0674788430333137,0.033251941000946736
P123 (49).jpg,P123,0,-2.006636381149292,0.118507906794548,0.07076824115635162
P123 (5).jpg,P123,0,-3.444751024246216,0.0309257823973894,0.011886908041470806
P123 (50).jpg,P123,0,-1.8636879920959477,0.1342737525701522,0.08382207461509895
P123 (51).jpg,P123,0,-1.9119741916656492,0.1287592202425003,0.07918474068832967
P123 (52).jpg,P123,0,-2.3320462703704834,0.0885034501552581,0.04776498556048295
P123 (53).jpg,P123,0,-2.3729770183563232,0.0852566808462143,0.04543200751346258
P123 (54).jpg,P123,0,-2.753837823867798,0.0598702654242515,0.02836653114588953
P123 (55).jpg,P123,0,-2.9825422763824463,0.0482208169996738,0.021305675263411872
P123 (6).jpg,P123,0,-3.345732450485229,0.0340351872146129,0.0134757343326125
P123 (7).jpg,P123,0,-2.976049423217773,0.0485196858644485,0.021480101082628326
P123 (8).jpg,P123,0,-3.082580327987671,0.0438315458595752,0.01878714958460412
P123 (9).jpg,P123,0,-3.387407064437866,0.0326913520693779,0.012782985719832798
P124 (1).jpg,P124,0,-3.2755963802337646,0.036417931318283,0.014726109542821905
P124 (10).jpg,P124,0,-2.5310821533203125,0.0737077295780181,0.03740151971543167
P124 (11).jpg,P124,0,-1.8242186307907104,0.1389284431934356,0.0877944966050099
P124 (12).jpg,P124,0,-2.526780366897583,0.0740019753575325,0.037600766970977376
P124 (13).jpg,P124,0,-3.544372797012329,0.0280757192522287,0.010475391686084037
P124 (14).jpg,P124,0,-3.3803131580352783,0.0329164266586303,0.01289837290402773
P124 (15).jpg,P124,0,-3.3808305263519287,0.0328999571502208,0.012889922918907138
P124 (16).jpg,P124,0,-3.4892208576202397,0.0296204891055822,0.011234987300460162
P124 (17).jpg,P124,0,-2.774266481399536,0.0587307102978229,0.027652877970762338
P124 (18).jpg,P124,0,-2.85363245010376,0.0544938556849956,0.02504232339065771
P124 (19).jpg,P124,0,-2.1908347606658936,0.1005765572190284,0.05671583380397511
P124 (2).jpg,P124,0,-1.732851266860962,0.1502232402563095,0.09764915365415386
P124 (20).jpg,P124,0,-1.2776885032653809,0.2179439514875412,0.16252626370924433
P124 (3).jpg,P124,0,-1.7736260890960691,0.1450919657945633,0.0931348497406181
P124 (4).jpg,P124,0,-1.7522590160369873,0.1477624773979187,0.0954766199481367
P124 (5).jpg,P124,0,-2.020770311355591,0.1170393601059913,0.06958480325671783
P124 (6).jpg,P124,0,-2.2049217224121094,0.099309392273426,0.05575646396929192
P124 (7).jpg,P124,0,-2.181499719619751,0.1014241650700569,0.057360106757989915
P124 (8).jpg,P124,0,-1.373700499534607,0.2020226269960403,0.1464457037966478
P124 (9).jpg,P124,0,-1.6871817111968994,0.1561468243598938,0.10293611602988652
P164 (1).jpg,P164,0,-0.9030558466911316,0.28842294216156,0.23888254810315407
P164 (10).jpg,P164,0,-0.4171758592128753,0.3971927165985107,0.3692753732707786
P164 (11).jpg,P164,0,-1.40996515750885,0.1962395459413528,0.14072398086504062
P164 (12).jpg,P164,0,-0.7604708671569824,0.3185440599918365,0.27371633576176524
P164 (13).jpg,P164,0,-0.8330934643745422,0.3029913604259491,0.2555859135856007
P164 (14).jpg,P164,0,-0.7555519938468933,0.3196127414703369,0.27497292023023845
P164 (15).jpg,P164,0,-0.0643869861960411,0.4839088320732116,0.47935614013926914
P164 (16).jpg,P164,0,0.0254781022667884,0.5063691735267639,0.5081727489592986
P164 (17).jpg,P164,0,0.4803935885429382,0.6178408265113831,0.6494104361942068
P164 (18).jpg,P164,0,-1.934298396110535,0.1262755692005157,0.07712099445420016
P164 (19).jpg,P164,0,-2.0190017223358154,0.117222249507904,0.06973187936415745
P164 (2).jpg,P164,0,-1.909551978111267,0.1290311962366104,0.07941167191774354
P164 (20).jpg,P164,0,-2.480179071426392,0.0772594362497329,0.03982558547778364
P164 (21).jpg,P164,0,-2.3861935138702397,0.0842315927147865,0.04470214800883979
P164 (22).jpg,P164,0,-3.0862691402435303,0.0436772033572196,0.018700089017771624
P164 (23).jpg,P164,0,-2.5694596767425537,0.0711300000548362,0.035668344442272085
P164 (24).jpg,P164,0,-2.3133187294006348,0.090025894343853,0.0488699768971931
P164 (25).jpg,P164,0,-2.8309309482574463,0.0556754283607006,0.025763488029772883
P164 (26).jpg,P164,0,-2.636206865310669,0.0668442472815513,0.032836630512637084
P164 (27).jpg,P164,0,-2.801257371902466,0.0572562702000141,0.026736681861045036
P164 (28).jpg,P164,0,-3.053537607192993,0.045064989477396,0.019486619866654245
P164 (29).jpg,P164,0,-3.065955638885498,0.0445335991680622,0.019184471176204976
P164 (3).jpg,P164,0,-2.008113145828247,0.1183537244796752,0.07064372656190519
P164 (30).jpg,P164,0,-2.494817018508911,0.0762223303318023,0.03911348420161047
P164 (31).jpg,P164,0,-3.596034288406372,0.0266998559236526,0.009810057728479727
P164 (32).jpg,P164,0,-2.9531257152557373,0.0495889857411384,0.022107170299552156
P164 (33).jpg,P164,0,-3.3195669651031494,0.0349059924483299,0.013929467264453693
P164 (34).jpg,P164,0,-3.5612499713897705,0.0276188347488641,0.010253265603106434
P164 (35).jpg,P164,0,-2.874215841293335,0.0534429810941219,0.024405472461264635
P164 (36).jpg,P164,0,-2.551936626434326,0.072296492755413,0.03644989775595787
P164 (37).jpg,P164,0,-3.0681655406951904,0.0444396622478961,0.019131184595114488
P164 (38).jpg,P164,0,-2.8261775970458984,0.0559258721768856,0.025917029413674755
P164 (39).jpg,P164,0,-1.77124285697937,0.1453878283500671,0.09339346932495837
P164 (4).jpg,P164,0,-1.6327521800994873,0.1634536832571029,0.10956680043704399
P164 (40).jpg,P164,0,-2.130427598953247,0.1061744093894958,0.06100818552361814
P164 (41).jpg,P164,0,-2.860654830932617,0.0541331619024276,0.024823251429304773
P164 (42).jpg,P164,0,-2.9120566844940186,0.0515607632696628,0.023275629092587482
P164 (43).jpg,P164,0,-2.335096597671509,0.088257685303688,0.04758726758615438
P164 (44).jpg,P164,0,-2.117199420928955,0.107436329126358,0.06198787299062387
P164 (45).jpg,P164,0,-1.9951629638671875,0.1197117194533348,0.07174255829024138
P164 (46).jpg,P164,0,-2.706733465194702,0.0625771954655647,0.0300808602669439
P164 (47).jpg,P164,0,-2.083801031112671,0.1106812730431556,0.06452710753911052
P164 (48).jpg,P164,0,-3.4428179264068604,0.0309837684035301,0.011916079294823892
P164 (49).jpg,P164,0,-3.525460958480835,0.028596406802535,0.010729956875900335
P164 (5).jpg,P164,0,-1.7878519296646118,0.1433362811803817,0.09160444268968054
P164 (50).jpg,P164,0,-3.5310304164886475,0.0284421015530824,0.010654359325484215
P164 (51).jpg,P164,0,-3.4680962562561035,0.030233746394515,0.01154014160512019
P164 (52).jpg,P164,0,-3.118701696395874,0.0423423871397972,0.01795148584183272
P164 (53).jpg,P164,0,-3.2947864532470703,0.0357504785060882,0.014373055899608026
P164 (54).jpg,P164,0,-3.15173077583313,0.0410231351852417,0.017219365836048627
P164 (55).jpg,P164,0,-3.2164974212646484,0.0385495945811271,0.015867916819838002
P164 (56).jpg,P164,0,-3.013277769088745,0.0468296222388744,0.020498618479153095
P164 (57).jpg,P164,0,-2.869615316390991,0.0536761917173862,0.02454642844493335
P164 (58).jpg,P164,0,-2.7343928813934326,0.0609741583466529,0.029062409779245773
P164 (59).jpg,P164,0,-1.436779260635376,0.1920446008443832,0.1366145124459804
P164 (6).jpg,P164,0,-1.929381847381592,0.1268190145492553,0.07757122635911701
P164 (60).jpg,P164,0,-3.1586434841156006,0.0407520458102226,0.01706989275164533
P164 (61).jpg,P164,0,-2.999891519546509,0.0474307723343372,0.020846370352505857
P164 (62).jpg,P164,0,-2.946658134460449,0.0498946942389011,0.02228730170946481
P164 (63).jpg,P164,0,-3.809245586395264,0.0216842666268348,0.00747947737662243
P164 (64).jpg,P164,0,-2.998591661453247,0.0474895350635051,0.020880444431337564
P164 (65).jpg,P164,0,-2.226915121078491,0.0973593965172767,0.05428912066840696
P164 (66).jpg,P164,0,-1.921391844749451,0.1277064383029937,0.07830804638813471
P164 (67).jpg,P164,0,-2.4490292072296143,0.0795095711946487,0.04138252644372871
P164 (68).jpg,P164,0,-1.398777723312378,0.1980101466178894,0.1424688759757453
P164 (69).jpg,P164,0,-1.8115179538726809,0.1404547691345214,0.08910852383515037
P164 (7).jpg,P164,0,-0.7598303556442261,0.3186831176280975,0.273879759238397
P164 (70).jpg,P164,0,-1.2146365642547607,0.2288817018270492,0.17384173586173512
P164 (71).jpg,P164,0,-0.712459921836853,0.329055517911911,0.2861329965550975
P164 (72).jpg,P164,0,-1.2257177829742432,0.2269317954778671,0.17180896807957513
P164 (8).jpg,P164,0,-1.7873119115829468,0.1434025913476944,0.09166212232450126
P164 (9).jpg,P164,0,-1.5738368034362793,0.1716701090335846,0.11716320042660854
P052 (1).jpg,P052,0,-1.898889660835266,0.1302341967821121,0.0804176782606325
P052 (10).jpg,P052,0,-1.6965017318725586,0.1549227088689804,0.10183699589037994
P052 (11).jpg,P052,0,-2.6769280433654785,0.0643485859036445,0.031217030566542726
P052 (12).jpg,P052,0,-3.1239492893218994,0.0421301089227199,0.01783315875890964
P052 (13).jpg,P052,0,-2.636195659637451,0.0668449476361274,0.03283708717903029
P052 (14).jpg,P052,0,-1.7131755352020264,0.1527522802352905,0.09989658097933879
P052 (15).jpg,P052,0,-1.721770167350769,0.1516432911157608,0.09890927099348787
P052 (16).jpg,P052,0,-2.957340717315674,0.0493907146155834,0.02199054311527354
P052 (17).jpg,P052,0,-3.110990047454834,0.042656198143959,0.018126774341403012
P052 (18).jpg,P052,0,-3.511202812194824,0.0289951544255018,0.010925917432780237
P052 (19).jpg,P052,0,-3.3748209476470947,0.0330917090177536,0.012988412883354233
P052 (2).jpg,P052,0,-2.2600200176239014,0.0944886580109596,0.0521489274407957
P052 (20).jpg,P052,0,-3.199325561523437,0.0391911081969738,0.016215717601334053
P052 (21).jpg,P052,0,-1.123450517654419,0.245371788740158,0.1912931154351707
P052 (22).jpg,P052,0,-2.1403276920318604,0.1052385196089744,0.060284470084609146
P052 (23).jpg,P052,0,-2.3930695056915283,0.0837027132511138,0.04432686550927291
P052 (24).jpg,P052,0,-2.075507164001465,0.1115002855658531,0.06517252929694305
P052 (25).jpg,P052,0,-1.9393556118011477,0.1257186532020568,0.07666038069197624
P052 (26).jpg,P052,0,-1.788884162902832,0.1432095766067505,0.09149428008360215
P052 (27).jpg,P052,0,-1.280187726020813,0.2175182700157165,0.16209022070950507
P052 (3).jpg,P052,0,-1.8450241088867188,0.1364581733942031,0.0856797486869864
P052 (4).jpg,P052,0,-1.940029263496399,0.125644639134407,0.07659921488968327
P052 (5).jpg,P052,0,-2.4753541946411133,0.0776041001081466,0.040063015704198575
P052 (6).jpg,P052,0,-2.457731246948242,0.0788750126957893,0.0409418090024041
P052 (7).jpg,P052,0,-3.116426706314087,0.0424347296357154,0.018003023405936517
P052 (8).jpg,P052,0,-2.3350422382354736,0.088262066245079,0.04759042916753477
P052 (9).jpg,P052,0,-2.593206882476806,0.0695768967270851,0.03463490142250501
P049 (1).jpg,P049,0,-1.301026463508606,0.2139923125505447,0.15849112858113135
P049 (10).jpg,P049,0,-2.487884283065796,0.0767119154334068,0.039449209785758235
P049 (11).jpg,P049,0,-1.1867177486419678,0.2338464707136154,0.1790473457863923
P049 (12).jpg,P049,0,-0.8250744342803955,0.3046875596046448,0.2575486541832795
P049 (13).jpg,P049,0,-0.8951061964035034,0.2900572121143341,0.2407422291979141
P049 (14).jpg,P049,0,-0.6310373544692993,0.3472753465175628,0.30794223499812434
P049 (15).jpg,P049,0,-1.0873937606811523,0.2521093785762787,0.19855327648903334
P049 (16).jpg,P049,0,-0.5715899467468262,0.3608700633049011,0.32443298838524426
P049 (17).jpg,P049,0,-1.588515281677246,0.1695929020643234,0.11522892086580463
P049 (18).jpg,P049,0,-1.3721318244934082,0.2022756189107895,0.14669750023085085
P049 (19).jpg,P049,0,-0.702800989151001,0.3311914801597595,0.2886714039083347
P049 (2).jpg,P049,0,-1.577465534210205,0.1711547225713729,0.11668241436912143
P049 (20).jpg,P049,0,-1.2017511129379272,0.2311638593673706,0.176229300938459
P049 (21).jpg,P049,0,-1.1410776376724243,0.2421225756406784,0.18781830455581716
P049 (22).jpg,P049,0,-4.018775463104248,0.0176575668156147,0.005726220684542167
P049 (23).jpg,P049,0,-3.2363572120666504,0.0378202311694622,0.015474820431832775
P049 (24).jpg,P049,0,-1.8226752281188965,0.1391131728887558,0.08795323922250806
P049 (25).jpg,P049,0,-3.300323724746704,0.0355600826442241,0.0142727423899892
P049 (26).jpg,P049,0,-0.3810591995716095,0.4058714509010315,0.3801335883788957
P049 (3).jpg,P049,0,-1.3341033458709717,0.2084814459085464,0.15291190594096243
P049 (4).jpg,P049,0,-1.6436419486999512,0.1619701087474823,0.10821089724750632
P049 (5).jpg,P049,0,-0.7332705855369568,0.3244774341583252,0.28070959229083375
P049 (6).jpg,P049,0,-1.477974772453308,0.1857335120439529,0.13049821579256557
P049 (7).jpg,P049,0,-2.012951612472534,0.1178497821092605,0.07023718424697444
P049 (8).jpg,P049,0,-1.0740221738815308,0.2546389400959015,0.20129785645853535
P049 (9).jpg,P049,0,-1.4500782489776611,0.1899895220994949,0.13461407685143803
P014 (1).jpg,P014,0,-0.8407697677612305,0.3013726770877838,0.25371628411683506
P014 (10).jpg,P014,0,-0.5819239020347595,0.3584900200366974,0.32153335225417246
P014 (11).jpg,P014,0,-1.487760066986084,0.1842581629753112,0.1290800314301701
P014 (12).jpg,P014,0,-1.3782529830932615,0.2012897282838821,0.14571698725071852
P014 (13).jpg,P014,0,-1.2635730504989624,0.2203594446182251,0.1650067694580253
P014 (14).jpg,P014,0,-0.9186776876449584,0.2852273881435394,0.23525689493937946
P014 (15).jpg,P014,0,-0.7814713716506958,0.3140028417110443,0.2683919428275175
P014 (16).jpg,P014,0,-1.002517580986023,0.2684467136859894,0.21645487296943508
P014 (17).jpg,P014,0,-0.9949817657470704,0.2699292004108429,0.21809943558981656
P014 (18).jpg,P014,0,-1.7668509483337402,0.145934373140335,0.09387175084250414
P014 (19).jpg,P014,0,-1.5388362407684326,0.1767045110464096,0.12188931847631992
P014 (2).jpg,P014,0,-1.3317205905914309,0.2088748961687088,0.15330837552755144
P014 (20).jpg,P014,0,-1.0223463773727417,0.2645705938339233,0.21217055029575435
P014 (21).jpg,P014,0,-1.118014931678772,0.2463797032833099,0.1923744771507716
P014 (22).jpg,P014,0,-0.9280925393104552,0.2833118438720703,0.2330902933575806
P014 (23).jpg,P014,0,-0.928156554698944,0.2832988500595093,0.23307560940267508
P014 (24).jpg,P014,0,-1.1939284801483154,0.2325570434331894,0.17769130062069236
P014 (25).jpg,P014,0,-0.4659461081027984,0.3855761885643005,0.35482211569377825
P014 (26).jpg,P014,0,-0.3985075056552887,0.4016709923744201,0.37487214037011307
P014 (27).jpg,P014,0,-0.7490485906600952,0.3210286498069763,0.2766397774381345
P014 (28).jpg,P014,0,0.8768727779388428,0.7061737775802612,0.7549551617981737
P014 (29).jpg,P014,0,-0.0098793134093284,0.4975301921367645,0.49683071926070854
P014 (3).jpg,P014,0,-1.1446571350097656,0.2414663285017013,0.18711864004349382
P014 (30).jpg,P014,0,-0.3345939218997955,0.4171232879161834,0.3942800602454311
P014 (31).jpg,P014,0,0.980832815170288,0.7272734045982361,0.7787885142382864
P014 (32).jpg,P014,0,-0.1753354668617248,0.4562780857086181,0.44398777054981625
P014 (4).jpg,P014,0,-1.2490659952163696,0.2228618711233139,0.16758765006342763
P014 (5).jpg,P014,0,-1.5247063636779783,0.178769513964653,0.12384333733484451
P014 (6).jpg,P014,0,-0.605725109577179,0.3530349731445312,0.3149072382464278
P014 (7).jpg,P014,0,-1.0467121601104736,0.2598569393157959,0.20699124572913188
P014 (8).jpg,P014,0,-1.3256127834320068,0.2098859846591949,0.15432850590131006
P014 (9).jpg,P014,0,-0.8009947538375854,0.3098127543926239,0.2635012823913189
P044 (1).jpg,P044,0,-0.2205785810947418,0.4450778663158417,0.42970619740075566
P044 (10).jpg,P044,0,0.5495093464851379,0.6340217590332031,0.6693262055991512
P044 (11).jpg,P044,0,1.1796032190322876,0.7648764252662659,0.8196067835466654
P044 (12).jpg,P044,0,1.2003942728042605,0.7685949206352234,0.823517793909357
P044 (13).jpg,P044,0,1.0564823150634766,0.7420177459716797,0.7950591280325362
P044 (14).jpg,P044,0,-0.958066463470459,0.2772654891014099,0.22628537393186166
P044 (15).jpg,P044,0,0.7033895254135132,0.6689388155937195,0.7114836482039488
P044 (16).jpg,P044,0,0.9810339212417604,0.7273133397102356,0.7788329692677235
P044 (17).jpg,P044,0,0.3277065455913543,0.5812011957168579,0.6036072613307794
P044 (18).jpg,P044,0,2.3393712043762207,0.9120857119560242,0.9526607225380761
P044 (19).jpg,P044,0,1.375938892364502,0.7983379364013672,0.8539129725495964
P044 (2).jpg,P044,0,0.4099541008472442,0.6010768413543701,0.6285636197477141
P044 (20).jpg,P044,0,2.1014091968536377,0.8910400867462158,0.936823460938283
P044 (21).jpg,P044,0,1.5963515043258667,0.8315078616142273,0.8857922965388574
P044 (22).jpg,P044,0,0.8243899345397949,0.6951674222946167,0.7422833521936116
P044 (23).jpg,P044,0,2.588704824447632,0.9301311373710632,0.9651714187716026
P044 (24).jpg,P044,0,2.4543607234954834,0.9208797812461852,0.9588880254809925
P044 (25).jpg,P044,0,2.487655639648437,0.9232718348503112,0.9605396709568071
P044 (26).jpg,P044,0,1.2795735597610474,0.7823771834373474,0.8378027123402129
P044 (27).jpg,P044,0,0.2600432336330414,0.5646468997001648,0.5826573353086789
P044 (28).jpg,P044,0,0.9965413808822632,0.7303780317306519,0.7822416616238873
P044 (29).jpg,P044,0,0.3828702867031097,0.5945651531219482,0.6204138714904373
P044 (3).jpg,P044,0,1.5664288997650146,0.8272739052772522,0.8818499593755037
P044 (30).jpg,P044,0,-0.1747110188007354,0.4564330279827118,0.4441855908691391
P044 (4).jpg,P044,0,0.7217657566070557,0.6729957461357117,0.7162999214859879
P044 (5).jpg,P044,0,0.2465227246284485,0.561320424079895,0.5784324866895668
P044 (6).jpg,P044,0,0.3570901751518249,0.5883358716964722,0.6125927313102344
P044 (7).jpg,P044,0,0.5003640055656433,0.6225448846817017,0.6552223851412442
P044 (8).jpg,P044,0,0.669425904750824,0.661374568939209,0.7024554480195787
P044 (9).jpg,P044,0,0.1698004901409149,0.5423483848571777,0.5542581797692083
P038 (1).jpg,P038,0,-1.6429758071899414,0.1620605438947677,0.1082934145185009
P038 (10).jpg,P038,0,-1.938992619514465,0.125758558511734,0.07669335800256108
P038 (11).jpg,P038,0,-1.7985378503799438,0.1420291513204574,0.09046976847912654
P038 (12).jpg,P038,0,-2.0697898864746094,0.1120679378509521,0.06562093464186823
P038 (13).jpg,P038,0,-1.5189398527145386,0.1796176880598068,0.12464848552859775
P038 (14).jpg,P038,0,-1.988248348236084,0.1204423010349273,0.07233570709456162
P038 (15).jpg,P038,0,-1.964360237121582,0.1229959353804588,0.0744198221547817
P038 (16).jpg,P038,0,-2.052243947982788,0.1138258501887321,0.06701502753067869
P038 (17).jpg,P038,0,-1.7572089433670044,0.147140234708786,0.09492947866664835
P038 (18).jpg,P038,0,-1.540446400642395,0.1764703840017318,0.12166834286114127
P038 (19).jpg,P038,0,-1.8750025033950808,0.1329639554023742,0.08271379361774563
P038 (2).jpg,P038,0,-1.3732792139053345,0.2020905613899231,0.14651329142287706
P038 (20).jpg,P038,0,-2.6123993396759038,0.0683446675539016,0.03382082528703923
P038 (21).jpg,P038,0,-2.5226895809173584,0.0742827802896499,0.03779118713363157
P038 (22).jpg,P038,0,-2.187743186950684,0.1008565723896026,0.05692844692868096
P038 (23).jpg,P038,0,-2.246520519256592,0.0956500247120857,0.05301185498500121
P038 (24).jpg,P038,0,-2.5787904262542725,0.0705159679055213,0.0352587890201964
P038 (25).jpg,P038,0,-2.896370649337769,0.052333265542984,0.023737647315236515
P038 (26).jpg,P038,0,-2.762960433959961,0.0593588501214981,0.028045659415196968
P038 (27).jpg,P038,0,-2.986555814743042,0.0480369441211223,0.02119854819938499
P038 (28).jpg,P038,0,-3.226470708847046,0.0381816439330577,0.01566929681680873
P038 (29).jpg,P038,0,-3.126633882522583,0.0420219041407108,0.017772920753629334
P038 (3).jpg,P038,0,-2.341727495193481,0.0877255648374557,0.047203103460866536
P038 (30).jpg,P038,0,-3.2042129039764404,0.0390074923634529,0.016115972522304477
P038 (31).jpg,P038,0,-3.242872953414917,0.0375838316977024,0.015347950801716512
P038 (32).jpg,P038,0,-3.650045156478882,0.0253315865993499,0.009159189119925942
P038 (33).jpg,P038,0,-3.389605760574341,0.032621894031763,0.012747429708955172
P038 (34).jpg,P038,0,-3.237988948822021,0.0377608947455883,0.0154429519219605
P038 (35).jpg,P038,0,-3.475868463516236,0.0300067011266946,0.011426927603008442
P038 (36).jpg,P038,0,-3.807849168777466,0.0217139087617397,0.007492791395345448
P038 (37).jpg,P038,0,-3.298655271530152,0.0356173515319824,0.014302895331803471
P038 (38).jpg,P038,0,-3.4543449878692627,0.0306395478546619,0.011743171905623406
P038 (39).jpg,P038,0,-3.4334418773651123,0.0312665104866027,0.012058574231499043
P038 (4).jpg,P038,0,-1.9413267374038696,0.1255021691322326,0.07648153376669858
P038 (40).jpg,P038,0,-3.706523180007935,0.0239739101380109,0.008524332060345665
P038 (41).jpg,P038,0,-3.721381902694702,0.0236286763101816,0.00836468540660401
P038 (42).jpg,P038,0,-3.47505784034729,0.0300303027033805,0.011438684095019608
P038 (43).jpg,P038,0,-3.501814603805542,0.0292606428265571,0.011056874918200791
P038 (44).jpg,P038,0,-3.0726120471954346,0.0442512221634388,0.019024406950640067
P038 (45).jpg,P038,0,-3.431676149368286,0.0313200391829013,0.012085597068689962
P038 (46).jpg,P038,0,-3.2425782680511475,0.0375944934785366,0.015353666523804425
P038 (47).jpg,P038,0,-3.331441164016724,0.0345081835985183,0.013721720846056005
P038 (48).jpg,P038,0,-3.476821184158325,0.0299789831042289,0.011413125533787757
P038 (49).jpg,P038,0,-3.9136476516723633,0.0195766352117061,0.006547810832877173
P038 (5).jpg,P038,0,-1.932197332382202,0.1265075653791427,0.0773131051481649
P038 (50).jpg,P038,0,-3.505376100540161,0.0291596502065658,0.011007013354627743
P038 (51).jpg,P038,0,-3.0231645107269287,0.0463902801275253,0.02024543064438897
P038 (52).jpg,P038,0,-2.860056638717652,0.0541637949645519,0.024841839783237875
P038 (53).jpg,P038,0,-3.1346805095672607,0.0416991710662841,0.017593561662201083
P038 (54).jpg,P038,0,-2.6742067337036133,0.064512625336647,0.03132281137616547
P038 (6).jpg,P038,0,-1.6820721626281738,0.1568212658166885,0.10354313742507076
P038 (7).jpg,P038,0,-1.696341037750244,0.1549437642097473,0.10185585825546589
P038 (8).jpg,P038,0,-1.5791244506835938,0.1709195077419281,0.11646318831780356
P038 (9).jpg,P038,0,-2.016514301300049,0.1174798980355262,0.06993922030068167
P047 (1).jpg,P047,0,-1.319363355636597,0.2109242379665374,0.15537802678485318
P047 (2).jpg,P047,0,-1.18184494972229,0.2347206473350525,0.17996829413863263
P047 (3).jpg,P047,0,-1.0892415046691897,0.2517611384391784,0.19817624053473276
P047 (4).jpg,P047,0,-0.3231379389762878,0.4199112057685852,0.3977962835076076
P047 (5).jpg,P047,0,-0.8369084596633911,0.3021862804889679,0.25465560921544944
P047 (6).jpg,P047,0,-0.8285893201828003,0.3039434254169464,0.2566871391186459
P047 (7).jpg,P047,0,-1.0107901096343994,0.266825258731842,0.21465989093187784
P047 (8).jpg,P047,0,-1.2781412601470947,0.2178667783737182,0.16244720050541944
P047 (9).jpg,P047,0,-1.032925009727478,0.2625174224376678,0.20991035281626616
P096 (1).jpg,P096,0,-1.6788567304611206,0.1572469025850296,0.10392675651951404
P096 (10).jpg,P096,0,-0.7182022929191589,0.3277889788150787,0.28463023379729063
P096 (11).jpg,P096,0,-0.1466796696186065,0.4633956551551819,0.4530830069340901
P096 (12).jpg,P096,0,0.1883396804332733,0.5469462275505066,0.5601277369026177
P096 (13).jpg,P096,0,-1.7661590576171875,0.1460206359624862,0.09394729805502865
P096 (14).jpg,P096,0,-1.9762601852416992,0.121718056499958,0.07337479904163839
P096 (15).jpg,P096,0,-1.5661616325378418,0.1727642714977264,0.11818577867950854
P096 (16).jpg,P096,0,-1.3842118978500366,0.2003334015607834,0.1447676908438867
P096 (17).jpg,P096,0,-1.2383687496185305,0.2247200459241867,0.16951132466845992
P096 (18).jpg,P096,0,-1.313124418258667,0.2119644880294799,0.15643158833542778
P096 (19).jpg,P096,0,-1.4112398624420166,0.1960385739803314,0.1405263043936698
P096 (2).jpg,P096,0,-1.852590560913086,0.1355690211057663,0.08492218074305719
P096 (20).jpg,P096,0,-2.374973058700561,0.0851011425256729,0.045321056245227156
P096 (21).jpg,P096,0,-2.117869138717652,0.1073721274733543,0.06193792209228535
P096 (22).jpg,P096,0,-3.0168583393096924,0.0466700568795204,0.020406568207239004
P096 (23).jpg,P096,0,-3.2891345024108887,0.035945825278759,0.01447616339294758
P096 (24).jpg,P096,0,-2.4099483489990234,0.0824172273278236,0.04341834076015875
P096 (25).jpg,P096,0,-1.1692367792129517,0.2369929403066635,0.18236836177509164
P096 (26).jpg,P096,0,-2.7903292179107666,0.0578490085899829,0.027104022630945284
P096 (27).jpg,P096,0,-2.1715588569641118,0.1023337393999099,0.0580537446960128
P096 (28).jpg,P096,0,-2.299248695373535,0.0911852046847343,0.04971606754061013
P096 (29).jpg,P096,0,-2.568307638168335,0.0712061449885368,0.03571922762720099
P096 (3).jpg,P096,0,-2.0036191940307617,0.1188234537839889,0.07102326820199507
P096 (30).jpg,P096,0,-2.6452791690826416,0.066280573606491,0.032468912132908485
P096 (31).jpg,P096,0,-2.9477221965789795,0.0498442761600017,0.022257567785276527
P096 (32).jpg,P096,0,-3.002446413040161,0.0473154745995998,0.020779555693076837
P096 (33).jpg,P096,0,-2.263472318649292,0.094193696975708,0.051930386703769975
P096 (34).jpg,P096,0,-1.6344391107559204,0.1632231473922729,0.10935578693581416
P096 (35).jpg,P096,0,-2.0845696926116943,0.1106056421995163,0.06446759318138927
P096 (36).jpg,P096,0,-2.191535234451294,0.1005132049322128,0.05666776476173497
P096 (37).jpg,P096,0,-1.730216145515442,0.1505599319934845,0.09794750990635935
P096 (38).jpg,P096,0,-1.969845533370972,0.1224054768681526,0.07393642765008415
P096 (39).jpg,P096,0,-2.279572010040283,0.0928289890289306,0.05092261517551814
P096 (4).jpg,P096,0,-0.9660102128982544,0.2756764590740204,0.2245056657969635
P096 (40).jpg,P096,0,-1.8026306629180908,0.1415311396121978,0.09003853930249256
P096 (41).jpg,P096,0,-1.7372961044311523,0.1496567130088806,0.09714773224104392
P096 (42).jpg,P096,0,-2.356839418411255,0.0865236669778823,0.046338573239034606
P096 (43).jpg,P096,0,-2.2404985427856445,0.0961721986532211,0.05340113031191601
P096 (44).jpg,P096,0,-2.8281524181365967,0.0558216944336891,0.02585313145094949
P096 (45).jpg,P096,0,-2.726179361343384,0.0614461302757263,0.029361298127226293
P096 (46).jpg,P096,0,-2.693833112716675,0.0633382350206375,0.03056761334908631
P096 (47).jpg,P096,0,-2.9480903148651123,0.0498268418014049,0.022247290194786086
P096 (48).jpg,P096,0,-2.5092813968658447,0.0752100721001625,0.038421834158535034
P096 (49).jpg,P096,0,-2.5885019302368164,0.0698820948600769,0.034837334335572276
P096 (5).jpg,P096,0,-1.5936150550842283,0.1688758879899978,0.1145634189187469
P096 (50).jpg,P096,0,-2.833254098892212,0.0555534176528453,0.02568876881177106
P096 (6).jpg,P096,0,-0.8016723990440369,0.3096679151058197,0.263332562019709
P096 (7).jpg,P096,0,-1.763581156730652,0.146342396736145,0.09422925777853836
P096 (8).jpg,P096,0,-2.0415380001068115,0.1149102076888084,0.06787911143372069
P096 (9).jpg,P096,0,-2.5047767162323,0.0755239874124527,0.03863596811654684
P196 (1).jpg,P196,0,-3.717175722122192,0.0237259101122617,0.008409574638222395
P196 (2).jpg,P196,0,-1.9362938404083248,0.1260555833578109,0.07693894620445367
P043 (1).jpg,P043,0,-3.606591939926148,0.0264268610626459,0.009679327520485715
P043 (10).jpg,P043,0,-3.212053060531616,0.0387146547436714,0.01595722308890815
P043 (11).jpg,P043,0,-2.8477025032043457,0.054800197482109,0.025228781504211283
P043 (12).jpg,P043,0,-3.7873480319976807,0.0221536979079246,0.007690986706888189
P043 (13).jpg,P043,0,-3.3066108226776123,0.0353450961410999,0.014159681270275412
P043 (14).jpg,P043,0,-3.1846883296966557,0.0397460125386714,0.016518092862336513
P043 (15).jpg,P043,0,-3.573087692260742,0.0273026898503303,0.010100253105446417
P043 (16).jpg,P043,0,-3.11337685585022,0.0425588339567184,0.01807234257515698
P043 (17).jpg,P043,0,-3.2765674591064453,0.0363838709890842,0.014708040436768087
P043 (18).jpg,P043,0,-3.162139177322388,0.0406156182289123,0.016994791706972833
P043 (19).jpg,P043,0,-3.345564603805542,0.0340407080948352,0.013478597971379713
P043 (2).jpg,P043,0,-4.017686367034912,0.0176764708012342,0.005734183012194465
P043 (20).jpg,P043,0,-3.086049795150757,0.0436863712966442,0.018705254750674888
P043 (21).jpg,P043,0,-3.181908369064331,0.0398522466421127,0.016576144423222573
P043 (22).jpg,P043,0,-3.445425748825073,0.0309055689722299,0.01187674278560026
P043 (23).jpg,P043,0,-3.290445566177368,0.0359004214406013,0.014452181167796977
P043 (24).jpg,P043,0,-3.185890913009644,0.0397001393139362,0.016493042315179746
P043 (25).jpg,P043,0,-3.5978825092315674,0.026651868596673,0.009787046548853163
P043 (26).jpg,P043,0,-3.0104668140411377,0.0469552502036094,0.020571168014003074
P043 (27).jpg,P043,0,-2.9084489345550537,0.0517374798655509,0.023381108676627637
P043 (28).jpg,P043,0,-2.753137826919556,0.0599096864461898,0.028391299012206227
P043 (29).jpg,P043,0,-2.755819082260132,0.0597588494420051,0.028296542289159884
P043 (3).jpg,P043,0,-3.368717908859253,0.0332875400781631,0.013089194559700586
P043 (30).jpg,P043,0,-2.2015483379364014,0.0996115356683731,0.05598480298722169
P043 (31).jpg,P043,0,-3.465989828109741,0.030295567587018,0.011571015405858327
P043 (32).jpg,P043,0,-2.620583295822144,0.0678254067897796,0.03347933374048262
P043 (33).jpg,P043,0,-2.676706552505493,0.064361922442913,0.031225627261484725
P043 (34).jpg,P043,0,-3.9160122871398926,0.0195313021540641,0.006528102180265563
P043 (35).jpg,P043,0,-4.198451042175293,0.0147965950891375,0.004552483802475829
P043 (36).jpg,P043,0,-3.897226572036743,0.0198943112045526,0.006686316556817388
P043 (37).jpg,P043,0,-2.855311632156372,0.0544074028730392,0.024989768453913302
P043 (38).jpg,P043,0,-2.619616746902466,0.0678865388035774,0.03351949088800135
P043 (39).jpg,P043,0,-2.3259036540985107,0.0890002325177192,0.04812478092015397
P043 (4).jpg,P043,0,-3.189898729324341,0.0395476259291172,0.016409826430870324
P043 (40).jpg,P043,0,-2.289201021194458,0.0920212939381599,0.050328753768240565
P043 (41).jpg,P043,0,-2.2506701946258545,0.0952916666865348,0.05274517039108128
P043 (42).jpg,P043,0,-2.6139793395996094,0.0682441368699073,0.0337546359153532
P043 (43).jpg,P043,0,-2.576709508895874,0.0706524774432182,0.035349732557024754
P043 (44).jpg,P043,0,-2.535705327987671,0.073392704129219,0.03718851806358976
P043 (45).jpg,P043,0,-3.1258997917175293,0.0420514643192291,0.01778937270971228
P043 (46).jpg,P043,0,-3.401545286178589,0.0322472043335437,0.012556048521971964
P043 (47).jpg,P043,0,-3.5408036708831787,0.0281732771545648,0.01052297257410234
P043 (48).jpg,P043,0,-3.898431062698364,0.0198708400130271,0.006676058964227172
P043 (49).jpg,P043,0,-4.40220308303833,0.0121020665392279,0.003508761227246425
P043 (5).jpg,P043,0,-2.53006362915039,0.0737772956490516,0.03744860314748034
P043 (50).jpg,P043,0,-4.773118495941162,0.0083831045776605,0.0021828430305429972
P043 (51).jpg,P043,0,-4.303183555603027,0.0133449360728263,0.003982266787073464
P043 (52).jpg,P043,0,-4.125060081481934,0.0159054510295391,0.004999810213015821
P043 (53).jpg,P043,0,-4.387887001037598,0.0122744254767894,0.003573582599245663
P043 (54).jpg,P043,0,-3.1282145977020264,0.0419583171606063,0.017737545517989298
P043 (55).jpg,P043,0,-4.168811798095703,0.0152349369600415,0.004728131343345817
P043 (56).jpg,P043,0,-3.974212408065796,0.018447395414114,0.0060611699081313305
P043 (57).jpg,P043,0,-3.4483275413513184,0.030818773433566,0.011833122808531802
P043 (58).jpg,P043,0,-3.094383478164673,0.0433395244181156,0.01850997097301314
P043 (59).jpg,P043,0,-3.362576723098755,0.0334857292473316,0.013191384981369205
P043 (6).jpg,P043,0,-3.0401880741119385,0.0456429794430732,0.01981663570802901
P043 (60).jpg,P043,0,-3.59407639503479,0.026750786229968,0.009834492811752932
P043 (61).jpg,P043,0,-3.7428131103515625,0.0231392662972211,0.008139630493546705
P043 (62).jpg,P043,0,-3.370569944381714,0.0332279950380325,0.01305852995096891
P043 (63).jpg,P043,0,-4.378570556640625,0.0123878913000226,0.0036164057806737826
P043 (64).jpg,P043,0,-4.530135154724121,0.0106642665341496,0.0029791258842978775
P043 (65).jpg,P043,0,-4.419419288635254,0.0118979569524526,0.003432358408016328
P043 (66).jpg,P043,0,-3.604444742202759,0.0264821611344814,0.009705774718873225
P043 (67).jpg,P043,0,-3.521023988723755,0.0287199169397354,0.010790562005779785
P043 (68).jpg,P043,0,-3.994763135910034,0.0180789399892091,0.005904351231531315
P043 (69).jpg,P043,0,-3.5556414127349854,0.0277698561549186,0.010326559681641279
P043 (7).jpg,P043,0,-3.055460929870605,0.0449822917580604,0.01943951920694809
P043 (70).jpg,P043,0,-3.9267871379852295,0.0193260312080383,0.006439039949990211
P043 (71).jpg,P043,0,-4.116422653198242,0.0160412155091762,0.005055253083583682
P043 (8).jpg,P043,0,-3.426218748092652,0.0314860343933105,0.012169496257641226
P043 (9).jpg,P043,0,-3.593351364135742,0.0267696678638458,0.009843556690765249
P070 (1).jpg,P070,0,-3.392822027206421,0.0325205475091934,0.012695593932558018
P070 (10).jpg,P070,0,-3.53533148765564,0.0283234883099794,0.01059633911386547
P070 (11).jpg,P070,0,-4.561868190765381,0.010334612801671,0.002860591646386347
P070 (12).jpg,P070,0,-4.223666667938232,0.0144334714859724,0.004408175296932857
P070 (13).jpg,P070,0,-3.8745205402374263,0.020341906696558,0.0068826393981351
P070 (14).jpg,P070,0,-4.054069519042969,0.0170556735247373,0.005474053792667175
P070 (15).jpg,P070,0,-4.422543048858643,0.0118612889200448,0.0034186744199451256
P070 (16).jpg,P070,0,-4.42827844619751,0.0117942541837692,0.0033936912541082695
P070 (17).jpg,P070,0,-4.550241470336914,0.0104542085900902,0.002903465629733571
P070 (18).jpg,P070,0,-4.429256439208984,0.0117828603833913,0.003389449350154128
P070 (19).jpg,P070,0,-4.359112739562988,0.0126282181590795,0.0037075000439445722
P070 (2).jpg,P070,0,-3.3433542251586914,0.0341134630143642,0.013516365372207538
P070 (20).jpg,P070,0,-2.564246892929077,0.0714751705527305,0.035899140415442336
P070 (21).jpg,P070,0,-3.1292643547058105,0.0419161356985569,0.017714090946914802
P070 (22).jpg,P070,0,-2.479130506515503,0.0773342177271843,0.039877069954058
P070 (23).jpg,P070,0,-2.281825065612793,0.0926394313573837,0.050783068279820584
P070 (24).jpg,P070,0,-2.803898811340332,0.0571138560771942,0.026648621238840306
P070 (25).jpg,P070,0,-2.7939815521240234,0.05765026435256,0.02698070983207346
P070 (26).jpg,P070,0,-2.0605976581573486,0.1129859164357185,0.06634789704898406
P070 (27).jpg,P070,0,-2.4953625202178955,0.0761839300394058,0.03908718428521665
P070 (28).jpg,P070,0,-2.8177499771118164,0.0563725009560585,0.026191448269356227
P070 (29).jpg,P070,0,-2.761253595352173,0.0594542250037193,0.028105425212720733
P070 (3).jpg,P070,0,-3.514002084732056,0.0289164427667856,0.010887167681888436
P070 (30).jpg,P070,0,-2.9735987186431885,0.0486329495906829,0.021546299922411267
P070 (31).jpg,P070,0,-2.235715627670288,0.0965887531638145,0.05371222996849783
P070 (32).jpg,P070,0,-2.4346611499786377,0.0805675014853477,0.04212015141105307
P070 (33).jpg,P070,0,-3.06768012046814,0.0444602780044078,0.019142876910066105
P070 (34).jpg,P070,0,-3.214679002761841,0.0386170446872711,0.0159043970524804
P070 (35).jpg,P070,0,-3.169647455215454,0.0403240546584129,0.016834580808118067
P070 (36).jpg,P070,0,-2.6789729595184326,0.0642255768179893,0.03113776963136476
P070 (37).jpg,P070,0,-4.35460376739502,0.0126845641061663,0.003728933539716315
P070 (38).jpg,P070,0,-3.7561440467834473,0.022839842364192,0.008002679156946229
P070 (39).jpg,P070,0,-4.411322593688965,0.0119935208931565,0.0034680815334621417
P070 (4).jpg,P070,0,-3.599125623703003,0.026619641110301,0.009771599284943533
P070 (40).jpg,P070,0,-3.5524823665618896,0.0278552733361721,0.01036807091557901
P070 (41).jpg,P070,0,-4.225581169128418,0.0144062647596001,0.004397406506836066
P070 (42).jpg,P070,0,-4.964217662811279,0.0069349822588264,0.0017089539869579826
P070 (43).jpg,P070,0,-4.145334243774414,0.01559120696038,0.004872037522211846
P070 (44).jpg,P070,0,-4.134575843811035,0.0157571900635957,0.004939429596874759
P070 (45).jpg,P070,0,-4.471620559692383,0.0112996390089392,0.0032106856556985263
P070 (46).jpg,P070,0,-4.529797077178955,0.0106678344309329,0.0029804147356582125
P070 (47).jpg,P070,0,-4.67613410949707,0.0092289866879582,0.0024714149431307756
P070 (48).jpg,P070,0,-4.156044006347656,0.0154276806861162,0.004805858977855558
P070 (49).jpg,P070,0,-3.619296789169312,0.0261019449681043,0.009524294956855426
P070 (5).jpg,P070,0,-3.294584989547729,0.0357574224472045,0.014376718695906699
P070 (50).jpg,P070,0,-4.476792812347412,0.0112420003861188,0.0031895142624955293
P070 (51).jpg,P070,0,-4.831311702728272,0.0079129375517368,0.002026096012513557
P070 (52).jpg,P070,0,-3.812977313995361,0.0216052420437335,0.007444012656420667
P070 (53).jpg,P070,0,-3.3460042476654053,0.0340262539684772,0.013471098462890586
P070 (54).jpg,P070,0,-4.093943595886231,0.0163999088108539,0.005202428151161572
P070 (55).jpg,P070,0,-4.230107307434082,0.014342138543725,0.004372051677781551
P070 (56).jpg,P070,0,-3.881186246871948,0.0202094949781894,0.006824419566267198
P070 (57).jpg,P070,0,-3.821667432785034,0.0214223079383373,0.0073620710990514055
P070 (58).jpg,P070,0,-4.198111057281494,0.0148015534505248,0.004554461318583807
P070 (59).jpg,P070,0,-4.283008098602295,0.0136132072657346,0.004086284944660395
P070 (6).jpg,P070,0,-3.629371404647827,0.0258470587432384,0.009403108581132807
P070 (60).jpg,P070,0,-4.178275108337402,0.0150936096906661,0.004671329212511363
P070 (61).jpg,P070,0,-3.5510971546173096,0.0278928074985742,0.010386325236131009
P070 (62).jpg,P070,0,-3.8572897911071777,0.020688135176897,0.007035432174730246
P070 (63).jpg,P070,0,-3.406296491622925,0.0320992618799209,0.01248068192332106
P070 (64).jpg,P070,0,-4.931995391845703,0.0071604559198021,0.0017809687749398796
P070 (65).jpg,P070,0,-4.764857769012451,0.0084520541131496,0.0022060535709274493
P070 (66).jpg,P070,0,-4.507831573486328,0.0109021682292222,0.0030653561144894773
P070 (67).jpg,P070,0,-4.041337490081787,0.0172704420983791,0.005563721478934621
P070 (68).jpg,P070,0,-4.596818447113037,0.0099831987172365,0.0027354753219855253
P070 (69).jpg,P070,0,-5.074897289276123,0.0062128873541951,0.0014830220161334098
P070 (7).jpg,P070,0,-4.047914505004883,0.0171591695398092,0.005517220739809194
P070 (70).jpg,P070,0,-4.840188503265381,0.0078435558825731,0.0020031939684334523
P070 (71).jpg,P070,0,-4.931841850280762,0.0071615474298596,0.0017813190832996935
P070 (72).jpg,P070,0,-3.5545814037323,0.0277984887361526,0.010340470291856519
P070 (73).jpg,P070,0,-4.172555446624756,0.0151788750663399,0.004705578921406289
P070 (74).jpg,P070,0,-3.9330062866210938,0.019208513200283,0.0063881845861552804
P070 (8).jpg,P070,0,-4.172147750854492,0.0151849696412682,0.004708029751090385
P070 (9).jpg,P070,0,-3.3219869136810303,0.0348245613276958,0.013886878699970054
P072 (1).jpg,P072,0,-3.637603044509888,0.0256406012922525,0.009305225926414558
P072 (10).jpg,P072,0,-5.015971660614014,0.0065875025466084,0.0015993219162025072
P072 (11).jpg,P072,0,-4.856794357299805,0.00771537842229,0.0019610425184952286
P072 (12).jpg,P072,0,-5.139874458312988,0.0058243041858077,0.0013645446919450623
P072 (13).jpg,P072,0,-4.647613525390625,0.009493458084762,0.002563303321906999
P072 (14).jpg,P072,0,-4.775143623352051,0.0083662867546081,0.0021771902273057054
P072 (15).jpg,P072,0,-4.278227806091309,0.0136775458231568,0.004111324485678207
P072 (16).jpg,P072,0,-3.530555963516236,0.028455214574933,0.010660778773780443
P072 (17).jpg,P072,0,-1.8051486015319824,0.1412254869937896,0.0897741638874285
P072 (18).jpg,P072,0,-3.3811795711517334,0.0328888557851314,0.012884225186038467
P072 (19).jpg,P072,0,-4.4297051429748535,0.0117776375263929,0.003387504930855706
P072 (2).jpg,P072,0,-3.807651281356812,0.0217181127518415,0.007494680037028621
P072 (20).jpg,P072,0,-3.292599439620972,0.0358259454369545,0.014412867068710273
P072 (21).jpg,P072,0,-3.431753158569336,0.0313177034258842,0.012084417267412604
P072 (22).jpg,P072,0,-2.891707181930542,0.0525650344789028,0.023876722982494665
P072 (23).jpg,P072,0,-2.4813568592071533,0.0771755054593086,0.039767832141888476
P072 (24).jpg,P072,0,-4.194615364074707,0.0148526141420006,0.004574843615521262
P072 (25).jpg,P072,0,-3.701748132705689,0.024085896089673,0.008576275216135174
P072 (26).jpg,P072,0,-4.124666690826416,0.0159116107970476,0.005002322151523546
P072 (27).jpg,P072,0,-4.575178146362305,0.0101993642747402,0.002812285137730297
P072 (28).jpg,P072,0,-4.181949138641357,0.0150390900671482,0.004649459872984009
P072 (29).jpg,P072,0,-2.4858829975128174,0.0768537744879722,0.03954663720013701
P072 (3).jpg,P072,0,-3.754360437393189,0.022879684343934,0.008020869234009171
P072 (30).jpg,P072,0,-2.948078155517578,0.0498274229466915,0.022247629600705882
P072 (31).jpg,P072,0,-3.933972597122192,0.0191903170198202,0.0063803187505529395
P072 (32).jpg,P072,0,-3.1856019496917725,0.0397111549973487,0.016499058186604642
P072 (33).jpg,P072,0,-3.3591678142547607,0.0335962325334548,0.013248449161847383
P072 (34).jpg,P072,0,-3.3314576148986816,0.0345076322555542,0.013721435157704942
P072 (35).jpg,P072,0,-3.446385622024536,0.0308768320828676,0.011862296340037156
P072 (36).jpg,P072,0,-3.796653270721436,0.0219530146569013,0.007600391415699793
P072 (37).jpg,P072,0,-3.6003072261810303,0.0265890397131443,0.009756938764165023
P072 (38).jpg,P072,0,-3.718503475189209,0.0236951746046543,0.008395378843225313
P072 (39).jpg,P072,0,-3.4507153034210205,0.0307475328445434,0.01179734851886791
P072 (4).jpg,P072,0,-3.148667097091675,0.0411438308656215,0.017286022140098507
P072 (40).jpg,P072,0,-3.765442371368408,0.0226332396268844,0.007908511185414368
P072 (41).jpg,P072,0,-4.406623840332031,0.0120493276044726,0.003488982374350631
P072 (42).jpg,P072,0,-4.417065620422363,0.0119256591424345,0.0034427049662994645
P072 (43).jpg,P072,0,-4.219915866851807,0.0144869247451424,0.004429349169679543
P072 (44).jpg,P072,0,-4.101758003234863,0.0162743311375379,0.005150788474626844
P072 (45).jpg,P072,0,-4.058530807495117,0.0169810429215431,0.005442975562463087
P072 (46).jpg,P072,0,-4.324156761169434,0.0130715854465961,0.0038769307660358526
P072 (47).jpg,P072,0,-4.591778755187988,0.0100331306457519,0.0027531741398294346
P072 (48).jpg,P072,0,-4.890786170959473,0.0074594500474631,0.0018774999801402614
P072 (49).jpg,P072,0,-4.592115879058838,0.0100297825410962,0.0027519866437428347
P072 (5).jpg,P072,0,-3.425522804260254,0.0315072648227214,0.012180236601742058
P072 (50).jpg,P072,0,-4.300066947937012,0.013386033475399,0.0039981610760460385
P072 (6).jpg,P072,0,-2.136203527450561,0.1056274995207786,0.060584972790433476
P072 (7).jpg,P072,0,-3.506232023239136,0.0291354283690452,0.010995063468294973
P072 (8).jpg,P072,0,-2.547527551651001,0.0725927576422691,0.03664912887929265
P072 (9).jpg,P072,0,-3.2747013568878174,0.0364493541419506,0.014742782828461592
P078 (1).jpg,P078,0,-1.1049470901489258,0.2488140910863876,0.1949932449552572
P078 (10).jpg,P078,0,-0.2959544360637665,0.4265467226505279,0.406181537225839
P078 (11).jpg,P078,0,-1.1004070043563845,0.24966362118721,0.1959093685717766
P078 (12).jpg,P078,0,-1.127910614013672,0.244546890258789,0.1904092896757952
P078 (13).jpg,P078,0,-1.4012680053710938,0.1976149827241897,0.1420789143152184
P078 (14).jpg,P078,0,-1.286634922027588,0.2164229303598404,0.16096972596823747
P078 (15).jpg,P078,0,-1.2693796157836914,0.2193634659051895,0.16398272430458039
P078 (16).jpg,P078,0,-0.9315953254699708,0.2826011478900909,0.2322877650564345
P078 (17).jpg,P078,0,-1.087644100189209,0.2520621716976166,0.19850216261375914
P078 (18).jpg,P078,0,-0.8459022045135498,0.3002931773662567,0.25247128158671467
P078 (19).jpg,P078,0,-1.7699990272521973,0.1455424427986145,0.09352870083260231
P078 (2).jpg,P078,0,-1.2273451089859009,0.2266464382410049,0.17151203882816304
P078 (20).jpg,P078,0,-0.9211635589599608,0.2847208678722381,0.2346834795402201
P078 (21).jpg,P078,0,-1.0254595279693604,0.2639653384685516,0.21150356302890494
P078 (22).jpg,P078,0,-1.6559313535690308,0.1603089272975921,0.10669845155404763
P078 (23).jpg,P078,0,-1.8324514627456665,0.1379465013742447,0.08695209762927318
P078 (24).jpg,P078,0,-1.2212018966674805,0.227725014090538,0.17263509091501178
P078 (3).jpg,P078,0,-0.957982301712036,0.2772823572158813,0.2263042827630724
P078 (4).jpg,P078,0,-1.0924694538116455,0.2511535584926605,0.19751886473901586
P078 (5).jpg,P078,0,-0.7770116925239563,0.3149642646312713,0.2695171335544174
P078 (6).jpg,P078,0,-1.4769911766052246,0.1858823150396347,0.13064149858165638
P078 (7).jpg,P078,0,-1.3550193309783936,0.205050989985466,0.14946765266923143
P078 (8).jpg,P078,0,-1.0821670293807983,0.2530961334705353,0.199622722745605
P078 (9).jpg,P078,0,-0.944788932800293,0.2799340188503265,0.2292822852297863
P080 (1).jpg,P080,0,-1.6704695224761963,0.1583615988492965,0.10493331520223237
P080 (10).jpg,P080,0,-2.6155691146850586,0.0681431144475936,0.03368816322453749
P080 (11).jpg,P080,0,-1.687858819961548,0.1560576260089874,0.10285591138724308
P080 (12).jpg,P080,0,-2.9020588397979736,0.0520518831908702,0.023569081677017382
P080 (13).jpg,P080,0,-2.457474708557129,0.0788936540484428,0.040954736954694135
P080 (14).jpg,P080,0,-2.7916502952575684,0.0577770471572876,0.02705935632495854
P080 (15).jpg,P080,0,-2.637287139892578,0.0667768865823745,0.03279263472325049
P080 (16).jpg,P080,0,-2.185375928878784,0.1010714471340179,0.057091753600408114
P080 (17).jpg,P080,0,-2.291105270385742,0.0918622985482215,0.05021209004179119
P080 (18).jpg,P080,0,-2.445002317428589,0.07980477809906,0.04158800254030996
P080 (19).jpg,P080,0,-1.9689915180206297,0.1224972531199455,0.07401149783410818
P080 (2).jpg,P080,0,-3.235148668289185,0.0378642305731773,0.015498465521129053
P080 (20).jpg,P080,0,-2.0145559310913086,0.1176830902695655,0.07010286278149035
P080 (21).jpg,P080,0,-3.43363356590271,0.0312607064843177,0.012055644209147696
P080 (22).jpg,P080,0,-3.0964181423187256,0.0432552434504032,0.018462597169786106
P080 (23).jpg,P080,0,-2.931140184402466,0.0506354831159114,0.02272536758745307
P080 (24).jpg,P080,0,-3.0587635040283203,0.0448406301438808,0.019358901949964723
P080 (25).jpg,P080,0,-3.1673800945281982,0.0404118932783603,0.016882804439753006
P080 (26).jpg,P080,0,-3.2369635105133057,0.0377981700003147,0.015462971615923226
P080 (27).jpg,P080,0,-2.9847159385681152,0.048121154308319,0.02124759154518924
P080 (28).jpg,P080,0,-3.601835966110229,0.0265495032072067,0.009738003509616835
P080 (29).jpg,P080,0,-3.405996561050415,0.0321085825562477,0.012485426373587138
P080 (3).jpg,P080,0,-2.935636281967163,0.0504197888076305,0.022597586204011505
P080 (30).jpg,P080,0,-3.608241558074951,0.0263844523578882,0.009659057531092287
P080 (31).jpg,P080,0,-3.7888360023498535,0.022121487185359,0.007676428266580787
P080 (32).jpg,P080,0,-3.233882188796997,0.0379103943705558,0.015523282277498185
P080 (33).jpg,P080,0,-3.9755642414093018,0.0184229332953691,0.006050728310374188
P080 (34).jpg,P080,0,-3.457921028137207,0.0305335149168968,0.011690036417148464
P080 (35).jpg,P080,0,-2.8728175163269043,0.053513765335083,0.024448232206059264
P080 (36).jpg,P080,0,-3.853873491287232,0.0207574628293514,0.007066123746588018
P080 (37).jpg,P080,0,-3.692131996154785,0.0243129674345254,0.008681834008413214
P080 (38).jpg,P080,0,-2.9084184169769287,0.0517389737069606,0.02338200290438869
P080 (39).jpg,P080,0,-2.8643221855163574,0.0539456866681575,0.024709587207305768
P080 (4).jpg,P080,0,-1.932577848434448,0.1264655143022537,0.07727828019244759
P080 (40).jpg,P080,0,-3.696364402770996,0.024212772026658,0.008635216045365579
P080 (41).jpg,P080,0,-2.277764320373535,0.0929813310503959,0.051034839862581075
P080 (42).jpg,P080,0,-2.6028149127960205,0.0689574778079986,0.03422502821844015
P080 (43).jpg,P080,0,-3.8560850620269775,0.0207125581800937,0.007046240158699441
P080 (44).jpg,P080,0,-4.196250915527344,0.0148287005722522,0.004565295946926179
P080 (45).jpg,P080,0,-3.512723684310913,0.0289523638784885,0.010904847423647107
P080 (46).jpg,P080,0,-3.761033296585083,0.0227309782058,0.007953025874543069
P080 (47).jpg,P080,0,-4.444272041320801,0.0116092944517731,0.0033249808008163602
P080 (48).jpg,P080,0,-4.604538917541504,0.0099071804434061,0.002708581724876943
P080 (49).jpg,P080,0,-2.374539613723755,0.0851348936557769,0.04534512762197404
P080 (5).jpg,P080,0,-3.1258256435394287,0.0420544520020484,0.01779103530072861
P080 (50).jpg,P080,0,-2.6963021755218506,0.0631919056177139,0.030473864675821485
P080 (51).jpg,P080,0,-2.2850558757781982,0.0923682153224945,0.05058359399261332
P080 (52).jpg,P080,0,-3.118274450302124,0.0423597134649753,0.01796115360451623
P080 (53).jpg,P080,0,-2.425297975540161,0.0812638252973556,0.0426075838270694
P080 (54).jpg,P080,0,-3.162065267562866,0.040618497878313,0.016996376210115682
P080 (55).jpg,P080,0,-2.663804292678833,0.0651432648301124,0.03173037357199387
P080 (56).jpg,P080,0,-2.003048181533813,0.1188832595944404,0.07107162832200233
P080 (57).jpg,P080,0,-2.517300844192505,0.0746541917324066,0.03804343943487289
P080 (58).jpg,P080,0,-2.409194231033325,0.0824742689728736,0.04345855003210908
P080 (59).jpg,P080,0,-2.827789783477783,0.0558408126235008,0.025864853471635797
P080 (6).jpg,P080,0,-3.1911909580230717,0.039498571306467,0.016383083494630565
P080 (60).jpg,P080,0,-2.7108399868011475,0.0623367391526699,0.02992749587087612
P080 (61).jpg,P080,0,-2.942682981491089,0.0500834770500659,0.022398726284652868
P080 (62).jpg,P080,0,-3.1625466346740723,0.0405997410416603,0.01698605910018208
P080 (63).jpg,P080,0,-3.62537693977356,0.0259478278458118,0.009450973718452294
P080 (64).jpg,P080,0,-3.1296374797821045,0.041901160031557,0.017705761604923282
P080 (65).jpg,P080,0,-3.609106302261353,0.0263622496277093,0.009648448624882072
P080 (66).jpg,P080,0,-4.497811317443848,0.0110107511281967,0.003104902252242994
P080 (67).jpg,P080,0,-5.037461280822754,0.0064483531750738,0.0015558895099980485
P080 (68).jpg,P080,0,-4.921485424041748,0.0072355619631707,0.0018051069621157288
P080 (69).jpg,P080,0,-4.408353805541992,0.0120287528261542,0.0034812726401541776
P080 (7).jpg,P080,0,-2.600584030151367,0.0691008418798446,0.03431977738735651
P080 (70).jpg,P080,0,-4.232436180114746,0.0143092544749379,0.004359062407232164
P080 (71).jpg,P080,0,-3.52925705909729,0.0284911449998617,0.010678372805490477
P080 (72).jpg,P080,0,-3.410513162612915,0.0319685116410255,0.012414168667732343
P080 (73).jpg,P080,0,-3.514110803604126,0.0289133936166763,0.010885665454043
P080 (74).jpg,P080,0,-3.436434030532837,0.0311760120093822,0.012012918288512928
P080 (75).jpg,P080,0,-3.63283896446228,0.025759894400835,0.009361752022417843
P080 (76).jpg,P080,0,-3.0228230953216557,0.0464053861796855,0.02025412261943656
P080 (77).jpg,P080,0,-4.801941871643066,0.0081468652933835,0.0021037486353971003
P080 (78).jpg,P080,0,-4.157867431640625,0.0154000082984566,0.004794680994739876
P080 (79).jpg,P080,0,-4.429768562316895,0.0117768989875912,0.0033872301982532872
P080 (8).jpg,P080,0,-2.2031033039093018,0.0994721576571464,0.05587944073616805
P080 (80).jpg,P080,0,-4.205923080444336,0.0146880643442273,0.00450923798700306
P080 (81).jpg,P080,0,-1.585597038269043,0.1700042635202407,0.11561125175362216
P080 (82).jpg,P080,0,-2.070497274398804,0.1119975671172142,0.06556529918346242
P080 (83).jpg,P080,0,-1.6715903282165527,0.1582122594118118,0.1047983094980243
P080 (84).jpg,P080,0,-1.5959925651550293,0.1685424596071243,0.1142543076635466
P080 (85).jpg,P080,0,-1.193105936050415,0.2327039092779159,0.17784557994494912
P080 (86).jpg,P080,0,-1.4517581462860107,0.1897311210632324,0.13436315372645743
P080 (87).jpg,P080,0,-1.7774724960327148,0.1446155160665512,0.09271880717723598
P080 (88).jpg,P080,0,-2.1063060760498047,0.1084854081273078,0.0628056527098886
P080 (9).jpg,P080,0,-2.1965928077697754,0.1000568717718124,0.05632183062555919
P143 (1).jpg,P143,0,-2.815608024597168,0.0564865507185459,0.026261643623695735
P143 (10).jpg,P143,0,-3.0274486541748047,0.0462011247873306,0.020136672179921638
P143 (11).jpg,P143,0,-3.0426714420318604,0.045534923672676,0.0197548321241761
P143 (12).jpg,P143,0,-3.497753143310547,0.0293762274086475,0.011114008679366379
P143 (13).jpg,P143,0,-2.39152455329895,0.0838212743401527,0.044410924393806436
P143 (14).jpg,P143,0,-3.397102117538452,0.0323861539363861,0.012626935339152875
P143 (15).jpg,P143,0,-3.3762941360473637,0.0330446027219295,0.012964200552356364
P143 (16).jpg,P143,0,-3.4631340503692627,0.0303795766085386,0.011613002773864439
P143 (17).jpg,P143,0,-3.4463672637939453,0.0308773815631866,0.011862572475262036
P143 (18).jpg,P143,0,-3.74820876121521,0.02301761880517,0.008083922104180366
P143 (19).jpg,P143,0,-3.60719633102417,0.0264113172888755,0.009671896068034824
P143 (2).jpg,P143,0,-2.9379875659942627,0.0503073334693908,0.022531041290845936
P143 (20).jpg,P143,0,-3.813728094100952,0.0215893760323524,0.007436897760430608
P143 (21).jpg,P143,0,-4.378062725067139,0.012394106015563,0.003618754676018241
P143 (22).jpg,P143,0,-3.151682138442993,0.0410250499844551,0.017220422062033686
P143 (23).jpg,P143,0,-3.4935405254364014,0.029496582224965,0.011173577222371311
P143 (24).jpg,P143,0,-4.008945941925049,0.0178288798779249,0.00579848376399584
P143 (25).jpg,P143,0,-3.217186450958252,0.0385240614414215,0.015854115357386147
P143 (26).jpg,P143,0,-3.0754950046539307,0.0441294573247432,0.018955488619843183
P143 (27).jpg,P143,0,-2.623546838760376,0.0676382705569267,0.033356496909745806
P143 (28).jpg,P143,0,-3.635818719863892,0.0256852209568023,0.009326357335221244
P143 (29).jpg,P143,0,-3.492029905319214,0.029539855197072,0.011195014957432544
P143 (3).jpg,P143,0,-3.059727668762207,0.0447993576526641,0.019335428140742683
P143 (30).jpg,P143,0,-2.952842235565185,0.0496023520827293,0.02211503571423113
P143 (31).jpg,P143,0,-2.2735183238983154,0.0933400392532348,0.051299360161987835
P143 (32).jpg,P143,0,-2.7553517818450928,0.0597851127386093,0.028313034766183687
P143 (33).jpg,P143,0,-2.240477561950684,0.0961740314960479,0.05340249126820375
P143 (34).jpg,P143,0,-2.601032018661499,0.0690720304846763,0.03430073031761768
P143 (35).jpg,P143,0,-2.8529248237609863,0.0545303262770175,0.025064502874927463
P143 (36).jpg,P143,0,-3.4589195251464844,0.0305039715021848,0.011675242476751528
P143 (37).jpg,P143,0,-3.647626399993897,0.0253913775086402,0.009187399868027525
P143 (38).jpg,P143,0,-3.538782835006714,0.0282286591827869,0.010550007570029342
P143 (39).jpg,P143,0,-4.11165714263916,0.0161166079342365,0.005086103864564602
P143 (4).jpg,P143,0,-3.1557776927948,0.0408642217516899,0.01713170424355918
P143 (40).jpg,P143,0,-4.462484359741211,0.0114021645858883,0.003248425345828448
P143 (41).jpg,P143,0,-4.26413631439209,0.0138689549639821,0.004186029398037604
P143 (42).jpg,P143,0,-3.9521100521087646,0.0188518948853015,0.006234451339641741
P143 (43).jpg,P143,0,-2.4421133995056152,0.0800171941518783,0.041736013346543026
P143 (44).jpg,P143,0,-2.6704423427581787,0.0647401809692382,0.031469710016626865
P143 (45).jpg,P143,0,-2.9800891876220703,0.0483335293829441,0.021371412273120022
P143 (46).jpg,P143,0,-2.649616003036499,0.0660126805305481,0.0322945405962213
P143 (47).jpg,P143,0,-3.7141385078430176,0.0237963609397411,0.008442136847722452
P143 (48).jpg,P143,0,-3.436046838760376,0.0311877075582742,0.0120188166443162
P143 (49).jpg,P143,0,-3.1120288372039795,0.0426137931644916,0.018103064730836105
P143 (5).jpg,P143,0,-2.7505128383636475,0.060057695955038,0.028484365618580764
P143 (50).jpg,P143,0,-2.5130672454833984,0.0749471783638,0.038242752101860185
P143 (51).jpg,P143,0,-3.075221061706543,0.0441410131752491,0.018962026802019423
P143 (52).jpg,P143,0,-3.683602094650269,0.024516137316823,0.008776546185099977
P143 (53).jpg,P143,0,-3.361987829208374,0.0335047952830791,0.013201225543434586
P143 (54).jpg,P143,0,-2.406788110733032,0.0826565325260162,0.04358708118094681
P143 (55).jpg,P143,0,-2.715828657150269,0.0620457790791988,0.02974220554422028
P143 (56).jpg,P143,0,-2.9144387245178223,0.0514444001019001,0.0232062402672012
P143 (57).jpg,P143,0,-2.90110182762146,0.052099123597145,0.023597360121825287
P143 (6).jpg,P143,0,-2.71448278427124,0.0621241480112075,0.029792084443261056
P143 (7).jpg,P143,0,-2.565191507339477,0.0714125111699104,0.03585721121871165
P143 (8).jpg,P143,0,-2.6757256984710693,0.0644210129976272,0.03126372456282552
P143 (9).jpg,P143,0,-2.909376621246338,0.0516919828951358,0.02335394147455943
P168 (1).jpg,P168,0,-0.283107191324234,0.4296921789646148,0.41016394757925734
P168 (10).jpg,P168,0,-1.9393720626831052,0.1257168501615524,0.07665888646179794
P168 (11).jpg,P168,0,-1.444627285003662,0.190829798579216,0.1354310033466621
P168 (12).jpg,P168,0,-1.502231240272522,0.1820929795503616,0.12700680223538482
P168 (13).jpg,P168,0,-1.4549014568328855,0.1892483681440353,0.13389470469070527
P168 (14).jpg,P168,0,0.03158650547266,0.5078959465026855,0.5101316900165904
P168 (15).jpg,P168,0,-1.2172632217407229,0.2284184396266937,0.17335818415909185
P168 (16).jpg,P168,0,1.3778512477874756,0.7986456155776978,0.8542188281215508
P168 (17).jpg,P168,0,-0.1080265864729881,0.4730195999145508,0.4654000278397292
P168 (18).jpg,P168,0,-1.316107988357544,0.2114665657281875,0.1559270323626708
P168 (19).jpg,P168,0,-0.8719199299812317,0.2948549389839172,0.24622251007011808
P168 (2).jpg,P168,0,-1.225488305091858,0.2269720733165741,0.17185087241065303
P168 (20).jpg,P168,0,-1.3618998527526855,0.2039317041635513,0.14834869325135827
P168 (21).jpg,P168,0,-2.0398852825164795,0.115078404545784,0.0680134203418351
P168 (22).jpg,P168,0,-1.5786346197128296,0.1709889471530914,0.11652788231969176
P168 (23).jpg,P168,0,-1.1209869384765625,0.2458282560110092,0.19178264670802506
P168 (24).jpg,P168,0,-1.619309902191162,0.1653000712394714,0.11126104793263249
P168 (25).jpg,P168,0,-2.1013498306274414,0.1089656949043273,0.06318104792679108
P168 (26).jpg,P168,0,-1.1547317504882812,0.239625871181488,0.18516018641393822
P168 (27).jpg,P168,0,-1.288447380065918,0.216115728020668,0.16065585796302997
P168 (28).jpg,P168,0,-0.527599573135376,0.3710769116878509,0.33692579405788936
P168 (29).jpg,P168,0,-1.5564106702804563,0.174162283539772,0.11949605733035684
P168 (3).jpg,P168,0,-1.4525002241134644,0.1896170824766159,0.1342524368265703
P168 (30).jpg,P168,0,-2.0368597507476807,0.1153868809342384,0.06825993014193772
P168 (31).jpg,P168,0,-3.517793893814087,0.0288101583719253,0.01083489512182257
P168 (32).jpg,P168,0,-3.579490900039673,0.0271331537514925,0.01001843042449406
P168 (33).jpg,P168,0,-2.9928441047668457,0.0477502010762691,0.021031763577104477
P168 (34).jpg,P168,0,-3.0713446140289307,0.044304858893156,0.019054783183881308
P168 (35).jpg,P168,0,-3.548762083053589,0.0279561933130025,0.010417168820590099
P168 (36).jpg,P168,0,-3.9051730632781982,0.0197399575263261,0.006618931190234043
P168 (37).jpg,P168,0,-1.991055011749268,0.1201452985405922,0.0720944029412149
P168 (38).jpg,P168,0,-1.805581331253052,0.1411730051040649,0.0897287991836673
P168 (39).jpg,P168,0,-1.355794906616211,0.2049245983362198,0.14934117599230948
P168 (4).jpg,P168,0,0.5708496570587158,0.6389592289924622,0.6753587701057029
P168 (40).jpg,P168,0,-1.3870210647583008,0.199883759021759,0.1443219557740011
P168 (41).jpg,P168,0,-1.775185227394104,0.1448986679315567,0.09296600567492322
P168 (42).jpg,P168,0,-1.6381402015686035,0.1627182811498642,0.10889407648059815
P168 (43).jpg,P168,0,-1.919395446777344,0.1279289871454239,0.07849314716575266
P168 (44).jpg,P168,0,-3.0895702838897705,0.0435395278036594,0.018622513547904253
P168 (45).jpg,P168,0,-2.5588572025299072,0.0718336924910545,0.03613928046261633
P168 (46).jpg,P168,0,-2.9900152683258057,0.0478789918124675,0.021106633460226922
P168 (47).jpg,P168,0,-2.895204305648804,0.0523911416530609,0.023772356156283116
P168 (48).jpg,P168,0,-2.379058122634888,0.0847836211323738,0.04509478930335249
P168 (49).jpg,P168,0,-2.580676794052124,0.0703924298286438,0.03517654281832595
P168 (5).jpg,P168,0,-0.0965885147452354,0.4758716225624084,0.4690536254674696
P168 (50).jpg,P168,0,-0.7178690433502197,0.327862411737442,0.2847173143058105
P168 (51).jpg,P168,0,-1.1667436361312866,0.2374440878629684,0.18284588590207207
P168 (52).jpg,P168,0,-1.9009137153625488,0.1300050914287567,0.08022581543503515
P168 (53).jpg,P168,0,-1.6501915454864502,0.1610830575227737,0.107402514136584
P168 (54).jpg,P168,0,-0.8046430945396423,0.3090332150459289,0.26259373670357633
P168 (55).jpg,P168,0,-0.3741935193538666,0.4075281023979187,0.3822117232976721
P168 (56).jpg,P168,0,-1.2645636796951294,0.2201893031597137,0.16483169989957838
P168 (57).jpg,P168,0,-2.826529026031494,0.0559073202311992,0.025905647228125144
P168 (58).jpg,P168,0,-2.3044326305389404,0.0907565206289291,0.04940273250247338
P168 (59).jpg,P168,0,-2.030002355575561,0.116088680922985,0.06882171470975387
P168 (6).jpg,P168,0,-0.4775813519954681,0.3828234374523163,0.35141162397350534
P168 (60).jpg,P168,0,-1.4041438102722168,0.1971593797206878,0.14162969087972152
P168 (61).jpg,P168,0,-1.2939995527267456,0.2151766121387481,0.15969745358723142
P168 (62).jpg,P168,0,-0.9592585563659668,0.2770266830921173,0.22601766352222827
P168 (63).jpg,P168,0,-0.3773159086704254,0.4067744314670563,0.3812660851570572
P168 (64).jpg,P168,0,-1.0836299657821655,0.252819687128067,0.199322954948822
P168 (65).jpg,P168,0,-0.6318881511688232,0.3470825254917145,0.30770961552957493
P168 (66).jpg,P168,0,-2.5274291038513184,0.0739575326442718,0.03757065402828747
P168 (67).jpg,P168,0,-2.5641114711761475,0.071484163403511,0.03590515533374163
P168 (68).jpg,P168,0,-2.1550004482269287,0.1038648709654808,0.05922663048997177
P168 (69).jpg,P168,0,-2.154743432998657,0.1038888022303581,0.059245009570765735
P168 (7).jpg,P168,0,-0.164074569940567,0.4590730965137481,0.44755780314948357
P168 (70).jpg,P168,0,-1.940451502799988,0.1255982667207718,0.0765608994917767
P168 (71).jpg,P168,0,-1.7252728939056396,0.1511932164430618,0.09850939204620726
P168 (72).jpg,P168,0,-1.430224895477295,0.1930636316537857,0.13760959422724778
P168 (73).jpg,P168,0,-2.0393645763397217,0.1151314452290535,0.06805578679606811
P168 (74).jpg,P168,0,-1.8233031034469604,0.1390379965305328,0.08788862949064491
P168 (75).jpg,P168,0,-1.9130337238311768,0.1286404132843017,0.07908566218599704
P168 (76).jpg,P168,0,-1.5842387676239014,0.1701960116624832,0.11578958008070567
P168 (77).jpg,P168,0,-0.8539999723434448,0.2985944449901581,0.25051520694158236
P168 (78).jpg,P168,0,-0.740160346031189,0.3229690790176391,0.2789279463487718
P168 (79).jpg,P168,0,-0.3355002701282501,0.4169029295444488,0.39400233325639955
P168 (8).jpg,P168,0,0.2339032590389251,0.5582106709480286,0.5744787933944066
P168 (9).jpg,P168,0,-0.550966739654541,0.3656401336193084,0.33026000776263975
P184 (1).jpg,P184,0,-0.6986147165298462,0.3321194350719452,0.2897757203956522
P184 (10).jpg,P184,0,-0.1164655908942222,0.4709164500236511,0.46270676107886266
P184 (11).jpg,P184,0,-0.3717021048069,0.4081297814846039,0.3829669070229991
P184 (12).jpg,P184,0,0.025979496538639,0.5064945220947266,0.5083335544174489
P184 (13).jpg,P184,0,0.2512433230876922,0.562482476234436,0.5799089036082489
P184 (14).jpg,P184,0,0.0332265868782997,0.5083059072494507,0.5106576072339043
P184 (15).jpg,P184,0,0.3948024213314056,0.5974382162094116,0.6240130325812699
P184 (16).jpg,P184,0,0.2829596698284149,0.5702716708183289,0.5897902539215769
P184 (17).jpg,P184,0,-0.1012016758322715,0.4747211635112762,0.4675796484486824
P184 (18).jpg,P184,0,0.0756113305687904,0.518893837928772,0.5242374055022181
P184 (19).jpg,P184,0,-0.0639485344290733,0.4840182960033417,0.4794965590691468
P184 (2).jpg,P184,0,-0.4936982691287994,0.3790227472782135,0.34671247700598046
P184 (20).jpg,P184,0,-0.5135542154312134,0.3743607103824615,0.3409640653209053
P184 (21).jpg,P184,0,-0.1014092192053794,0.4746693968772888,0.4675133482053555
P184 (22).jpg,P184,0,-0.0979081615805625,0.4755425155162811,0.4686319214182419
P184 (23).jpg,P184,0,-0.0773718580603599,0.4806666672229767,0.47519916847412114
P184 (24).jpg,P184,0,0.2903704345226288,0.5720868110656738,0.5920890074180091
P184 (25).jpg,P184,0,0.4744492471218109,0.6164363026618958,0.6476717753172218
P184 (26).jpg,P184,0,1.045501947402954,0.7399102449417114,0.7927537256042841
P184 (27).jpg,P184,0,0.5976568460464478,0.6451200246810913,0.6828548600118692
P184 (28).jpg,P184,0,0.0077429786324501,0.5019357204437256,0.502483958023891
P184 (29).jpg,P184,0,0.0403561368584632,0.5100876688957214,0.5129435173457992
P184 (3).jpg,P184,0,-0.5550020933151245,0.3647046387195587,0.32911565202433796
P184 (30).jpg,P184,0,0.4599665105342865,0.6130062341690063,0.6434193785603873
P184 (31).jpg,P184,0,0.3859568536281585,0.5953090190887451,0.6213461799861475
P184 (32).jpg,P184,0,0.162697285413742,0.5405848622322083,0.5520051786320552
P184 (33).jpg,P184,0,-0.0511095747351646,0.4872253835201263,0.48360971896741023
P184 (34).jpg,P184,0,0.2090246379375457,0.5520667433738708,0.5666567871840759
P184 (35).jpg,P184,0,-0.1245894655585289,0.4688928723335266,0.46011611878159314
P184 (36).jpg,P184,0,-0.3442273437976837,0.4147829711437225,0.39133167454725815
P184 (37).jpg,P184,0,-0.4287350475788116,0.3944284617900848,0.36582736745787275
P184 (38).jpg,P184,0,0.0637478604912757,0.5159316062927246,0.5204391718455161
P184 (39).jpg,P184,0,-0.5660532712936401,0.3621480166912079,0.32599211898352637
P184 (4).jpg,P184,0,-0.8726053237915039,0.294712483882904,0.24605931242010767
P184 (40).jpg,P184,0,-0.6024397611618042,0.3537857234477997,0.31581746917346504
P184 (41).jpg,P184,0,-0.4643658697605133,0.3859506547451019,0.35528646010843545
P184 (42).jpg,P184,0,-0.936467468738556,0.2816144526004791,0.23117470934338535
P184 (43).jpg,P184,0,-1.311828374862671,0.2121810466051101,0.1566511781466002
P184 (44).jpg,P184,0,-2.024473190307617,0.1166572496294975,0.06927780043964273
P184 (45).jpg,P184,0,-1.8671913146972656,0.1338670402765274,0.08347748228415464
P184 (46).jpg,P184,0,-1.7696727514266968,0.1455830186605453,0.0935642032170005
P184 (47).jpg,P184,0,-1.8559744358062744,0.1351729482412338,0.0845853509601985
P184 (48).jpg,P184,0,-1.0784509181976318,0.2537992596626282,0.20038570576592235
P184 (49).jpg,P184,0,-1.302134394645691,0.2138060182332992,0.15830160410874566
P184 (5).jpg,P184,0,-0.7705356478691101,0.3163632452487945,0.27115634932347155
P184 (50).jpg,P184,0,-1.3361506462097168,0.208143800497055,0.1525719245745449
P184 (51).jpg,P184,0,-1.3863848447799685,0.1999855190515518,0.14442280578651723
P184 (52).jpg,P184,0,-1.8921161890029907,0.1310033649206161,0.08106279338637053
P184 (53).jpg,P184,0,-1.8845864534378047,0.1318629533052444,0.08178547171575612
P184 (54).jpg,P184,0,-1.7251921892166138,0.1512035876512527,0.09851858924189613
P184 (55).jpg,P184,0,-1.6085752248764038,0.1667865216732025,0.11263045017591715
P184 (56).jpg,P184,0,-1.6605584621429443,0.1596870571374893,0.10613383790979278
P184 (57).jpg,P184,0,-1.0972496271133425,0.2502555847167969,0.19654839857023607
P184 (58).jpg,P184,0,-0.9243026375770568,0.2840820252895355,0.23396077451418407
P184 (59).jpg,P184,0,-0.6148028373718262,0.3509643971920013,0.31239957817522945
P184 (6).jpg,P184,0,-0.7907780408859253,0.3120016157627105,0.2660534434778538
P184 (60).jpg,P184,0,-1.425635814666748,0.1937795877456665,0.13830992728264757
P184 (61).jpg,P184,0,-0.5382516980171204,0.3685943782329559,0.33387889081727856
P184 (62).jpg,P184,0,-0.5786793231964111,0.3592365384101867,0.3224422914075746
P184 (63).jpg,P184,0,-0.4279699623584747,0.3946111798286438,0.36605516573415336
P184 (64).jpg,P184,0,-0.13243368268013,0.4669398367404938,0.45761669909073227
P184 (65).jpg,P184,0,-0.4284680187702179,0.3944921791553497,0.3659068664320925
P184 (66).jpg,P184,0,1.0883758068084717,0.7480757236480713,0.80164717918547
P184 (67).jpg,P184,0,1.7637856006622314,0.8536831140518188,0.9057931310725011
P184 (68).jpg,P184,0,-0.646129846572876,0.3438622057437897,0.3038302984791035
P184 (69).jpg,P184,0,-0.8956220149993896,0.2899509966373443,0.24062126308159243
P184 (7).jpg,P184,0,0.0303439870476722,0.5075854063034058,0.5097332424619185
P184 (70).jpg,P184,0,-1.2179818153381348,0.2282918095588684,0.17322608075817092
P184 (71).jpg,P184,0,-1.1826763153076172,0.2345713078975677,0.17981090666946228
P184 (72).jpg,P184,0,-0.958888053894043,0.2771008610725403,0.22610084389518742
P184 (73).jpg,P184,0,-0.0626373514533042,0.4843458235263824,0.47991649886952203
P184 (74).jpg,P184,0,-0.3375666439533233,0.416400671005249,0.3933694026578127
P184 (75).jpg,P184,0,-0.5378692150115967,0.3686834275722503,0.3339880573357782
P184 (76).jpg,P184,0,-0.2234845459461212,0.4443602561950683,0.428792618512331
P184 (77).jpg,P184,0,-0.5929186344146729,0.3559654653072357,0.3184633434470209
P184 (78).jpg,P184,0,-0.2360849678516388,0.4412513375282287,0.42483697847902946
P184 (79).jpg,P184,0,-0.5597695112228394,0.3636007905006408,0.32776630378812044
P184 (8).jpg,P184,0,-0.0850534662604332,0.4787494838237762,0.4727415615505028
P184 (80).jpg,P184,0,-0.9218928813934326,0.2845723628997803,0.2345154308701265
P184 (81).jpg,P184,0,-1.3125534057617188,0.212059885263443,0.15652830458737885
P184 (82).jpg,P184,0,-1.3255525827407837,0.2098959684371948,0.15433858822587881
P184 (83).jpg,P184,0,-1.1030302047729492,0.249172568321228,0.19537964816328243
P184 (84).jpg,P184,0,-1.0807735919952393,0.2533596456050873,0.19990856415565794
P184 (85).jpg,P184,0,-0.6774623394012451,0.3368279337882995,0.2953936315839262
P184 (86).jpg,P184,0,-0.5985883474349976,0.3546667397022247,0.31688633373645525
P184 (87).jpg,P184,0,-0.6281701326370239,0.3479255735874176,0.3087268907424069
P184 (9).jpg,P184,0,0.0512435212731361,0.512808084487915,0.5164332053210227
P191 (1).jpg,P191,0,-1.7941315174102783,0.1425669342279434,0.09093610920389042
P191 (10).jpg,P191,0,-1.33589768409729,0.2081854939460754,0.15261389870279995
P191 (11).jpg,P191,0,-1.9249858856201167,0.1273066103458404,0.0779758228624118
P191 (12).jpg,P191,0,-2.280836820602417,0.0927225276827812,0.05084423232702738
P191 (13).jpg,P191,0,-2.102912664413452,0.1088140457868576,0.06306245067902146
P191 (14).jpg,P191,0,-1.962421178817749,0.1232052519917488,0.07459139683909612
P191 (15).jpg,P191,0,-2.05713152885437,0.1133337616920471,0.06662395134747694
P191 (16).jpg,P191,0,-2.6997077465057373,0.0629906058311462,0.030345014250514352
P191 (17).jpg,P191,0,-2.5136539936065674,0.074906513094902,0.03821506897860057
P191 (18).jpg,P191,0,-1.877979159355164,0.132621169090271,0.08242444660664752
P191 (19).jpg,P191,0,-1.5847499370574951,0.1701238304376602,0.11572244024295844
P191 (2).jpg,P191,0,-2.396620512008667,0.0834307596087455,0.04413423457565374
P191 (20).jpg,P191,0,-1.622738242149353,0.1648275852203369,0.11082677955006787
P191 (21).jpg,P191,0,-1.4387214183807373,0.1917434334754943,0.13632082020010164
P191 (22).jpg,P191,0,-0.7731906175613403,0.3157893121242523,0.2704835669691716
P191 (23).jpg,P191,0,-0.7355289459228516,0.3239826261997223,0.2801248314029961
P191 (24).jpg,P191,0,-0.7021998763084412,0.3313246667385101,0.28882982046654376
P191 (25).jpg,P191,0,-0.7431625127792358,0.322312980890274,0.2781537787206258
P191 (26).jpg,P191,0,-1.2333991527557373,0.2255870550870895,0.17041096338172143
P191 (27).jpg,P191,0,-1.5966274738311768,0.168453499674797,0.11417188319446235
P191 (28).jpg,P191,0,-1.9247738122940063,0.1273301690816879,0.07799539048022691
P191 (29).jpg,P191,0,-1.8479788303375244,0.1361103802919387,0.08538319003392902
P191 (3).jpg,P191,0,-2.6659815311431885,0.0650108009576797,0.0316446482436729
P191 (30).jpg,P191,0,-1.8411602973937988,0.1369141191244125,0.08606895903770577
P191 (31).jpg,P191,0,-2.19184684753418,0.1004850417375564,0.05664639305488327
P191 (32).jpg,P191,0,-3.052432060241699,0.0451125875115394,0.01951374444926879
P191 (33).jpg,P191,0,-3.718153238296509,0.0237032771110534,0.008399121124656414
P191 (34).jpg,P191,0,-3.359694719314575,0.0335791297256946,0.013239613032533529
P191 (35).jpg,P191,0,-2.957656145095825,0.049375906586647,0.02198183960031377
P191 (36).jpg,P191,0,-2.867759227752685,0.0537705458700656,0.024603521759594255
P191 (37).jpg,P191,0,-2.681933641433716,0.0640478581190109,0.031023358681165656
P191 (38).jpg,P191,0,-2.1493208408355717,0.1043947041034698,0.05963402537256025
P191 (39).jpg,P191,0,-2.7042834758758545,0.0627210736274719,0.03017272132751134
P191 (4).jpg,P191,0,-2.5689890384674072,0.0711610987782478,0.03568912313234358
P191 (40).jpg,P191,0,-1.288799285888672,0.2160561233758926,0.16059497492917726
P191 (41).jpg,P191,0,-1.1652439832687378,0.2377157360315323,0.18313358908637764
P191 (42).jpg,P191,0,-0.896294891834259,0.2898124754428863,0.2404635272037418
P191 (43).jpg,P191,0,-0.5648881196975708,0.3624172210693359,0.32632071870309703
P191 (44).jpg,P191,0,-1.279055953025818,0.2177109569311142,0.16228756577040584
P191 (45).jpg,P191,0,-1.0766923427581787,0.254132479429245,0.20074753328693265
P191 (46).jpg,P191,0,-1.8969213962554927,0.1304573118686676,0.08060465415981245
P191 (47).jpg,P191,0,-1.825049877166748,0.1388290226459503,0.08770910826923851
P191 (48).jpg,P191,0,-1.9233994483947756,0.1274829506874084,0.0781223095133677
P191 (49).jpg,P191,0,-1.3442326784133911,0.2068148553371429,0.1512358463055066
P191 (5).jpg,P191,0,-2.928654670715332,0.0507551059126853,0.02279630979434822
P191 (50).jpg,P191,0,-1.63657808303833,0.1629312187433242,0.10908874144528943
P191 (51).jpg,P191,0,-0.6290388107299805,0.3477284908294678,0.30848904788425124
P191 (52).jpg,P191,0,-1.3564550876617432,0.2048170417547226,0.14923358677058982
P191 (53).jpg,P191,0,-2.094444751739502,0.1096379458904266,0.0637075405008553
P191 (54).jpg,P191,0,-3.1719229221343994,0.0402360931038856,0.016786320887480895
P191 (55).jpg,P191,0,-3.0649216175079346,0.0445776209235191,0.019209454115645657
P191 (56).jpg,P191,0,-3.825568914413452,0.0213406700640916,0.007325574745032088
P191 (57).jpg,P191,0,-2.962925672531128,0.0491291545331478,0.02183693598859859
P191 (58).jpg,P191,0,-0.223054826259613,0.4444663822650909,0.4289276836170866
P191 (59).jpg,P191,0,-0.0513432249426841,0.4871669709682464,0.48353484396152957
P191 (6).jpg,P191,0,-2.165090560913086,0.1029294654726982,0.058509298351236166
P191 (60).jpg,P191,0,-0.9813220500946044,0.2726295292377472,0.2211033502350883
P191 (61).jpg,P191,0,-0.765377402305603,0.3174799084663391,0.27246647416047504
P191 (62).jpg,P191,0,-1.0955053567886353,0.2505830228328705,0.19690210069900424
P191 (63).jpg,P191,0,-1.4580944776535034,0.1887589395046234,0.1334202617192356
P191 (64).jpg,P191,0,-2.2785918712615967,0.0929115638136863,0.0509834349718422
P191 (65).jpg,P191,0,-2.273944854736328,0.0933039486408233,0.051272729333445594
P191 (66).jpg,P191,0,-1.4394936561584473,0.1916237771511078,0.13620419056450012
P191 (67).jpg,P191,0,-1.4661521911621094,0.1875281631946563,0.13222930762154284
P191 (68).jpg,P191,0,-1.0662267208099363,0.2561213374137878,0.20291095573495502
P191 (69).jpg,P191,0,-1.7072056531906128,0.1535265147686004,0.10058751979024555
P191 (7).jpg,P191,0,-1.98925256729126,0.1203359588980674,0.0722492834750694
P191 (70).jpg,P191,0,-1.751905918121338,0.1478069573640823,0.09551575729165208
P191 (71).jpg,P191,0,-1.6969608068466189,0.1548626124858856,0.10178312647659565
P191 (72).jpg,P191,0,-2.518461942672729,0.0745740234851837,0.03798895089752388
P191 (73).jpg,P191,0,-2.134384632110596,0.1057994589209556,0.06071794942409413
P191 (74).jpg,P191,0,-1.9327235221862795,0.1264494210481643,0.07726495188703973
P191 (75).jpg,P191,0,-1.8005634546279907,0.1417824923992157,0.09025611366950287
P191 (8).jpg,P191,0,-2.3264496326446533,0.0889559760689735,0.04809269705875885
P191 (9).jpg,P191,0,-2.0643069744110107,0.112614706158638,0.06605365175226635
P013 (1).jpg,P013,1,1.2689712047576904,0.7805666327476501,0.8359454157241325
P013 (10).jpg,P013,1,-2.1335275173187256,0.1058805733919143,0.06078070635574115
P013 (11).jpg,P013,1,-0.3705085217952728,0.4084181487560272,0.38332889976136525
P013 (12).jpg,P013,1,-0.3606951534748077,0.4107913076877594,0.3863099946605311
P013 (13).jpg,P013,1,-0.5758933424949646,0.3598780632019043,0.3232238318410615
P013 (14).jpg,P013,1,-0.2804884016513824,0.4303340315818786,0.41097718975747577
P013 (15).jpg,P013,1,-0.5904010534286499,0.3565428256988525,0.31916493810561797
P013 (16).jpg,P013,1,-0.9501303434371948,0.2788586020469665,0.22807331735514053
P013 (17).jpg,P013,1,-0.6260905861854553,0.3483975231647491,0.3092966796264157
P013 (18).jpg,P013,1,-0.1646815836429596,0.458922415971756,0.4473652208066949
P013 (19).jpg,P013,1,-0.6769012212753296,0.3369532823562622,0.2955435191867908
P013 (2).jpg,P013,1,-0.7048001289367676,0.3307488262653351,0.28814492456807067
P013 (20).jpg,P013,1,-0.4814092218875885,0.3819194138050079,0.35029289605839836
P013 (21).jpg,P013,1,-0.0115448459982872,0.497113823890686,0.4962964350460492
P013 (22).jpg,P013,1,0.0107450857758522,0.5026862621307373,0.5034470118056155
P013 (23).jpg,P013,1,0.5144745111465454,0.6258547902107239,0.6593012505646351
P013 (24).jpg,P013,1,0.2173825204372406,0.5541326403617859,0.5692884702648165
P013 (25).jpg,P013,1,-0.1489539444446563,0.4628302156925201,0.4523599339707305
P013 (26).jpg,P013,1,-0.2541505396366119,0.4368022084236145,0.4191825430267306
P013 (27).jpg,P013,1,-0.4567975103855133,0.3877458274364471,0.35751414794368097
P013 (28).jpg,P013,1,-0.1206032857298851,0.4698856770992279,0.46138702093330886
P013 (29).jpg,P013,1,0.2138206660747528,0.5532523989677429,0.5681674031773409
P013 (3).jpg,P013,1,-0.7722764015197754,0.3159868717193603,0.27071511519576036
P013 (30).jpg,P013,1,-0.5727385878562927,0.3606051802635193,0.3241100162141553
P013 (31).jpg,P013,1,-0.2886570990085602,0.4283326864242553,0.4084420999709097
P013 (32).jpg,P013,1,-0.4901593625545501,0.3798560202121734,0.34774178266751465
P013 (33).jpg,P013,1,-0.3283281028270721,0.4186474978923797,0.39620191813019545
P013 (34).jpg,P013,1,-0.5029893517494202,0.3768383860588074,0.3440169617117921
P013 (35).jpg,P013,1,-1.0105478763580322,0.2668726444244385,0.21471229690137142
P013 (36).jpg,P013,1,-0.793839156627655,0.3113449215888977,0.2652871178413145
P013 (37).jpg,P013,1,-0.4476682245731354,0.3899153172969818,0.3602094901757136
P013 (38).jpg,P013,1,-0.7487823963165283,0.3210866749286651,0.27670813726603655
P013 (39).jpg,P013,1,-0.2731716334819793,0.4321286380290985,0.41325191443572346
P013 (4).jpg,P013,1,-0.0941699370741844,0.4764749407768249,0.46982661625200955
P013 (40).jpg,P013,1,-0.5166208744049072,0.3736427128314972,0.3400803534823686
P013 (41).jpg,P013,1,-0.0602760836482048,0.4849355518817901,0.4806728263069895
P013 (42).jpg,P013,1,0.4041819870471954,0.5996919870376587,0.6268326874225921
P013 (43).jpg,P013,1,0.1041966453194618,0.5260255932807922,0.5333769898479647
P013 (44).jpg,P013,1,0.4947926104068756,0.6212347745895386,0.6536055271711191
P013 (45).jpg,P013,1,0.1012280955910682,0.5252854228019714,0.5324287914721865
P013 (46).jpg,P013,1,0.0504806414246559,0.5126174688339233,0.5161887308693484
P013 (47).jpg,P013,1,0.0899594202637672,0.5224747061729431,0.528827336049528
P013 (48).jpg,P013,1,-0.4259758293628692,0.3950876593589782,0.3666491849941189
P013 (49).jpg,P013,1,0.1023211851716041,0.5255579948425293,0.532777967948595
P013 (5).jpg,P013,1,-0.6490285396575928,0.3432084619998932,0.3030441023397906
P013 (50).jpg,P013,1,0.0680504813790321,0.5170060396194458,0.5218170042862288
P013 (51).jpg,P013,1,0.5749973058700562,0.6399154663085938,0.6765245962273183
P013 (52).jpg,P013,1,0.0431248918175697,0.5107795596122742,0.5138311080038467
P013 (53).jpg,P013,1,0.5328116416931152,0.630138635635376,0.6645667640124542
P013 (54).jpg,P013,1,0.2219474613666534,0.555260181427002,0.5707242120081562
P013 (55).jpg,P013,1,0.4105789959430694,0.6012267470359802,0.6287508154002877
P013 (56).jpg,P013,1,0.5883716344833374,0.6429914832115173,0.6802689101118543
P013 (57).jpg,P013,1,0.4227236211299896,0.6041347980499268,0.6323811666068301
P013 (58).jpg,P013,1,0.6926810145378113,0.6665630340576172,0.7086547242962666
P013 (59).jpg,P013,1,0.1832681000232696,0.5456892251968384,0.5585236600546691
P013 (6).jpg,P013,1,-0.7764835953712463,0.3150782585144043,0.26965057102957096
P013 (60).jpg,P013,1,0.911354124546051,0.7132771611213684,0.7630481477193649
P013 (7).jpg,P013,1,-0.7464747428894043,0.3215899169445038,0.2773011892879528
P013 (8).jpg,P013,1,-0.5653001070022583,0.3623220026493072,0.32620450922665084
P013 (9).jpg,P013,1,-1.2533116340637207,0.2221274077892303,0.16682900880228224
P026 (1).jpg,P026,1,0.9965521693229676,0.730380117893219,0.7822440197795753
P026 (10).jpg,P026,1,0.7560042142868042,0.6804855465888977,0.7251427542023894
P026 (11).jpg,P026,1,1.2045557498931885,0.7693341970443726,0.8242925598158583
P026 (12).jpg,P026,1,0.3151053488254547,0.5781309008598328,0.5997319159392793
P026 (13).jpg,P026,1,-0.3438853919506073,0.4148659706115722,0.39143619736653357
P026 (14).jpg,P026,1,0.2716257572174072,0.5674920082092285,0.5862670074073706
P026 (2).jpg,P026,1,0.8050102591514587,0.6910452246665955,0.7374974860493689
P026 (3).jpg,P026,1,1.2432911396026611,0.7761363387107849,0.8313760379077838
P026 (4).jpg,P026,1,1.168406367301941,0.7628568410873413,0.8174726929985898
P026 (5).jpg,P026,1,0.5507800579071045,0.6343165636062622,0.6696870037538742
P026 (6).jpg,P026,1,0.7618199586868286,0.6817487478256226,0.7266276796987071
P026 (7).jpg,P026,1,0.8867893815040588,0.7082271575927734,0.7573016418422197
P026 (8).jpg,P026,1,0.9185528755187988,0.7147471904754639,0.7647142891145825
P026 (9).jpg,P026,1,1.4890811443328855,0.8159403204917908,0.8711104234969094
P156 (1).jpg,P156,1,0.6827768087387085,0.6643581390380859,0.7060237934820269
P156 (10).jpg,P156,1,1.0824785232543943,0.7469627261161804,0.8004411332741007
P156 (11).jpg,P156,1,0.8718660473823547,0.705133855342865,0.7537646569702198
P156 (12).jpg,P156,1,1.4896142482757568,0.8160203695297241,0.8711872113277497
P156 (13).jpg,P156,1,0.9457243084907532,0.7202544808387756,0.7709297512223986
P156 (14).jpg,P156,1,1.3332380056381226,0.7913756966590881,0.8469442062824941
P156 (15).jpg,P156,1,1.024526596069336,0.735853374004364,0.7882967190252481
P156 (16).jpg,P156,1,0.4706914126873016,0.6155473589897156,0.6465706206361128
P156 (17).jpg,P156,1,0.7259503602981567,0.6739159822463989,0.7173898632065474
P156 (18).jpg,P156,1,0.3816369473934173,0.5942678451538086,0.6200410878510383
P156 (19).jpg,P156,1,0.67331463098526,0.662244975566864,0.7034973778717564
P156 (2).jpg,P156,1,0.682841420173645,0.6643725633621216,0.7060410015947518
P156 (20).jpg,P156,1,0.4752340018749237,0.6166218519210815,0.6479015337727573
P156 (21).jpg,P156,1,0.4087778627872467,0.600794792175293,0.628211157291189
P156 (22).jpg,P156,1,0.0926483049988746,0.5231454968452454,0.5296869872969077
P156 (23).jpg,P156,1,1.2050282955169678,0.7694180607795715,0.8243803669143939
P156 (24).jpg,P156,1,0.8698557019233704,0.7047156691551208,0.7532855408688945
P156 (25).jpg,P156,1,0.8374479413032532,0.6979274749755859,0.7454757658317867
P156 (26).jpg,P156,1,0.7858548164367676,0.686940610408783,0.7327111109531009
P156 (27).jpg,P156,1,1.0214229822158811,0.7352496981620789,0.787631318557018
P156 (28).jpg,P156,1,1.123851299285889,0.7547024488449097,0.8087864325328568
P156 (29).jpg,P156,1,1.2459282875061035,0.7765942215919495,0.8318499130011939
P156 (3).jpg,P156,1,0.5752008557319641,0.639962375164032,0.6765817540130311
P156 (30).jpg,P156,1,1.1324663162231443,0.756293773651123,0.8104902538872215
P156 (31).jpg,P156,1,1.1712461709976196,0.7633702158927917,0.8180158014402658
P156 (32).jpg,P156,1,1.2460567951202393,0.7766165137290955,0.8318729776540296
P156 (33).jpg,P156,1,0.7007499933242798,0.6683540344238281,0.710787866756183
P156 (34).jpg,P156,1,0.6448342800140381,0.6558454036712646,0.695817940880325
P156 (35).jpg,P156,1,0.2385887801647186,0.5593658089637756,0.5759479128918102
P156 (36).jpg,P156,1,0.6490379571914673,0.6567936539649963,0.696958450050284
P156 (37).jpg,P156,1,0.8115465641021729,0.6924389600753784,0.7391180242554626
P156 (38).jpg,P156,1,0.4380364120006561,0.6077910661697388,0.6369372179847675
P156 (39).jpg,P156,1,0.4111529290676117,0.6013643145561218,0.6289227106668768
P156 (4).jpg,P156,1,0.9247931241989136,0.7160177230834961,0.7661520096829755
P156 (40).jpg,P156,1,0.5750088691711426,0.6399181485176086,0.6765278433994174
P156 (41).jpg,P156,1,0.3595130145549774,0.5889225602149963,0.6133303155674784
P156 (42).jpg,P156,1,0.632201075553894,0.6529883742332458,0.6923759177239891
P156 (43).jpg,P156,1,0.5018737316131592,0.6228995323181152,0.6556599021861202
P156 (44).jpg,P156,1,0.3201154768466949,0.5793523788452148,0.6012742442642002
P156 (45).jpg,P156,1,0.412261039018631,0.601629912853241,0.6292545016526226
P156 (46).jpg,P156,1,0.9371335506439208,0.7185202836990356,0.7689771689013489
P156 (47).jpg,P156,1,0.7888587713241577,0.6875861883163452,0.7334653637070386
P156 (48).jpg,P156,1,0.5274142026901245,0.6288798451423645,0.6630210620340369
P156 (49).jpg,P156,1,0.6570221781730652,0.658591091632843,0.699117994189815
P156 (5).jpg,P156,1,0.716880202293396,0.6719196438789368,0.7150242000479307
P156 (50).jpg,P156,1,1.0404027700424194,0.7389277219772339,0.7916766254883472
P156 (51).jpg,P156,1,0.9483131170272828,0.7207757830619812,0.7715158786987498
P156 (52).jpg,P156,1,0.7925370931625366,0.6883758306503296,0.7343870934918235
P156 (53).jpg,P156,1,0.9380909204483032,0.7187138199806213,0.7691953435518624
P156 (54).jpg,P156,1,0.7670367956161499,0.6828795075416565,0.7279554210981419
P156 (55).jpg,P156,1,0.8734679222106934,0.7054667472839355,0.754145975455034
P156 (56).jpg,P156,1,1.2102856636047363,0.7703494429588318,0.8253549476888448
P156 (6).jpg,P156,1,0.7282508611679077,0.6744213104248047,0.7179879802766886
P156 (7).jpg,P156,1,0.8098514676094055,0.6920778751373291,0.7386983833422587
P156 (8).jpg,P156,1,1.3345918655395508,0.7915991544723511,0.8471692755812925
P156 (9).jpg,P156,1,1.3829665184020996,0.7994669675827026,0.8550343371789237
P157 (1).jpg,P157,1,0.3907231986522674,0.5964568257331848,0.6227841096668405
P157 (2).jpg,P157,1,0.9784054756164552,0.7267916798591614,0.778251439852753
P157 (3).jpg,P157,1,2.023544788360596,0.8832470774650574,0.9306453444377129
P157 (4).jpg,P157,1,1.6565483808517456,0.8397741317749023,0.8933769925112857
P157 (5).jpg,P157,1,2.118004322052002,0.8926408290863037,0.9380721559950858
P205 (1).jpg,P205,1,1.8976564407348635,0.8696261048316956,0.9194652179727304
P205 (10).jpg,P205,1,1.527039647102356,0.8215727806091309,0.8764811759586342
P205 (11).jpg,P205,1,1.5137174129486084,0.8196114897727966,0.8746184623224345
P205 (12).jpg,P205,1,1.0853774547576904,0.7475102543830872,0.8010346767397355
P205 (13).jpg,P205,1,0.6923513412475586,0.6664897799491882,0.7085673739731922
P205 (14).jpg,P205,1,0.4763578474521637,0.6168874502182007,0.648230451166308
P205 (15).jpg,P205,1,-0.167501300573349,0.4582222998142242,0.44647083989389635
P205 (16).jpg,P205,1,0.5190373659133911,0.6269226670265198,0.660615218328321
P205 (17).jpg,P205,1,0.8445924520492554,0.6994315385818481,0.7472113896367159
P205 (18).jpg,P205,1,-0.0476677641272544,0.4880853593349457,0.48471275712918904
P205 (19).jpg,P205,1,-0.0134973749518394,0.496625691652298,0.49567009646861676
P205 (2).jpg,P205,1,1.7355403900146484,0.8501197099685669,0.9026544810260342
P205 (20).jpg,P205,1,0.0664741769433021,0.5166124105453491,0.5213122602142666
P205 (21).jpg,P205,1,-0.3938966989517212,0.4027795791625976,0.3762596917327388
P205 (22).jpg,P205,1,-0.1444022059440612,0.4639620184898376,0.45380729219725674
P205 (23).jpg,P205,1,-1.1234140396118164,0.2453785687685012,0.19130035692688788
P205 (24).jpg,P205,1,-0.898719847202301,0.2893136441707611,0.239895655272542
P205 (25).jpg,P205,1,0.1627792119979858,0.5406051278114319,0.5520311765384152
P205 (26).jpg,P205,1,1.649554967880249,0.8388309478759766,0.8925191500250153
P205 (27).jpg,P205,1,1.725529432296753,0.8488397002220154,0.9015198382736522
P205 (28).jpg,P205,1,2.0191421508789062,0.8827922344207764,0.9302798091950744
P205 (29).jpg,P205,1,1.4967875480651855,0.8170948624610901,0.8722166602748431
P205 (3).jpg,P205,1,1.5516515970230105,0.8251521587371826,0.8798598979533065
P205 (30).jpg,P205,1,1.296695113182068,0.7852782607078552,0.840766176020541
P205 (31).jpg,P205,1,1.6858196258544922,0.8436736464500427,0.8969023750092702
P205 (32).jpg,P205,1,1.9036463499069212,0.8703036308288574,0.9200325517932098
P205 (33).jpg,P205,1,2.6923553943634038,0.9365740418434144,0.9693761451231825
P205 (34).jpg,P205,1,2.795717477798462,0.9424439668655396,0.9730777083660053
P205 (35).jpg,P205,1,1.9543431997299197,0.8759194612503052,0.9246899154988449
P205 (36).jpg,P205,1,2.312669515609741,0.909920871257782,0.951091285499927
P205 (37).jpg,P205,1,2.267634153366089,0.906160831451416,0.9483319187639478
P205 (38).jpg,P205,1,2.889223337173462,0.9473111629486084,0.9760488787553236
P205 (39).jpg,P205,1,2.5121586322784424,0.9249898195266724,0.9617143409883353
P205 (4).jpg,P205,1,1.7774128913879397,0.8553770780563354,0.9072747584956979
P205 (40).jpg,P205,1,1.9893732070922847,0.8796768188476562,0.9277610924410592
P205 (41).jpg,P205,1,2.1325409412384038,0.894025981426239,0.939146982608336
P205 (42).jpg,P205,1,1.7796988487243652,0.8556596040725708,0.9075212408476495
P205 (43).jpg,P205,1,0.9407405853271484,0.7192492485046387,0.7697984225113222
P205 (44).jpg,P205,1,1.0892279148101809,0.7482362985610962,0.8018209883952503
P205 (45).jpg,P205,1,1.88157856464386,0.8677923083305359,0.9179242042938761
P205 (46).jpg,P205,1,1.6085844039916992,0.8332147598266602,0.8873707270476315
P205 (47).jpg,P205,1,1.7758344411849976,0.8551817536354065,0.9071042187129512
P205 (48).jpg,P205,1,0.7149956226348877,0.6715040802955627,0.7145311753718051
P205 (49).jpg,P205,1,1.4237492084503174,0.8059255480766296,0.8614012936612742
P205 (5).jpg,P205,1,1.3174307346343994,0.7887539267539978,0.8442962343831529
P205 (50).jpg,P205,1,1.266305446624756,0.7801096439361572,0.8354757533850209
P205 (51).jpg,P205,1,0.7736759185791016,0.6843155026435852,0.7296392970841469
P205 (52).jpg,P205,1,1.530644416809082,0.8221005797386169,0.8769810914423419
P205 (53).jpg,P205,1,2.6659274101257324,0.9349859356880188,0.9683532235444413
P205 (54).jpg,P205,1,2.3283956050872803,0.9112016558647156,0.9520214908714544
P205 (55).jpg,P205,1,2.1105315685272217,0.8919225931167603,0.9375127495318201
P205 (56).jpg,P205,1,1.8162617683410645,0.8601169586181641,0.9113843401500068
P205 (57).jpg,P205,1,2.640753746032715,0.933438777923584,0.9673481636963823
P205 (58).jpg,P205,1,2.790634870529175,0.942167580127716,0.9729063180106323
P205 (59).jpg,P205,1,2.641686201095581,0.9334967136383056,0.9673859361544181
P205 (6).jpg,P205,1,2.270457983016968,0.9064006209373474,0.94850918070844
P205 (60).jpg,P205,1,2.603434801101685,0.931082248687744,0.9658012546076203
P205 (61).jpg,P205,1,2.872048139572144,0.946447253227234,0.975528209680267
P205 (62).jpg,P205,1,2.6988747119903564,0.9369602799415588,0.9696235165727997
P205 (63).jpg,P205,1,2.515499830245972,0.92522132396698,0.9618718932509185
P205 (64).jpg,P205,1,2.102036714553833,0.8911009430885315,0.9368711025632835
P205 (65).jpg,P205,1,1.490220308303833,0.8161113858222961,0.8712744603357585
P205 (66).jpg,P205,1,2.0048108100891118,0.8813012838363647,0.9290775541271825
P205 (67).jpg,P205,1,0.8709246516227722,0.7049380540847778,0.7535403766054729
P205 (68).jpg,P205,1,1.0413357019424438,0.7391076683998108,0.7918739967196319
P205 (69).jpg,P205,1,1.1903367042541504,0.7668012380599976,0.8216342413878565
P205 (7).jpg,P205,1,1.61058247089386,0.8334922790527344,0.8876267240002464
P205 (70).jpg,P205,1,2.422270536422729,0.918509840965271,0.9572336624556538
P205 (71).jpg,P205,1,2.295025587081909,0.908464252948761,0.9500272819636746
P205 (72).jpg,P205,1,1.7231297492980957,0.8485314846038818,0.9012461131731104
P205 (8).jpg,P205,1,1.5590064525604248,0.8262107968330383,0.8808539703631061
P205 (9).jpg,P205,1,1.0089603662490845,0.7328166365623474,0.7849440230747805
P041 (1).jpg,P041,1,-2.0982472896575928,0.1092673018574714,0.06341710397277844
P041 (10).jpg,P041,1,-1.844133734703064,0.1365631371736526,0.08576929638482468
P041 (11).jpg,P041,1,-1.76450514793396,0.1462269872426986,0.09412810851965174
P041 (12).jpg,P041,1,-2.099886178970337,0.1091078743338584,0.06329230722139667
P041 (13).jpg,P041,1,-1.204173564910889,0.2307336032390594,0.17577848198677634
P041 (14).jpg,P041,1,-1.3201544284820557,0.210792601108551,0.1552448537583407
P041 (15).jpg,P041,1,-1.1572046279907229,0.2391756027936935,0.18468189985604613
P041 (16).jpg,P041,1,-1.847282886505127,0.1361922174692154,0.08545295643334314
P041 (17).jpg,P041,1,-1.2841458320617676,0.2168453335762024,0.1614015754059233
P041 (18).jpg,P041,1,-1.98142409324646,0.1211671009659767,0.07292553497422778
P041 (19).jpg,P041,1,-3.0579636096954346,0.0448749065399169,0.019378397588283438
P041 (2).jpg,P041,1,-1.935388445854187,0.1261553615331649,0.07702149823548156
P041 (20).jpg,P041,1,-2.5484983921051025,0.0725274309515953,0.036605170153562794
P041 (21).jpg,P041,1,-2.1159026622772217,0.1075607538223266,0.06208469869241915
P041 (22).jpg,P041,1,-3.456636667251587,0.0305715557187795,0.011709093017345447
P041 (23).jpg,P041,1,-3.1415865421295166,0.0414240770041942,0.017441044807463314
P041 (24).jpg,P041,1,-3.180316925048828,0.0399131886661052,0.016609467430841247
P041 (25).jpg,P041,1,-1.871699810028076,0.1333451569080352,0.08303591450460789
P041 (26).jpg,P041,1,-2.401693105697632,0.0830436795949935,0.043860446820533736
P041 (27).jpg,P041,1,-3.111023187637329,0.0426548421382904,0.01812601747069492
P041 (28).jpg,P041,1,-3.0098719596862797,0.0469818748533725,0.020586553144336977
P041 (29).jpg,P041,1,-1.5599055290222168,0.1736602038145065,0.119025000749286
P041 (3).jpg,P041,1,-1.9171017408370967,0.1281851083040237,0.07870630761455728
P041 (30).jpg,P041,1,-1.5767300128936768,0.1712590903043747,0.11677972816692288
P041 (31).jpg,P041,1,-2.648701906204224,0.0660690665245056,0.032331218333564164
P041 (32).jpg,P041,1,-2.2935924530029297,0.0916550233960151,0.050060098647983026
P041 (33).jpg,P041,1,-2.4228200912475586,0.0814490169286727,0.04273747791334971
P041 (34).jpg,P041,1,-2.658001661300659,0.0654975399374961,0.03195994146090533
P041 (35).jpg,P041,1,-3.0968539714813232,0.0432372093200683,0.01845246508683564
P041 (36).jpg,P041,1,-2.513427495956421,0.0749222040176391,0.03822575299049274
P041 (37).jpg,P041,1,-2.7689099311828613,0.0590275339782238,0.027838298246413186
P041 (38).jpg,P041,1,-2.760537624359131,0.059494275599718,0.028130532095828453
P041 (39).jpg,P041,1,-2.567371368408203,0.0712680891156196,0.03576063222644147
P041 (4).jpg,P041,1,-2.0398833751678467,0.1150786057114601,0.06801357548568773
P041 (5).jpg,P041,1,-2.3265230655670166,0.088950015604496,0.048088383399208734
P041 (6).jpg,P041,1,-2.4509294033050537,0.0793706104159355,0.04128590469119782
P041 (7).jpg,P041,1,-2.605403423309326,0.0687914714217186,0.03411540623330714
P041 (8).jpg,P041,1,-2.3291852474212646,0.0887345224618911,0.04793224708948723
P041 (9).jpg,P041,1,-2.375273942947388,0.0850777104496955,0.04530435378934174
P100 (1).jpg,P100,1,0.950514554977417,0.7212186455726624,0.7720134712011986
P100 (10).jpg,P100,1,1.2019708156585691,0.7688751816749573,0.8238116232434506
P100 (100).jpg,P100,1,-1.2539341449737549,0.2220198512077331,0.16671800525914815
P100 (101).jpg,P100,1,-1.1698909997940063,0.2368746846914291,0.18224321624940445
P100 (102).jpg,P100,1,-0.0179842934012413,0.4955040514469147,0.49423082291904846
P100 (103).jpg,P100,1,0.4902883470058441,0.6201742887496948,0.652295758053214
P100 (104).jpg,P100,1,-1.8381428718566892,0.1372710913419723,0.08637402403061664
P100 (105).jpg,P100,1,-2.006866216659546,0.1184838861227035,0.07074884907816786
P100 (106).jpg,P100,1,-2.390336275100708,0.0839125737547874,0.04447568048035096
P100 (107).jpg,P100,1,-2.5603127479553223,0.0717367082834243,0.03607427601512097
P100 (108).jpg,P100,1,-1.835112690925598,0.1376303285360336,0.08668136355393305
P100 (109).jpg,P100,1,0.3042071759700775,0.5754706263542175,0.5963702029938521
P100 (11).jpg,P100,1,1.060835599899292,0.7428502440452576,0.7959678446687131
P100 (110).jpg,P100,1,0.8713600635528564,0.7050285935401917,0.7536441272634183
P100 (111).jpg,P100,1,0.3790989220142364,0.5936557650566101,0.6192735103084175
P100 (112).jpg,P100,1,-0.0182559713721275,0.4954361617565155,0.49414367932077846
P100 (113).jpg,P100,1,-0.3664028942584991,0.4094104766845703,0.3845750502359105
P100 (114).jpg,P100,1,-0.4220436513423919,0.3960278034210205,0.3678217026286855
P100 (115).jpg,P100,1,0.3016824424266815,0.574853777885437,0.5955901040363812
P100 (116).jpg,P100,1,0.0752159133553505,0.5187951326370239,0.5241108506041606
P100 (117).jpg,P100,1,-0.2861510813236236,0.4289464056491852,0.40921931136609546
P100 (118).jpg,P100,1,-0.0109902247786521,0.497252494096756,0.4964743504471301
P100 (119).jpg,P100,1,-0.5072283744812012,0.3758434653282165,0.3427904588600533
P100 (12).jpg,P100,1,0.3040310144424438,0.5754275918006897,0.59631578789297
P100 (120).jpg,P100,1,0.1141800060868263,0.52851402759552,0.5365640139856195
P100 (121).jpg,P100,1,0.1949758827686309,0.5485901236534119,0.5622247835643933
P100 (122).jpg,P100,1,0.38285031914711,0.5945603847503662,0.6204078373162931
P100 (123).jpg,P100,1,-0.631416380405426,0.3471894562244415,0.3078385920606189
P100 (124).jpg,P100,1,-0.7734576463699341,0.3157316446304321,0.27041595872142776
P100 (125).jpg,P100,1,-2.165177583694458,0.1029214188456535,0.05850314725913303
P100 (126).jpg,P100,1,-1.7030727863311768,0.1540643721818924,0.10106833043103308
P100 (127).jpg,P100,1,-0.5394657254219055,0.3683118820190429,0.33353250672477625
P100 (128).jpg,P100,1,-1.7089862823486328,0.1532952338457107,0.10038099133932696
P100 (129).jpg,P100,1,-0.2259742319583892,0.4437456130981445,0.4280102951684053
P100 (13).jpg,P100,1,0.3681796789169311,0.5910190939903259,0.6159644309333246
P100 (130).jpg,P100,1,0.7508180141448975,0.6793568730354309,0.7238143527885857
P100 (131).jpg,P100,1,0.9508418440818788,0.7212844491004944,0.7720873833367866
P100 (132).jpg,P100,1,0.5628579258918762,0.6371135711669922,0.6731063119399835
P100 (133).jpg,P100,1,-0.1278010904788971,0.4680931866168976,0.45909254208359007
P100 (134).jpg,P100,1,-0.6224170327186584,0.3492319285869598,0.3103046382625395
P100 (135).jpg,P100,1,0.8788928985595703,0.7065927386283875,0.7554344057032725
P100 (14).jpg,P100,1,0.2135346829891204,0.5531817078590393,0.5680773616819972
P100 (15).jpg,P100,1,-0.2009953558444976,0.4499196410179138,0.4358749760615407
P100 (16).jpg,P100,1,0.1706608235836029,0.542561948299408,0.5545309117058874
P100 (17).jpg,P100,1,0.1810686290264129,0.5451439023017883,0.5578276132290476
P100 (18).jpg,P100,1,0.389984518289566,0.5962790250778198,0.622561402430899
P100 (19).jpg,P100,1,0.0097543373703956,0.5024386048316956,0.5031291895175688
P100 (2).jpg,P100,1,1.4257991313934326,0.8062459230422974,0.8617150475131314
P100 (20).jpg,P100,1,0.6536752581596375,0.6578382253646851,0.6982137979964164
P100 (21).jpg,P100,1,0.0013936534523963,0.5003484487533569,0.5004470894725168
P100 (22).jpg,P100,1,-1.3341624736785889,0.2084716707468032,0.1529020782843325
P100 (23).jpg,P100,1,-0.2028397023677826,0.4494632184505462,0.4352931228032489
P100 (24).jpg,P100,1,-1.5935766696929932,0.16888128221035,0.11456841555113664
P100 (25).jpg,P100,1,-1.33215594291687,0.2088029831647873,0.1532358739172033
P100 (26).jpg,P100,1,-1.512281894683838,0.180600881576538,0.12558368146014295
P100 (27).jpg,P100,1,-0.9114437699317932,0.2867045104503631,0.23693105403970754
P100 (28).jpg,P100,1,0.5396931171417236,0.6317410469055176,0.6665323523043513
P100 (29).jpg,P100,1,-0.3203282058238983,0.4205957949161529,0.3986603130235743
P100 (3).jpg,P100,1,1.2999608516693115,0.7858284115791321,0.8413264124411445
P100 (30).jpg,P100,1,-0.7337576150894165,0.3243706822395324,0.28058342201194547
P100 (31).jpg,P100,1,-1.366373062133789,0.2032064497470855,0.14762494489529238
P100 (32).jpg,P100,1,-0.6314231753349304,0.347187876701355,0.3078367341944398
P100 (33).jpg,P100,1,-0.9089179039001464,0.2872213125228882,0.23751755120956763
P100 (34).jpg,P100,1,-0.6585063338279724,0.3410752117633819,0.30048154399606974
P100 (35).jpg,P100,1,-1.0683965682983398,0.2557081282138824,0.20246098743648813
P100 (36).jpg,P100,1,-1.450063705444336,0.189991757273674,0.13461625091857563
P100 (37).jpg,P100,1,-1.0828219652175903,0.2529723644256592,0.1994884791458969
P100 (38).jpg,P100,1,-1.2659063339233398,0.2199588418006897,0.16459465650739566
P100 (39).jpg,P100,1,-0.7800658345222473,0.314305692911148,0.2687462430051052
P100 (4).jpg,P100,1,1.1450088024139404,0.7585980892181396,0.812949990077853
P100 (40).jpg,P100,1,-0.8461795449256897,0.3002348840236664,0.25240412099433784
P100 (41).jpg,P100,1,-3.824366807937622,0.0213657896965742,0.0073368006490455405
P100 (42).jpg,P100,1,-3.263014078140259,0.0368620529770851,0.014962217984523152
P100 (43).jpg,P100,1,-3.3609936237335205,0.0335370041429996,0.013217855399925862
P100 (44).jpg,P100,1,-2.6269214153289795,0.0674257725477218,0.033217152856803774
P100 (45).jpg,P100,1,-0.3570217192173004,0.4116807281970978,0.387428116227035
P100 (46).jpg,P100,1,-2.888324499130249,0.0527337528765201,0.02397809970097126
P100 (47).jpg,P100,1,-2.93076229095459,0.0506536588072776,0.022736139608079183
P100 (48).jpg,P100,1,-2.318474531173706,0.0896044299006462,0.048563369863758726
P100 (49).jpg,P100,1,-1.836955547332764,0.1374117583036422,0.08649433202302424
P100 (5).jpg,P100,1,1.5697513818740845,0.82774817943573,0.8822934494115456
P100 (50).jpg,P100,1,-1.5342700481414795,0.1773697733879089,0.12251785554720841
P100 (51).jpg,P100,1,-1.1265816688537598,0.244792491197586,0.1906723102410593
P100 (52).jpg,P100,1,-1.8740055561065676,0.1330789178609848,0.08281090868133825
P100 (53).jpg,P100,1,-2.063141107559204,0.1127312704920768,0.06614600441671406
P100 (54).jpg,P100,1,-1.7881081104278564,0.1433048248291015,0.09157709129328019
P100 (55).jpg,P100,1,-1.563518762588501,0.1731423139572143,0.11853967836171753
P100 (56).jpg,P100,1,-2.3593552112579346,0.0863250344991684,0.04619611894402683
P100 (57).jpg,P100,1,-1.281296730041504,0.2173295617103576,0.16189703362685065
P100 (58).jpg,P100,1,-1.2122474908828735,0.229303628206253,0.17428247404172395
P100 (59).jpg,P100,1,-1.724848747253418,0.1512476652860641,0.09855773682153729
P100 (6).jpg,P100,1,0.8884810209274292,0.7085766196250916,0.7577003917715917
P100 (60).jpg,P100,1,-2.3158602714538574,0.0898179039359092,0.048718606764462595
P100 (61).jpg,P100,1,-1.4429850578308103,0.1910835206508636,0.13567793932187436
P100 (62).jpg,P100,1,-1.2151615619659424,0.2287890464067459,0.17374500188662872
P100 (63).jpg,P100,1,-0.7044681906700134,0.3308223187923431,0.28823230190889476
P100 (64).jpg,P100,1,-0.91536945104599,0.2859023511409759,0.23602150844721773
P100 (65).jpg,P100,1,-1.2577413320541382,0.2213629633188247,0.16604040890836674
P100 (66).jpg,P100,1,-1.4913873672485352,0.1837135851383209,0.12855767056367773
P100 (67).jpg,P100,1,-2.1565968990325928,0.1037163808941841,0.05911258838893855
P100 (68).jpg,P100,1,-2.1532328128814697,0.1040295138955116,0.05935314161182693
P100 (69).jpg,P100,1,-3.25934100151062,0.0369926765561103,0.015031844042203722
P100 (7).jpg,P100,1,1.31360924243927,0.7881165146827698,0.8436504914021155
P100 (70).jpg,P100,1,-2.3696439266204834,0.0855169743299484,0.04561785656182486
P100 (71).jpg,P100,1,-2.339674234390259,0.0878900289535522,0.04732174395277843
P100 (72).jpg,P100,1,-2.1545841693878174,0.103903628885746,0.059256401144844165
P100 (73).jpg,P100,1,-1.924863576889038,0.127320185303688,0.0779871075166819
P100 (74).jpg,P100,1,-1.708258867263794,0.1533896923065185,0.10046531591420631
P100 (75).jpg,P100,1,-2.306424140930176,0.0905923098325729,0.04928285717169893
P100 (76).jpg,P100,1,-2.32720160484314,0.0888950526714325,0.04804854144159805
P100 (77).jpg,P100,1,-2.58247447013855,0.0702748820185661,0.03509833564547974
P100 (78).jpg,P100,1,-2.4084794521331787,0.0825283825397491,0.04349669457135068
P100 (79).jpg,P100,1,-1.711707353591919,0.1529423892498016,0.10006611229581511
P100 (8).jpg,P100,1,1.8841588497161863,0.8680881261825562,0.9181733127231422
P100 (80).jpg,P100,1,-1.5612068176269531,0.1734735369682312,0.11885001653836323
P100 (81).jpg,P100,1,-1.5207897424697876,0.1793452501296997,0.12438970708079021
P100 (82).jpg,P100,1,-2.50032901763916,0.0758351162075996,0.03884851692297325
P100 (83).jpg,P100,1,-2.54636812210083,0.072670854628086,0.03670169327613356
P100 (84).jpg,P100,1,-2.2486276626586914,0.0954679101705551,0.052876277820216214
P100 (85).jpg,P100,1,-1.888749122619629,0.1313871443271637,0.08138523046954313
P100 (86).jpg,P100,1,-1.2657619714736938,0.2199835926294326,0.16462013032079584
P100 (87).jpg,P100,1,-1.3619115352630615,0.2039297968149185,0.148346799254806
P100 (88).jpg,P100,1,-1.324365735054016,0.2100928574800491,0.1545374697251291
P100 (89).jpg,P100,1,-1.7630770206451416,0.1464053839445114,0.09428448657777937
P100 (9).jpg,P100,1,1.5489646196365356,0.82476407289505,0.8794949473840231
P100 (90).jpg,P100,1,-1.7622697353363037,0.1465062946081161,0.09437298619269147
P100 (91).jpg,P100,1,-3.286867618560791,0.0360244661569595,0.014517722205720791
P100 (92).jpg,P100,1,-2.5066306591033936,0.0753946527838707,0.03854770095690307
P100 (93).jpg,P100,1,-2.0836613178253174,0.1106950268149375,0.06453793046736053
P100 (94).jpg,P100,1,-1.943065166473389,0.1253114938735962,0.076324117863157
P100 (95).jpg,P100,1,-1.559839963912964,0.1736696064472198,0.11903382317971561
P100 (96).jpg,P100,1,-1.754558563232422,0.1474731415510177,0.09522208905327226
P100 (97).jpg,P100,1,-2.552529573440552,0.0722567290067672,0.03642318411523356
P100 (98).jpg,P100,1,-1.5259835720062256,0.1785820871591568,0.12366561248460946
P100 (99).jpg,P100,1,-1.2783310413360596,0.2178344577550888,0.16241406896385505
P114 (1).jpg,P114,1,0.1604171097278595,0.5400184988975525,0.5512814929311176
P114 (10).jpg,P114,1,-0.4463860690593719,0.3902203738689422,0.360588746824936
P114 (11).jpg,P114,1,-0.3662730753421783,0.4094418883323669,0.3846144780127181
P114 (12).jpg,P114,1,-0.6274853944778442,0.3480809330940246,0.30891444260303524
P114 (13).jpg,P114,1,-0.7093908190727234,0.3297334611415863,0.2869381188004192
P114 (14).jpg,P114,1,-0.3142566978931427,0.4220760464668274,0.4005295313238205
P114 (15).jpg,P114,1,-0.9496405124664308,0.2789570987224579,0.2281839977632884
P114 (16).jpg,P114,1,-0.0771491751074791,0.4807222485542297,0.4752704307993415
P114 (17).jpg,P114,1,-0.1503084003925323,0.4624934792518616,0.4519293995101286
P114 (18).jpg,P114,1,-0.8430583477020264,0.3008910715579986,0.2531606308921286
P114 (19).jpg,P114,1,-0.0137114748358726,0.496572196483612,0.4956014176039343
P114 (2).jpg,P114,1,0.4441368281841278,0.6092442870140076,0.6387455162411502
P114 (20).jpg,P114,1,-0.6056170463562012,0.3530596792697906,0.31493715543869744
P114 (21).jpg,P114,1,-0.1337209045886993,0.4666195511817932,0.4572067491283289
P114 (22).jpg,P114,1,0.1447103321552276,0.5361145734786987,0.5462907104551342
P114 (23).jpg,P114,1,0.5732711553573608,0.6395176649093628,0.676039673053149
P114 (24).jpg,P114,1,0.5424050092697144,0.632371723651886,0.6673053800066774
P114 (25).jpg,P114,1,0.7876317501068115,0.6873226165771484,0.7331574388999388
P114 (26).jpg,P114,1,0.2413661181926727,0.5600503087043762,0.5768181005414293
P114 (27).jpg,P114,1,0.2518245875835418,0.562625527381897,0.5800906019239904
P114 (28).jpg,P114,1,0.3772397935390472,0.5932071805000305,0.6187108734945693
P114 (29).jpg,P114,1,0.1751244962215423,0.5436695218086243,0.5559453975650783
P114 (3).jpg,P114,1,-0.1085240468382835,0.4728955924510956,0.4652412082864171
P114 (30).jpg,P114,1,0.2370749413967132,0.5589926838874817,0.5754734024928434
P114 (31).jpg,P114,1,-0.2064707577228546,0.4485648572444916,0.4341481219668541
P114 (32).jpg,P114,1,-0.2757649719715118,0.4314923286437988,0.4124452372737139
P114 (33).jpg,P114,1,-0.0802010521292686,0.4799604713916778,0.4742938672598554
P114 (34).jpg,P114,1,-0.0969487652182579,0.4757817983627319,0.46893850004107307
P114 (35).jpg,P114,1,0.0383834615349769,0.5095946788787842,0.512311078934038
P114 (36).jpg,P114,1,-0.4620608389377594,0.3864970505237579,0.3559642694656942
P114 (37).jpg,P114,1,0.4011145532131195,0.5989554524421692,0.6259115031840233
P114 (38).jpg,P114,1,0.3654769957065582,0.5903656482696533,0.6151437086063604
P114 (39).jpg,P114,1,0.6896669268608093,0.6658928394317627,0.7078555373385422
P114 (4).jpg,P114,1,-0.4569704830646515,0.3877047598361969,0.35746316553701263
P114 (40).jpg,P114,1,0.6145051717758179,0.6489677429199219,0.6875183666287071
P114 (41).jpg,P114,1,0.1265887916088104,0.5316050052642822,0.5405211263329878
P114 (42).jpg,P114,1,-0.0616839155554771,0.4845838546752929,0.4802218788970383
P114 (43).jpg,P114,1,-0.681715726852417,0.3358784914016723,0.294258890990729
P114 (44).jpg,P114,1,-0.6324804425239563,0.3469483256340027,0.30754773260960294
P114 (45).jpg,P114,1,-0.366289883852005,0.4094378352165222,0.38460937295342934
P114 (46).jpg,P114,1,-0.5988505482673645,0.3546066880226135,0.3168135048708586
P114 (47).jpg,P114,1,-0.1483239233493805,0.4629867970943451,0.45256022011077596
P114 (48).jpg,P114,1,-0.1593391001224517,0.4602492749691009,0.44906072323508345
P114 (49).jpg,P114,1,-0.6541996002197266,0.3420438170433044,0.30164444506505533
P114 (5).jpg,P114,1,-0.1725290119647979,0.4569744169712066,0.4448769723192497
P114 (50).jpg,P114,1,0.0341031327843666,0.5085249543190002,0.5109386755015001
P114 (51).jpg,P114,1,-0.531218409538269,0.3702327609062195,0.3358891359119407
P114 (52).jpg,P114,1,-0.2321775257587433,0.4422149956226349,0.4260626338409808
P114 (53).jpg,P114,1,0.6118032336235046,0.6483520269393921,0.6867730068100891
P114 (54).jpg,P114,1,-0.4946785271167755,0.3787920475006103,0.3464276178445321
P114 (55).jpg,P114,1,-0.6531244516372681,0.3422858119010925,0.30193515439040486
P114 (56).jpg,P114,1,-0.3954525291919708,0.4024053812026977,0.37579126027808574
P114 (57).jpg,P114,1,-0.6924679279327393,0.3334842920303345,0.29140173342550196
P114 (58).jpg,P114,1,0.3605926930904388,0.5891838669776917,0.6136588345915789
P114 (59).jpg,P114,1,-0.0256972536444664,0.4935760200023651,0.49175696534944824
P114 (6).jpg,P114,1,-0.4876998960971832,0.3804355561733246,0.34845796808943674
P114 (60).jpg,P114,1,-0.0605119094252586,0.4848766326904297,0.48059728593741796
P114 (61).jpg,P114,1,0.1554649770259857,0.5387881398200989,0.5497090332731634
P114 (62).jpg,P114,1,-0.015088103711605,0.4962280392646789,0.4951598272881226
P114 (63).jpg,P114,1,-0.9152982831001282,0.2859168648719787,0.2360379759357611
P114 (64).jpg,P114,1,-0.5125541687011719,0.3745949864387512,0.3412524859630485
P114 (65).jpg,P114,1,-0.2301941215991974,0.4427042603492737,0.4266851210368899
P114 (66).jpg,P114,1,-0.2061329185962677,0.448648452758789,0.434254625197439
P114 (67).jpg,P114,1,-0.3812276422977447,0.4058308601379394,0.38008265821037374
P114 (68).jpg,P114,1,-0.0779715403914451,0.4805169999599457,0.47500726497850565
P114 (69).jpg,P114,1,0.0307013764977455,0.5076747536659241,0.509847850464109
P114 (7).jpg,P114,1,-0.7695167064666748,0.3165836632251739,0.27141483294177093
P114 (70).jpg,P114,1,0.0724968090653419,0.5181162357330322,0.5232405071414611
P114 (71).jpg,P114,1,0.1356381475925445,0.5338576436042786,0.5434037401616737
P114 (72).jpg,P114,1,-0.8140569925308228,0.3070266544818878,0.2602612915524417
P114 (73).jpg,P114,1,-0.8007290363311768,0.3098695874214172,0.26356745978679946
P114 (74).jpg,P114,1,0.0161591544747352,0.5040397047996521,0.5051837355350947
P114 (75).jpg,P114,1,0.2356480062007904,0.5586408972740173,0.5750260044624738
P114 (76).jpg,P114,1,-0.5063388347625732,0.3760521709918976,0.34304766159333877
P114 (77).jpg,P114,1,-0.3950525224208832,0.4025015830993652,0.3759116727021687
P114 (78).jpg,P114,1,1.0908617973327637,0.7485439777374268,0.8021539397339696
P114 (79).jpg,P114,1,0.5389238595962524,0.6315620541572571,0.6663129112788013
P114 (8).jpg,P114,1,-0.967298984527588,0.2754191756248474,0.2242178704704148
P114 (80).jpg,P114,1,-0.224415510892868,0.444130390882492,0.42850004351989474
P114 (9).jpg,P114,1,-0.8560304045677185,0.2981693744659424,0.2500263264414553
P185 (1).jpg,P185,1,2.6171436309814453,0.9319567680358888,0.966377546919522
P185 (10).jpg,P185,1,3.676366090774536,0.975310206413269,0.9911423061451894
P185 (11).jpg,P185,1,3.612663507461548,0.973728895187378,0.9903950708660433
P185 (12).jpg,P185,1,2.244505882263184,0.9041755199432372,0.9468582130503763
P185 (13).jpg,P185,1,2.4028849601745605,0.9170470237731934,0.9562036467360143
P185 (14).jpg,P185,1,2.6268832683563232,0.9325718879699708,0.966781275112222
P185 (15).jpg,P185,1,2.559006452560425,0.92817622423172,0.9638673902062994
P185 (16).jpg,P185,1,2.247133731842041,0.9044029712677002,0.9470276339671738
P185 (17).jpg,P185,1,2.2552292346954346,0.9051007032394408,0.9475463618496134
P185 (18).jpg,P185,1,2.1959545612335205,0.8998856544494629,0.9436346235307156
P185 (19).jpg,P185,1,2.52849555015564,0.9261155128479004,0.9624787977083943
P185 (2).jpg,P185,1,2.732044219970703,0.9388912320137024,0.9708524255202075
P185 (20).jpg,P185,1,2.410815715789795,0.9176483154296876,0.9566278629795227
P185 (21).jpg,P185,1,2.97214150428772,0.9512995481491088,0.978414243012765
P185 (22).jpg,P185,1,2.4381754398345947,0.9196924567222596,0.9580614176015151
P185 (23).jpg,P185,1,2.0716307163238525,0.8881151080131531,0.9345237536267622
P185 (24).jpg,P185,1,1.9287807941436768,0.8731144070625305,0.9223735674610758
P185 (25).jpg,P185,1,2.316228151321411,0.9102121591567992,0.9513032666771352
P185 (26).jpg,P185,1,2.246391773223877,0.904338836669922,0.9469798506484131
P185 (27).jpg,P185,1,1.9458271265029907,0.8749909400939941,0.9239253682898416
P185 (28).jpg,P185,1,2.493530511856079,0.9236870408058168,0.9608244230532326
P185 (29).jpg,P185,1,2.288201093673706,0.9078951478004456,0.9496098829841545
P185 (3).jpg,P185,1,3.269569635391236,0.9633700251579284,0.9851612593565015
P185 (30).jpg,P185,1,2.2693886756896973,0.9063099026679992,0.9484421242012334
P185 (31).jpg,P185,1,2.09221625328064,0.8901443481445312,0.9361216718956549
P185 (32).jpg,P185,1,2.13875412940979,0.8946132063865662,0.9396010389374906
P185 (33).jpg,P185,1,2.135827779769897,0.894336998462677,0.9393875792225096
P185 (34).jpg,P185,1,1.8193483352661133,0.8604879379272461,0.9117036996713173
P185 (35).jpg,P185,1,1.8289377689361568,0.8616350889205933,0.9126892727752828
P185 (36).jpg,P185,1,1.623314380645752,0.8352516889572144,0.8892460542184967
P185 (37).jpg,P185,1,1.8278813362121584,0.8615092039108276,0.9125811853622848
P185 (38).jpg,P185,1,1.8148744106292725,0.8599499464035034,0.9112404542239927
P185 (39).jpg,P185,1,1.915045499801636,0.8715848922729492,0.9211021503035264
P185 (4).jpg,P185,1,2.122068405151367,0.8930296301841736,0.9383744242276632
P185 (40).jpg,P185,1,2.0297255516052246,0.8838828802108765,0.931155518756447
P185 (41).jpg,P185,1,1.754975438117981,0.8525792360305786,0.9048239886839248
P185 (42).jpg,P185,1,1.769196391105652,0.8543576598167419,0.9063839418587233
P185 (43).jpg,P185,1,2.172036409378052,0.8977100849151611,0.941979756441021
P185 (44).jpg,P185,1,2.248124361038208,0.9044885635375975,0.9470913686931576
P185 (45).jpg,P185,1,2.867894411087036,0.9462363123893738,0.9754006408487988
P185 (46).jpg,P185,1,2.649529218673706,0.9339820146560668,0.9677019789477015
P185 (47).jpg,P185,1,2.102691888809204,0.8911646008491516,0.9369208081402017
P185 (48).jpg,P185,1,1.282241702079773,0.7828311324119568,0.8382674326693642
P185 (49).jpg,P185,1,1.5923776626586914,0.8309503197669983,0.8852754139709751
P185 (5).jpg,P185,1,3.1054494380950928,0.9571170210838318,0.9817462495964921
P185 (50).jpg,P185,1,2.580843210220337,0.9296184182167052,0.9648307040967744
P185 (51).jpg,P185,1,2.226943016052246,0.9026430249214172,0.9457127170965949
P185 (52).jpg,P185,1,2.110522985458374,0.8919217586517334,0.937512104304062
P185 (53).jpg,P185,1,2.1969916820526123,0.8999789953231812,0.9437053674289163
P185 (54).jpg,P185,1,1.9507534503936768,0.8755288124084473,0.9243685029641727
P185 (55).jpg,P185,1,1.4633125066757202,0.812038779258728,0.8673520102076406
P185 (56).jpg,P185,1,1.6936166286468506,0.8446992039680481,0.8978238773847403
P185 (57).jpg,P185,1,2.615039587020874,0.931823194026947,0.9662897098712026
P185 (58).jpg,P185,1,2.719517707824707,0.9381685853004456,0.9703940983165792
P185 (59).jpg,P185,1,2.387134552001953,0.915840983390808,0.9553493909225955
P185 (6).jpg,P185,1,2.981752872467041,0.951742947101593,0.9786731921814362
P185 (60).jpg,P185,1,2.8891489505767822,0.9473074078559875,0.9760466471797647
P185 (61).jpg,P185,1,2.443268060684204,0.9200677275657654,0.9583232049055297
P185 (62).jpg,P185,1,1.4800009727478027,0.8145726919174194,0.8697965247646012
P185 (63).jpg,P185,1,2.0728776454925537,0.8882389664649963,0.9346215930127091
P185 (64).jpg,P185,1,2.0820751190185547,0.8891487121582031,0.9353390756385191
P185 (65).jpg,P185,1,1.9242613315582275,0.8726128339767456,0.9219573053029914
P185 (66).jpg,P185,1,1.5731661319732666,0.8282344937324524,0.882747751541826
P185 (67).jpg,P185,1,1.833913803100586,0.8622273206710815,0.9131967648458734
P185 (68).jpg,P185,1,1.9153952598571775,0.8716241121292114,0.9211347610580948
P185 (69).jpg,P185,1,1.392425775527954,0.8009791970252991,0.8565324089029048
P185 (7).jpg,P185,1,2.8782989978790283,0.9467632174491882,0.975718970545989
P185 (70).jpg,P185,1,1.8672078847885127,0.8661348819732666,0.9165241445125765
P185 (71).jpg,P185,1,2.4234189987182617,0.9185957312583924,0.9572939522630147
P185 (72).jpg,P185,1,2.956035614013672,0.950547993183136,0.9779734096993159
P185 (73).jpg,P185,1,2.87967300415039,0.9468323588371276,0.9757607070516947
P185 (74).jpg,P185,1,2.996997117996216,0.9524382948875428,0.979077682248746
P185 (75).jpg,P185,1,3.126840353012085,0.9579864144325256,0.9822317038334829
P185 (76).jpg,P185,1,3.3589565753936768,0.9663968682289124,0.9867480067563549
P185 (77).jpg,P185,1,2.6692469120025635,0.9351874589920044,0.9684835011416632
P185 (78).jpg,P185,1,2.66242790222168,0.9347729086875916,0.968215317387976
P185 (79).jpg,P185,1,2.2711021900177,0.9064552783966064,0.9485495392553835
P185 (8).jpg,P185,1,3.682624578475952,0.9754604697227478,0.9912125347223714
P185 (80).jpg,P185,1,2.608991861343384,0.9314380288124084,0.9660360020177532
P185 (81).jpg,P185,1,2.699382066726685,0.936990201473236,0.969642686450037
P185 (82).jpg,P185,1,2.835651636123657,0.9445722103118896,0.9743881216541341
P185 (83).jpg,P185,1,2.6881957054138184,0.936326503753662,0.9692172900009902
P185 (9).jpg,P185,1,3.245718717575073,0.9625189900398254,0.9847071380124696
