image_id,patient_id,label,logit,prob,prob_calibrated
P055 (1).jpg,P055,0,0.0292003657668828,0.5072996020317078,0.5077206816922271
P055 (10).jpg,P055,0,-0.0345192588865757,0.4913710653781891,0.4908732721814279
P055 (2).jpg,P055,0,-0.0266656950116157,0.4933339953422546,0.4929494013023444
P055 (3).jpg,P055,0,-0.0138112865388393,0.4965472817420959,0.49634802084978163
P055 (4).jpg,P055,0,0.1822045892477035,0.545425534248352,0.5480308143535546
P055 (5).jpg,P055,0,0.1583493053913116,0.5395048260688782,0.5417738477895161
P055 (6).jpg,P055,0,0.1393780708312988,0.5347882509231567,0.5367883907587128
P055 (7).jpg,P055,0,-0.0463658794760704,0.4884105920791626,0.48774217688241195
P055 (8).jpg,P055,0,0.0003627684200182,0.5000907182693481,0.500095924897788
P055 (9).jpg,P055,0,0.0005361350486055,0.5001340508460999,0.500141767298786
P115 (1).jpg,P115,0,-0.1995321065187454,0.4502818286418915,0.447433763274001
P115 (10).jpg,P115,0,-0.1011122614145279,0.4747434258460998,0.4732888836329384
P115 (11).jpg,P115,0,-0.0626413971185684,0.4843448102474212,0.48344212955560467
P115 (12).jpg,P115,0,-0.066000111401081,0.4835059642791748,0.4825550299123591
P115 (13).jpg,P115,0,-0.027776600793004,0.4930562674999237,0.49265571134872865
P115 (14).jpg,P115,0,0.0048233750276267,0.5012058615684509,0.5012754163073297
P115 (15).jpg,P115,0,-0.0424736998975276,0.4893831610679626,0.4887707968545386
P115 (16).jpg,P115,0,0.0156409721821546,0.5039101839065552,0.504135763687269
P115 (17).jpg,P115,0,-0.0262182168662548,0.4934457838535309,0.49306770240215414
P115 (18).jpg,P115,0,-0.0221902821213006,0.4944525957107544,0.49413261258925967
P115 (19).jpg,P115,0,-0.0892949998378753,0.4776910245418548,0.4764057405755149
P115 (2).jpg,P115,0,-0.1594458818435669,0.4602228105068207,0.4579382283857884
P115 (20).jpg,P115,0,-0.0410521663725376,0.4897384345531463,0.489146501988227
P115 (21).jpg,P115,0,-0.0361343026161193,0.4909673929214477,0.49044636391893137
P115 (22).jpg,P115,0,-0.0808016508817672,0.4798105359077453,0.47864705010955294
P115 (23).jpg,P115,0,-0.0530963279306888,0.4867290556430816,0.48596371298479873
P115 (24).jpg,P115,0,-0.0567233897745609,0.4858229756355285,0.4850054371630341
P115 (25).jpg,P115,0,-0.1195432543754577,0.4701497256755829,0.4684318673721289
P115 (26).jpg,P115,0,-0.105307824909687,0.4736973643302917,0.4721827724926934
P115 (27).jpg,P115,0,-0.0840334072709083,0.4790040254592895,0.4777941157973228
P115 (28).jpg,P115,0,-0.0646377354860305,0.4838461875915527,0.4829148460888436
P115 (29).jpg,P115,0,-0.1224486976861953,0.4694260060787201,0.46766673395035857
P115 (3).jpg,P115,0,-0.1938454061746597,0.4516898095607757,0.4489213124628716
P115 (30).jpg,P115,0,-0.1112544238567352,0.4722150862216949,0.470615491715811
P115 (31).jpg,P115,0,-0.0373533032834529,0.4906627535820007,0.49012415183332414
P115 (32).jpg,P115,0,-0.0777140259742736,0.4805812835693359,0.47946206121387586
P115 (33).jpg,P115,0,-0.0623740889132022,0.4844115376472473,0.4835127352398168
P115 (34).jpg,P115,0,-0.0241625793278217,0.4939596056938171,0.4936111670522667
P115 (35).jpg,P115,0,-0.0292982198297977,0.4926759302616119,0.492253449475309
P115 (36).jpg,P115,0,-0.1123188287019729,0.4719497859477997,0.47033501827296104
P115 (37).jpg,P115,0,-0.0404766090214252,0.489882230758667,0.4892986228065991
P115 (38).jpg,P115,0,-0.1257522106170654,0.4686032831668854,0.46679695586597086
P115 (39).jpg,P115,0,-0.0760680958628654,0.4809921085834503,0.4798965667491666
P115 (4).jpg,P115,0,-0.1642649173736572,0.459025889635086,0.4566732484507611
P115 (40).jpg,P115,0,-0.096449576318264,0.4759062826633453,0.4745184531164261
P115 (41).jpg,P115,0,-0.0678284838795661,0.4830493628978729,0.4820721681961098
P115 (42).jpg,P115,0,-0.0358754992485046,0.4910321235656738,0.4905147730932397
P115 (43).jpg,P115,0,-0.0860576331615448,0.4784988760948181,0.47725994199059957
P115 (44).jpg,P115,0,-0.1164954602718353,0.470909059047699,0.46923464763108924
P115 (45).jpg,P115,0,-0.0714081078767776,0.4821555614471435,0.48112690969796534
P115 (5).jpg,P115,0,-0.1538818478584289,0.4616052508354187,0.4593994415809393
P115 (6).jpg,P115,0,-0.0007420055335387,0.499814510345459,0.4998037954842399
P115 (7).jpg,P115,0,0.003272948320955,0.5008181929588318,0.5008654472278783
P115 (8).jpg,P115,0,-0.0129159521311521,0.4967710971832275,0.49658475747480324
P115 (9).jpg,P115,0,-0.0803655311465263,0.47991943359375,0.47876216171206276
P167 (1).jpg,P167,0,0.0831423550844192,0.5207736492156982,0.5219707278998317
P167 (10).jpg,P167,0,0.121257372200489,0.5302773118019104,0.5320195548502848
P167 (11).jpg,P167,0,0.126844510436058,0.5316686630249023,0.5334905903506186
P167 (12).jpg,P167,0,0.0375775955617427,0.5093932747840881,0.5099351332883628
P167 (13).jpg,P167,0,0.1424368023872375,0.5355491042137146,0.5375927197397301
P167 (14).jpg,P167,0,0.1799626350402832,0.5448696613311768,0.5474433903692535
P167 (15).jpg,P167,0,0.1880914121866226,0.5468847155570984,0.5495726049125205
P167 (16).jpg,P167,0,0.1258043050765991,0.5314096808433533,0.5332167584214071
P167 (17).jpg,P167,0,0.0744009912014007,0.5185916423797607,0.5196633068905097
P167 (18).jpg,P167,0,0.1095691323280334,0.5273649096488953,0.5289403917042654
P167 (19).jpg,P167,0,0.1996006667613983,0.5497351884841919,0.5525841652962057
P167 (2).jpg,P167,0,0.073868341743946,0.5184587240219116,0.5195226775392359
P167 (3).jpg,P167,0,0.0837867856025695,0.5209344625473022,0.5221407996130542
P167 (4).jpg,P167,0,0.1617995649576187,0.5403618812561035,0.5426796739569909
P167 (5).jpg,P167,0,0.2067862451076507,0.5515130758285522,0.5544624341764404
P167 (6).jpg,P167,0,0.0989124551415443,0.5247079730033875,0.526131057741798
P167 (7).jpg,P167,0,0.1067732870578765,0.5266679525375366,0.528203515634967
P167 (8).jpg,P167,0,0.157322883605957,0.539249837398529,0.5415043189184429
P167 (9).jpg,P167,0,0.140596717596054,0.5350913405418396,0.5371088712552367
P123 (1).jpg,P123,0,-0.08357884734869,0.4791174232959747,0.4779140768302847
P123 (10).jpg,P123,0,-0.1039028018712997,0.4740476608276367,0.4725531604745132
P123 (11).jpg,P123,0,-0.1198946684598922,0.4700621962547302,0.468339316332658
P123 (12).jpg,P123,0,-0.1179854050278663,0.4705378115177154,0.4688421802872753
P123 (13).jpg,P123,0,-0.0320469550788402,0.4919889271259308,0.491526807565049
P123 (14).jpg,P123,0,-0.0085063753649592,0.497873455286026,0.4977507201617032
P123 (15).jpg,P123,0,-0.0180042386054992,0.4954990744590759,0.49523938004394713
P123 (16).jpg,P123,0,0.009717121720314,0.5024292469024658,0.5025694235295787
P123 (17).jpg,P123,0,-0.0151334116235375,0.4962167739868164,0.49599843892910545
P123 (18).jpg,P123,0,-0.0250654108822345,0.4937340021133423,0.4933724766197972
P123 (19).jpg,P123,0,0.0060777771286666,0.5015194416046143,0.501607108328874
P123 (2).jpg,P123,0,-0.0240456871688365,0.4939888715744018,0.4936420711940058
P123 (20).jpg,P123,0,0.0019357536220923,0.5004839301109314,0.5005118607230029
P123 (21).jpg,P123,0,-0.0026064147241413,0.4993484318256378,0.4993108002325106
P123 (22).jpg,P123,0,-0.035371609032154,0.4911580383777618,0.49064796678821176
P123 (23).jpg,P123,0,-0.0549608506262302,0.486263245344162,0.48547108962758395
P123 (24).jpg,P123,0,-0.1223765611648559,0.4694439768791199,0.4676857289032203
P123 (25).jpg,P123,0,-0.0285924859344959,0.4928523898124695,0.49244001916344166
P123 (26).jpg,P123,0,-0.0684073641896247,0.482904851436615,0.4819192964685797
P123 (27).jpg,P123,0,-0.1155039370059967,0.4711560904979706,0.4694958465575233
P123 (28).jpg,P123,0,-0.1258882582187652,0.4685694575309753,0.466761140341253
P123 (29).jpg,P123,0,0.0711179226636886,0.5177720189094543,0.5187964670721286
P123 (3).jpg,P123,0,-0.0371846780180931,0.4907048940658569,0.49016872318684307
P123 (30).jpg,P123,0,-0.1016456559300422,0.4746104180812835,0.4731482456443612
P123 (31).jpg,P123,0,-0.0391066186130046,0.4902246296405792,0.48966072159842583
P123 (32).jpg,P123,0,-0.0492265634238719,0.4876958131790161,0.4869862248820541
P123 (33).jpg,P123,0,-0.115504577755928,0.4711559116840362,0.4694956777580953
P123 (34).jpg,P123,0,-0.130620077252388,0.4673913419246673,0.4655156701696707
P123 (35).jpg,P123,0,-0.1325304210186004,0.4669158458709717,0.46501296625396277
P123 (36).jpg,P123,0,-0.0819356217980384,0.4795275628566742,0.47834775485450964
P123 (37).jpg,P123,0,-0.1108410283923149,0.4723181426525116,0.4707244275080208
P123 (38).jpg,P123,0,-0.1102702170610427,0.472460389137268,0.47087484928110435
P123 (39).jpg,P123,0,-0.0504801943898201,0.4873826503753662,0.4866549643270921
P123 (4).jpg,P123,0,-0.0423910580575466,0.4894037842750549,0.4887926383905106
P123 (40).jpg,P123,0,-0.05615821108222,0.4859641492366791,0.4851547512488571
P123 (41).jpg,P123,0,-0.0440208427608013,0.4889965057373047,0.48836190815013425
P123 (42).jpg,P123,0,-0.0482308156788349,0.4879446625709533,0.4872493503076433
P123 (43).jpg,P123,0,-0.0231132749468088,0.494221955537796,0.49388858559456494
P123 (44).jpg,P123,0,-0.1610680818557739,0.4598198235034942,0.4575123451940557
P123 (45).jpg,P123,0,-0.0712535977363586,0.4821941256523132,0.48116770789677177
P123 (46).jpg,P123,0,-0.0723520070314407,0.4819198846817016,0.48087767985590846
P123 (47).jpg,P123,0,-0.0333075560629367,0.4916739165782928,0.4911935731789981
P123 (48).jpg,P123,0,-0.1082630828022956,0.4729606509208679,0.4714038166500149
P123 (49).jpg,P123,0,-0.0742204040288925,0.4814534485340118,0.4803843711296303
P123 (5).jpg,P123,0,-0.1783269196748733,0.4555360376834869,0.4529852738862733
P123 (50).jpg,P123,0,-0.0176252573728561,0.495593786239624,0.4953395831148689
P123 (51).jpg,P123,0,-0.0300047267228364,0.4924993813037872,0.49206667759664935
P123 (52).jpg,P123,0,-0.0574257783591747,0.4856474697589874,0.48481987744397953
P123 (53).jpg,P123,0,-0.0069612460210919,0.4982596635818481,0.49815928353270816
P123 (54).jpg,P123,0,0.0099153742194175,0.502478837966919,0.5026218449570667
P123 (55).jpg,P123,0,0.0165784060955047,0.5041444897651672,0.50438362629049
P123 (6).jpg,P123,0,-0.1853404939174652,0.4537971019744873,0.4511477587015539
P123 (7).jpg,P123,0,-0.1174310892820358,0.4706758856773376,0.4689881884920666
P123 (8).jpg,P123,0,-0.1626999080181121,0.459414541721344,0.45708399745187545
P123 (9).jpg,P123,0,-0.1014672294259071,0.4746549427509308,0.47319529017056206
P124 (1).jpg,P124,0,-0.039923146367073,0.4900205135345459,0.489444905827533
P124 (10).jpg,P124,0,0.0086809322237968,0.502170205116272,0.5022954360147074
P124 (11).jpg,P124,0,-0.0503387153148651,0.487417995929718,0.4866923483015026
P124 (12).jpg,P124,0,-0.0073789926245808,0.498155266046524,0.4980488226376014
P124 (13).jpg,P124,0,-0.0491536445915699,0.4877140820026397,0.48700549337342025
P124 (14).jpg,P124,0,-0.0718622654676437,0.4820421934127807,0.4810069914441294
P124 (15).jpg,P124,0,-0.1037554368376731,0.4740843474864959,0.4725920101628699
P124 (16).jpg,P124,0,-0.0888213068246841,0.4778092205524444,0.4765307192270723
P124 (17).jpg,P124,0,-0.1100217700004577,0.4725222885608673,0.4709403223882984
P124 (18).jpg,P124,0,-0.1091552525758743,0.4727382659912109,0.4711686830247924
P124 (19).jpg,P124,0,-0.0671022608876228,0.483230710029602,0.4822639551802769
P124 (2).jpg,P124,0,-0.0827259644865989,0.47933030128479,0.47813916448997307
P124 (20).jpg,P124,0,-0.1010799184441566,0.4747515320777893,0.4732974115105008
P124 (3).jpg,P124,0,-0.0440132580697536,0.4889984428882599,0.4883639126427301
P124 (4).jpg,P124,0,-0.0821790173649787,0.4794667959213257,0.4782835161269509
P124 (5).jpg,P124,0,-0.0439442843198776,0.4890156686306,0.48838214113750694
P124 (6).jpg,P124,0,-0.0883736535906791,0.4779209494590759,0.47664883027303817
P124 (7).jpg,P124,0,-0.0276921037584543,0.4930774271488189,0.4926780496383926
P124 (8).jpg,P124,0,-7.329031359404325e-05,0.4999816417694092,0.4999806202372225
P124 (9).jpg,P124,0,0.0139479879289865,0.5034869313240051,0.5036881244148408
P164 (1).jpg,P164,0,-0.0556347481906414,0.4860949218273163,0.48529304683671964
P164 (10).jpg,P164,0,-0.0180624723434448,0.4954845011234283,0.49522398301079396
P164 (11).jpg,P164,0,0.0071877096779644,0.5017969012260437,0.5019005981937781
P164 (12).jpg,P164,0,-0.0113159567117691,0.4971710443496704,0.49700781824914775
P164 (13).jpg,P164,0,-0.0213276240974664,0.4946682453155517,0.4943606903967205
P164 (14).jpg,P164,0,-0.023777812719345,0.4940558671951294,0.49371289246553174
P164 (15).jpg,P164,0,0.0156887508928775,0.5039221048355103,0.5041483966873184
P164 (16).jpg,P164,0,-0.0529361702501773,0.4867690503597259,0.48600602934350506
P164 (17).jpg,P164,0,-0.0552823282778263,0.4861829280853271,0.4853861552203959
P164 (18).jpg,P164,0,-0.0512213818728923,0.4871974289417267,0.4864591177870376
P164 (19).jpg,P164,0,-0.0585479140281677,0.4853671789169311,0.4845234360303785
P164 (2).jpg,P164,0,-0.0567507334053516,0.485816091299057,0.484998213339765
P164 (20).jpg,P164,0,-0.0484436340630054,0.4878914654254913,0.4871931126466502
P164 (21).jpg,P164,0,-0.0558553449809551,0.4860398173332214,0.4852347662830133
P164 (22).jpg,P164,0,-0.0439903289079666,0.4890041649341583,0.4883699723954612
P164 (23).jpg,P164,0,-0.0424140840768814,0.4893980622291565,0.48878655280498395
P164 (24).jpg,P164,0,-0.0542630478739738,0.4864375591278076,0.4856554520211398
P164 (25).jpg,P164,0,-0.0374968461692333,0.4906269013881683,0.49008621042616907
P164 (26).jpg,P164,0,-0.0557040832936763,0.4860775768756866,0.4852747288108093
P164 (27).jpg,P164,0,-0.0813789516687393,0.4796664714813232,0.47849467797071804
P164 (28).jpg,P164,0,-0.0555543340742588,0.4861149787902832,0.4853142919381771
P164 (29).jpg,P164,0,-0.0932297110557556,0.4767094254493713,0.47536772630375856
P164 (3).jpg,P164,0,-0.092177428305149,0.4769719243049621,0.4756453080337569
P164 (30).jpg,P164,0,-0.1157071068882942,0.4711054861545563,0.4694423237493064
P164 (31).jpg,P164,0,-0.0775683149695396,0.4806176424026489,0.479500525903376
P164 (32).jpg,P164,0,-0.1198135614395141,0.4700824022293091,0.46836067709055046
P164 (33).jpg,P164,0,-0.0777734518051147,0.4805664122104645,0.47944637409433655
P164 (34).jpg,P164,0,-0.0685716420412063,0.4828638434410095,0.48187591430073345
P164 (35).jpg,P164,0,-0.0605174750089645,0.4848752915859222,0.48400315157022583
P164 (36).jpg,P164,0,-0.0640341639518737,0.4839969575405121,0.4830742606417642
P164 (37).jpg,P164,0,-0.1276766657829284,0.468124121427536,0.4662903609805112
P164 (38).jpg,P164,0,-0.0654333755373954,0.4836474657058716,0.4827047079599018
P164 (39).jpg,P164,0,-0.0685052722692489,0.4828804135322571,0.48189344106506155
P164 (4).jpg,P164,0,-0.0319326445460319,0.4920175671577453,0.49155702543388474
P164 (40).jpg,P164,0,-0.0683391392230987,0.4829218685626983,0.4819373132619998
P164 (41).jpg,P164,0,-0.0510886646807193,0.4872305691242218,0.4864941858072923
P164 (42).jpg,P164,0,-0.065432421863079,0.483647733926773,0.4827049598331385
P164 (43).jpg,P164,0,-0.0727680101990699,0.4818160235881805,0.4807678401993156
P164 (44).jpg,P164,0,-0.0808944776654243,0.4797873497009277,0.47862254924089376
P164 (45).jpg,P164,0,-0.0810246765613555,0.4797548651695251,0.47858818448285534
P164 (46).jpg,P164,0,-0.0926662683486938,0.4768500030040741,0.47551635500726025
P164 (47).jpg,P164,0,-0.0938223898410797,0.4765616059303283,0.4752113902206374
P164 (48).jpg,P164,0,-0.0653890222311019,0.4836585521697998,0.4827164220424645
P164 (49).jpg,P164,0,-0.0344681218266487,0.491383820772171,0.49088678958002074
P164 (5).jpg,P164,0,-0.0636023133993148,0.4841047525405884,0.4831883225816181
P164 (50).jpg,P164,0,-0.0704098790884018,0.4824047684669494,0.4813904951085615
P164 (51).jpg,P164,0,-0.0752223581075668,0.4812032878398895,0.48011984310313965
P164 (52).jpg,P164,0,-0.0504143573343753,0.4873990714550018,0.48667236087970983
P164 (53).jpg,P164,0,-0.0593359693884849,0.4851703643798828,0.48431525714377155
P164 (54).jpg,P164,0,-0.0414243675768375,0.4896453320980072,0.48904812962501
P164 (55).jpg,P164,0,-0.0310860201716423,0.4922291040420532,0.4917808316005548
P164 (56).jpg,P164,0,-0.0522283427417278,0.4869458377361297,0.4861930516963807
P164 (57).jpg,P164,0,-0.0274537317454814,0.4931370317935943,0.4927410676649028
P164 (58).jpg,P164,0,-0.0397266298532485,0.4900696277618408,0.4894968465872067
P164 (59).jpg,P164,0,-0.0649271011352539,0.4837739169597626,0.4828384204294934
P164 (6).jpg,P164,0,-0.0247361976653337,0.4938162565231323,0.4934595136024297
P164 (60).jpg,P164,0,-0.027317427098751,0.4931710660457611,0.4927771024093945
P164 (61).jpg,P164,0,-0.0306303426623344,0.492343008518219,0.4919012918650179
P164 (62).jpg,P164,0,-0.0193247217684984,0.4951689839363098,0.49489024582664765
P164 (63).jpg,P164,0,0.0101594738662242,0.5025398135185242,0.5026863890928115
P164 (64).jpg,P164,0,-0.004025608766824,0.4989936351776123,0.4989355315691242
P164 (65).jpg,P164,0,0.0168823488056659,0.5042204856872559,0.5044639899323523
P164 (66).jpg,P164,0,-0.0255998261272907,0.4936003684997558,0.493231189436739
P164 (67).jpg,P164,0,-0.0475283041596412,0.4881201386451721,0.48743499259069883
P164 (68).jpg,P164,0,-0.0562520548701286,0.4859407246112823,0.48512995855284996
P164 (69).jpg,P164,0,-0.0212909840047359,0.4946774840354919,0.4943703777087133
P164 (7).jpg,P164,0,-0.0935354381799697,0.4766331911087036,0.4752870813730441
P164 (70).jpg,P164,0,-0.0310272667557001,0.4922437965869903,0.4917963632596582
P164 (71).jpg,P164,0,-0.0790911540389061,0.4802374839782715,0.47909853999601193
P164 (72).jpg,P164,0,-0.0450389645993709,0.4887421429157257,0.48809284093171146
P164 (8).jpg,P164,0,-0.0412550307810306,0.4896877110004425,0.48909288504658266
P164 (9).jpg,P164,0,-0.0004832012346014,0.4998792111873626,0.49987222970346307
P052 (1).jpg,P052,0,0.1293979436159134,0.5323044061660767,0.5341626905021312
P052 (10).jpg,P052,0,0.0423829667270183,0.5105941891670227,0.5112052231372938
P052 (11).jpg,P052,0,0.0456598587334156,0.5114129781723022,0.5120712443603532
P052 (12).jpg,P052,0,-0.0722393542528152,0.4819480180740356,0.48090742452126617
P052 (13).jpg,P052,0,0.0296861734241247,0.5074210166931152,0.5078491100521866
P052 (14).jpg,P052,0,0.0427029021084308,0.5106740593910217,0.5112897791172993
P052 (15).jpg,P052,0,0.0731871053576469,0.5182886123657227,0.5193428139732694
P052 (16).jpg,P052,0,-0.0275852233171463,0.4931041598320007,0.4927063054204764
P052 (17).jpg,P052,0,0.0144537054002285,0.5036133527755737,0.5038218410185291
P052 (18).jpg,P052,0,0.0092914309352636,0.5023228526115417,0.5024568632528301
P052 (19).jpg,P052,0,0.0976903438568115,0.5244031548500061,0.5258087732435976
P052 (2).jpg,P052,0,0.0279485080391168,0.506986677646637,0.507389735289995
P052 (20).jpg,P052,0,0.0494198910892009,0.512352466583252,0.5130648609440581
P052 (21).jpg,P052,0,0.0805675685405731,0.52013099193573,0.5212911653193231
P052 (22).jpg,P052,0,0.0634371191263198,0.5158539414405823,0.5167680452418372
P052 (23).jpg,P052,0,0.0528164692223072,0.5132010579109192,0.5139623434962856
P052 (24).jpg,P052,0,0.1338396221399307,0.5334100723266602,0.5353315069515471
P052 (25).jpg,P052,0,0.0045131943188607,0.5011283159255981,0.5011933973936413
P052 (26).jpg,P052,0,0.115499198436737,0.5288427472114563,0.5305029051116065
P052 (27).jpg,P052,0,0.1908116042613983,0.5475587248802185,0.550284718174986
P052 (3).jpg,P052,0,0.0367068946361541,0.509175717830658,0.5097049873468543
P052 (4).jpg,P052,0,-0.0398734845221042,0.4900329709053039,0.48945803179686714
P052 (5).jpg,P052,0,0.0457260347902774,0.511429488658905,0.5120887327245587
P052 (6).jpg,P052,0,0.1170160546898841,0.5292206406593323,0.5309024868427988
P052 (7).jpg,P052,0,0.0743230953812599,0.518572211265564,0.5196427411409767
P052 (8).jpg,P052,0,0.1361946165561676,0.5339961051940918,0.5359510611966899
P052 (9).jpg,P052,0,0.019755870103836,0.5049387812614441,0.505223748230718
P049 (1).jpg,P049,0,0.1462621390819549,0.5365005135536194,0.5385983606491118
P049 (10).jpg,P049,0,0.0476813688874244,0.5119180679321289,0.5126054558481978
P049 (11).jpg,P049,0,0.0559865124523639,0.513992965221405,0.5147998873077212
P049 (12).jpg,P049,0,0.0887284055352211,0.5221675634384155,0.5234447694520984
P049 (13).jpg,P049,0,0.0086228400468826,0.5021557211875916,0.5022800753349141
P049 (14).jpg,P049,0,0.2426351010799408,0.5603628754615784,0.5638088646616753
P049 (15).jpg,P049,0,0.0377066731452941,0.5094255208969116,0.5099692510561004
P049 (16).jpg,P049,0,0.0328442826867103,0.508210301399231,0.5086839634132345
P049 (17).jpg,P049,0,0.0319482572376728,0.5079864263534546,0.5084471017683333
P049 (18).jpg,P049,0,-0.0262173898518085,0.49344602227211,0.4930679210430934
P049 (19).jpg,P049,0,0.0174460113048553,0.5043613910675049,0.5046130238890485
P049 (2).jpg,P049,0,0.0163647029548883,0.5040910840034485,0.5043271222080524
P049 (20).jpg,P049,0,-0.0437387414276599,0.4890670478343963,0.4884364625303527
P049 (21).jpg,P049,0,0.0282191596925258,0.507054328918457,0.507461286464207
P049 (22).jpg,P049,0,-0.0035093952901661,0.4991226196289062,0.4990720305750377
P049 (23).jpg,P049,0,0.0501604899764061,0.5125374794006348,0.5132605577980774
P049 (24).jpg,P049,0,-0.0806773602962493,0.4798415899276733,0.4786798557516536
P049 (25).jpg,P049,0,-0.0763781741261482,0.4809147119522095,0.47981470751309224
P049 (26).jpg,P049,0,-0.0267700068652629,0.493307888507843,0.49292182418695574
P049 (3).jpg,P049,0,0.0583886094391346,0.5145930051803589,0.5154344801646135
P049 (4).jpg,P049,0,0.0563800297677516,0.5140912532806396,0.5149038511614901
P049 (5).jpg,P049,0,0.1521015614271164,0.5379522442817688,0.5401328752097323
P049 (6).jpg,P049,0,0.1202436983585357,0.5300247669219971,0.5317526046337082
P049 (7).jpg,P049,0,0.0063453228212893,0.5015863180160522,0.501677853231494
P049 (8).jpg,P049,0,-0.0547573938965797,0.486314058303833,0.4855248433368494
P049 (9).jpg,P049,0,-0.0357717238366603,0.4910580515861511,0.4905422040195227
P014 (1).jpg,P014,0,-0.0723413601517677,0.4819225370883941,0.48088049103574654
P014 (10).jpg,P014,0,-0.023557037115097,0.494111031293869,0.49377126182433134
P014 (11).jpg,P014,0,-0.0521592311561107,0.4869631230831146,0.4862113125840262
P014 (12).jpg,P014,0,-0.0634745433926582,0.4841367304325104,0.4832220699972051
P014 (13).jpg,P014,0,-0.0198487788438797,0.4950379431247711,0.4947516871058402
P014 (14).jpg,P014,0,-0.05901800096035,0.485249787569046,0.48439925352735114
P014 (15).jpg,P014,0,-0.0074297506362199,0.4981425404548645,0.4980354011758314
P014 (16).jpg,P014,0,-0.0515644885599613,0.487111747264862,0.48636845892102176
P014 (17).jpg,P014,0,-0.0908077955245971,0.4773136675357818,0.47600662606275257
P014 (18).jpg,P014,0,-0.0370540730655193,0.4907375574111938,0.49020324504582646
P014 (19).jpg,P014,0,-0.0479266084730625,0.4880206286907196,0.48732973819796305
P014 (2).jpg,P014,0,-0.0384269319474697,0.4903944432735443,0.48984037195803937
P014 (20).jpg,P014,0,-0.0540460124611854,0.4864917695522308,0.48571279447943266
P014 (21).jpg,P014,0,-0.0065995217300951,0.4983501136302948,0.4982549311081307
P014 (22).jpg,P014,0,-0.0549289770424366,0.4862712025642395,0.4854795106753825
P014 (23).jpg,P014,0,-0.0686114355921745,0.4828538298606872,0.48186540574013714
P014 (24).jpg,P014,0,-0.0637899190187454,0.4840579330921173,0.4831387712866372
P014 (25).jpg,P014,0,-0.0306568462401628,0.4923363626003265,0.49189428550695136
P014 (26).jpg,P014,0,-0.095766544342041,0.4760766625404358,0.4746985978024699
P014 (27).jpg,P014,0,-0.0752960741519928,0.4811848998069763,0.4801003816119129
P014 (28).jpg,P014,0,-0.052725251764059,0.486821711063385,0.4860617578686318
P014 (29).jpg,P014,0,-0.0332942232489585,0.4916772544384002,0.4911970976099461
P014 (3).jpg,P014,0,-0.0418244861066341,0.4895454049110412,0.4889423796900934
P014 (30).jpg,P014,0,-0.0511065684258937,0.4872261583805084,0.48648945507181723
P014 (31).jpg,P014,0,-0.0040609841234982,0.4989847242832184,0.4989261774969063
P014 (32).jpg,P014,0,-0.0145900044590234,0.4963525235652923,0.49614212028127247
P014 (4).jpg,P014,0,-0.0174524784088134,0.4956369698047638,0.49538526619510637
P014 (5).jpg,P014,0,-0.0576792806386947,0.4855841398239136,0.48475290726148224
P014 (6).jpg,P014,0,-0.0137416254729032,0.496564656496048,0.4963664399724383
P014 (7).jpg,P014,0,-0.0021012774668633,0.4994746744632721,0.4994443707483538
P014 (8).jpg,P014,0,-0.0223176814615726,0.4944207966327667,0.49409892973366903
P014 (9).jpg,P014,0,-0.0521226227283477,0.48697230219841,0.4862209853966413
P044 (1).jpg,P044,0,-0.0338040776550769,0.4915497899055481,0.49106232198793204
P044 (10).jpg,P044,0,0.0160150043666362,0.5040037035942078,0.504234660072906
P044 (11).jpg,P044,0,-0.0158673543483018,0.496033251285553,0.49580437945126643
P044 (12).jpg,P044,0,-0.0187238827347755,0.495319128036499,0.4950491063731431
P044 (13).jpg,P044,0,-0.0133062414824962,0.4966735243797302,0.49648156032613705
P044 (14).jpg,P044,0,0.0260841194540262,0.506520688533783,0.5068968457228654
P044 (15).jpg,P044,0,0.0014747843379154,0.5003687143325806,0.5003899691983034
P044 (16).jpg,P044,0,-0.0341349728405475,0.4914670884609222,0.4909748533888876
P044 (17).jpg,P044,0,-0.0385257713496685,0.4903697371482849,0.48981424720581385
P044 (18).jpg,P044,0,-0.0285480804741382,0.4928634464740753,0.4924517583799118
P044 (19).jpg,P044,0,-0.041407786309719,0.4896495342254638,0.4890525120174215
P044 (2).jpg,P044,0,-0.0512772463262081,0.4871834814548492,0.4864443566964829
P044 (20).jpg,P044,0,-0.0369406640529632,0.4907658696174621,0.4902332217026263
P044 (21).jpg,P044,0,-0.0600892789661884,0.4849821925163269,0.4841162620632361
P044 (22).jpg,P044,0,-0.0207817181944847,0.4948047399520874,0.49450502345716274
P044 (23).jpg,P044,0,0.009826922789216,0.5024567246437073,0.5025984568592761
P044 (24).jpg,P044,0,0.0235160961747169,0.505878746509552,0.5062179140604878
P044 (25).jpg,P044,0,0.0284600593149662,0.507114589214325,0.5075249719472807
P044 (26).jpg,P044,0,-0.0619637966156005,0.4845139980316162,0.4836211094306065
P044 (27).jpg,P044,0,-0.0218842066824436,0.4945291578769684,0.4942135354766476
P044 (28).jpg,P044,0,-0.0602751038968563,0.4849357604980469,0.48406717511870845
P044 (29).jpg,P044,0,-0.0739809721708297,0.4815132021903991,0.4804475856771859
P044 (3).jpg,P044,0,-0.091629073023796,0.477108746767044,0.47578996468161
P044 (30).jpg,P044,0,-0.0669597536325454,0.4832662940025329,0.4823015902919153
P044 (4).jpg,P044,0,-0.0261758565902709,0.4934564232826233,0.49307890135204807
P044 (5).jpg,P044,0,-0.0577433444559574,0.4855681955814361,0.4847359829813797
P044 (6).jpg,P044,0,-0.0723723098635673,0.4819147884845733,0.4808723191419383
P044 (7).jpg,P044,0,-0.0204098019748926,0.4948977530002594,0.49460335559289975
P044 (8).jpg,P044,0,-0.0008717159507796,0.4997820556163788,0.4997694968636557
P044 (9).jpg,P044,0,-0.0621948428452014,0.4844563007354736,0.4835600809240123
P038 (1).jpg,P038,0,-0.0599488727748394,0.4850172400474548,0.4841533515360258
P038 (10).jpg,P038,0,-0.1192959994077682,0.4702113568782806,0.46849698759028074
P038 (11).jpg,P038,0,-0.0817644298076629,0.4795702397823334,0.47839293751832723
P038 (12).jpg,P038,0,-0.0649566426873207,0.483766496181488,0.48283061812279576
P038 (13).jpg,P038,0,-0.0817110240459442,0.4795836210250854,0.4784070329614849
P038 (14).jpg,P038,0,-0.0731711909174919,0.4817153215408325,0.4806613878999195
P038 (15).jpg,P038,0,-0.0929925441741943,0.4767685830593109,0.4754302872472035
P038 (16).jpg,P038,0,-0.0753096789121627,0.4811814725399017,0.4800967898777625
P038 (17).jpg,P038,0,-0.0935190021991729,0.4766372740268707,0.47529141683567144
P038 (18).jpg,P038,0,-0.0903088599443435,0.4774380624294281,0.4761382547730828
P038 (19).jpg,P038,0,-0.0532603785395622,0.4866880476474762,0.48592036825743695
P038 (2).jpg,P038,0,-0.0803716480731964,0.4799179136753082,0.47876054716452376
P038 (20).jpg,P038,0,-0.048929538577795,0.4877700507640838,0.48706471267611157
P038 (21).jpg,P038,0,-0.126642644405365,0.4683816134929657,0.46656254889533627
P038 (22).jpg,P038,0,-0.1288363337516784,0.4678353667259216,0.46598512269663395
P038 (23).jpg,P038,0,-0.1125148311257362,0.4719009101390838,0.4702833731621594
P038 (24).jpg,P038,0,-0.1066163405776023,0.473371148109436,0.4718378530264947
P038 (25).jpg,P038,0,-0.1016738414764404,0.4746034145355224,0.47314081419293275
P038 (26).jpg,P038,0,-0.0921556800603866,0.4769773781299591,0.47565104516386586
P038 (27).jpg,P038,0,-0.112816572189331,0.4718256890773773,0.47020386798823777
P038 (28).jpg,P038,0,-0.1123953610658645,0.4719307124614715,0.4703148525160003
P038 (29).jpg,P038,0,-0.0869959592819213,0.478264719247818,0.4770123442922917
P038 (3).jpg,P038,0,-0.0823531150817871,0.479423314332962,0.47823756743231594
P038 (30).jpg,P038,0,-0.0569839365780353,0.4857578575611114,0.4849366044208461
P038 (31).jpg,P038,0,-0.0591021738946437,0.4852287769317627,0.4843770178310115
P038 (32).jpg,P038,0,-0.021242082118988,0.4946897327899933,0.4943833069354216
P038 (33).jpg,P038,0,-0.0808306336402893,0.4798033237457275,0.47863940033697244
P038 (34).jpg,P038,0,-0.0145693849772214,0.4963577091693878,0.4961475722556292
P038 (35).jpg,P038,0,-0.0398583374917507,0.4900367558002472,0.4894620352647158
P038 (36).jpg,P038,0,-0.0298601891845464,0.4925354719161987,0.4921048873037798
P038 (37).jpg,P038,0,-0.045950312167406,0.4885144531726837,0.48785199765351034
P038 (38).jpg,P038,0,-0.0478355176746845,0.4880433976650238,0.4873538094093589
P038 (39).jpg,P038,0,-0.0050280378200113,0.4987429976463318,0.49867046618034283
P038 (4).jpg,P038,0,-0.0423635579645633,0.4894106984138489,0.488799906440869
P038 (40).jpg,P038,0,-0.0288487430661916,0.4927883446216583,0.4923722741008614
P038 (41).jpg,P038,0,-0.0720496997237205,0.4819953143596649,0.4809575009152705
P038 (42).jpg,P038,0,-0.0128599796444177,0.496785044670105,0.4965995572903929
P038 (43).jpg,P038,0,-0.0410759039223194,0.4897324740886688,0.48914022815511427
P038 (44).jpg,P038,0,-0.0242823604494333,0.4939297139644623,0.4935794991724736
P038 (45).jpg,P038,0,-0.0280910581350326,0.4929776787757873,0.4925725792317118
P038 (46).jpg,P038,0,-0.0010218609822914,0.4997445344924927,0.49972979483182317
P038 (47).jpg,P038,0,-0.0390401408076286,0.4902412295341491,0.48967829246257466
P038 (48).jpg,P038,0,-0.0319580994546413,0.492011159658432,0.49155029645028264
P038 (49).jpg,P038,0,-0.0705681294202804,0.4823652803897857,0.4813487079224778
P038 (5).jpg,P038,0,-0.0921787694096565,0.4769715964794159,0.4756449542541045
P038 (50).jpg,P038,0,-0.0504909306764602,0.4873799383640289,0.48665212741143127
P038 (51).jpg,P038,0,-0.0272103957831859,0.4931977987289428,0.4928053982406369
P038 (52).jpg,P038,0,-0.0940848141908645,0.476496160030365,0.47514216979760554
P038 (53).jpg,P038,0,-0.1133776977658271,0.4716859459877014,0.4700560221102438
P038 (54).jpg,P038,0,-0.0452210344374179,0.4886966645717621,0.4880447245991467
P038 (6).jpg,P038,0,-0.0508365370333194,0.4872935712337494,0.48656080615896224
P038 (7).jpg,P038,0,-0.0674780905246734,0.4831368625164032,0.4821647023201632
P038 (8).jpg,P038,0,-0.0824597850441932,0.4793967008590698,0.4782094147721213
P038 (9).jpg,P038,0,-0.0909878015518188,0.4772687256336212,0.47595913786109784
P047 (1).jpg,P047,0,0.0624085254967212,0.5155970454216003,0.5164963607339778
P047 (2).jpg,P047,0,0.1007586196064949,0.5251683592796326,0.5266178707144058
P047 (3).jpg,P047,0,0.1011678203940391,0.525270402431488,0.5267257655780828
P047 (4).jpg,P047,0,-0.0156934168189764,0.4960767328739166,0.49585036961193507
P047 (5).jpg,P047,0,0.0678759440779686,0.516962468624115,0.5179403653030074
P047 (6).jpg,P047,0,0.0021830140613019,0.5005457401275635,0.5005772423912327
P047 (7).jpg,P047,0,-0.0417723357677459,0.4895584285259247,0.48895616278727455
P047 (8).jpg,P047,0,-0.0542791076004505,0.4864335656166076,0.48565120893043384
P047 (9).jpg,P047,0,-0.0651678368449211,0.483713835477829,0.48277483925321885
P096 (1).jpg,P096,0,-0.1206519603729248,0.4698735773563385,0.4681398776881947
P096 (10).jpg,P096,0,-0.0742041245102882,0.4814574718475342,0.48038866921114803
P096 (11).jpg,P096,0,-0.0622788928449153,0.4844353199005127,0.48353788009481735
P096 (12).jpg,P096,0,-0.0611490570008754,0.4847174882888794,0.4838363184822502
P096 (13).jpg,P096,0,-0.099181443452835,0.4752249419689178,0.473798009927565
P096 (14).jpg,P096,0,-0.0723462104797363,0.4819213449954986,0.4808792103651453
P096 (15).jpg,P096,0,-0.050252478569746,0.4874395132064819,0.4867151352939308
P096 (16).jpg,P096,0,-0.1169447675347328,0.4707970917224884,0.4691162912747761
P096 (17).jpg,P096,0,-0.0658915266394615,0.4835330545902252,0.4825837075013879
P096 (18).jpg,P096,0,-0.0312470085918903,0.4921889007091522,0.491738273862575
P096 (19).jpg,P096,0,-0.0611754469573497,0.4847108721733093,0.4838293476239542
P096 (2).jpg,P096,0,-0.1096429228782653,0.4726167023181915,0.4710401616709407
P096 (20).jpg,P096,0,-0.0730653628706932,0.4817417860031128,0.48068932963931027
P096 (21).jpg,P096,0,-0.0362126938998699,0.4909478425979614,0.49042564291826635
P096 (22).jpg,P096,0,-0.1158241182565689,0.4710762798786163,0.4694114987463165
P096 (23).jpg,P096,0,-0.1137052401900291,0.4716042578220367,0.4699697233612797
P096 (24).jpg,P096,0,-0.110891968011856,0.4723053574562073,0.47071100401731
P096 (25).jpg,P096,0,-0.1005949079990387,0.4748724102973938,0.4734252961788328
P096 (26).jpg,P096,0,0.0019556637853384,0.5004889369010925,0.5005171254546337
P096 (27).jpg,P096,0,-0.0402138642966747,0.4899479150772095,0.4893680673592614
P096 (28).jpg,P096,0,-0.0392563007771968,0.4901871383190155,0.4896211589393382
P096 (29).jpg,P096,0,-0.0536564998328685,0.4865890741348266,0.48581570771311094
P096 (3).jpg,P096,0,-0.1195419877767562,0.4701500535011291,0.46843220095696053
P096 (30).jpg,P096,0,-0.0381400063633918,0.4904661774635315,0.48991621105304484
P096 (31).jpg,P096,0,-0.0380787588655948,0.490481436252594,0.48993239982234615
P096 (32).jpg,P096,0,-0.0408577397465705,0.4897869825363159,0.48919788906338557
P096 (33).jpg,P096,0,0.0005125250900164,0.5001281499862671,0.5001355242451103
P096 (34).jpg,P096,0,-0.074890561401844,0.4812861084938049,0.4802074402297209
P096 (35).jpg,P096,0,-0.1155388727784156,0.4711473882198334,0.4694866430733139
P096 (36).jpg,P096,0,-0.0532821901142597,0.486682653427124,0.485914605315436
P096 (37).jpg,P096,0,-0.1462562531232834,0.4635010063648224,0.4614031864685406
P096 (38).jpg,P096,0,-0.112943522632122,0.471794068813324,0.4701704185113206
P096 (39).jpg,P096,0,-0.0749984979629516,0.4812591671943664,0.4801789439341297
P096 (4).jpg,P096,0,-0.0927967876195907,0.4768174886703491,0.47548192536996375
P096 (40).jpg,P096,0,-0.0574714764952659,0.4856361150741577,0.4848078048789975
P096 (41).jpg,P096,0,0.0055907401256263,0.5013976693153381,0.5014783249847001
P096 (42).jpg,P096,0,-0.0443336255848407,0.4889184236526489,0.48827924580136695
P096 (43).jpg,P096,0,-0.0257501360028982,0.4935628473758697,0.49319145113301255
P096 (44).jpg,P096,0,-0.044232353568077,0.4889437258243561,0.48830600993367984
P096 (45).jpg,P096,0,-0.1445104926824569,0.4639351367950439,0.46186209033279024
P096 (46).jpg,P096,0,-0.1087919622659683,0.4728288054466247,0.4712644275766572
P096 (47).jpg,P096,0,-0.1463173031806945,0.4634857773780823,0.46138713956538757
P096 (48).jpg,P096,0,-0.1197394430637359,0.4701008200645447,0.4683801973848159
P096 (49).jpg,P096,0,-0.1272749453783035,0.4682241380214691,0.4663961044262274
P096 (5).jpg,P096,0,-0.0969026535749435,0.4757932424545288,0.47439896096113154
P096 (50).jpg,P096,0,-0.2362580597400665,0.4412086904048919,0.43785062726810164
P096 (6).jpg,P096,0,-0.1009528487920761,0.474783182144165,0.4733309161422577
P096 (7).jpg,P096,0,-0.0716019719839096,0.4821071326732635,0.4810757204921986
P096 (8).jpg,P096,0,-0.0552052557468414,0.486202210187912,0.48540651770913146
P096 (9).jpg,P096,0,-0.0084760393947362,0.4978810250759125,0.4977587415771258
P196 (1).jpg,P196,0,0.0411833114922046,0.5102943778038025,0.510888159616957
P196 (2).jpg,P196,0,-0.0374013446271419,0.4906507730484009,0.4901114534819379
P043 (1).jpg,P043,0,-0.0040321457199752,0.4989919662475586,0.498933803045666
P043 (10).jpg,P043,0,-0.0235904399305582,0.4941026568412781,0.49376243067044256
P043 (11).jpg,P043,0,-0.0008996542310342,0.49977508187294,0.49976210929634074
P043 (12).jpg,P043,0,-0.0037688654847443,0.4990577697753906,0.49900342052356045
P043 (13).jpg,P043,0,-0.0220464058220386,0.4944886267185211,0.49417065181895403
P043 (14).jpg,P043,0,-0.018982270732522,0.4952545762062073,0.4949807890186419
P043 (15).jpg,P043,0,-0.0289876703172922,0.4927536249160766,0.4923355469070018
P043 (16).jpg,P043,0,0.0108952224254608,0.5027238130569458,0.5028809330880882
P043 (17).jpg,P043,0,-0.0113213788717985,0.4971697032451629,0.497006384547953
P043 (18).jpg,P043,0,0.009903292171657,0.5024757981300354,0.5026186502540049
P043 (19).jpg,P043,0,-0.0146318580955266,0.4963420927524566,0.49613105381040046
P043 (2).jpg,P043,0,-0.0086153829470276,0.4978461563587188,0.49772189646485804
P043 (20).jpg,P043,0,-0.025816997513175,0.4935461282730102,0.4931737745908597
P043 (21).jpg,P043,0,-0.0009099509334191,0.4997725188732147,0.4997593865954238
P043 (22).jpg,P043,0,0.0265932157635688,0.5066478848457336,0.507031437201114
P043 (23).jpg,P043,0,-0.0025965808890759,0.4993508458137512,0.49931340053561735
P043 (24).jpg,P043,0,0.0342687480151653,0.5085663795471191,0.5090605084895017
P043 (25).jpg,P043,0,-0.0070237680338323,0.498244047164917,0.4981427513997845
P043 (26).jpg,P043,0,-0.0030438103713095,0.499239057302475,0.49919514231659823
P043 (27).jpg,P043,0,0.0231599956750869,0.5057897567749023,0.5061237666665086
P043 (28).jpg,P043,0,0.0033950074575841,0.5008487701416016,0.5008977225674605
P043 (29).jpg,P043,0,0.0105406930670142,0.5026351809501648,0.502787189811908
P043 (3).jpg,P043,0,-0.0170452520251274,0.4957387745380401,0.49549293791367605
P043 (30).jpg,P043,0,-0.0039319251663982,0.4990170300006866,0.4989603037091992
P043 (31).jpg,P043,0,0.0018383582355454,0.5004595518112183,0.5004861070112908
P043 (32).jpg,P043,0,-0.0457663349807262,0.4885604381561279,0.48790061714785427
P043 (33).jpg,P043,0,-0.0267131142318248,0.4933221042156219,0.49293686499110567
P043 (34).jpg,P043,0,-0.0705158486962318,0.4823783636093139,0.4813625130106312
P043 (35).jpg,P043,0,-0.0482692793011665,0.4879350066184997,0.4872391861986691
P043 (36).jpg,P043,0,-0.0303368624299764,0.4924163520336151,0.4919788750964736
P043 (37).jpg,P043,0,-0.0548172555863857,0.4862991571426391,0.48550902771373816
P043 (38).jpg,P043,0,-0.0464666299521923,0.4883854389190674,0.487715552023222
P043 (39).jpg,P043,0,-0.0616729892790317,0.4845865964889526,0.48369792391870614
P043 (4).jpg,P043,0,-0.015158761292696,0.4962104260921478,0.4959917362827074
P043 (40).jpg,P043,0,-0.0408245623111724,0.4897952675819397,0.48920665790251555
P043 (41).jpg,P043,0,-0.0252210777252912,0.4936950802803039,0.4933313217521476
P043 (42).jpg,P043,0,-0.0323271639645099,0.4919189214706421,0.49145273490388497
P043 (43).jpg,P043,0,-0.0127996020019054,0.4968001842498779,0.4966155218901624
P043 (44).jpg,P043,0,-0.0011031824396923,0.4997241795063019,0.49970829144373835
P043 (45).jpg,P043,0,-0.0112440343946218,0.4971890151500702,0.49702683560323857
P043 (46).jpg,P043,0,-0.0294784866273403,0.4926309287548065,0.49220579400951686
P043 (47).jpg,P043,0,-0.0081480024382472,0.497963011264801,0.49784548094599573
P043 (48).jpg,P043,0,-0.0206412579864263,0.4948398470878601,0.49454216013765573
P043 (49).jpg,P043,0,-0.0475728288292884,0.4881089925765991,0.48742322661425763
P043 (5).jpg,P043,0,-0.0500535555183887,0.4874891936779022,0.4867676984583678
P043 (50).jpg,P043,0,-0.0250609703361988,0.4937350451946258,0.4933736506031987
P043 (51).jpg,P043,0,-0.0092603815719485,0.4976848661899566,0.4975513467654676
P043 (52).jpg,P043,0,-0.0261199623346328,0.4934704005718231,0.4930936783430817
P043 (53).jpg,P043,0,-0.0165385659784078,0.4958654940128326,0.4956269076092404
P043 (54).jpg,P043,0,-0.0661991089582443,0.4834562540054321,0.4825024743081079
P043 (55).jpg,P043,0,-0.0099205467849969,0.4975198805332184,0.4973767873269111
P043 (56).jpg,P043,0,-0.0508688054978847,0.4872855544090271,0.48655227975096893
P043 (57).jpg,P043,0,-0.024564441293478,0.4938592314720154,0.4935049224970461
P043 (58).jpg,P043,0,-0.0582714490592479,0.4854362308979034,0.48459647046192034
P043 (59).jpg,P043,0,-0.0384652279317379,0.4903848767280578,0.48983024974230704
P043 (6).jpg,P043,0,-0.0638663992285728,0.4840388298034668,0.4831185710623005
P043 (60).jpg,P043,0,-0.0081744631752371,0.4979563653469085,0.49783848420620413
P043 (61).jpg,P043,0,-0.040759090334177,0.4898116290569305,0.48922396225028403
P043 (62).jpg,P043,0,-0.0484032072126865,0.4879015386104584,0.487203795493493
P043 (63).jpg,P043,0,-0.0013813528930768,0.4996546506881714,0.4996347363612161
P043 (64).jpg,P043,0,0.0262590236961841,0.5065643787384033,0.5069430858506232
P043 (65).jpg,P043,0,-0.0060378722846508,0.4984904825687408,0.4984034433857512
P043 (66).jpg,P043,0,-0.0091500673443079,0.4977125227451324,0.497580515871091
P043 (67).jpg,P043,0,-0.0221318453550338,0.4944672286510467,0.49414806258631233
P043 (68).jpg,P043,0,-0.0254344306886196,0.49364173412323,0.49327491609809737
P043 (69).jpg,P043,0,-0.0360772609710693,0.4909816384315491,0.49046144163581956
P043 (7).jpg,P043,0,-0.0228278655558824,0.4942933022975921,0.4939640437259391
P043 (70).jpg,P043,0,-0.0036753001622855,0.4990811645984649,0.4990281614018461
P043 (71).jpg,P043,0,0.0226568225771188,0.5056639313697815,0.505990734842509
P043 (8).jpg,P043,0,-0.0151572981849312,0.4962107837200165,0.49599212313955104
P043 (9).jpg,P043,0,-0.0373911149799823,0.4906533360481262,0.49011415739471115
P070 (1).jpg,P070,0,-0.0088765304535627,0.4977809190750122,0.4976528441139636
P070 (10).jpg,P070,0,-0.0362118110060691,0.4909480810165405,0.4904258762915167
P070 (11).jpg,P070,0,-0.0207794532179832,0.4948052763938904,0.4945056223003684
P070 (12).jpg,P070,0,-0.0391142629086971,0.4902226626873016,0.48965870112299736
P070 (13).jpg,P070,0,-0.0584632642567157,0.4853883683681488,0.48454579809885345
P070 (14).jpg,P070,0,-0.0646350756287574,0.4838468730449676,0.48291554859938957
P070 (15).jpg,P070,0,-0.0530653186142444,0.4867367446422577,0.48597190615318603
P070 (16).jpg,P070,0,-0.033032476902008,0.4917426407337188,0.4912662885012385
P070 (17).jpg,P070,0,-0.0484381206333637,0.4878928363323211,0.4871945695767878
P070 (18).jpg,P070,0,-0.035887811332941,0.4910290241241455,0.4905115186471088
P070 (19).jpg,P070,0,-0.0305842235684394,0.4923545122146606,0.49191348369393223
P070 (2).jpg,P070,0,-0.0070444601587951,0.4982388913631439,0.4981372799683708
P070 (20).jpg,P070,0,0.0025132629089057,0.5006282925605774,0.50066456817997
P070 (21).jpg,P070,0,-0.0437578484416008,0.4890623092651367,0.4884314128690876
P070 (22).jpg,P070,0,-0.0126999551430344,0.4968250691890716,0.4966418697743183
P070 (23).jpg,P070,0,0.0002196839777752,0.5000548958778381,0.5000580898504793
P070 (24).jpg,P070,0,-0.0178070589900016,0.4955483675003052,0.49529151451235925
P070 (25).jpg,P070,0,-0.0209117382764816,0.4947722256183624,0.4944706471258145
P070 (26).jpg,P070,0,-0.0349673889577388,0.4912590682506561,0.490754815557302
P070 (27).jpg,P070,0,0.0252199526876211,0.5063046216964722,0.5066683808131184
P070 (28).jpg,P070,0,0.0036356598138809,0.5009089112281799,0.5009613567535532
P070 (29).jpg,P070,0,-0.036441370844841,0.4908906817436218,0.4903651974178595
P070 (3).jpg,P070,0,-0.0342597663402557,0.4914358854293823,0.4909418657067383
P070 (30).jpg,P070,0,-0.0250191111117601,0.4937455058097839,0.49338471727162947
P070 (31).jpg,P070,0,-0.051993653178215,0.4870045185089111,0.48625506228484244
P070 (32).jpg,P070,0,-0.0143063841387629,0.4964235126972198,0.49621711209609437
P070 (33).jpg,P070,0,-0.0148711204528808,0.4962822794914245,0.49606779080460256
P070 (34).jpg,P070,0,-0.0019372295355424,0.4995157122611999,0.49948774900956405
P070 (35).jpg,P070,0,-0.0104224551469087,0.4973943829536438,0.4972440742436599
P070 (36).jpg,P070,0,-0.0113655515015125,0.4971586763858795,0.4969947046377885
P070 (37).jpg,P070,0,0.012130226008594,0.5030325055122375,0.5032074863152357
P070 (38).jpg,P070,0,-0.0325603634119033,0.4918606281280517,0.4913910893801414
P070 (39).jpg,P070,0,-0.0302008893340826,0.4924503564834595,0.492014820518037
P070 (4).jpg,P070,0,0.0118853617459535,0.5029712915420532,0.5031427407885057
P070 (40).jpg,P070,0,-0.0553273633122444,0.4861716628074646,0.4853742570299661
P070 (41).jpg,P070,0,-0.0037242411635816,0.4990689158439636,0.4990152202460773
P070 (42).jpg,P070,0,-0.0247048884630203,0.4938241243362427,0.4934677911112956
P070 (43).jpg,P070,0,-0.0207086186856031,0.494823008775711,0.4945243504401133
P070 (44).jpg,P070,0,-0.0224139168858528,0.4943967759609222,0.49407348627870806
P070 (45).jpg,P070,0,-0.0045894789509475,0.4988526403903961,0.49878643118892996
P070 (46).jpg,P070,0,-0.0222037602216005,0.4944492876529693,0.4941290491388783
P070 (47).jpg,P070,0,-0.0479866564273834,0.4880056381225586,0.48731387024970646
P070 (48).jpg,P070,0,-0.0248449500650167,0.4937891066074371,0.4934307617335566
P070 (49).jpg,P070,0,-0.0192327797412872,0.4951919317245483,0.49491455503456705
P070 (5).jpg,P070,0,0.0311785228550434,0.5077940225601196,0.5082436217564427
P070 (50).jpg,P070,0,0.0012534983688965,0.5003133416175842,0.5003314557721688
P070 (51).jpg,P070,0,-0.0014266337966546,0.4996433556079864,0.49962276298242614
P070 (52).jpg,P070,0,0.0047765071503818,0.5011941194534302,0.5012630233668982
P070 (53).jpg,P070,0,-0.0421318747103214,0.4894685447216034,0.48886113862367997
P070 (54).jpg,P070,0,0.0142581928521394,0.5035644769668579,0.5037701456685696
P070 (55).jpg,P070,0,-0.001523365615867,0.49961918592453,0.4995971847241642
P070 (56).jpg,P070,0,-0.0205759853124618,0.4948561787605285,0.49455941778915585
P070 (57).jpg,P070,0,-0.0166113879531621,0.4958472549915313,0.4956076531662607
P070 (58).jpg,P070,0,-0.0094332061707973,0.4976417124271393,0.49750564880446196
P070 (59).jpg,P070,0,-0.0097188707441091,0.4975703358650207,0.497430113997697
P070 (6).jpg,P070,0,-0.0024238959886133,0.499394029378891,0.49935906259303764
P070 (60).jpg,P070,0,-0.0052373600192368,0.4986906349658966,0.4986151166467604
P070 (61).jpg,P070,0,-0.0449278764426708,0.4887699484825134,0.4881221987566774
P070 (62).jpg,P070,0,-0.0134641667827963,0.4966340363025665,0.4964398030822322
P070 (63).jpg,P070,0,-0.0159279238432645,0.4960181415081024,0.49578836451806735
P070 (64).jpg,P070,0,-0.0017279743915423,0.4995680153369903,0.4995430811679433
P070 (65).jpg,P070,0,-0.0177638251334428,0.4955591857433319,0.495302945596804
P070 (66).jpg,P070,0,0.054931741207838,0.513729453086853,0.5145212196215156
P070 (67).jpg,P070,0,0.0076619428582489,0.5019155144691467,0.5020259951847318
P070 (68).jpg,P070,0,-0.0428552664816379,0.4892877638339996,0.48866995260642193
P070 (69).jpg,P070,0,-0.0128165483474731,0.4967959225177765,0.49661104106488607
P070 (7).jpg,P070,0,-0.0457241460680961,0.4885709583759308,0.48791176640814604
P070 (70).jpg,P070,0,-0.0271300934255123,0.4932178556919098,0.49282662777695857
P070 (71).jpg,P070,0,0.0049470360390841,0.5012367367744446,0.5013081151041255
P070 (72).jpg,P070,0,-0.0239228568971157,0.4940195381641388,0.49367454531612803
P070 (73).jpg,P070,0,-0.0400864966213703,0.4899797439575195,0.4894017313275478
P070 (74).jpg,P070,0,-0.0277877636253833,0.4930534958839416,0.492652760258204
P070 (8).jpg,P070,0,-0.0179447140544652,0.4955139458179474,0.4952551183781407
P070 (9).jpg,P070,0,-0.0341069810092449,0.4914741218090057,0.4909822527084351
P072 (1).jpg,P072,0,-0.0191752761602401,0.4952063262462616,0.4949297588284633
P072 (10).jpg,P072,0,-0.1086998060345649,0.4728517830371856,0.47128871553336454
P072 (11).jpg,P072,0,-0.0773915275931358,0.4806617498397827,0.47954719443810073
P072 (12).jpg,P072,0,-0.0522455908358097,0.4869415760040283,0.4861884943546815
P072 (13).jpg,P072,0,-0.0079751843586564,0.4980062246322632,0.4978911774691292
P072 (14).jpg,P072,0,-0.0910419896245002,0.4772552251815796,0.475944842346412
P072 (15).jpg,P072,0,-0.0941107124090194,0.4764896631240845,0.4751353386021022
P072 (16).jpg,P072,0,-0.0118268523365259,0.4970433115959167,0.49687272993119563
P072 (17).jpg,P072,0,-0.0629592016339302,0.484265387058258,0.48335818684525567
P072 (18).jpg,P072,0,-0.0677404105663299,0.4830713868141174,0.4820954270459934
P072 (19).jpg,P072,0,-0.0059759472496807,0.4985060095787048,0.4984198177238924
P072 (2).jpg,P072,0,-0.0155853945761919,0.4961037337779999,0.49587893139775197
P072 (20).jpg,P072,0,-0.0359552092850208,0.4910121560096741,0.49049370339982434
P072 (21).jpg,P072,0,-0.0512108989059925,0.4872000813484192,0.4864618877089037
P072 (22).jpg,P072,0,-0.0652107819914817,0.483703076839447,0.4827634969856369
P072 (23).jpg,P072,0,-0.0827333703637123,0.4793284237384796,0.478137209937569
P072 (24).jpg,P072,0,-0.0484001301229,0.4879023134708404,0.48720460861887915
P072 (25).jpg,P072,0,-0.1098681986331939,0.4725605845451355,0.4709807934602703
P072 (26).jpg,P072,0,-0.1186630725860595,0.4703690111637115,0.4686636881448276
P072 (27).jpg,P072,0,-0.1217824891209602,0.4695919156074524,0.46784216321481886
P072 (28).jpg,P072,0,-0.08929293602705,0.4776915609836578,0.47640628508273036
P072 (29).jpg,P072,0,-0.1386707425117492,0.465387761592865,0.4633976368475107
P072 (3).jpg,P072,0,-0.0144052263349294,0.496398776769638,0.4961909772930814
P072 (30).jpg,P072,0,-0.0955553501844406,0.4761292934417724,0.47475430005140346
P072 (31).jpg,P072,0,-0.1793156117200851,0.455290824174881,0.45272616362106055
P072 (32).jpg,P072,0,-0.1061232611536979,0.4734940528869629,0.4719678236398529
P072 (33).jpg,P072,0,-0.2258897423744201,0.4437664747238159,0.44055172067028875
P072 (34).jpg,P072,0,-0.1727565079927444,0.4569179713726043,0.4544456049501098
P072 (35).jpg,P072,0,-0.0327258370816707,0.4918193221092224,0.49134734710652966
P072 (36).jpg,P072,0,-0.074768528342247,0.4813165366649627,0.48023965829228665
P072 (37).jpg,P072,0,-0.0662085860967636,0.4834538996219635,0.48249997138883255
P072 (38).jpg,P072,0,-0.09632508456707,0.4759373366832733,0.47455128641201866
P072 (39).jpg,P072,0,-0.1439368575811386,0.464077740907669,0.4620128945640219
P072 (4).jpg,P072,0,-0.071446843445301,0.4821459054946899,0.48111668166161614
P072 (40).jpg,P072,0,-0.0992365926504135,0.4752111732959747,0.47378346719155173
P072 (41).jpg,P072,0,-0.0867528095841407,0.4783253669738769,0.4770765035341837
P072 (42).jpg,P072,0,-0.061355710029602,0.4846658408641815,0.4837817316345626
P072 (43).jpg,P072,0,-0.0821911767125129,0.4794637858867645,0.47828030696236895
P072 (44).jpg,P072,0,-0.0440047867596149,0.4890006184577942,0.48836615145268286
P072 (45).jpg,P072,0,-0.0491531863808631,0.4877142012119293,0.4870056144537732
P072 (46).jpg,P072,0,-0.0719138979911804,0.4820292890071869,0.48099335824853034
P072 (47).jpg,P072,0,-0.088406816124916,0.4779126644134521,0.4766400804160532
P072 (48).jpg,P072,0,-0.0757674276828765,0.4810672402381897,0.47997594279736455
P072 (49).jpg,P072,0,-0.0970321893692016,0.4757609665393829,0.4743647984268225
P072 (5).jpg,P072,0,-0.0806922912597656,0.4798378646373749,0.47867591481717403
P072 (50).jpg,P072,0,-0.0069931973703205,0.498251736164093,0.4981508349245945
P072 (6).jpg,P072,0,-0.0800616741180419,0.4799952507019043,0.4788423645746811
P072 (7).jpg,P072,0,-0.0696003437042236,0.4826069176197052,0.48160426305305687
P072 (8).jpg,P072,0,0.0014616657281294,0.5003653764724731,0.5003865003170829
P072 (9).jpg,P072,0,-0.0121645480394363,0.4969589114189148,0.4967834384695869
P078 (1).jpg,P078,0,0.0423877723515033,0.5105953812599182,0.5112064932244207
P078 (10).jpg,P078,0,0.0042730378918349,0.5010682344436646,0.5011298944662925
P078 (11).jpg,P078,0,-0.1086116135120391,0.4728737473487854,0.47131195897407374
P078 (12).jpg,P078,0,0.0237875767052173,0.5059466361999512,0.5062896889642665
P078 (13).jpg,P078,0,0.0040641981177031,0.5010160803794861,0.5010746723583436
P078 (14).jpg,P078,0,0.0277714915573596,0.5069424510002136,0.507342937935047
P078 (15).jpg,P078,0,0.0330557487905025,0.5082631707191467,0.5087398632799921
P078 (16).jpg,P078,0,0.0539538823068141,0.5134851932525635,0.5142628638973843
P078 (17).jpg,P078,0,0.0101881362497806,0.502547025680542,0.5026939679130825
P078 (18).jpg,P078,0,0.0394853688776493,0.5098700523376465,0.5104393860528419
P078 (19).jpg,P078,0,-0.0372018180787563,0.4907006323337555,0.49016419268599
P078 (2).jpg,P078,0,0.0410729497671127,0.5102667808532715,0.510858991062012
P078 (20).jpg,P078,0,-0.0272961482405662,0.4931764006614685,0.49278272788996724
P078 (21).jpg,P078,0,-0.1150869131088256,0.4712599515914917,0.4696057089848575
P078 (22).jpg,P078,0,-0.0984571427106857,0.475405603647232,0.4739890107395048
P078 (23).jpg,P078,0,-0.0569964908063411,0.4857547283172607,0.48493328778754163
P078 (24).jpg,P078,0,-0.0645157694816589,0.4838766753673553,0.48294705931689696
P078 (3).jpg,P078,0,-0.0603856481611728,0.4849081337451935,0.48403797423021144
P078 (4).jpg,P078,0,-0.0133376512676477,0.4966656863689422,0.49647325521810476
P078 (5).jpg,P078,0,0.0224244240671396,0.5056058764457703,0.5059292916881082
P078 (6).jpg,P078,0,0.0985150188207626,0.524608850479126,0.526026251687533
P078 (7).jpg,P078,0,-0.010797893628478,0.4973005652427673,0.49714480219455237
P078 (8).jpg,P078,0,0.0074760275892913,0.5018690228462219,0.5019768353994641
P078 (9).jpg,P078,0,-0.0127311386168003,0.4968172311782837,0.4966336244692063
P080 (1).jpg,P080,0,-0.0184404049068689,0.4953900277614593,0.49512405764936057
P080 (10).jpg,P080,0,-0.0248560439795255,0.4937863349914551,0.49342782873611557
P080 (11).jpg,P080,0,-0.0519767068326473,0.4870087504386902,0.4862595399305241
P080 (12).jpg,P080,0,-0.0182117987424135,0.4954471588134765,0.495184501068162
P080 (13).jpg,P080,0,0.0024703661911189,0.5006175637245178,0.5006532252516812
P080 (14).jpg,P080,0,-0.0462073646485805,0.4884502291679382,0.4877840669985144
P080 (15).jpg,P080,0,-0.0660052523016929,0.4835046827793121,0.4825536721866195
P080 (16).jpg,P080,0,0.0006296370411291,0.5001574158668518,0.5001664915245919
P080 (17).jpg,P080,0,-0.0473654679954052,0.4881608486175537,0.4874780233815604
P080 (18).jpg,P080,0,-0.1743886768817901,0.4565129578113556,0.45401763559760605
P080 (19).jpg,P080,0,-0.1358675807714462,0.4660852551460266,0.464134969107818
P080 (2).jpg,P080,0,0.0023474139161407,0.5005868673324585,0.5006207136967641
P080 (20).jpg,P080,0,-0.0331063084304332,0.4917241930961609,0.49124677159789115
P080 (21).jpg,P080,0,-0.0131831932812929,0.4967042803764343,0.49651409570278177
P080 (22).jpg,P080,0,0.0224907826632261,0.5056224465370178,0.5059468360593267
P080 (23).jpg,P080,0,-0.0433914549648761,0.4891538023948669,0.48852824489066954
P080 (24).jpg,P080,0,-0.0407209694385528,0.4898211359977722,0.489234037675595
P080 (25).jpg,P080,0,0.016053108498454,0.504013180732727,0.5042447350187618
P080 (26).jpg,P080,0,-0.0036017722450196,0.4990995824337005,0.49904760392090003
P080 (27).jpg,P080,0,-0.0410714335739612,0.4897336065769195,0.4891414096676801
P080 (28).jpg,P080,0,0.0178834851831197,0.5044707655906677,0.5047286926543366
P080 (29).jpg,P080,0,-0.0069130947813391,0.4982717335224151,0.49817201573426073
P080 (3).jpg,P080,0,-0.0269259940832853,0.4932689070701599,0.49288058564146076
P080 (30).jpg,P080,0,0.0125425634905695,0.503135621547699,0.5033165138530881
P080 (31).jpg,P080,0,0.0155810266733169,0.5038951635360718,0.5041199136996612
P080 (32).jpg,P080,0,0.0021946527995169,0.5005486607551575,0.5005803199559538
P080 (33).jpg,P080,0,0.0216319002211093,0.5054077506065369,0.505719757317876
P080 (34).jpg,P080,0,0.0029031005688011,0.5007258057594299,0.500767650640392
P080 (35).jpg,P080,0,-0.0839858576655387,0.4790158569812774,0.47780666429770413
P080 (36).jpg,P080,0,-0.0362312719225883,0.4909431338310241,0.4904207322340057
P080 (37).jpg,P080,0,-0.026882167905569,0.4932798743247986,0.49289217201580504
P080 (38).jpg,P080,0,-0.0355485863983631,0.4911137521266937,0.4906011860703458
P080 (39).jpg,P080,0,-0.0596740581095218,0.4850859045982361,0.4842259466391135
P080 (4).jpg,P080,0,-0.0417858324944973,0.4895550608634949,0.48895259566221944
P080 (40).jpg,P080,0,-0.0538300238549709,0.4865457415580749,0.4857698607366421
P080 (41).jpg,P080,0,-0.059860847890377,0.4850392341613769,0.48417660413642316
P080 (42).jpg,P080,0,-0.0749235451221466,0.4812778830528259,0.48019873219502396
P080 (43).jpg,P080,0,-0.0108741819858551,0.4972815215587616,0.49712463033765525
P080 (44).jpg,P080,0,-0.007873136550188,0.4980317056179046,0.4979181609474717
P080 (45).jpg,P080,0,-0.0185454282909631,0.4953637719154358,0.49509628953774454
P080 (46).jpg,P080,0,-0.0259462613612413,0.493513822555542,0.49313960045073724
P080 (47).jpg,P080,0,-0.0245236959308385,0.4938693642616272,0.493515694758733
P080 (48).jpg,P080,0,-0.0080196661874651,0.4979951083660126,0.4978794155891735
P080 (49).jpg,P080,0,-0.0276118628680706,0.4930974841117859,0.4926992627679273
P080 (5).jpg,P080,0,-0.0165370423346757,0.4958658516407013,0.4956273104673277
P080 (50).jpg,P080,0,-0.0907955020666122,0.4773167073726654,0.47600986927116934
P080 (51).jpg,P080,0,-0.039960503578186,0.4900112152099609,0.4894350320676783
P080 (52).jpg,P080,0,-0.0003362674033269,0.4999159574508667,0.49991108262304734
P080 (53).jpg,P080,0,-0.0856353193521499,0.478604257106781,0.47737138230305226
P080 (54).jpg,P080,0,-0.0593735314905643,0.4851609766483307,0.48430533457953134
P080 (55).jpg,P080,0,-0.0416958667337894,0.4895775616168976,0.48897637323522275
P080 (56).jpg,P080,0,-0.0552119091153144,0.4862005114555359,0.4854047598936531
P080 (57).jpg,P080,0,-0.0402611903846263,0.4899360239505768,0.4893555588417559
P080 (58).jpg,P080,0,-0.0263519994914531,0.4934123456478119,0.49303233381816336
P080 (59).jpg,P080,0,0.0184706319123506,0.5046175122261047,0.5048839343535046
P080 (6).jpg,P080,0,-0.0970223844051361,0.4757634699344635,0.47436738428609243
P080 (60).jpg,P080,0,-0.0243862904608249,0.4939037263393402,0.4935520220703697
P080 (61).jpg,P080,0,-0.0096716433763504,0.4975820779800415,0.4974426017478254
P080 (62).jpg,P080,0,0.0193807035684585,0.5048450231552124,0.5051245555886454
P080 (63).jpg,P080,0,0.0010691933566704,0.5002672672271729,0.5002827210091133
P080 (64).jpg,P080,0,-0.0086642792448401,0.4978339672088623,0.4977089673501739
P080 (65).jpg,P080,0,-0.0323369018733501,0.4919164478778839,0.49145016071379544
P080 (66).jpg,P080,0,-0.0149261448532342,0.4962685406208038,0.49605324190207556
P080 (67).jpg,P080,0,-0.0383716039359569,0.4904082715511322,0.48985499601438975
P080 (68).jpg,P080,0,-0.0739845633506774,0.4815122485160827,0.4804466375330269
P080 (69).jpg,P080,0,-0.0155890546739101,0.4961027801036834,0.49587796364359255
P080 (7).jpg,P080,0,-0.0385101996362209,0.4903736412525177,0.4898183630420282
P080 (70).jpg,P080,0,-0.044166836887598,0.4889600872993469,0.4883233246942568
P080 (71).jpg,P080,0,-0.0336915329098701,0.4915779232978821,0.49109207211117606
P080 (72).jpg,P080,0,-0.0353142730891704,0.4911723732948303,0.49066312252735195
P080 (73).jpg,P080,0,-0.0296441037207841,0.4925895035266876,0.49216201147531
P080 (74).jpg,P080,0,-0.0217690393328666,0.4945579469203949,0.49424398450121754
P080 (75).jpg,P080,0,-0.0214957781136035,0.4946262538433075,0.4943162320369879
P080 (76).jpg,P080,0,-0.041511170566082,0.4896236956119537,0.48902518781345755
P080 (77).jpg,P080,0,-0.0325785391032695,0.4918561279773712,0.4913862847055712
P080 (78).jpg,P080,0,-0.0295324139297008,0.4926174283027649,0.4921915377749063
P080 (79).jpg,P080,0,-0.0101606752723455,0.4974598586559295,0.49731329323501167
P080 (8).jpg,P080,0,-0.0212952345609664,0.494676411151886,0.4943692538995407
P080 (80).jpg,P080,0,-0.0295025091618299,0.4926249086856842,0.49219944340495975
P080 (81).jpg,P080,0,-0.0117401387542486,0.497065007686615,0.49689565824619214
P080 (82).jpg,P080,0,-0.0135735552757978,0.4966066479682922,0.4964108795507805
P080 (83).jpg,P080,0,-0.0345036052167415,0.4913749694824219,0.4908774100184967
P080 (84).jpg,P080,0,-0.0304926186800003,0.4923774600028991,0.4919376999642052
P080 (85).jpg,P080,0,-0.0026404890231788,0.4993398487567901,0.49930179016652826
P080 (86).jpg,P080,0,0.0167985875159502,0.5041995644569397,0.50444184314245
P080 (87).jpg,P080,0,-0.0375353470444679,0.4906173050403595,0.49007603385357673
P080 (88).jpg,P080,0,-0.0166908372193574,0.4958273768424988,0.49558664645381484
P080 (9).jpg,P080,0,-0.0993814766407013,0.4751750826835632,0.47374526177741566
P143 (1).jpg,P143,0,0.0095461728051304,0.5023865103721619,0.5025242216017242
P143 (10).jpg,P143,0,0.0248935427516698,0.5062230229377747,0.5065820851464451
P143 (11).jpg,P143,0,0.0367564372718334,0.5091880559921265,0.5097180826969462
P143 (12).jpg,P143,0,0.0013497701147571,0.5003374218940735,0.5003569123792143
P143 (13).jpg,P143,0,-0.0339041166007518,0.4915247857570648,0.49103587770590634
P143 (14).jpg,P143,0,-0.0121463518589735,0.4969634711742401,0.4967882497887311
P143 (15).jpg,P143,0,-0.0013589601730927,0.4996602535247803,0.4996406575444162
P143 (16).jpg,P143,0,-0.0151552120223641,0.4962112605571747,0.49599267473684105
P143 (17).jpg,P143,0,0.0500907450914382,0.5125200748443604,0.5132421284875895
P143 (18).jpg,P143,0,0.0230475030839443,0.5057616233825684,0.5060940252969613
P143 (19).jpg,P143,0,0.038509402424097,0.5096262097358704,0.510181426242875
P143 (2).jpg,P143,0,0.0150065328925848,0.5037515759468079,0.5039680133425041
P143 (20).jpg,P143,0,-0.0127362310886383,0.4968160092830658,0.49663227795537734
P143 (21).jpg,P143,0,0.0307739451527595,0.5076928734779358,0.5081366701589244
P143 (22).jpg,P143,0,0.0305087305605411,0.5076265931129456,0.5080665593052716
P143 (23).jpg,P143,0,0.0241112448275089,0.5060275197029114,0.5063752610538922
P143 (24).jpg,P143,0,-0.0081712137907743,0.4979571998119354,0.497839343407381
P143 (25).jpg,P143,0,-0.0019885045476257,0.4995028674602508,0.4994741906489633
P143 (26).jpg,P143,0,0.0424905158579349,0.5106210112571716,0.5112336474556387
P143 (27).jpg,P143,0,0.01569932885468,0.5039247870445251,0.5041511935680999
P143 (28).jpg,P143,0,0.0213261507451534,0.5053313374519348,0.5056389200622201
P143 (29).jpg,P143,0,0.0157715659588575,0.5039428472518921,0.5041702935136843
P143 (3).jpg,P143,0,-0.0032795839942991,0.4991801083087921,0.4991327981420352
P143 (30).jpg,P143,0,-0.0108858328312635,0.4972785711288452,0.49712154966936384
P143 (31).jpg,P143,0,0.0097916210070252,0.5024479031562805,0.5025891224503976
P143 (32).jpg,P143,0,0.0436767153441906,0.5109174251556396,0.5115471450065028
P143 (33).jpg,P143,0,0.0080232862383127,0.5020058155059814,0.5021215416241438
P143 (34).jpg,P143,0,0.0301024876534938,0.5075250864028931,0.5079591662705062
P143 (35).jpg,P143,0,0.0338212102651596,0.5084545016288757,0.508942206847566
P143 (36).jpg,P143,0,0.0404644422233104,0.5101147294044495,0.5106981614658073
P143 (37).jpg,P143,0,0.0622508488595485,0.5155576467514038,0.5164547124200617
P143 (38).jpg,P143,0,0.0116658164188265,0.5029163956642151,0.5030846898518286
P143 (39).jpg,P143,0,-0.0462095998227596,0.4884496629238128,0.4877834763162632
P143 (4).jpg,P143,0,0.0307941474020481,0.5076979398727417,0.50814201071527
P143 (40).jpg,P143,0,-0.0160506423562765,0.4959874451160431,0.4957559170429373
P143 (41).jpg,P143,0,-0.0164329577237367,0.4958918690681457,0.49565483090851514
P143 (42).jpg,P143,0,-0.0347305685281753,0.4913182258605957,0.4908174154425305
P143 (43).jpg,P143,0,-0.0111243231222033,0.4972189664840698,0.4970584891026884
P143 (44).jpg,P143,0,-0.0320434235036373,0.4919898509979248,0.491527741132305
P143 (45).jpg,P143,0,0.0328595973551273,0.5082141757011414,0.5086880117663961
P143 (46).jpg,P143,0,-0.0496500357985496,0.4875900149345398,0.4868743248741495
P143 (47).jpg,P143,0,-0.0296870246529579,0.4925788044929504,0.49215066491742926
P143 (48).jpg,P143,0,0.0033014970831573,0.5008254051208496,0.5008729962004522
P143 (49).jpg,P143,0,0.0033616721630096,0.500840425491333,0.5008889079232403
P143 (5).jpg,P143,0,0.0331649780273437,0.5082905292510986,0.5087687373245477
P143 (50).jpg,P143,0,-0.0279494933784008,0.4930130839347839,0.4926100042189607
P143 (51).jpg,P143,0,-0.0230936035513877,0.4942269027233124,0.4938937864192352
P143 (52).jpg,P143,0,-0.0248221345245838,0.4937947988510132,0.49343679368354293
P143 (53).jpg,P143,0,-0.0662861466407775,0.4834345281124115,0.48247948762494425
P143 (54).jpg,P143,0,-0.1008644476532936,0.4748052358627319,0.47335422513506326
P143 (55).jpg,P143,0,0.0020010890439152,0.5005002617835999,0.5005291369978907
P143 (56).jpg,P143,0,-0.0405106730759143,0.4898737072944641,0.4892896195617351
P143 (57).jpg,P143,0,-0.0040439241565763,0.4989890158176422,0.49893068855133293
P143 (6).jpg,P143,0,-0.0029100994579494,0.4992724657058716,0.49923049868542846
P143 (7).jpg,P143,0,0.0359427519142627,0.5089847445487976,0.5095030037550489
P143 (8).jpg,P143,0,-0.0134262144565582,0.4966435134410858,0.4964498381040303
P143 (9).jpg,P143,0,0.0370459370315074,0.5092604160308838,0.5097946044122719
P168 (1).jpg,P168,0,0.0221794229000806,0.5055446028709412,0.5058645163605938
P168 (10).jpg,P168,0,0.0694024711847305,0.5173436403274536,0.5183434852058401
P168 (11).jpg,P168,0,0.135724127292633,0.5338790416717529,0.5358272932273541
P168 (12).jpg,P168,0,0.017620138823986,0.5044049024581909,0.504659063532381
P168 (13).jpg,P168,0,0.0714589729905128,0.5178571343421936,0.5188865211131987
P168 (14).jpg,P168,0,0.1099469140172004,0.5274590849876404,0.5290399506624966
P168 (15).jpg,P168,0,0.0401836819946765,0.5100445747375488,0.5106239553031144
P168 (16).jpg,P168,0,0.0234509520232677,0.5058624744415283,0.5062006910000528
P168 (17).jpg,P168,0,0.106099285185337,0.5264999866485596,0.5280258564469535
P168 (18).jpg,P168,0,0.1633734852075576,0.5407527685165405,0.5430927953596966
P168 (19).jpg,P168,0,0.1387465298175811,0.5346311330795288,0.5366222957298363
P168 (2).jpg,P168,0,0.0831906199455261,0.5207856297492981,0.5219834656604149
P168 (20).jpg,P168,0,0.1030132472515106,0.525730550289154,0.5272123221433455
P168 (21).jpg,P168,0,0.016626987606287,0.5041566491127014,0.5043964714473516
P168 (22).jpg,P168,0,-0.0704797282814979,0.482387363910675,0.4813720508735365
P168 (23).jpg,P168,0,-0.1249042674899101,0.4688144624233246,0.467020190786436
P168 (24).jpg,P168,0,-0.0866749435663223,0.4783447682857513,0.4770970499861316
P168 (25).jpg,P168,0,-0.2020502835512161,0.44965860247612,0.4467753475909286
P168 (26).jpg,P168,0,-0.0805456340312957,0.4798744916915893,0.47871462419073496
P168 (27).jpg,P168,0,-0.0681255012750625,0.4829752147197723,0.4819937309003646
P168 (28).jpg,P168,0,-0.0854715853929519,0.4786451160907745,0.47741458908285095
P168 (29).jpg,P168,0,-0.0588954165577888,0.4852804243564605,0.48443163636955083
P168 (3).jpg,P168,0,0.0613759309053421,0.5153391361236572,0.5162236096351953
P168 (30).jpg,P168,0,-0.1734335869550705,0.4567499756813049,0.45426806055439956
P168 (31).jpg,P168,0,-0.0982060953974723,0.4754681885242462,0.4740552146332973
P168 (32).jpg,P168,0,-0.1168787628412246,0.4708135426044464,0.46913367798983346
P168 (33).jpg,P168,0,-0.1203622445464134,0.4699456989765167,0.46821617537859667
P168 (34).jpg,P168,0,-0.0610061548650264,0.4847532212734222,0.4838740659268691
P168 (35).jpg,P168,0,-0.0693096220493316,0.4826795160770416,0.4816810333901533
P168 (36).jpg,P168,0,-0.1102973520755767,0.4724535942077636,0.4708676984674111
P168 (37).jpg,P168,0,-0.0196254141628742,0.4950937926769256,0.4948107437905339
P168 (38).jpg,P168,0,-0.0250281225889921,0.4937433004379272,0.4933823348325167
P168 (39).jpg,P168,0,-0.0067517668940126,0.4983120560646057,0.49821467424140264
P168 (4).jpg,P168,0,0.1506309062242508,0.5375866889953613,0.5397464791117493
P168 (40).jpg,P168,0,0.0660058036446571,0.5164954662322998,0.5174464734245314
P168 (41).jpg,P168,0,0.0038455869071185,0.5009613633155823,0.5010168664265913
P168 (42).jpg,P168,0,-0.0461029410362243,0.4884763360023498,0.48781166272682386
P168 (43).jpg,P168,0,-0.069672055542469,0.4825890362262726,0.48158532637214285
P168 (44).jpg,P168,0,-0.0646446794271469,0.4838443994522095,0.4829130120840392
P168 (45).jpg,P168,0,-0.0471262000501155,0.4882206320762634,0.48754125223348643
P168 (46).jpg,P168,0,-0.0144458599388599,0.4963886141777038,0.4961802333934141
P168 (47).jpg,P168,0,-0.084575206041336,0.4788687825202942,0.47765113526716024
P168 (48).jpg,P168,0,-0.0223477780818939,0.4944133162498474,0.49409097255650625
P168 (49).jpg,P168,0,-0.0197719112038612,0.4950572252273559,0.4947720105709747
P168 (5).jpg,P168,0,0.0970000326633453,0.5242310166358948,0.5256267208928035
P168 (50).jpg,P168,0,-0.0663099139928817,0.4834286272525787,0.4824732106716168
P168 (51).jpg,P168,0,-0.0391715988516807,0.4902083575725555,0.4896435465834219
P168 (52).jpg,P168,0,-0.096370980143547,0.4759258329868316,0.4745391819456242
P168 (53).jpg,P168,0,0.0369212888181209,0.5092292428016663,0.509761656962221
P168 (54).jpg,P168,0,0.0454317480325698,0.511355996131897,0.5120109612583326
P168 (55).jpg,P168,0,0.0065528764389455,0.5016382336616516,0.5017327348780064
P168 (56).jpg,P168,0,-0.0560480095446109,0.4859916865825653,0.4851838656104481
P168 (57).jpg,P168,0,-0.081810362637043,0.4795588254928589,0.4783808144421844
P168 (58).jpg,P168,0,0.047775562852621,0.5119416117668152,0.5126303471889125
P168 (59).jpg,P168,0,0.0008785125100985,0.5002196431159973,0.500232300313525
P168 (6).jpg,P168,0,-0.0044966000132262,0.4988758862018585,0.4988109905242938
P168 (60).jpg,P168,0,0.0235637240111827,0.5058906674385071,0.5062305060810968
P168 (61).jpg,P168,0,0.0753297135233879,0.518823504447937,0.5199084993699324
P168 (62).jpg,P168,0,0.0933968126773834,0.5233322381973267,0.5246763520471103
P168 (63).jpg,P168,0,-0.0398096181452274,0.490048885345459,0.4894749121436597
P168 (64).jpg,P168,0,0.0091494256630539,0.5022873282432556,0.5024193144565647
P168 (65).jpg,P168,0,-0.0673543587327003,0.4831677675247192,0.48219737849779964
P168 (66).jpg,P168,0,0.0478879176080226,0.5119696855545044,0.5126600375493723
P168 (67).jpg,P168,0,0.0981205031275749,0.5245104432106018,0.5259222135500591
P168 (68).jpg,P168,0,0.0339605323970317,0.5084893107414246,0.5089790352163097
P168 (69).jpg,P168,0,0.082388550043106,0.5205854773521423,0.521771784685555
P168 (7).jpg,P168,0,0.0532686449587345,0.5133140087127686,0.5140818158537297
P168 (70).jpg,P168,0,0.090870089828968,0.5227019190788269,0.5240098081276936
P168 (71).jpg,P168,0,0.1232800558209419,0.5307810306549072,0.5325521720816352
P168 (72).jpg,P168,0,0.06692985445261,0.5167262554168701,0.517690513530393
P168 (73).jpg,P168,0,-0.0719817727804184,0.4820122718811035,0.48097543644283053
P168 (74).jpg,P168,0,0.0298841465264558,0.5074704885482788,0.5079014460263176
P168 (75).jpg,P168,0,-0.0834418386220932,0.4791516065597534,0.47795023473814385
P168 (76).jpg,P168,0,-0.0274963751435279,0.4931263625621795,0.4927297940811998
P168 (77).jpg,P168,0,0.0068384683690965,0.5017096400260925,0.5018082514665017
P168 (78).jpg,P168,0,-0.0530519522726535,0.4867401421070099,0.4859754377614911
P168 (79).jpg,P168,0,0.1180552467703819,0.5294795632362366,0.531176215830916
P168 (8).jpg,P168,0,-0.0154298264533281,0.4961426258087158,0.49592006467170147
P168 (9).jpg,P168,0,-0.0680002570152282,0.4830065071582794,0.48202680569371387
P184 (1).jpg,P184,0,-0.0563332363963127,0.4859204590320587,0.48510851117306303
P184 (10).jpg,P184,0,-0.0329177714884281,0.4917713403701782,0.4912966102135937
P184 (11).jpg,P184,0,-0.0052249380387365,0.4986937940120697,0.49861840129900414
P184 (12).jpg,P184,0,-0.002706364262849,0.4993234574794769,0.499284371166613
P184 (13).jpg,P184,0,-0.0224526599049568,0.4943870902061462,0.4940632431126842
P184 (14).jpg,P184,0,-0.0116588221862912,0.4970853626728058,0.4969171595250506
P184 (15).jpg,P184,0,-0.095770463347435,0.4760757088661194,0.4746975641746426
P184 (16).jpg,P184,0,-0.0477936640381813,0.4880538880825043,0.487364869467477
P184 (17).jpg,P184,0,-0.059396032243967,0.4851553738117218,0.48429939069098044
P184 (18).jpg,P184,0,-0.0010585946729406,0.4997353851795196,0.4997200815428399
P184 (19).jpg,P184,0,-0.0638238564133644,0.4840494394302368,0.4831298076147711
P184 (2).jpg,P184,0,-0.0510708056390285,0.4872350394725799,0.48649890473310453
P184 (20).jpg,P184,0,-0.0192596893757581,0.4951852262020111,0.49490744020200866
P184 (21).jpg,P184,0,-0.0459077171981334,0.4885250926017761,0.4878632541693267
P184 (22).jpg,P184,0,0.0065442905761301,0.5016360878944397,0.5017304645917863
P184 (23).jpg,P184,0,-0.076227568089962,0.4809523224830627,0.47985446667921067
P184 (24).jpg,P184,0,-0.0064394525252282,0.4983901381492615,0.49829725684245907
P184 (25).jpg,P184,0,0.0266945399343967,0.506673276424408,0.507058224486907
P184 (26).jpg,P184,0,0.0741728395223617,0.5185347199440002,0.5196030709892648
P184 (27).jpg,P184,0,-0.0106061808764934,0.4973484873771667,0.4971954941408743
P184 (28).jpg,P184,0,-0.039750337600708,0.490063726902008,0.48949058044316823
P184 (29).jpg,P184,0,-0.0191830787807703,0.4952043890953064,0.49492769583579593
P184 (3).jpg,P184,0,-0.0275651589035987,0.4931091368198395,0.49271160981710593
P184 (30).jpg,P184,0,-0.0063515710644423,0.4984120726585388,0.4983204945978534
P184 (31).jpg,P184,0,-0.0260144434869289,0.4934967756271362,0.4931215748216363
P184 (32).jpg,P184,0,-0.017159441486001,0.4957102537155151,0.49546274587961875
P184 (33).jpg,P184,0,-0.0082579310983419,0.4979355037212372,0.4978164136496655
P184 (34).jpg,P184,0,-0.0340441279113292,0.4914897680282593,0.49099886721835545
P184 (35).jpg,P184,0,0.0061006904579699,0.5015251636505127,0.5016131671142694
P184 (36).jpg,P184,0,-0.0265629664063453,0.4933596551418304,0.49297655989339945
P184 (37).jpg,P184,0,-0.0565437786281108,0.485867828130722,0.4850528881926322
P184 (38).jpg,P184,0,-0.0435390546917915,0.4891169369220733,0.4884892365050326
P184 (39).jpg,P184,0,-0.0268736854195594,0.4932820200920105,0.49289441454075394
P184 (4).jpg,P184,0,0.0283879283815622,0.507096529006958,0.5075059030623071
P184 (40).jpg,P184,0,-0.0232687667012214,0.4941830933094024,0.49384747593164435
P184 (41).jpg,P184,0,-0.0202436614781618,0.4949392080307007,0.4946472821531267
P184 (42).jpg,P184,0,0.0075033386237919,0.5018758177757263,0.5019840569958853
P184 (43).jpg,P184,0,0.0345847867429256,0.5086452960968018,0.5091440492124261
P184 (44).jpg,P184,0,0.0146548934280872,0.5036636590957642,0.503875036933211
P184 (45).jpg,P184,0,-0.0174619406461715,0.4956346154212951,0.49538276435990547
P184 (46).jpg,P184,0,-0.0055811521597206,0.4986047446727752,0.4985242102873461
P184 (47).jpg,P184,0,-0.0565452203154563,0.485867440700531,0.4850525073157036
P184 (48).jpg,P184,0,0.0063005550764501,0.5015751123428345,0.5016660156702665
P184 (49).jpg,P184,0,-0.0426452942192554,0.4893403053283691,0.4887254460706435
P184 (5).jpg,P184,0,-0.0110302474349737,0.4972424805164337,0.49708336417615473
P184 (50).jpg,P184,0,-0.0001721031730994,0.4999569654464721,0.49995449168523354
P184 (51).jpg,P184,0,0.0174967534840106,0.504374086856842,0.5046264402246992
P184 (52).jpg,P184,0,0.0563172660768032,0.5140755772590637,0.514887269626186
P184 (53).jpg,P184,0,0.0022867205552756,0.5005716681480408,0.5006046649024232
P184 (54).jpg,P184,0,-0.0254247225821018,0.4936441779136657,0.4932774826961812
P184 (55).jpg,P184,0,0.0172749049961566,0.5043185949325562,0.5045677829832217
P184 (56).jpg,P184,0,-0.0859340652823448,0.4785296618938446,0.4772925488910199
P184 (57).jpg,P184,0,-0.0576296262443065,0.4855965673923492,0.48476602490660775
P184 (58).jpg,P184,0,-0.0372741408646106,0.4906825125217438,0.49014507617617464
P184 (59).jpg,P184,0,-0.0453327260911464,0.4886687397956848,0.488015207503617
P184 (6).jpg,P184,0,-0.0226398240774869,0.4943402409553528,0.4940137593343997
P184 (60).jpg,P184,0,-0.0444165877997875,0.4888976812362671,0.4882573206269887
P184 (61).jpg,P184,0,-0.0224898550659418,0.4943777620792389,0.49405340918553037
P184 (62).jpg,P184,0,0.0410575903952121,0.5102629661560059,0.5108549315809715
P184 (63).jpg,P184,0,-0.0483462698757648,0.4879158139228821,0.4872188412773379
P184 (64).jpg,P184,0,-0.0367678888142108,0.4908090531826019,0.49027889037764943
P184 (65).jpg,P184,0,-0.0427780374884605,0.4893071353435516,0.48869036338601163
P184 (66).jpg,P184,0,-0.1138724833726883,0.4715625941753387,0.46992565990673885
P184 (67).jpg,P184,0,-0.0302323400974273,0.4924424886703491,0.4920065062854358
P184 (68).jpg,P184,0,-0.0427778698503971,0.4893071949481964,0.4886904076909622
P184 (69).jpg,P184,0,-0.058167491108179,0.4854621887207031,0.48462393346019755
P184 (7).jpg,P184,0,-0.0659331232309341,0.4835226833820343,0.48257272169260035
P184 (70).jpg,P184,0,-0.0481345318257808,0.4879687428474426,0.487274793604278
P184 (71).jpg,P184,0,-0.0722129419445991,0.4819546043872833,0.4809143984058517
P184 (72).jpg,P184,0,-0.0679132416844368,0.4830282032489776,0.48204978499594475
P184 (73).jpg,P184,0,-0.0690662041306495,0.4827402830123901,0.48174531298132306
P184 (74).jpg,P184,0,-0.0296630300581455,0.492584764957428,0.4921570081164775
P184 (75).jpg,P184,0,0.0094883954152464,0.5023720860481262,0.5025089442248101
P184 (76).jpg,P184,0,0.0110627030953764,0.5027656555175781,0.5029252176063944
P184 (77).jpg,P184,0,-0.0087297009304165,0.4978175461292267,0.4976916686122524
P184 (78).jpg,P184,0,-0.0457894764840602,0.4885546267032623,0.487894501549882
P184 (79).jpg,P184,0,-0.0236938335001468,0.4940768182277679,0.4937350951393905
P184 (8).jpg,P184,0,0.0155673138797283,0.5038917660713196,0.5041162879454972
P184 (80).jpg,P184,0,0.0097755538299679,0.5024438500404358,0.5025848740070619
P184 (81).jpg,P184,0,-0.0502189323306083,0.4874479174613952,0.4867239994873002
P184 (82).jpg,P184,0,-0.0111970640718936,0.4972007572650909,0.49703925527530607
P184 (83).jpg,P184,0,-0.0054241898469626,0.4986439943313598,0.49856571463459853
P184 (84).jpg,P184,0,0.0333094112575054,0.5083265900611877,0.5088069172279212
P184 (85).jpg,P184,0,0.0287569910287857,0.5071887373924255,0.5076034700305958
P184 (86).jpg,P184,0,0.0207117833197116,0.5051777362823486,0.5054764862666609
P184 (87).jpg,P184,0,-0.0106353210285305,0.4973411858081817,0.49718778901054306
P184 (9).jpg,P184,0,-0.0019686934538185,0.4995077848434448,0.4994794291840349
P191 (1).jpg,P191,0,-0.0207477305084466,0.4948132038116455,0.49451400955419095
P191 (10).jpg,P191,0,-0.0465531535446643,0.4883638322353363,0.48769268689196005
P191 (11).jpg,P191,0,-0.0645108371973037,0.4838778972625732,0.48294836201731306
P191 (12).jpg,P191,0,-0.0438433513045311,0.4890408813953399,0.48840881593461133
P191 (13).jpg,P191,0,-0.0917379781603813,0.4770815968513489,0.47576123507832296
P191 (14).jpg,P191,0,-0.0054665212519466,0.4986333847045898,0.49855452126205874
P191 (15).jpg,P191,0,-0.035882968455553,0.4910302758216858,0.4905127987619812
P191 (16).jpg,P191,0,-0.0406368412077426,0.4898421764373779,0.4892562729581533
P191 (17).jpg,P191,0,-0.0185242276638746,0.4953691065311432,0.4951018949667548
P191 (18).jpg,P191,0,-0.0232623890042305,0.4941846132278442,0.4938491620964231
P191 (19).jpg,P191,0,-0.028926994651556,0.492768794298172,0.49235158728432155
P191 (2).jpg,P191,0,-0.0191215928643941,0.4952197074890136,0.4949439525575765
P191 (20).jpg,P191,0,-0.061939463019371,0.4845200479030609,0.48362753693049654
P191 (21).jpg,P191,0,-0.073061779141426,0.481742650270462,0.4806902758521164
P191 (22).jpg,P191,0,-0.0803084671497345,0.4799336791038513,0.4787772236330715
P191 (23).jpg,P191,0,-0.0439397394657135,0.4890168011188507,0.48838334226004165
P191 (24).jpg,P191,0,-0.0816749185323715,0.4795926213264465,0.47841656235004426
P191 (25).jpg,P191,0,-0.07373046875,0.4815757274627685,0.48051372399719405
P191 (26).jpg,P191,0,-0.02971519716084,0.4925717413425445,0.4921432172506035
P191 (27).jpg,P191,0,-0.0502257905900478,0.4874462187290191,0.4867221872734067
P191 (28).jpg,P191,0,-0.0485589988529682,0.4878626465797424,0.4871626274178889
P191 (29).jpg,P191,0,-0.0526351369917392,0.4868442118167877,0.4860855679468773
P191 (3).jpg,P191,0,-0.0244120992720127,0.4938972592353821,0.493545198721619
P191 (30).jpg,P191,0,-0.0570128932595253,0.4857506155967712,0.48492895451463347
P191 (31).jpg,P191,0,-0.0440528914332389,0.4889885187149048,0.4883534382869774
P191 (32).jpg,P191,0,-0.0567801482975482,0.485808789730072,0.48499044232380284
P191 (33).jpg,P191,0,-0.068934291601181,0.4827732443809509,0.48178014749552694
P191 (34).jpg,P191,0,-0.0675692707300186,0.4831141233444214,0.482140622748841
P191 (35).jpg,P191,0,-0.0363679826259613,0.4909090101718902,0.4903845958780503
P191 (36).jpg,P191,0,-0.0294215306639671,0.4926451444625854,0.492220850915444
P191 (37).jpg,P191,0,-0.0195725671947002,0.4951070249080658,0.4948247163284823
P191 (38).jpg,P191,0,-0.0265575889497995,0.4933609962463379,0.49297798154475236
P191 (39).jpg,P191,0,-0.0648226737976074,0.4837999939918518,0.4828660011095697
P191 (4).jpg,P191,0,-0.0318477526307106,0.4920387268066406,0.49157946656213536
P191 (40).jpg,P191,0,-0.0271383188664913,0.4932158291339874,0.4928244532157291
P191 (41).jpg,P191,0,-0.0269379504024982,0.4932658970355987,0.49287742473765317
P191 (42).jpg,P191,0,-0.076807215809822,0.4808076024055481,0.4797014442691647
P191 (43).jpg,P191,0,-0.0827482342720031,0.4793246984481811,0.4781332870703276
P191 (44).jpg,P191,0,-0.0476757735013961,0.4880833327770233,0.4873960227693037
P191 (45).jpg,P191,0,-0.0880413055419921,0.4780038297176361,0.4767365203179901
P191 (46).jpg,P191,0,-0.0178366415202617,0.4955409169197082,0.49528369285808616
P191 (47).jpg,P191,0,-0.0333655215799808,0.49165940284729,0.4911782504326681
P191 (48).jpg,P191,0,-0.0150739820674061,0.4962315559387207,0.4960141525638941
P191 (49).jpg,P191,0,-0.0688911378383636,0.4827840328216553,0.4817915432700116
P191 (5).jpg,P191,0,-0.0160732865333557,0.495981752872467,0.4957499297971981
P191 (50).jpg,P191,0,-0.0173402838408947,0.4956650733947754,0.49541493068935943
P191 (51).jpg,P191,0,-0.0691272094845771,0.4827250838279724,0.48172920318520623
P191 (52).jpg,P191,0,-0.0057576159015297,0.4985605776309967,0.49847754935025534
P191 (53).jpg,P191,0,-0.0550073944032192,0.4862516224384308,0.4854587927079489
P191 (54).jpg,P191,0,-0.0645505562424659,0.4838679730892181,0.48293787154667867
P191 (55).jpg,P191,0,-0.0423938296735286,0.48940309882164,0.48879190587526733
P191 (56).jpg,P191,0,-0.0465780533850193,0.4883575737476349,0.48768610675264296
P191 (57).jpg,P191,0,-0.0431999899446964,0.4892016649246216,0.4885788464210114
P191 (58).jpg,P191,0,-0.0593423880636692,0.4851687252521515,0.48431356155842775
P191 (59).jpg,P191,0,-0.0725669562816619,0.481866180896759,0.480820925364708
P191 (6).jpg,P191,0,0.015106938779354,0.5037766695022583,0.5039945614468947
P191 (60).jpg,P191,0,-0.0827240794897079,0.4793307185173034,0.4781396619767582
P191 (61).jpg,P191,0,-0.0372577123343944,0.4906866252422333,0.49014941859706723
P191 (62).jpg,P191,0,-0.042725708335638,0.4893201887607574,0.4887041934311289
P191 (63).jpg,P191,0,-0.0772545784711837,0.4806959629058838,0.47958334667005476
P191 (64).jpg,P191,0,-0.0554777905344963,0.4861341416835785,0.4853345144974252
P191 (65).jpg,P191,0,-0.1373842805624008,0.4657078385353088,0.46373600289046024
P191 (66).jpg,P191,0,-0.1215430200099945,0.4696516096591949,0.467905223325169
P191 (67).jpg,P191,0,-0.1054226085543632,0.4736687242984772,0.47215251491823945
P191 (68).jpg,P191,0,-0.1440365612506866,0.4640530049800873,0.46198668274058236
P191 (69).jpg,P191,0,-0.0687020644545555,0.4828312695026397,0.4818414728041249
P191 (7).jpg,P191,0,-0.0530897043645381,0.4867306351661682,0.48596546303863336
P191 (70).jpg,P191,0,-0.0642347335815429,0.4839468002319336,0.48302128606016315
P191 (71).jpg,P191,0,-0.0271585863083601,0.4932107925415039,0.492819095109837
P191 (72).jpg,P191,0,-0.0181771162897348,0.495455801486969,0.4951936711132415
P191 (73).jpg,P191,0,-0.0638574808835983,0.4840410649776459,0.48312092660437317
P191 (74).jpg,P191,0,-0.072620689868927,0.4818527996540069,0.48080673780279237
P191 (75).jpg,P191,0,-0.090576171875,0.4773714542388916,0.47606773238030725
P191 (8).jpg,P191,0,-0.0211704894900321,0.4947075843811035,0.49440223540778255
P191 (9).jpg,P191,0,-0.033378355205059,0.4916561543941498,0.4911748579631147
P013 (1).jpg,P013,1,-0.1980810016393661,0.4506410360336303,0.4478132606029241
P013 (10).jpg,P013,1,-0.0624551400542259,0.484391301870346,0.48349132665685757
P013 (11).jpg,P013,1,-0.0961378440260887,0.4759840667247772,0.47460066940763124
P013 (12).jpg,P013,1,-0.1111044585704803,0.4722523987293243,0.4706550094540048
P013 (13).jpg,P013,1,-0.0719420537352562,0.4820222556591034,0.48098592393921735
P013 (14).jpg,P013,1,-0.0933403447270393,0.4766818583011627,0.475338543122203
P013 (15).jpg,P013,1,-0.089220181107521,0.4777097404003143,0.476425480472204
P013 (16).jpg,P013,1,0.0016546432161703,0.5004136562347412,0.5004375282799254
P013 (17).jpg,P013,1,-0.0931317657232284,0.476733922958374,0.4753935626691451
P013 (18).jpg,P013,1,-0.0719701200723648,0.4820152521133423,0.4809785132455107
P013 (19).jpg,P013,1,-0.0602013170719146,0.4849542081356048,0.4840866663836374
P013 (2).jpg,P013,1,-0.0130433402955532,0.4967392086982727,0.4965510744958901
P013 (20).jpg,P013,1,-0.0859906822443008,0.4785155951976776,0.4772776088708208
P013 (21).jpg,P013,1,-0.0133456066250801,0.4966636896133423,0.49647115173051654
P013 (22).jpg,P013,1,-0.0503031611442565,0.4874268472194671,0.4867017430442869
P013 (23).jpg,P013,1,-0.0643569082021713,0.483916312456131,0.4829890174065103
P013 (24).jpg,P013,1,-0.1055328100919723,0.4736412465572357,0.4721234654038906
P013 (25).jpg,P013,1,-0.0287821069359779,0.4928049743175506,0.49238989024251273
P013 (26).jpg,P013,1,0.0096761034801602,0.5024189949035645,0.5025585775825294
P013 (27).jpg,P013,1,-0.0367399528622627,0.490816056728363,0.4902862745407767
P013 (28).jpg,P013,1,-0.0034227767027914,0.4991442859172821,0.49909493458449516
P013 (29).jpg,P013,1,0.0340787731111049,0.5085188746452332,0.5090102908532302
P013 (3).jpg,P013,1,-0.0375591218471527,0.4906113445758819,0.49006974968871597
P013 (30).jpg,P013,1,-0.0586378462612628,0.4853447377681732,0.4844996785532746
P013 (31).jpg,P013,1,-0.0551655255258083,0.4862121343612671,0.4854170144143362
P013 (32).jpg,P013,1,-0.0627484619617462,0.4843180179595947,0.48341385007583104
P013 (33).jpg,P013,1,-0.1194783598184585,0.4701659083366394,0.4684489587253947
P013 (34).jpg,P013,1,-0.0868341624736785,0.4783050715923309,0.4770550370866923
P013 (35).jpg,P013,1,-0.138238713145256,0.4654952585697174,0.4635112657438803
P013 (36).jpg,P013,1,-0.1757832020521164,0.4561669826507568,0.45365203236232987
P013 (37).jpg,P013,1,-0.0702134817838668,0.4824538230895996,0.4814423556506061
P013 (38).jpg,P013,1,-0.1407628357410431,0.4648672640323639,0.4628474452584507
P013 (39).jpg,P013,1,-0.074529230594635,0.4813763201236725,0.4803028359920293
P013 (4).jpg,P013,1,-0.051076378673315,0.4872336983680725,0.48649743216025226
P013 (40).jpg,P013,1,-0.132964015007019,0.4668078422546386,0.4648988765472696
P013 (41).jpg,P013,1,-0.0842262059450149,0.4789558947086334,0.4777432358677928
P013 (42).jpg,P013,1,-0.1212237328290939,0.4697311222553253,0.4679893037587782
P013 (43).jpg,P013,1,-0.1096420660614967,0.4726169109344482,0.47104038747433885
P013 (44).jpg,P013,1,-0.1239641308784484,0.4690486192703247,0.46726771258651767
P013 (45).jpg,P013,1,-0.1264614164829254,0.4684267044067383,0.46661025600880335
P013 (46).jpg,P013,1,-0.09787318110466,0.4755511879920959,0.4741430091422263
P013 (47).jpg,P013,1,-0.103445179760456,0.4741617441177368,0.4726738039933593
P013 (48).jpg,P013,1,-0.1590538620948791,0.4603201746940613,0.45804115627394176
P013 (49).jpg,P013,1,-0.1261054128408432,0.4685153365135193,0.4667039735111078
P013 (5).jpg,P013,1,-0.072526104748249,0.4818764328956604,0.48083171163082705
P013 (50).jpg,P013,1,-0.1479481607675552,0.4630802571773529,0.46095850116317594
P013 (51).jpg,P013,1,-0.1229933127760887,0.4692903459072113,0.4675233292048305
P013 (52).jpg,P013,1,-0.1885460019111633,0.4530026614665985,0.4503083747998092
P013 (53).jpg,P013,1,-0.181560143828392,0.4547342360019684,0.45213802590795066
P013 (54).jpg,P013,1,-0.219588428735733,0.4453224241733551,0.4421950337402314
P013 (55).jpg,P013,1,-0.2492124438285827,0.4380173683166504,0.43448101535392686
P013 (56).jpg,P013,1,-0.1616214513778686,0.4596824049949646,0.45736708086964495
P013 (57).jpg,P013,1,-0.1911235004663467,0.4523640275001526,0.44963364429650676
P013 (58).jpg,P013,1,-0.0881388708949089,0.4779795408248901,0.47671077754705343
P013 (59).jpg,P013,1,-0.1504782438278198,0.4624512791633606,0.46029363375192534
P013 (6).jpg,P013,1,-0.0536012761294841,0.4866029024124145,0.4858302984798196
P013 (60).jpg,P013,1,-0.1928368210792541,0.4519396424293518,0.449185238281694
P013 (7).jpg,P013,1,-0.0750141367316246,0.4812552332878113,0.48017481515870686
P013 (8).jpg,P013,1,-0.070983812212944,0.4822615087032318,0.4812389450101644
P013 (9).jpg,P013,1,-0.1062245741486549,0.4734688103199005,0.4719411182761829
P026 (1).jpg,P026,1,-0.0349069833755493,0.4912741184234619,0.49077078282842984
P026 (10).jpg,P026,1,-0.0001783374464139,0.499955415725708,0.499952843189941
P026 (11).jpg,P026,1,0.0322427861392498,0.5080599784851074,0.5085249600253041
P026 (12).jpg,P026,1,-0.0698926970362663,0.4825339615345001,0.48152706271779916
P026 (13).jpg,P026,1,-0.0639337226748466,0.4840220212936401,0.4831007894004933
P026 (14).jpg,P026,1,-0.0807481557130813,0.4798239171504974,0.4786611697675042
P026 (2).jpg,P026,1,-0.0252965688705444,0.4936761856079101,0.4933113635968308
P026 (3).jpg,P026,1,-0.032464649528265,0.4918845593929291,0.49141639100581275
P026 (4).jpg,P026,1,-0.0559859834611415,0.4860071539878845,0.48520025244802517
P026 (5).jpg,P026,1,-0.0593711361289024,0.485161542892456,0.48430596734806086
P026 (6).jpg,P026,1,-0.0103392470628023,0.4974152147769928,0.49726607584595583
P026 (7).jpg,P026,1,-0.0653313845396041,0.4836730062961578,0.4827316446716687
P026 (8).jpg,P026,1,-0.0464616306126117,0.4883866906166076,0.48771687317377155
P026 (9).jpg,P026,1,0.0011420916998758,0.5002855062484741,0.5003019971186894
P156 (1).jpg,P156,1,-0.0462974235415458,0.4884277582168579,0.4877602674531662
P156 (10).jpg,P156,1,-0.0502475462853908,0.4874407649040222,0.4867164385906885
P156 (11).jpg,P156,1,-0.0409681387245655,0.4897594153881073,0.4891687105184646
P156 (12).jpg,P156,1,-0.0723433867096901,0.4819220006465912,0.48087995594753846
P156 (13).jpg,P156,1,-0.0304570738226175,0.4923862814903259,0.49194709645845064
P156 (14).jpg,P156,1,-0.062777854502201,0.4843106865882873,0.4834060865211512
P156 (15).jpg,P156,1,-0.0685919895768165,0.4828587174415588,0.4818705409830608
P156 (16).jpg,P156,1,-0.0318954586982727,0.4920267760753631,0.4915668554868463
P156 (17).jpg,P156,1,-0.0164007972925901,0.495899885892868,0.4956633342770819
P156 (18).jpg,P156,1,-0.0563910603523254,0.4859059154987335,0.4850932346724997
P156 (19).jpg,P156,1,-0.0434295423328876,0.4891443252563476,0.4885181789593338
P156 (2).jpg,P156,1,-0.0454335026443004,0.4886435866355896,0.48798857504688137
P156 (20).jpg,P156,1,-0.0563398711383342,0.4859187602996826,0.4851067583403451
P156 (21).jpg,P156,1,-0.0337640829384326,0.4915598332881927,0.49107289420018657
P156 (22).jpg,P156,1,-0.0297674778848886,0.4925586581230163,0.4921293963598484
P156 (23).jpg,P156,1,-0.0490181371569633,0.4877478778362274,0.4870413007393349
P156 (24).jpg,P156,1,-0.0422560758888721,0.4894375503063202,0.48882831312253294
P156 (25).jpg,P156,1,-0.0570103712379932,0.4857512712478637,0.4849296207933321
P156 (26).jpg,P156,1,-0.044883694499731,0.4887810051441192,0.4881338749633718
P156 (27).jpg,P156,1,-0.0464299283921718,0.4883945882320404,0.4877252509655277
P156 (28).jpg,P156,1,-0.0462645180523395,0.4884359538555145,0.4877689632640723
P156 (29).jpg,P156,1,-0.0025623361580073,0.4993594288825989,0.4993224556685166
P156 (3).jpg,P156,1,-0.046429868787527,0.4883946478366852,0.48772526671696415
P156 (30).jpg,P156,1,-0.0420495048165321,0.4894891679286957,0.48888290846239785
P156 (31).jpg,P156,1,-0.0378039814531803,0.49055016040802,0.490005028487774
P156 (32).jpg,P156,1,-0.0439942777156829,0.4890032410621643,0.488368928798484
P156 (33).jpg,P156,1,-0.0631438344717025,0.4842192828655243,0.4833094196216892
P156 (34).jpg,P156,1,-0.0585636682808399,0.4853632748126983,0.48451927421053914
P156 (35).jpg,P156,1,-0.0449771098792552,0.4887576401233673,0.48810918757905797
P156 (36).jpg,P156,1,-0.0496866963803768,0.4875808358192444,0.4868646375993615
P156 (37).jpg,P156,1,-0.04185626283288,0.4895374476909637,0.4889339812542357
P156 (38).jpg,P156,1,-0.046575840562582,0.4883581399917602,0.4876866915224813
P156 (39).jpg,P156,1,-0.0338656455278396,0.491534411907196,0.49104604713844086
P156 (4).jpg,P156,1,-0.0299227777868509,0.4925198554992676,0.49208834147193303
P156 (40).jpg,P156,1,-0.0587230212986469,0.485323429107666,0.48447717785333905
P156 (41).jpg,P156,1,-0.0248776841908693,0.4937809109687805,0.4934221075211196
P156 (42).jpg,P156,1,-0.0559503436088562,0.4860160648822784,0.4852096682507168
P156 (43).jpg,P156,1,-0.0397049598395824,0.4900750517845154,0.4895025741450708
P156 (44).jpg,P156,1,-0.0226980336010456,0.4943256974220276,0.4939983695156524
P156 (45).jpg,P156,1,-0.0850418806076049,0.4787523150444031,0.4775279829265016
P156 (46).jpg,P156,1,-0.0446421541273593,0.4888413250446319,0.4881977084035518
P156 (47).jpg,P156,1,-0.077234610915184,0.4807009100914001,0.47958861778207884
P156 (48).jpg,P156,1,-0.0668322890996933,0.4832981526851654,0.4823352529020519
P156 (49).jpg,P156,1,-0.0894601196050643,0.4776498973369598,0.47636217624868465
P156 (5).jpg,P156,1,-0.043079238384962,0.4892318546772003,0.4886107594919525
P156 (50).jpg,P156,1,0.0182435270398855,0.5045607686042786,0.5048238878950524
P156 (51).jpg,P156,1,0.0106680765748023,0.5026669502258301,0.5028208720872541
P156 (52).jpg,P156,1,-0.0409738719463348,0.4897579848766327,0.4891671952250298
P156 (53).jpg,P156,1,-0.0210364088416099,0.4947410821914673,0.49443768521556775
P156 (54).jpg,P156,1,0.0022245096042752,0.5005561113357544,0.5005882148192082
P156 (55).jpg,P156,1,-0.0654406547546386,0.4836456775665283,0.482702785459002
P156 (56).jpg,P156,1,-0.0578432567417621,0.4855432212352752,0.4847095883782251
P156 (6).jpg,P156,1,-0.0426400527358055,0.4893416166305542,0.4887268313432442
P156 (7).jpg,P156,1,-0.0472897849977016,0.4881797730922699,0.4874980232971546
P156 (8).jpg,P156,1,-0.0447771362960338,0.4888075292110443,0.4881620357431244
P156 (9).jpg,P156,1,-0.020990502089262,0.4947525560855865,0.49444982259177805
P157 (1).jpg,P157,1,-0.037753764539957,0.4905626773834228,0.49001830177655287
P157 (2).jpg,P157,1,-0.0146542377769947,0.4963365495204925,0.49612513642666245
P157 (3).jpg,P157,1,-0.0199018418788909,0.4950247406959533,0.4947376574834374
P157 (4).jpg,P157,1,-0.0545330643653869,0.4863700866699219,0.48558411207368823
P157 (5).jpg,P157,1,-0.0415284894406795,0.4896194040775299,0.48902061048402673
P205 (1).jpg,P205,1,0.13304403424263,0.5332120656967163,0.535122178166207
P205 (10).jpg,P205,1,0.0692664608359336,0.5173096656799316,0.5183075690331342
P205 (11).jpg,P205,1,-0.0217663422226905,0.4945586025714874,0.49424469758902717
P205 (12).jpg,P205,1,-0.06892841309309,0.4827746748924255,0.4817816998538853
P205 (13).jpg,P205,1,0.0368806011974811,0.5092191100120544,0.5097509022502
P205 (14).jpg,P205,1,0.0527883805334568,0.5131940245628357,0.513954921944289
P205 (15).jpg,P205,1,0.0689793303608894,0.5172379612922668,0.5182317460368763
P205 (16).jpg,P205,1,0.0434142053127288,0.5108518600463867,0.5114777676928705
P205 (17).jpg,P205,1,0.0179505739361047,0.5044875144958496,0.5047464309792059
P205 (18).jpg,P205,1,-0.0099596418440341,0.4975101351737976,0.4973664499167341
P205 (19).jpg,P205,1,0.0873950496315956,0.5218348503112793,0.523092960935071
P205 (2).jpg,P205,1,0.185840755701065,0.5463269352912903,0.5489832566557353
P205 (20).jpg,P205,1,0.0398650430142879,0.5099649429321289,0.5105397370527475
P205 (21).jpg,P205,1,0.055013783276081,0.5137499570846558,0.514542895238266
P205 (22).jpg,P205,1,0.0668449327349662,0.5167050361633301,0.5176680862125166
P205 (23).jpg,P205,1,0.0869776681065559,0.5217307209968567,0.5229828292919411
P205 (24).jpg,P205,1,0.0630971938371658,0.5157690644264221,0.5166782611790554
P205 (25).jpg,P205,1,0.1204947978258133,0.5300872921943665,0.5318187331822911
P205 (26).jpg,P205,1,-0.0044429996050894,0.4988892376422882,0.4988251637122583
P205 (27).jpg,P205,1,0.0933182537555694,0.5233126282691956,0.5246556296885208
P205 (28).jpg,P205,1,0.0433120876550674,0.5108263492584229,0.5114507794664663
P205 (29).jpg,P205,1,0.0156058147549629,0.5039013624191284,0.5041264678328203
P205 (3).jpg,P205,1,0.1406744122505188,0.5351107716560364,0.5371293024077823
P205 (30).jpg,P205,1,0.0737131237983703,0.5184199213981628,0.5194816965351993
P205 (31).jpg,P205,1,0.1146171689033508,0.5286229252815247,0.5302705362135675
P205 (32).jpg,P205,1,0.0932178497314453,0.5232875943183899,0.5246291448812801
P205 (33).jpg,P205,1,0.061223167926073,0.5153010487556458,0.5161832577658777
P205 (34).jpg,P205,1,-0.0085004456341266,0.4978748559951782,0.4977522880967732
P205 (35).jpg,P205,1,0.0294320583343505,0.5073574781417847,0.5077819321856363
P205 (36).jpg,P205,1,-0.025530245155096,0.4936178028583526,0.49324958499560007
P205 (37).jpg,P205,1,-0.0080803371965885,0.4979799687862396,0.49786337297184424
P205 (38).jpg,P205,1,-0.0715248137712478,0.4821264147758484,0.4810960938272535
P205 (39).jpg,P205,1,0.0129461772739887,0.5032365322113037,0.5034232344231284
P205 (4).jpg,P205,1,0.051448356360197,0.5128592252731323,0.5136008556403581
P205 (40).jpg,P205,1,0.0199870765209198,0.5049965977668762,0.5052848781465369
P205 (41).jpg,P205,1,-0.04276018217206,0.4893115758895874,0.4886950823565338
P205 (42).jpg,P205,1,0.072951428592205,0.5182297825813293,0.519280588200973
P205 (43).jpg,P205,1,-0.0058150892145931,0.4985461831092834,0.49846235213401996
P205 (44).jpg,P205,1,5.6620920076966286e-06,0.5000014305114746,0.5000014971964862
P205 (45).jpg,P205,1,0.0115776564925909,0.5028943419456482,0.5030613790780603
P205 (46).jpg,P205,1,0.0260345097631216,0.5065082907676697,0.506883730190731
P205 (47).jpg,P205,1,0.0971115082502365,0.5242587924003601,0.5256561202595362
P205 (48).jpg,P205,1,0.0886276364326477,0.5221424102783203,0.5234181821390589
P205 (49).jpg,P205,1,0.0046662813983857,0.501166582107544,0.5012338771468383
P205 (5).jpg,P205,1,0.1057238429784774,0.5264064073562622,0.5279268910920029
P205 (50).jpg,P205,1,0.0450153015553951,0.5112519264221191,0.511900905523719
P205 (51).jpg,P205,1,-0.0381631515920162,0.4904603362083435,0.48991009337570374
P205 (52).jpg,P205,1,-0.0048680086620152,0.4987829923629761,0.49871278153869036
P205 (53).jpg,P205,1,0.0416543930768966,0.5104120373725891,0.5110126654345042
P205 (54).jpg,P205,1,0.0832854956388473,0.5208093523979187,0.5220085045772578
P205 (55).jpg,P205,1,0.0447041876614093,0.511174201965332,0.5118186856374918
P205 (56).jpg,P205,1,0.1017446890473365,0.525414228439331,0.5268778655513954
P205 (57).jpg,P205,1,0.0588793642818927,0.5147155523300171,0.5155641231276297
P205 (58).jpg,P205,1,0.0488847009837627,0.5122187733650208,0.5129234390883575
P205 (59).jpg,P205,1,0.0487601161003112,0.512187659740448,0.5128905177309296
P205 (6).jpg,P205,1,0.066930204629898,0.5167263150215149,0.5176906060099735
P205 (60).jpg,P205,1,0.1163481250405311,0.5290542244911194,0.5307265406215195
P205 (61).jpg,P205,1,0.064660869538784,0.5161595940589905,0.5170912639790228
P205 (62).jpg,P205,1,0.0187748633325099,0.5046935677528381,0.5049643728263633
P205 (63).jpg,P205,1,0.0815638601779937,0.5203796625137329,0.5215541257343694
P205 (64).jpg,P205,1,0.0280135571956634,0.5070029497146606,0.5074069321220975
P205 (65).jpg,P205,1,0.0113563053309917,0.5028390288352966,0.5030028505354087
P205 (66).jpg,P205,1,0.0349687933921813,0.5087413191795349,0.5092455556827584
P205 (67).jpg,P205,1,0.1053283363580703,0.5263077616691589,0.5278226344483435
P205 (68).jpg,P205,1,0.0783131048083305,0.5195682644844055,0.5206960806357401
P205 (69).jpg,P205,1,0.0756618306040763,0.5189064145088196,0.5199961794571409
P205 (7).jpg,P205,1,-0.0256613139063119,0.4935850501060486,0.4932149335414665
P205 (70).jpg,P205,1,0.1467475444078445,0.5366211533546448,0.5387259463342068
P205 (71).jpg,P205,1,0.1446634978055954,0.5361028909683228,0.5381781323527629
P205 (72).jpg,P205,1,0.1347049325704574,0.5336253643035889,0.5355591664443026
P205 (8).jpg,P205,1,-0.0295292660593986,0.492618203163147,0.49219236994630705
P205 (9).jpg,P205,1,0.0714221969246864,0.5178479552268982,0.5188768104840417
P041 (1).jpg,P041,1,-0.0118504408746957,0.4970374405384063,0.49686649278561495
P041 (10).jpg,P041,1,0.0254629533737897,0.5063653588294983,0.5067326246359327
P041 (11).jpg,P041,1,-0.0058104847557842,0.4985473752021789,0.49846356965475164
P041 (12).jpg,P041,1,-0.0384904108941555,0.4903785586357116,0.4898235935038213
P041 (13).jpg,P041,1,-0.0286236051470041,0.4928445816040039,0.4924317923609608
P041 (14).jpg,P041,1,-0.0281970538198947,0.4929512143135071,0.4925445575719631
P041 (15).jpg,P041,1,-0.0135765634477138,0.4966059327125549,0.4964100841570822
P041 (16).jpg,P041,1,0.0347226299345493,0.5086798071861267,0.509180486105766
P041 (17).jpg,P041,1,-0.0059958030469715,0.4985010325908661,0.49841456741499834
P041 (18).jpg,P041,1,-0.0011145108146592,0.4997213184833526,0.4997052959436052
P041 (19).jpg,P041,1,-0.0530726313591003,0.486734926700592,0.4859699740057569
P041 (2).jpg,P041,1,0.0139360465109348,0.5034839510917664,0.5036849669816525
P041 (20).jpg,P041,1,-0.0721825212240219,0.4819622039794922,0.4809224306776232
P041 (21).jpg,P041,1,-0.0327656418085098,0.4918093383312225,0.4913368249129505
P041 (22).jpg,P041,1,-0.0272675231099128,0.4931835234165191,0.49279029550362047
P041 (23).jpg,P041,1,-0.0607917495071888,0.4848067462444305,0.4839307012152577
P041 (24).jpg,P041,1,-0.052048522979021,0.4869908392429352,0.48624056433488144
P041 (25).jpg,P041,1,-0.0309575106948614,0.4922612309455871,0.4918148035247546
P041 (26).jpg,P041,1,0.0199606716632843,0.5049899816513062,0.5052778968312909
P041 (27).jpg,P041,1,-0.0642794221639633,0.483935683965683,0.4830094829345277
P041 (28).jpg,P041,1,-0.07144396007061,0.4821465909481048,0.48111744300942016
P041 (29).jpg,P041,1,-0.0170244239270687,0.495743989944458,0.4954984449284795
P041 (3).jpg,P041,1,0.0049612196162343,0.5012402534484863,0.5013118655652756
P041 (30).jpg,P041,1,-0.0432825945317745,0.4891810715198517,0.48855701515374444
P041 (31).jpg,P041,1,-0.0263573583215475,0.4934110641479492,0.49303091708682045
P041 (32).jpg,P041,1,-0.1203764230012893,0.469942182302475,0.46821244139760415
P041 (33).jpg,P041,1,-0.115209475159645,0.4712294638156891,0.4695734204465829
P041 (34).jpg,P041,1,-0.1009026169776916,0.4747956991195678,0.47334416090082276
P041 (35).jpg,P041,1,-0.095407448709011,0.4761662185192108,0.4747933092925174
P041 (36).jpg,P041,1,-0.0800667405128479,0.4799940288066864,0.4788410272941545
P041 (37).jpg,P041,1,-0.1146315485239029,0.471373438835144,0.46972567539894683
P041 (38).jpg,P041,1,-0.1448502838611602,0.46385058760643,0.46177276514968507
P041 (39).jpg,P041,1,-0.0769100338220596,0.4807819724082947,0.4796743015246407
P041 (4).jpg,P041,1,-0.0091217719018459,0.4977196156978607,0.49758799770785056
P041 (5).jpg,P041,1,-0.0045187403447926,0.498870313167572,0.49880513610896426
P041 (6).jpg,P041,1,-0.0254905372858047,0.493627667427063,0.49326008282272094
P041 (7).jpg,P041,1,-0.028633963316679,0.4928419589996338,0.4924290540337082
P041 (8).jpg,P041,1,0.0145954582840204,0.5036487579345703,0.5038593217584041
P041 (9).jpg,P041,1,-0.0038004633970558,0.4990499317646026,0.4989950652913072
P100 (1).jpg,P100,1,-0.1007700711488723,0.4748287796974182,0.4733791097985928
P100 (10).jpg,P100,1,-0.0559753626585006,0.486009806394577,0.48520305838959127
P100 (100).jpg,P100,1,-0.0797047913074493,0.4800843596458435,0.478936564950134
P100 (101).jpg,P100,1,-0.0807555317878723,0.479822039604187,0.4786592229045619
P100 (102).jpg,P100,1,0.003559875767678,0.5008900165557861,0.5009413176590346
P100 (103).jpg,P100,1,-0.0534804798662662,0.4866330623626709,0.4858622143897566
P100 (104).jpg,P100,1,-0.0572089813649654,0.4857016801834106,0.4848771512639726
P100 (105).jpg,P100,1,-0.0567842163145542,0.4858077764511108,0.4849893676094005
P100 (106).jpg,P100,1,-0.0907746106386184,0.4773219227790832,0.4760153807645379
P100 (107).jpg,P100,1,-0.0682970136404037,0.4829323887825012,0.4819484377749171
P100 (108).jpg,P100,1,-0.0797153264284133,0.480081707239151,0.47893378414929355
P100 (109).jpg,P100,1,-0.0286387354135513,0.492840826511383,0.4924277924632044
P100 (11).jpg,P100,1,-0.0912100002169609,0.4772132933139801,0.4759005192289978
P100 (110).jpg,P100,1,-0.03697020560503,0.4907585084438324,0.49022541317210566
P100 (111).jpg,P100,1,-0.0198347046971321,0.4950414597988128,0.4947554082468965
P100 (112).jpg,P100,1,0.0037759314291179,0.5009439587593079,0.5009984478786074
P100 (113).jpg,P100,1,-0.0837132558226585,0.4790839254856109,0.4778786053787602
P100 (114).jpg,P100,1,-0.07772908359766,0.4805774986743927,0.47945808632682035
P100 (115).jpg,P100,1,-0.0919717103242874,0.4770232737064361,0.4756995761562396
P100 (116).jpg,P100,1,-0.0776833742856979,0.4805888831615448,0.4794701526050597
P100 (117).jpg,P100,1,-0.0467458814382553,0.488315612077713,0.4876417558981397
P100 (118).jpg,P100,1,-0.0660508275032043,0.48349329829216,0.4825416356640469
P100 (119).jpg,P100,1,-0.0147494077682495,0.4963127076625824,0.49609997265980377
P100 (12).jpg,P100,1,-0.2071657925844192,0.4483929872512817,0.4454383970526123
P100 (120).jpg,P100,1,-0.0531947426497936,0.4867044389247894,0.48593771025697674
P100 (121).jpg,P100,1,-0.0490835756063461,0.4877315461635589,0.4870240088412025
P100 (122).jpg,P100,1,-0.0239491071552038,0.4940130412578583,0.49366760521392916
P100 (123).jpg,P100,1,-0.0302064474672079,0.4924489557743072,0.4920133511857592
P100 (124).jpg,P100,1,-0.0391672700643539,0.4902094304561615,0.4896446907303108
P100 (125).jpg,P100,1,-0.0525629930198192,0.486862301826477,0.4861046298351183
P100 (126).jpg,P100,1,-0.0319735668599605,0.4920072853565216,0.49154620765623913
P100 (127).jpg,P100,1,-0.1735951602458953,0.4567098915576935,0.4542256943440361
P100 (128).jpg,P100,1,-0.045091513544321,0.4887290596961975,0.488078953586779
P100 (129).jpg,P100,1,-0.1726895123720169,0.4569345712661743,0.4544631732465832
P100 (13).jpg,P100,1,-0.1334655880928039,0.466683030128479,0.46476690437820134
P100 (130).jpg,P100,1,-0.0583179108798503,0.485424667596817,0.48458419648229634
P100 (131).jpg,P100,1,-0.0587075389921665,0.4853273034095764,0.4844812678114387
P100 (132).jpg,P100,1,-0.1108940541744232,0.4723048210144043,0.47071045427747876
P100 (133).jpg,P100,1,-0.1198131293058395,0.4700824916362762,0.46836079089978605
P100 (134).jpg,P100,1,-0.0871042013168335,0.4782377183437347,0.47698378300818955
P100 (135).jpg,P100,1,-0.0907145664095878,0.4773369133472442,0.47603122142653587
P100 (14).jpg,P100,1,-0.1004131883382797,0.4749177992343902,0.4734732118365933
P100 (15).jpg,P100,1,-0.1783561259508133,0.4555287659168243,0.4529776193211305
P100 (16).jpg,P100,1,-0.1113412380218505,0.4721933901309967,0.4705926152602511
P100 (17).jpg,P100,1,-0.1367513388395309,0.4658653438091278,0.46390249190236876
P100 (18).jpg,P100,1,-0.1686610877513885,0.4579343795776367,0.45551975594549415
P100 (19).jpg,P100,1,-0.1085114702582359,0.4728987514972687,0.4713383522216769
P100 (2).jpg,P100,1,-0.0277114454656839,0.4930725693702698,0.492672936312472
P100 (20).jpg,P100,1,-0.1606194227933883,0.4599312543869018,0.4576301274146038
P100 (21).jpg,P100,1,-0.1266855001449585,0.4683709442615509,0.4665512674801612
P100 (22).jpg,P100,1,-0.0617973506450653,0.4845555424690246,0.4836650747400658
P100 (23).jpg,P100,1,-0.0336852185428142,0.491579532623291,0.4910937412553762
P100 (24).jpg,P100,1,-0.1464295238256454,0.4634578824043274,0.4613576427695959
P100 (25).jpg,P100,1,-0.0854363888502121,0.4786538481712341,0.47742387693315197
P100 (26).jpg,P100,1,-0.068848468363285,0.48279470205307,0.48180281117545803
P100 (27).jpg,P100,1,-0.1419936418533325,0.4645611047744751,0.4625238024484713
P100 (28).jpg,P100,1,-0.132937341928482,0.4668144881725311,0.4649058948128988
P100 (29).jpg,P100,1,-0.090797834098339,0.47731614112854,0.4760092540442051
P100 (3).jpg,P100,1,-0.1503713130950927,0.462477833032608,0.46032173068196597
P100 (30).jpg,P100,1,-0.1203546524047851,0.4699476063251495,0.4682181748160198
P100 (31).jpg,P100,1,-0.066297635436058,0.4834316372871399,0.4824764534355292
P100 (32).jpg,P100,1,-0.0283608138561248,0.4929102659225464,0.4925012650713892
P100 (33).jpg,P100,1,-0.02975944429636,0.4925606846809387,0.49213152011216005
P100 (34).jpg,P100,1,-0.0088282581418752,0.4977929592132568,0.49766560822152967
P100 (35).jpg,P100,1,-0.0381130203604698,0.4904728829860687,0.4899233439161309
P100 (36).jpg,P100,1,-0.105086401104927,0.4737525880336761,0.4722411415532776
P100 (37).jpg,P100,1,-0.0427176170051097,0.4893221855163574,0.48870633188629276
P100 (38).jpg,P100,1,-0.0635983794927597,0.4841057658195495,0.4831893616274061
P100 (39).jpg,P100,1,-0.0420805104076862,0.4894814491271972,0.48887471387702486
P100 (4).jpg,P100,1,-0.1300381422042846,0.4675361812114715,0.4656688194176683
P100 (40).jpg,P100,1,-0.0775963366031646,0.4806106388568878,0.4794931287531669
P100 (41).jpg,P100,1,-0.0600117929279804,0.4850015342235565,0.4841367306283601
P100 (42).jpg,P100,1,-0.0571426600217819,0.4857182204723358,0.4848946722351552
P100 (43).jpg,P100,1,-0.0472726039588451,0.4881840348243713,0.4875025635474024
P100 (44).jpg,P100,1,-0.0763718038797378,0.4809163212776184,0.4798163892179711
P100 (45).jpg,P100,1,-0.0275665149092674,0.4931088387966156,0.4927112513320239
P100 (46).jpg,P100,1,-0.0761599391698837,0.4809692203998565,0.4798723204256078
P100 (47).jpg,P100,1,-0.0609020963311195,0.4847791790962219,0.48390155299185567
P100 (48).jpg,P100,1,-0.1216252148151397,0.469631165266037,0.4678835786079905
P100 (49).jpg,P100,1,-0.1014247089624404,0.4746655225753784,0.4732065013278026
P100 (5).jpg,P100,1,-0.1146951764822006,0.4713576138019562,0.4697089123169244
P100 (50).jpg,P100,1,-0.0591414980590343,0.4852189123630523,0.484366629712769
P100 (51).jpg,P100,1,-0.0744787156581878,0.4813888967037201,0.48031617266905535
P100 (52).jpg,P100,1,-0.0694279745221138,0.4826499819755554,0.48164978016396975
P100 (53).jpg,P100,1,-0.1141606718301773,0.4714908003807068,0.4698497321782366
P100 (54).jpg,P100,1,-0.0753949880599975,0.4811601638793945,0.48007426782389606
P100 (55).jpg,P100,1,-0.0473987944424152,0.4881525039672851,0.4874692165796967
P100 (56).jpg,P100,1,-0.0631834343075752,0.4842093884944916,0.483298960125785
P100 (57).jpg,P100,1,-0.092445969581604,0.4769049882888794,0.47557446807731457
P100 (58).jpg,P100,1,-0.1219405159354209,0.469552606344223,0.46780055010815136
P100 (59).jpg,P100,1,-0.103440873324871,0.4741628170013428,0.47267493931981525
P100 (6).jpg,P100,1,-0.1335809826850891,0.4666543304920196,0.4647365428510918
P100 (60).jpg,P100,1,-0.0583230182528495,0.4854233562946319,0.48458284725106493
P100 (61).jpg,P100,1,-0.0662771910429,0.4834367632865906,0.4824818527981339
P100 (62).jpg,P100,1,-0.0823436826467514,0.4794257283210754,0.478240056875851
P100 (63).jpg,P100,1,-0.1019100770354271,0.4745445251464844,0.4730785283723619
P100 (64).jpg,P100,1,-0.0660687685012817,0.4834887981414795,0.48253689740797934
P100 (65).jpg,P100,1,-0.1156010776758194,0.471131831407547,0.46947025585882374
P100 (66).jpg,P100,1,-0.0378148593008518,0.4905474185943603,0.49000215326683855
P100 (67).jpg,P100,1,-0.1058260127902031,0.4735681414604187,0.47204617705739865
P100 (68).jpg,P100,1,-0.1558790653944015,0.461108922958374,0.4588748554749439
P100 (69).jpg,P100,1,-0.1366442441940307,0.4658919870853424,0.46393066287846335
P100 (7).jpg,P100,1,-0.1862527281045913,0.4535709619522095,0.4509088555085446
P100 (70).jpg,P100,1,-0.1195651292800903,0.4701443016529083,0.46842610617031205
P100 (71).jpg,P100,1,-0.1456290930509567,0.4636569619178772,0.4615680390462678
P100 (72).jpg,P100,1,-0.1064237728714943,0.4734191298484802,0.47188861141978
P100 (73).jpg,P100,1,-0.05884974822402,0.4852917790412903,0.4844437005026228
P100 (74).jpg,P100,1,-0.1167443767189979,0.4708469808101654,0.4691690777223949
P100 (75).jpg,P100,1,-0.0730597972869873,0.4817432165145874,0.4806907991216277
P100 (76).jpg,P100,1,-0.0788984224200248,0.4802856147289276,0.4791494141392745
P100 (77).jpg,P100,1,-0.0776712894439697,0.4805919229984283,0.4794733427481518
P100 (78).jpg,P100,1,-0.0874740630388259,0.4781454205513,0.47688619058344417
P100 (79).jpg,P100,1,-0.1140952631831169,0.4715070724487304,0.46986696498066194
P100 (8).jpg,P100,1,-0.1393727213144302,0.4652130901813507,0.4632130161278122
P100 (80).jpg,P100,1,-0.1035797148942947,0.4741281867027282,0.4726383359872808
P100 (81).jpg,P100,1,-0.1072482243180275,0.4732135832309723,0.47167130062095913
P100 (82).jpg,P100,1,-0.0997790396213531,0.4750759601593017,0.4736404273557631
P100 (83).jpg,P100,1,-0.1137216910719871,0.4716001749038696,0.46996538903714424
P100 (84).jpg,P100,1,-0.1166037172079086,0.4708820879459381,0.4692061303112489
P100 (85).jpg,P100,1,-0.0849995389580726,0.4787629246711731,0.4775391564961301
P100 (86).jpg,P100,1,-0.090010367333889,0.4775125980377197,0.47621700439578957
P100 (87).jpg,P100,1,-0.0992664024233818,0.4752037227153778,0.47377560643098354
P100 (88).jpg,P100,1,-0.0982141345739364,0.4754661917686462,0.474053094601299
P100 (89).jpg,P100,1,-0.0845881626009941,0.4788655638694763,0.47764771607976525
P100 (9).jpg,P100,1,-0.1951690316200256,0.4513620138168335,0.4485749907754733
P100 (90).jpg,P100,1,-0.0967380553483963,0.4758343398571014,0.47444237087245683
P100 (91).jpg,P100,1,-0.2309179008007049,0.4425256848335266,0.4392413645054845
P100 (92).jpg,P100,1,-0.1216400936245918,0.4696274101734161,0.4678796605190042
P100 (93).jpg,P100,1,-0.0757670849561691,0.4810672998428345,0.4799760332773924
P100 (94).jpg,P100,1,-0.0927444174885749,0.4768304824829101,0.47549574004232514
P100 (95).jpg,P100,1,-0.0809493735432624,0.4797737002372741,0.47860805997230027
P100 (96).jpg,P100,1,-0.0610396899282932,0.4847448170185089,0.4838652076596392
P100 (97).jpg,P100,1,-0.0904242247343063,0.4774093329906463,0.47610781904859273
P100 (98).jpg,P100,1,-0.1407878547906875,0.4648610353469848,0.46284086613907366
P100 (99).jpg,P100,1,-0.0830080956220626,0.4792598485946655,0.4780647051688566
P114 (1).jpg,P114,1,-0.0902622267603874,0.4774497747421264,0.4761505576650132
P114 (10).jpg,P114,1,-0.026701558381319,0.4933250248432159,0.492939920032904
P114 (11).jpg,P114,1,-0.0621904172003269,0.4844573736190796,0.4835612499083966
P114 (12).jpg,P114,1,-0.0303027033805847,0.4924249053001404,0.491987905267949
P114 (13).jpg,P114,1,-0.0318512171506881,0.4920378625392914,0.4915785507176373
P114 (14).jpg,P114,1,0.0035667042247951,0.5008916854858398,0.5009431232647513
P114 (15).jpg,P114,1,-0.0065235034562647,0.4983691275119781,0.4982750319687036
P114 (16).jpg,P114,1,-0.0178631991147995,0.4955343008041382,0.4952766710021865
P114 (17).jpg,P114,1,-0.0220868624746799,0.4944784939289093,0.49415995554100955
P114 (18).jpg,P114,1,0.0021652146242558,0.5005413293838501,0.5005725357882076
P114 (19).jpg,P114,1,-0.0055260234512388,0.498618483543396,0.49853878754898995
P114 (2).jpg,P114,1,-0.0742571055889129,0.4814442694187164,0.4803746812777855
P114 (20).jpg,P114,1,-0.1226054430007934,0.4693869650363922,0.4676254601753522
P114 (21).jpg,P114,1,-0.0901960134506225,0.4774662852287292,0.47616802628808363
P114 (22).jpg,P114,1,-0.0430660583078861,0.4892351627349853,0.48861424282098637
P114 (23).jpg,P114,1,-0.0718675926327705,0.4820408523082733,0.4810055848432747
P114 (24).jpg,P114,1,-0.1030438244342804,0.4742617905139923,0.47277961645321287
P114 (25).jpg,P114,1,-0.0773701518774032,0.4806671142578125,0.4795528372483032
P114 (26).jpg,P114,1,-0.122171975672245,0.4694949388504028,0.46773960076254867
P114 (27).jpg,P114,1,-0.1582771837711334,0.4605131447315216,0.4582450898844529
P114 (28).jpg,P114,1,-0.0126299280673265,0.4968425333499908,0.49666038582602573
P114 (29).jpg,P114,1,-0.0768902003765106,0.4807868897914886,0.4796795373113862
P114 (3).jpg,P114,1,-0.0455012880265712,0.4886266887187958,0.48797066128282557
P114 (30).jpg,P114,1,-0.058756373822689,0.4853151440620422,0.4844683671301667
P114 (31).jpg,P114,1,-0.0327272824943065,0.491818904876709,0.4913469650183179
P114 (32).jpg,P114,1,-0.0724396631121635,0.4818979799747467,0.4808545353737434
P114 (33).jpg,P114,1,-0.0824478864669799,0.4793996512889862,0.47821255507387267
P114 (34).jpg,P114,1,-0.0563637726008892,0.4859127998352051,0.4851004438151861
P114 (35).jpg,P114,1,-0.0602097362279892,0.4849520921707153,0.4840844424069004
P114 (36).jpg,P114,1,-0.0783174708485603,0.4804306328296661,0.4793027668538711
P114 (37).jpg,P114,1,-0.0383306480944156,0.4904184639453888,0.48986582129325074
P114 (38).jpg,P114,1,-0.0373503416776657,0.4906634986400604,0.49012493464929285
P114 (39).jpg,P114,1,-0.0651504918932914,0.4837181270122528,0.4827794202434928
P114 (4).jpg,P114,1,-0.0483551695942878,0.4879135489463806,0.48721648951072194
P114 (40).jpg,P114,1,-0.0741287320852279,0.4814763367176056,0.48040857418577415
P114 (41).jpg,P114,1,-0.05690723285079,0.4857770502567291,0.48495686839022756
P114 (42).jpg,P114,1,-0.0150090865790843,0.4962477684020996,0.49603131144246765
P114 (43).jpg,P114,1,-0.0014802644727751,0.4996298849582672,0.49960858172004363
P114 (44).jpg,P114,1,-0.0252882316708564,0.4936782717704773,0.49331356776325
P114 (45).jpg,P114,1,-0.007931868545711,0.4980170428752899,0.4979026310335502
P114 (46).jpg,P114,1,-0.037890862673521,0.4905284345149994,0.4899820641560163
P114 (47).jpg,P114,1,-0.0293590873479843,0.492660790681839,0.4922373584767677
P114 (48).jpg,P114,1,-0.0263287611305713,0.4934181571006775,0.49303847742051204
P114 (49).jpg,P114,1,-0.0744744092226028,0.4813899993896484,0.48031730963190516
P114 (5).jpg,P114,1,-0.0098449224606156,0.4975388348102569,0.4973967837133665
P114 (50).jpg,P114,1,-0.0471112020313739,0.4882243871688843,0.4875452156172465
P114 (51).jpg,P114,1,-0.0942510813474655,0.4764546751976013,0.47509831352722015
P114 (52).jpg,P114,1,-0.0976852476596832,0.4755980670452118,0.4741925707261415
P114 (53).jpg,P114,1,-0.1158976554870605,0.4710579812526703,0.4693921265142805
P114 (54).jpg,P114,1,-0.0450364910066127,0.4887427687644958,0.4880934946395966
P114 (55).jpg,P114,1,-0.1011538356542587,0.4747331142425537,0.473277921767603
P114 (56).jpg,P114,1,-0.0824763253331184,0.4793925881385803,0.4782050494212645
P114 (57).jpg,P114,1,-0.0269952658563852,0.493251621723175,0.4928622722029475
P114 (58).jpg,P114,1,-0.1288314312696457,0.4678366184234619,0.4659864130342656
P114 (59).jpg,P114,1,-0.043709922581911,0.4890742897987366,0.4884440788692968
P114 (6).jpg,P114,1,-0.0447916574776172,0.4888039529323578,0.48815819813838074
P114 (60).jpg,P114,1,-0.001644886448048,0.4995887577533722,0.4995650516477428
P114 (61).jpg,P114,1,-0.0285507477819919,0.4928628206253052,0.49245105323882155
P114 (62).jpg,P114,1,-0.0789495855569839,0.4802728593349457,0.47913590888824537
P114 (63).jpg,P114,1,-0.0960064977407455,0.4760167896747589,0.47463531109646856
P114 (64).jpg,P114,1,-0.0977784097194671,0.4755748808383941,0.4741680020752545
P114 (65).jpg,P114,1,-0.0429709143936634,0.4892588853836059,0.4886393881967661
P114 (66).jpg,P114,1,-0.0808609277009964,0.479795753955841,0.4786314044671379
P114 (67).jpg,P114,1,-0.0787491798400878,0.4803228378295898,0.4791888090538658
P114 (68).jpg,P114,1,-0.0651911795139312,0.483707994222641,0.48276867420515684
P114 (69).jpg,P114,1,-0.142307311296463,0.4644830822944641,0.4624413275098812
P114 (7).jpg,P114,1,-0.0562100820243358,0.4859511852264404,0.4851410473972072
P114 (70).jpg,P114,1,-0.1222698241472244,0.4694705605506897,0.46771383501334335
P114 (71).jpg,P114,1,-0.1449388712644577,0.4638285934925079,0.4617494774673173
P114 (72).jpg,P114,1,-0.1232348456978797,0.4692302346229553,0.4674597319354036
P114 (73).jpg,P114,1,-0.0913109332323074,0.4771881103515625,0.47587389212672027
P114 (74).jpg,P114,1,-0.1736012101173401,0.4567083418369293,0.4542241080172025
P114 (75).jpg,P114,1,-0.1154273748397827,0.4711751341819763,0.4695160161766146
P114 (76).jpg,P114,1,-0.1573808491230011,0.4607358276844024,0.4584804592240925
P114 (77).jpg,P114,1,-0.0923007875680923,0.4769411981105804,0.4756127663043916
P114 (78).jpg,P114,1,-0.0907115936279296,0.4773376584053039,0.476032005696822
P114 (79).jpg,P114,1,-0.0928880721330642,0.4767946600914001,0.4754578455954383
P114 (8).jpg,P114,1,-0.0540220700204372,0.4864977598190307,0.4857191202831248
P114 (80).jpg,P114,1,-0.1128861904144287,0.4718084037303924,0.47018552463021357
P114 (9).jpg,P114,1,-0.0496269986033439,0.487595796585083,0.4868804122795903
P185 (1).jpg,P185,1,-0.0768846198916435,0.4807883203029632,0.4796810104918575
P185 (10).jpg,P185,1,-0.0541277155280113,0.4864713549613952,0.48569120784414277
P185 (11).jpg,P185,1,-0.0577141642570495,0.4855754971504211,0.48474369175683024
P185 (12).jpg,P185,1,-0.0608555227518081,0.4847908318042755,0.48391385543585164
P185 (13).jpg,P185,1,-0.0380625911056995,0.4904854595661163,0.4899366732434707
P185 (14).jpg,P185,1,-0.0448210276663303,0.488796591758728,0.48815043629662475
P185 (15).jpg,P185,1,-0.0259994696825742,0.4935004711151123,0.4931255335151566
P185 (16).jpg,P185,1,-0.0421191938221454,0.4894717633724212,0.48886449009897265
P185 (17).jpg,P185,1,-0.0324180051684379,0.4918962121009826,0.4914287212928439
P185 (18).jpg,P185,1,-0.0602128282189369,0.4849512875080108,0.4840836256368412
P185 (19).jpg,P185,1,-0.0495032966136932,0.487626701593399,0.486913099665811
P185 (2).jpg,P185,1,-0.0524187125265598,0.4868983328342438,0.4861427517642104
P185 (20).jpg,P185,1,-0.0363687165081501,0.4909088313579559,0.49038440189330496
P185 (21).jpg,P185,1,-0.0482768788933754,0.4879331290721893,0.487237177988556
P185 (22).jpg,P185,1,-0.0639629885554313,0.4840147197246551,0.48309305962548044
P185 (23).jpg,P185,1,-0.0608503185212612,0.4847921133041382,0.4839152301382517
P185 (24).jpg,P185,1,-0.06991907954216,0.4825273752212524,0.48152009605996227
P185 (25).jpg,P185,1,-0.0658275783061981,0.4835490584373474,0.48260059651806875
P185 (26).jpg,P185,1,-0.0453685410320758,0.4886597990989685,0.48800574259713636
P185 (27).jpg,P185,1,-0.0436472855508327,0.4890899062156677,0.48846063280752294
P185 (28).jpg,P185,1,-0.0405902378261089,0.4898538589477539,0.48926859035611486
P185 (29).jpg,P185,1,-0.0081929480656981,0.4979517757892608,0.4978335964377571
P185 (3).jpg,P185,1,-0.0523616336286067,0.4869125783443451,0.4861578332494251
P185 (30).jpg,P185,1,-0.0607941150665283,0.4848061203956604,0.48393007634925544
P185 (31).jpg,P185,1,-0.0582040064036846,0.4854530990123749,0.4846142870542415
P185 (32).jpg,P185,1,-0.0983580648899078,0.475430279970169,0.4740151385241371
P185 (33).jpg,P185,1,-0.0148488096892833,0.4962878823280334,0.4960736899552936
P185 (34).jpg,P185,1,-0.0470324121415615,0.4882441163063049,0.4875660366977345
P185 (35).jpg,P185,1,-0.0515372939407825,0.4871185421943664,0.4863756445056419
P185 (36).jpg,P185,1,-0.0674300864338874,0.483148843050003,0.4821773796437021
P185 (37).jpg,P185,1,-0.0548727437853813,0.4862852394580841,0.4854943676048476
P185 (38).jpg,P185,1,-0.0750842988491058,0.4812377393245697,0.48015629176271535
P185 (39).jpg,P185,1,-0.0670502483844757,0.4832437038421631,0.4822776912742153
P185 (4).jpg,P185,1,-0.041561834514141,0.4896110594272613,0.48901179748088053
P185 (40).jpg,P185,1,-0.0420850552618503,0.4894803166389465,0.48887351270076945
P185 (41).jpg,P185,1,-0.0076870587654411,0.4980782568454742,0.49796736366063443
P185 (42).jpg,P185,1,-0.0824121758341789,0.4794086515903473,0.4782219799222168
P185 (43).jpg,P185,1,0.0606992952525615,0.515170156955719,0.5160448768171473
P185 (44).jpg,P185,1,-0.0201456286013126,0.4949637353420257,0.4946732015021215
P185 (45).jpg,P185,1,0.0483967326581478,0.5120968222618103,0.5127944935961124
P185 (46).jpg,P185,1,-0.0032299780286848,0.499192476272583,0.4991459151414163
P185 (47).jpg,P185,1,-0.0041909250430762,0.4989522695541382,0.4988918180831768
P185 (48).jpg,P185,1,0.0098321959376335,0.5024580359458923,0.5025998511718254
P185 (49).jpg,P185,1,-0.0424829982221126,0.4893808364868164,0.48876833938905495
P185 (5).jpg,P185,1,-0.0565391220152378,0.4858689904212951,0.48505411841538837
P185 (50).jpg,P185,1,-0.078808344900608,0.4803081154823303,0.47917319147922643
P185 (51).jpg,P185,1,-0.0773486196994781,0.4806725084781647,0.47955852136702687
P185 (52).jpg,P185,1,-0.0906458050012588,0.4773540794849396,0.47604936188403063
P185 (53).jpg,P185,1,-0.0357694514095783,0.4910585582256317,0.49054280469019085
P185 (54).jpg,P185,1,-0.041506391018629,0.4896248877048492,0.4890264510346161
P185 (55).jpg,P185,1,-0.0014283939963206,0.4996428787708282,0.4996222975425765
P185 (56).jpg,P185,1,-0.0024547060020267,0.4993863403797149,0.49935091568073126
P185 (57).jpg,P185,1,0.0299782678484916,0.5074940323829651,0.5079263277855379
P185 (58).jpg,P185,1,0.0083642359822988,0.5020910501480103,0.5022116954350602
P185 (59).jpg,P185,1,0.0016154680633917,0.5004038214683533,0.50042716941307
P185 (6).jpg,P185,1,-0.0839136242866516,0.4790339171886444,0.47782572698232306
P185 (60).jpg,P185,1,-0.0068525788374245,0.4982869029045105,0.49818801742727653
P185 (61).jpg,P185,1,-6.576848682016134e-05,0.499983549118042,0.49998260919335136
P185 (62).jpg,P185,1,-0.0624039135873317,0.4844041168689728,0.48350485744102206
P185 (63).jpg,P185,1,-0.0140863955020904,0.4964784979820251,0.49627527922735243
P185 (64).jpg,P185,1,-0.0343162715435028,0.4914217591285705,0.49092692925208875
P185 (65).jpg,P185,1,-0.0372168608009815,0.4906968474388122,0.49016021655986103
P185 (66).jpg,P185,1,-0.0292961038649082,0.4926765263080597,0.49225400885421167
P185 (67).jpg,P185,1,-0.0123555865138769,0.4969111680984497,0.49673292531855195
P185 (68).jpg,P185,1,-0.0107790064066648,0.4973052740097046,0.49714979627829464
P185 (69).jpg,P185,1,-0.0283475629985332,0.492913544178009,0.49250476813654304
P185 (7).jpg,P185,1,-0.0605724863708019,0.4848614931106567,0.4839886201153105
P185 (70).jpg,P185,1,-0.0354803092777729,0.4911308884620666,0.4906192338543075
P185 (71).jpg,P185,1,-0.0100297220051288,0.4974925518035888,0.4973479195149953
P185 (72).jpg,P185,1,0.0007609870517626,0.500190258026123,0.5002012236955722
P185 (73).jpg,P185,1,-0.0257495362311601,0.4935629665851593,0.4931916096980153
P185 (74).jpg,P185,1,-0.0326584540307521,0.4918361008167267,0.4913651595187067
P185 (75).jpg,P185,1,-0.0394507385790348,0.4901385605335235,0.48956976706216293
P185 (76).jpg,P185,1,-0.0445260517299175,0.4888703227043152,0.4882283916739627
P185 (77).jpg,P185,1,-0.0388243161141872,0.4902951121330261,0.48973533763757127
P185 (78).jpg,P185,1,-0.0390328504145145,0.4902430176734924,0.4896802194005879
P185 (79).jpg,P185,1,-0.0388873815536499,0.4902794063091278,0.4897186686227618
P185 (8).jpg,P185,1,-0.0308642610907554,0.4922845661640167,0.491839454427131
P185 (80).jpg,P185,1,-0.0261702872812747,0.4934577941894531,0.4930803737323108
P185 (81).jpg,P185,1,0.1153517216444015,0.5288059711456299,0.5304640535667292
P185 (82).jpg,P185,1,0.0473212040960788,0.5118280649185181,0.5125102794881834
P185 (83).jpg,P185,1,0.1029621660709381,0.5257177948951721,0.527198855010819
P185 (9).jpg,P185,1,-0.0036905244924128,0.4990773499011993,0.49902413572952026
