image_id,patient_id,label,logit,prob,prob_calibrated
P055 (1).jpg,P055,0,-2.756547689437866,0.0597179234027862,0.09024242109716908
P055 (10).jpg,P055,0,-2.18476676940918,0.1011267974972724,0.13807363831042302
P055 (2).jpg,P055,0,-2.379071950912476,0.0847825407981872,0.11980699049785293
P055 (3).jpg,P055,0,-3.807525396347046,0.0217207875102758,0.03948072213676966
P055 (4).jpg,P055,0,-1.564329743385315,0.1730262339115142,0.21226925503274888
P055 (5).jpg,P055,0,-2.9369208812713623,0.0503583177924156,0.07857436746719658
P055 (6).jpg,P055,0,-2.799425840377808,0.0573552101850509,0.0873347125534489
P055 (7).jpg,P055,0,-3.0990514755249023,0.043146401643753,0.06928126141044742
P055 (8).jpg,P055,0,-2.50616455078125,0.0754271522164344,0.10901960826531548
P055 (9).jpg,P055,0,-1.1151180267333984,0.2469179928302765,0.28196230480093043
P115 (1).jpg,P115,0,-0.0442597046494483,0.4889368712902069,0.4907258795787022
P115 (10).jpg,P115,0,-0.1727469265460968,0.4569203555583954,0.46386180893663437
P115 (11).jpg,P115,0,-0.147376075387001,0.4632225334644317,0.4691546877298934
P115 (12).jpg,P115,0,-0.0282388273626565,0.4929407835006714,0.49408247077709694
P115 (13).jpg,P115,0,-0.2427612841129303,0.4396059811115265,0.44930111790014676
P115 (14).jpg,P115,0,-0.1579019427299499,0.4606063067913055,0.46695786524933586
P115 (15).jpg,P115,0,-0.2482831478118896,0.4382461011409759,0.4481561093765238
P115 (16).jpg,P115,0,-0.1936440467834472,0.4517397284507751,0.45950829547146876
P115 (17).jpg,P115,0,-0.0469613075256347,0.4882618486881256,0.4901599312323818
P115 (18).jpg,P115,0,-0.0067338850349187,0.4983164966106415,0.4985888324682856
P115 (19).jpg,P115,0,-0.7852848768234253,0.31318199634552,0.34112929522067886
P115 (2).jpg,P115,0,-0.2429849952459335,0.4395508766174316,0.44925471883999996
P115 (20).jpg,P115,0,-0.0645609572529792,0.4838654100894928,0.48647373118950676
P115 (21).jpg,P115,0,-0.2635959684848785,0.4344799220561981,0.44498376805957685
P115 (22).jpg,P115,0,0.0443011149764061,0.5110734701156616,0.5092827954937711
P115 (23).jpg,P115,0,-0.1585438698530197,0.4604468047618866,0.4668239311224206
P115 (24).jpg,P115,0,-0.2269758731126785,0.4434984028339386,0.45257729006243297
P115 (25).jpg,P115,0,-0.0829469338059425,0.4792751371860504,0.4826244143357523
P115 (26).jpg,P115,0,-0.2845779061317444,0.4293318092823028,0.4406442824776631
P115 (27).jpg,P115,0,-0.2136301547288894,0.4467946588993072,0.4553503386452812
P115 (28).jpg,P115,0,-0.608188271522522,0.3524726033210754,0.37523704510679173
P115 (29).jpg,P115,0,-0.1226432174444198,0.4693775773048401,0.4743211662108158
P115 (3).jpg,P115,0,-0.1088655814528465,0.4728104770183563,0.47720165184074287
P115 (30).jpg,P115,0,0.1570403277873993,0.5391796231269836,0.5328623566347942
P115 (31).jpg,P115,0,-0.3524770438671112,0.4127818942070007,0.42666667098236555
P115 (32).jpg,P115,0,-0.3750970661640167,0.4073099493980407,0.422034906133415
P115 (33).jpg,P115,0,-0.4866641163825989,0.380679726600647,0.39940458327732437
P115 (34).jpg,P115,0,-0.4995059072971344,0.3776567876338959,0.39682517283191754
P115 (35).jpg,P115,0,-0.6069501638412476,0.3527552187442779,0.3754803829291611
P115 (36).jpg,P115,0,-0.0106354858726263,0.4973411858081817,0.4977712133911448
P115 (37).jpg,P115,0,-0.0434826388955116,0.4891310334205627,0.49088866854663443
P115 (38).jpg,P115,0,-0.0967209786176681,0.4758386015892029,0.47974198420179814
P115 (39).jpg,P115,0,-0.8045759201049805,0.3090475499629974,0.3375041515963332
P115 (4).jpg,P115,0,-0.1025151014328002,0.4743936359882355,0.4785298669185773
P115 (40).jpg,P115,0,-0.6645963191986084,0.3397078812122345,0.3642190866474555
P115 (41).jpg,P115,0,-0.4813248217105865,0.3819393515586853,0.4004786909582545
P115 (42).jpg,P115,0,-0.9062647819519044,0.2877647876739502,0.3187163409137378
P115 (43).jpg,P115,0,-0.2030091434717178,0.4494213163852691,0.45755922106335184
P115 (44).jpg,P115,0,-0.6777467727661133,0.3367643654346466,0.36167031457503546
P115 (45).jpg,P115,0,-0.6738365292549133,0.3376383185386657,0.3624273780645322
P115 (5).jpg,P115,0,-0.3350662291049957,0.4170084595680237,0.4302406036914349
P115 (6).jpg,P115,0,-0.514332115650177,0.3741785287857055,0.39385429743485395
P115 (7).jpg,P115,0,-0.3427418172359466,0.4151436388492584,0.42866411015524225
P115 (8).jpg,P115,0,-0.1880135834217071,0.4531345963478088,0.46068071420154805
P115 (9).jpg,P115,0,-0.2938297390937805,0.4270665347576141,0.43873365517084356
P167 (1).jpg,P167,0,-0.9882336854934692,0.2712610960006714,0.3039860766545442
P167 (10).jpg,P167,0,-0.7183382511138916,0.3277590274810791,0.3538524928905651
P167 (11).jpg,P167,0,-0.445846289396286,0.3903487920761108,0.40763977734559226
P167 (12).jpg,P167,0,1.1609545946121216,0.7615060806274414,0.7257511378669234
P167 (13).jpg,P167,0,0.5718051195144653,0.6391795873641968,0.6175863804508009
P167 (14).jpg,P167,0,-1.01799738407135,0.2654176652431488,0.29873327008955847
P167 (15).jpg,P167,0,-1.1423499584197998,0.2418891638517379,0.27736380894812085
P167 (16).jpg,P167,0,-1.548902988433838,0.1752447634935379,0.2144395879236498
P167 (17).jpg,P167,0,-1.163074612617493,0.2381090670824051,0.27389529505423515
P167 (18).jpg,P167,0,-1.4789795875549316,0.1855815947055816,0.2244784684014883
P167 (19).jpg,P167,0,-1.4707558155059814,0.1868277490139007,0.22568083683812362
P167 (2).jpg,P167,0,-1.5081244707107544,0.1812169253826141,0.2202540209560391
P167 (3).jpg,P167,0,-0.7721730470657349,0.3160092234611511,0.34360393030110803
P167 (4).jpg,P167,0,-1.1414401531219482,0.2420560717582702,0.27751669424110886
P167 (5).jpg,P167,0,-1.3174207210540771,0.2112477421760559,0.24892963240628582
P167 (6).jpg,P167,0,-0.536072313785553,0.3691017627716064,0.3895122069648543
P167 (7).jpg,P167,0,-1.067055344581604,0.2559635043144226,0.29019027949161325
P167 (8).jpg,P167,0,-1.427752137184143,0.1934491693973541,0.232042384306075
P167 (9).jpg,P167,0,-0.3971885740756988,0.4019879698753357,0.41752455449664955
P123 (1).jpg,P123,0,-2.2126097679138184,0.0986238270998001,0.1353194205960696
P123 (10).jpg,P123,0,-1.5845991373062134,0.1701451241970062,0.20944208921989996
P123 (11).jpg,P123,0,-1.372891902923584,0.2021530121564865,0.24033790395768062
P123 (12).jpg,P123,0,-1.4537749290466309,0.1894212812185287,0.22817796498809512
P123 (13).jpg,P123,0,-2.7338006496429443,0.0610080733895301,0.09182013626241836
P123 (14).jpg,P123,0,-4.068236351013184,0.0168197900056839,0.0319781210804063
P123 (15).jpg,P123,0,-4.122847557067871,0.0159401204437017,0.03059100388235481
P123 (16).jpg,P123,0,-3.309971809387207,0.0352306775748729,0.05871300606502967
P123 (17).jpg,P123,0,-3.831788063049317,0.0212111696600914,0.03871663978647915
P123 (18).jpg,P123,0,-3.672873973846436,0.0247740112245082,0.043990679838896915
P123 (19).jpg,P123,0,-3.38852858543396,0.032655905932188,0.055177746052558097
P123 (2).jpg,P123,0,-2.7607696056365967,0.0594812966883182,0.089952292681369
P123 (20).jpg,P123,0,-3.56145977973938,0.0276131983846426,0.04808997308053253
P123 (21).jpg,P123,0,-4.043608665466309,0.0172319374978542,0.032623383969907674
P123 (22).jpg,P123,0,-3.2743399143218994,0.0364620462059974,0.060385632312046904
P123 (23).jpg,P123,0,-3.48122787475586,0.0298511032015085,0.051263973798707056
P123 (24).jpg,P123,0,-2.3553807735443115,0.0866390317678451,0.12191706533671863
P123 (25).jpg,P123,0,-3.120180130004883,0.0422824770212173,0.06814790006875371
P123 (26).jpg,P123,0,-3.625410318374634,0.0259469859302043,0.04569460854259705
P123 (27).jpg,P123,0,-2.051344871520996,0.1139165610074997,0.15193020997119858
P123 (28).jpg,P123,0,-0.901970386505127,0.2886457443237304,0.31949849333670755
P123 (29).jpg,P123,0,-3.0327811241149902,0.0459667108952999,0.07295011863326771
P123 (3).jpg,P123,0,-2.9998745918273926,0.0474315397441387,0.07483769102879863
P123 (30).jpg,P123,0,-2.0366735458374023,0.1154058799147605,0.1535216001271621
P123 (31).jpg,P123,0,-2.0079424381256104,0.1183715313673019,0.15667754775377402
P123 (32).jpg,P123,0,-2.3481147289276123,0.0872157365083694,0.1225706051166621
P123 (33).jpg,P123,0,-2.084690570831299,0.110593743622303,0.14836359165867924
P123 (34).jpg,P123,0,-2.087451696395874,0.1103224456310272,0.1480713862642376
P123 (35).jpg,P123,0,-1.9545859098434448,0.1240541636943817,0.1626783461240439
P123 (36).jpg,P123,0,-1.4755016565322876,0.1861078292131424,0.22498640817008772
P123 (37).jpg,P123,0,-1.9349331855773928,0.1262055486440658,0.16493481364188425
P123 (38).jpg,P123,0,-1.6732865571975708,0.1579864919185638,0.19739847703175945
P123 (39).jpg,P123,0,-1.3755666017532349,0.201721966266632,0.23992879528047173
P123 (4).jpg,P123,0,-2.7266530990600586,0.0614188127219677,0.09232098105673953
P123 (40).jpg,P123,0,-1.1903067827224731,0.2332040667533874,0.26937896636913927
P123 (41).jpg,P123,0,-2.368360757827759,0.0856173783540725,0.12075705714578787
P123 (42).jpg,P123,0,-1.2534806728363037,0.2220982015132904,0.2590846981936055
P123 (43).jpg,P123,0,-2.9690849781036377,0.0488422140479087,0.07664438309126778
P123 (44).jpg,P123,0,-2.327894449234009,0.0888389497995376,0.12440518431537236
P123 (45).jpg,P123,0,-2.85084080696106,0.0546378679573535,0.08395997669959429
P123 (46).jpg,P123,0,-2.059434652328491,0.1131025254726409,0.15105852217252516
P123 (47).jpg,P123,0,-1.792990803718567,0.142706423997879,0.181982063356653
P123 (48).jpg,P123,0,-0.8230541944503784,0.3051157295703888,0.33404955516072965
P123 (49).jpg,P123,0,-1.9871667623519895,0.1205569207668304,0.15899239866462855
P123 (5).jpg,P123,0,-1.3651466369628906,0.2034051269292831,0.24152526919447592
P123 (50).jpg,P123,0,-1.703161597251892,0.1540527939796447,0.19346093591841831
P123 (51).jpg,P123,0,-1.6660319566726685,0.1589539349079132,0.19836370495005565
P123 (52).jpg,P123,0,-1.8699907064437864,0.1335427910089492,0.1725700269613139
P123 (53).jpg,P123,0,-1.945050597190857,0.1250940412282943,0.16377004092467107
P123 (54).jpg,P123,0,-2.606691837310791,0.06870898604393,0.10109999259170235
P123 (55).jpg,P123,0,-2.691662073135376,0.063467152416706,0.09480844259306451
P123 (6).jpg,P123,0,-1.6742960214614868,0.1578522473573684,0.19726444841574006
P123 (7).jpg,P123,0,-0.8614194393157959,0.2970428466796875,0.3269338827173665
P123 (8).jpg,P123,0,-1.1620075702667236,0.2383027076721191,0.274073216096315
P123 (9).jpg,P123,0,-1.5576481819152832,0.1739843785762787,0.21320728386714186
P124 (1).jpg,P124,0,-1.213024020195007,0.2291664332151413,0.26564758850832176
P124 (10).jpg,P124,0,-1.063365817070007,0.256666749715805,0.29082773684141294
P124 (11).jpg,P124,0,-1.0269079208374023,0.2636840045452118,0.2971708769975623
P124 (12).jpg,P124,0,-1.0665006637573242,0.256069153547287,0.2902860615882218
P124 (13).jpg,P124,0,-1.298084735870361,0.2144875228404998,0.25197233112762346
P124 (14).jpg,P124,0,-1.274627685546875,0.2184660732746124,0.2556964804659685
P124 (15).jpg,P124,0,-1.3164241313934326,0.2114138305187225,0.24908585314945877
P124 (16).jpg,P124,0,-1.4275174140930176,0.1934857815504074,0.23207744797084642
P124 (17).jpg,P124,0,-1.713701605796814,0.152684211730957,0.19208608300394592
P124 (18).jpg,P124,0,-1.5349606275558472,0.1772690415382385,0.21641492754196853
P124 (19).jpg,P124,0,-0.8706783652305603,0.2951131761074066,0.3252283221203639
P124 (2).jpg,P124,0,-0.7127712368965149,0.3289867639541626,0.354920184400104
P124 (20).jpg,P124,0,-1.3858790397644043,0.200066477060318,0.2383559208239371
P124 (3).jpg,P124,0,-0.9558271169662476,0.2777144312858581,0.309763983039344
P124 (4).jpg,P124,0,-0.7543439269065857,0.3198755085468292,0.34698252601805324
P124 (5).jpg,P124,0,-0.5986253023147583,0.3546582460403442,0.37711818023657295
P124 (6).jpg,P124,0,-1.2612898349761963,0.2207519561052322,0.2578301051309124
P124 (7).jpg,P124,0,-1.460507035255432,0.1883897930383682,0.22718565118300976
P124 (8).jpg,P124,0,-1.0581988096237185,0.2576538026332855,0.2917218523638846
P124 (9).jpg,P124,0,-0.8497105836868286,0.2994935810565948,0.32909730340228477
P164 (1).jpg,P164,0,-2.134908437728882,0.1057499200105667,0.14312313353469486
P164 (10).jpg,P164,0,-1.7580713033676147,0.1470320522785186,0.186380150704628
P164 (11).jpg,P164,0,-1.69048011302948,0.1557127237319946,0.19512502356159106
P164 (12).jpg,P164,0,-2.126219749450684,0.1065743938088417,0.14401867329855006
P164 (13).jpg,P164,0,-2.3648998737335205,0.0858887135982513,0.12106541872834321
P164 (14).jpg,P164,0,-2.354126214981079,0.0867383554577827,0.12202969108015112
P164 (15).jpg,P164,0,-2.981030941009521,0.0482902266085147,0.0759387098345233
P164 (16).jpg,P164,0,-2.0069000720977783,0.1184803545475006,0.15679303259257868
P164 (17).jpg,P164,0,-1.681968331336975,0.1568350046873092,0.19624802364865546
P164 (18).jpg,P164,0,-1.7948206663131714,0.1424827128648758,0.18175383372464937
P164 (19).jpg,P164,0,-1.882661819458008,0.1320834159851074,0.17105864736188808
P164 (2).jpg,P164,0,-2.9952552318573,0.0476406887173652,0.07510623114187057
P164 (20).jpg,P164,0,-1.9280977249145508,0.1269612908363342,0.16572550669268618
P164 (21).jpg,P164,0,-1.6204558610916138,0.1651419997215271,0.20450883474399276
P164 (22).jpg,P164,0,-2.178084373474121,0.1017358526587486,0.13874162433650541
P164 (23).jpg,P164,0,-1.8168035745620728,0.139817863702774,0.17902940731569314
P164 (24).jpg,P164,0,-2.3223531246185303,0.0892885252833366,0.12491204294453222
P164 (25).jpg,P164,0,-1.556041240692139,0.1742154210805893,0.21343333366557082
P164 (26).jpg,P164,0,-1.7153692245483398,0.1524686068296432,0.19186924029734526
P164 (27).jpg,P164,0,-1.6192022562026978,0.1653149127960205,0.20467984295727867
P164 (28).jpg,P164,0,-1.6868178844451904,0.1561947762966156,0.19560760118540632
P164 (29).jpg,P164,0,-1.7179030179977417,0.1521414667367935,0.19154012510648688
P164 (3).jpg,P164,0,-2.1555593013763428,0.1038128659129142,0.1410132668894859
P164 (30).jpg,P164,0,-2.003587007522583,0.1188268214464187,0.15716055069411564
P164 (31).jpg,P164,0,-2.0581462383270264,0.1132318302989006,0.15119707522571513
P164 (32).jpg,P164,0,-2.0392937660217285,0.1151386648416519,0.15323638889184127
P164 (33).jpg,P164,0,-2.5578224658966064,0.071902722120285,0.10488413014171889
P164 (34).jpg,P164,0,-2.3984291553497314,0.0832925587892532,0.11810641352656646
P164 (35).jpg,P164,0,-1.7332541942596436,0.1501718014478683,0.1895553673223868
P164 (36).jpg,P164,0,-1.6176007986068726,0.1655360162258148,0.20489845731107842
P164 (37).jpg,P164,0,-1.7136186361312866,0.1526949554681778,0.19209687653765312
P164 (38).jpg,P164,0,-1.650279879570007,0.1610711216926574,0.20047174224126468
P164 (39).jpg,P164,0,-1.785555124282837,0.1436185389757156,0.18291177098404776
P164 (4).jpg,P164,0,-1.3792195320129397,0.201134368777275,0.2393708315084223
P164 (40).jpg,P164,0,-1.7259074449539185,0.1511118113994598,0.19050325833218706
P164 (41).jpg,P164,0,-2.289675235748291,0.0919816717505455,0.127937157608914
P164 (42).jpg,P164,0,-1.797759175300598,0.142124056816101,0.1813877941239378
P164 (43).jpg,P164,0,-1.9757040739059448,0.1217775270342826,0.1602814160971769
P164 (44).jpg,P164,0,-2.110769271850586,0.1080545037984848,0.14562265663157162
P164 (45).jpg,P164,0,-1.7125935554504397,0.1528276205062866,0.19223026754520892
P164 (46).jpg,P164,0,-2.07153582572937,0.111894316971302,0.1497622796440607
P164 (47).jpg,P164,0,-2.320749521255493,0.0894190147519111,0.12505905263428133
P164 (48).jpg,P164,0,-2.2075083255767822,0.0990782678127288,0.13582056164555692
P164 (49).jpg,P164,0,-1.485951542854309,0.1845301538705825,0.22346269417906528
P164 (5).jpg,P164,0,-2.6003103256225586,0.0691184476017952,0.1015871695797608
P164 (50).jpg,P164,0,-2.0824077129364014,0.1108184903860092,0.14860554223370243
P164 (51).jpg,P164,0,-1.981533527374268,0.1211554557085037,0.15962482108014675
P164 (52).jpg,P164,0,-2.096806526184082,0.1094075962901115,0.1470849133583268
P164 (53).jpg,P164,0,-1.9474200010299685,0.1248349472880363,0.16349821979017848
P164 (54).jpg,P164,0,-1.82200288772583,0.1391937136650085,0.1783897252434198
P164 (55).jpg,P164,0,-1.966148018836975,0.1228032261133194,0.16136247838539622
P164 (56).jpg,P164,0,-1.5915340185165403,0.1691681742668151,0.20848119286409483
P164 (57).jpg,P164,0,-1.4432164430618286,0.1910477578639984,0.22974042816399717
P164 (58).jpg,P164,0,-1.6191178560256958,0.1653265506029129,0.20469136006737498
P164 (59).jpg,P164,0,-2.554707288742065,0.0721108838915824,0.10512954106201118
P164 (6).jpg,P164,0,-1.998618721961975,0.1193480268120765,0.15771299547451925
P164 (60).jpg,P164,0,-2.29065465927124,0.0918999016284942,0.12784558694416154
P164 (61).jpg,P164,0,-1.866294384002685,0.1339710652828216,0.1730129017573166
P164 (62).jpg,P164,0,-2.45135235786438,0.0793397128582,0.1135634042376181
P164 (63).jpg,P164,0,-2.3047237396240234,0.0907324999570846,0.12653636912118232
P164 (64).jpg,P164,0,-1.760092854499817,0.1467787027359008,0.18612331872537213
P164 (65).jpg,P164,0,-1.0004758834838867,0.2688478827476501,0.30181922823745033
P164 (66).jpg,P164,0,-2.478140115737915,0.0774049162864685,0.11132248556950634
P164 (67).jpg,P164,0,-2.0777218341827397,0.1112810671329498,0.14910319931487648
P164 (68).jpg,P164,0,-1.6740708351135254,0.1578821837902069,0.1972943409143229
P164 (69).jpg,P164,0,-1.565876603126526,0.1728050112724304,0.21205252066140756
P164 (7).jpg,P164,0,-2.407428979873657,0.0826079547405242,0.11732290044423993
P164 (70).jpg,P164,0,-2.522573232650757,0.074290782213211,0.10769073247320358
P164 (71).jpg,P164,0,-2.256497383117676,0.0947904884815216,0.13107228937721319
P164 (72).jpg,P164,0,-2.2114834785461426,0.0987240001559257,0.1354299274874792
P164 (8).jpg,P164,0,-3.11628532409668,0.042440477758646,0.06835552125859169
P164 (9).jpg,P164,0,-2.351999998092652,0.0869069322943687,0.12222077294732132
P052 (1).jpg,P052,0,-2.4810612201690674,0.0771965682506561,0.11108047471560323
P052 (10).jpg,P052,0,-2.795198440551758,0.0575841926038265,0.08761757863022784
P052 (11).jpg,P052,0,-3.2499499320983887,0.0373286865651607,0.0615561407374562
P052 (12).jpg,P052,0,-3.088065385818481,0.043602243065834,0.06987743728087188
P052 (13).jpg,P052,0,-2.0200252532958984,0.1171163842082023,0.15534393013895428
P052 (14).jpg,P052,0,-2.65156888961792,0.0658923760056495,0.09773222721605931
P052 (15).jpg,P052,0,-3.360957384109497,0.0335381776094436,0.056395086757268544
P052 (16).jpg,P052,0,-2.937675952911377,0.0503222197294235,0.07852855459473165
P052 (17).jpg,P052,0,-3.4851880073547363,0.0297366268932819,0.05110276283976225
P052 (18).jpg,P052,0,-2.795752763748169,0.0575541220605373,0.0875804403308592
P052 (19).jpg,P052,0,-3.81849217414856,0.0214889701455831,0.03913358067793683
P052 (2).jpg,P052,0,-3.082283973693848,0.0438439697027206,0.07019307614827278
P052 (20).jpg,P052,0,-3.493543863296509,0.0294964853674173,0.05076418121295869
P052 (21).jpg,P052,0,-3.325965404510498,0.0346910841763019,0.057976445887099375
P052 (22).jpg,P052,0,-3.095031261444092,0.0433126725256443,0.06949887593148861
P052 (23).jpg,P052,0,-3.5430619716644287,0.0281115118414163,0.04880089060421162
P052 (24).jpg,P052,0,-3.594841241836548,0.026730878278613,0.046825107277201135
P052 (25).jpg,P052,0,-2.94898533821106,0.049784492701292,0.07784529228830382
P052 (26).jpg,P052,0,-2.340752601623535,0.0878036171197891,0.12323585870677531
P052 (27).jpg,P052,0,-2.097829580307007,0.1093079522252082,0.14697736219525692
P052 (3).jpg,P052,0,-3.069697856903076,0.0443746335804462,0.07088478385708333
P052 (4).jpg,P052,0,-2.717314481735229,0.0619593635201454,0.09297905589911719
P052 (5).jpg,P052,0,-2.573185443878174,0.0708842203021049,0.10368123360877017
P052 (6).jpg,P052,0,-3.1290671825408936,0.0419240593910217,0.06767634295512251
P052 (7).jpg,P052,0,-3.5546715259552,0.0277960542589426,0.048351128819359386
P052 (8).jpg,P052,0,-3.026997804641724,0.0462209954857826,0.07327865201464707
P052 (9).jpg,P052,0,-4.147782802581787,0.0155536690726876,0.029977196029453913
P049 (1).jpg,P049,0,-0.8452262878417969,0.3004351854324341,0.3299277863447067
P049 (10).jpg,P049,0,-3.4481356143951416,0.0308245066553354,0.05263003400694204
P049 (11).jpg,P049,0,-2.768634080886841,0.059042852371931,0.08941408957517533
P049 (12).jpg,P049,0,-1.957593321800232,0.1237277388572692,0.16233524698440552
P049 (13).jpg,P049,0,-2.3117778301239014,0.0901522114872932,0.125884266455792
P049 (14).jpg,P049,0,-1.919754981994629,0.1278888881206512,0.16669466754542467
P049 (15).jpg,P049,0,-0.7162933349609375,0.3282097280025482,0.35424451644946786
P049 (16).jpg,P049,0,-0.3070381581783294,0.4238378405570984,0.43600909827418033
P049 (17).jpg,P049,0,0.0270751807838678,0.5067684054374695,0.5056737050468683
P049 (18).jpg,P049,0,0.2646755278110504,0.56578528881073,0.5552397171255052
P049 (19).jpg,P049,0,0.6130669713020325,0.6486400961875916,0.6257212007640127
P049 (2).jpg,P049,0,-1.7562544345855713,0.1472600549459457,0.18661121145601384
P049 (20).jpg,P049,0,-3.4966814517974854,0.0294067990034818,0.050637594409901995
P049 (21).jpg,P049,0,-3.0078933238983154,0.0470705479383468,0.07437362792382149
P049 (22).jpg,P049,0,-3.877243280410767,0.0202877167612314,0.03732319982261381
P049 (23).jpg,P049,0,-2.852038860321045,0.0545760244131088,0.08388276991095985
P049 (24).jpg,P049,0,-2.539865016937256,0.073110319674015,0.10630577193244022
P049 (25).jpg,P049,0,-3.300661563873291,0.0355485007166862,0.05914580639846975
P049 (26).jpg,P049,0,-3.1466612815856934,0.0412230342626571,0.06675169473602517
P049 (3).jpg,P049,0,-2.151233434677124,0.1042160168290138,0.14145307052751316
P049 (4).jpg,P049,0,-2.7819278240203857,0.0583086125552654,0.08851093685396702
P049 (5).jpg,P049,0,-1.693512201309204,0.1553145200014114,0.19472616343181173
P049 (6).jpg,P049,0,-1.0917389392852783,0.2512909770011902,0.2859469130762459
P049 (7).jpg,P049,0,-3.185258388519287,0.0397242605686187,0.06476420204027603
P049 (8).jpg,P049,0,-3.350661516189575,0.0338735096156597,0.05685611936921666
P049 (9).jpg,P049,0,-3.242798328399658,0.0375865325331687,0.06190335602774828
P014 (1).jpg,P014,0,-1.7579622268676758,0.1470457315444946,0.1863940163108903
P014 (10).jpg,P014,0,-3.504157781600952,0.0291941612958908,0.05033716335492658
P014 (11).jpg,P014,0,-3.1683058738708496,0.0403760038316249,0.06563026875403148
P014 (12).jpg,P014,0,-3.009196281433105,0.0470121428370475,0.07429847306154824
P014 (13).jpg,P014,0,-3.0899946689605717,0.0435218550264835,0.06977239961703625
P014 (14).jpg,P014,0,-2.920710325241089,0.0511392205953598,0.07956383273101654
P014 (15).jpg,P014,0,-3.122605323791504,0.0421843789517879,0.06801891522644692
P014 (16).jpg,P014,0,-2.447974920272827,0.0795867592096328,0.11384871788618306
P014 (17).jpg,P014,0,-3.05713438987732,0.0449104607105255,0.07158152134733528
P014 (18).jpg,P014,0,-2.8378467559814453,0.0553129501640796,0.08480151437759102
P014 (19).jpg,P014,0,-2.026848793029785,0.1164126619696617,0.1545948962864621
P014 (2).jpg,P014,0,-3.4939301013946533,0.0294854342937469,0.05074858218738728
P014 (20).jpg,P014,0,-2.92490816116333,0.0509359091520309,0.07930651698400887
P014 (21).jpg,P014,0,-1.7729490995407104,0.145175963640213,0.1844963589549938
P014 (22).jpg,P014,0,-2.453786611557007,0.0791620761156082,0.11335815409377974
P014 (23).jpg,P014,0,-2.8123528957366943,0.0566602870821952,0.08647484783839025
P014 (24).jpg,P014,0,-3.391730070114136,0.0325549207627773,0.0550380059260807
P014 (25).jpg,P014,0,-2.145406484603882,0.1047612503170967,0.14204729717181766
P014 (26).jpg,P014,0,-3.101942300796509,0.0430272072553634,0.06912517077604328
P014 (27).jpg,P014,0,-2.412802696228028,0.0822016224265098,0.11685722354331954
P014 (28).jpg,P014,0,-2.5664215087890625,0.0713309943675994,0.10420932844925121
P014 (29).jpg,P014,0,-2.1830830574035645,0.1012799590826034,0.13824169066105013
P014 (3).jpg,P014,0,-4.339434146881104,0.0128759546205401,0.02564231557025832
P014 (30).jpg,P014,0,-2.0523195266723637,0.1138182133436203,0.15182497084655988
P014 (31).jpg,P014,0,-1.8464609384536743,0.1362889558076858,0.17540460201169233
P014 (32).jpg,P014,0,-3.192879676818848,0.0394345559179782,0.0643783230003017
P014 (4).jpg,P014,0,-3.683292150497437,0.0245235506445169,0.0436248663527634
P014 (5).jpg,P014,0,-3.0635974407196045,0.0446340516209602,0.07122231136675133
P014 (6).jpg,P014,0,-2.7792019844055176,0.0584584549069404,0.08869545159126699
P014 (7).jpg,P014,0,-2.7352681159973145,0.0609240643680095,0.0917176102856529
P014 (8).jpg,P014,0,-2.280624866485596,0.0927403643727302,0.12878596725455588
P014 (9).jpg,P014,0,-3.196507215499878,0.0392973758280277,0.06419540738806102
P044 (1).jpg,P044,0,-1.371073842048645,0.2024464011192321,0.24061625764592715
P044 (10).jpg,P044,0,-1.1654095649719238,0.2376857250928878,0.27350621087175603
P044 (11).jpg,P044,0,-0.3504747152328491,0.4132673144340515,0.4270773085189485
P044 (12).jpg,P044,0,-0.8236749768257141,0.3049841225147247,0.33393380310841464
P044 (13).jpg,P044,0,-0.2790704667568207,0.4306817054748535,0.4417824815306759
P044 (14).jpg,P044,0,-1.01112163066864,0.2667604088783264,0.2999420967316052
P044 (15).jpg,P044,0,-0.3284837603569031,0.4186095893383026,0.4315937096777652
P044 (16).jpg,P044,0,-1.3418233394622805,0.2072103768587112,0.24512486702959932
P044 (17).jpg,P044,0,-0.9408485889434814,0.2807289659976959,0.3124549263931169
P044 (18).jpg,P044,0,-0.015715604647994,0.4960712194442749,0.49670664273798754
P044 (19).jpg,P044,0,-0.9010897874832152,0.288826584815979,0.31965900551042215
P044 (2).jpg,P044,0,-2.116734743118286,0.1074809059500694,0.14500160511836271
P044 (20).jpg,P044,0,0.1382472217082977,0.5345068573951721,0.5289390848295084
P044 (21).jpg,P044,0,-0.5126628279685974,0.3745695054531097,0.39418840189147425
P044 (22).jpg,P044,0,-0.1507434695959091,0.462385356426239,0.4684517547332855
P044 (23).jpg,P044,0,-0.513828694820404,0.3742964267730713,0.3939550456288768
P044 (24).jpg,P044,0,-0.5898974537849426,0.3566583693027496,0.37883827757338934
P044 (25).jpg,P044,0,-1.0983893871307373,0.2500418126583099,0.2848100143660538
P044 (26).jpg,P044,0,0.060821957886219,0.5152007937431335,0.5127432548073284
P044 (27).jpg,P044,0,-1.827379822731018,0.1385506987571716,0.1777300735375854
P044 (28).jpg,P044,0,-0.6993847489356995,0.3319486379623413,0.35749346921970904
P044 (29).jpg,P044,0,-0.9511271715164183,0.2786581814289093,0.31060696917434655
P044 (3).jpg,P044,0,-1.340900182723999,0.2073620557785034,0.2452680850281373
P044 (30).jpg,P044,0,-1.0717159509658811,0.2550768852233886,0.28938622614329873
P044 (4).jpg,P044,0,-0.9037457704544068,0.2882813215255737,0.3191750132950933
P044 (5).jpg,P044,0,-1.0698353052139282,0.2554343938827514,0.28971051843580686
P044 (6).jpg,P044,0,-0.7933961153030396,0.3114399313926697,0.33960274933187806
P044 (7).jpg,P044,0,-0.8952839374542236,0.2900205850601196,0.320718341920952
P044 (8).jpg,P044,0,-0.5625318884849548,0.3629618287086487,0.3842511354920238
P044 (9).jpg,P044,0,-1.870752453804016,0.13345468044281,0.1724788698004206
P038 (1).jpg,P038,0,-2.5602452754974365,0.0717412084341049,0.10469361309648935
P038 (10).jpg,P038,0,-2.5963075160980225,0.0693764388561248,0.10189381346282658
P038 (11).jpg,P038,0,-2.404338121414185,0.0828424915671348,0.11759147715880548
P038 (12).jpg,P038,0,-2.528080940246582,0.0739129036664962,0.10724788724740451
P038 (13).jpg,P038,0,-1.9917306900024412,0.1200738921761512,0.15848151464689902
P038 (14).jpg,P038,0,-2.6569995880126958,0.0655589029192924,0.09733153802247516
P038 (15).jpg,P038,0,-2.9420478343963623,0.0501137040555477,0.07826377706992545
P038 (16).jpg,P038,0,-2.653385162353516,0.0657806769013404,0.09759805507755122
P038 (17).jpg,P038,0,-2.72381854057312,0.0615824237465858,0.09252028360059163
P038 (18).jpg,P038,0,-1.7792633771896362,0.144394114613533,0.18370132487380508
P038 (19).jpg,P038,0,-2.230778217315674,0.0970204472541809,0.13354729710569044
P038 (2).jpg,P038,0,-2.154528379440308,0.103908821940422,0.14111797515290328
P038 (20).jpg,P038,0,-2.166560649871826,0.1027937978506088,0.1398999265770099
P038 (21).jpg,P038,0,-2.4271042346954346,0.0811290815472602,0.11562568546482863
P038 (22).jpg,P038,0,-2.82573676109314,0.0559491477906703,0.08559268008910499
P038 (23).jpg,P038,0,-2.973621129989624,0.0486319065093994,0.07637571761729278
P038 (24).jpg,P038,0,-3.200101137161255,0.0391619130969047,0.06401466433358226
P038 (25).jpg,P038,0,-2.7542660236358643,0.0598461702466011,0.09039956691820918
P038 (26).jpg,P038,0,-3.039222955703736,0.0456850342452526,0.07258577506682207
P038 (27).jpg,P038,0,-2.634564161300659,0.0669467821717262,0.09899640159652769
P038 (28).jpg,P038,0,-2.727227210998535,0.0613857246935367,0.09228066128158491
P038 (29).jpg,P038,0,-3.00959849357605,0.0469941236078739,0.0742752874937283
P038 (3).jpg,P038,0,-2.5693185329437256,0.071139320731163,0.10398285263168212
P038 (30).jpg,P038,0,-3.6134560108184814,0.0262508336454629,0.04613357239498657
P038 (31).jpg,P038,0,-3.6473639011383057,0.0253978744149208,0.044898808737310385
P038 (32).jpg,P038,0,-3.160416841506958,0.0406827814877033,0.06603696336245765
P038 (33).jpg,P038,0,-3.6745455265045166,0.0247336607426404,0.043931790129732785
P038 (34).jpg,P038,0,-3.2447941303253174,0.0375144034624099,0.0618062748703493
P038 (35).jpg,P038,0,-3.7124507427215576,0.0238355994224548,0.04261639417373698
P038 (36).jpg,P038,0,-3.2868003845214844,0.0360267981886863,0.059795705448092956
P038 (37).jpg,P038,0,-3.504710912704468,0.02917848713696,0.050315003355810343
P038 (38).jpg,P038,0,-3.44870662689209,0.030807452276349,0.052606173487008544
P038 (39).jpg,P038,0,-3.25244665145874,0.0372390709817409,0.06143535241659799
P038 (4).jpg,P038,0,-2.579603433609009,0.0704626962542533,0.10318233804138024
P038 (40).jpg,P038,0,-3.246269941329956,0.0374611504375934,0.06173457895036827
P038 (41).jpg,P038,0,-3.2509706020355225,0.0372920259833335,0.06150673514440168
P038 (42).jpg,P038,0,-3.3189377784729004,0.0349271930754184,0.0582990182095178
P038 (43).jpg,P038,0,-2.916785478591919,0.0513300038874149,0.07980510468548817
P038 (44).jpg,P038,0,-2.901742935180664,0.0520674735307693,0.08073601360816535
P038 (45).jpg,P038,0,-3.251028299331665,0.0372899547219276,0.06150394340993429
P038 (46).jpg,P038,0,-3.000236988067627,0.0474151670932769,0.07481666099717606
P038 (47).jpg,P038,0,-3.1867964267730717,0.0396656282246112,0.0646861555079121
P038 (48).jpg,P038,0,-3.172178030014038,0.0402262434363365,0.06543150482666037
P038 (49).jpg,P038,0,-3.148834466934204,0.0411372259259223,0.06663830139517131
P038 (5).jpg,P038,0,-2.549635648727417,0.072450965642929,0.10553016453970045
P038 (50).jpg,P038,0,-2.711953401565552,0.0622716881334781,0.09335874064144399
P038 (51).jpg,P038,0,-2.9965274333953857,0.0475829988718032,0.07503218524819634
P038 (52).jpg,P038,0,-2.1115078926086426,0.1079833433032035,0.14554564099470904
P038 (53).jpg,P038,0,-2.369652509689331,0.0855163112282753,0.12064213699632702
P038 (54).jpg,P038,0,-2.186025619506836,0.1010124310851097,0.1379481038095439
P038 (6).jpg,P038,0,-1.7109612226486206,0.1530390828847885,0.192442824313614
P038 (7).jpg,P038,0,-2.9652907848358154,0.0490187853574752,0.07686976943312258
P038 (8).jpg,P038,0,-2.2475361824035645,0.0955621972680091,0.1319301918851681
P038 (9).jpg,P038,0,-2.598442792892456,0.0692387074232101,0.10173013398283914
P047 (1).jpg,P047,0,1.9815422296524048,0.8788454532623291,0.8403761574620188
P047 (2).jpg,P047,0,0.1109759733080864,0.5277155637741089,0.5232396702237685
P047 (3).jpg,P047,0,1.5206865072250366,0.8206395506858826,0.7815491197340947
P047 (4).jpg,P047,0,0.9936953783035278,0.7298172116279602,0.6969817166008729
P047 (5).jpg,P047,0,-0.5468208193778992,0.3666023313999176,0.38737185541721014
P047 (6).jpg,P047,0,-0.3719547986984253,0.4080687761306762,0.4226775288874184
P047 (7).jpg,P047,0,-0.4388395249843597,0.392017513513565,0.40905879692652675
P047 (8).jpg,P047,0,-0.8551526665687561,0.2983530759811401,0.32809087281774574
P047 (9).jpg,P047,0,-0.293605625629425,0.4271213710308075,0.4387799163736744
P096 (1).jpg,P096,0,-3.1233251094818115,0.0421553030610084,0.06798067672735447
P096 (10).jpg,P096,0,-2.7638280391693115,0.0593104287981987,0.08974264362371781
P096 (11).jpg,P096,0,-2.669306516647339,0.0648089870810508,0.09642892544356657
P096 (12).jpg,P096,0,-2.6882193088531494,0.0636720955371856,0.09505639975262163
P096 (13).jpg,P096,0,-2.454564094543457,0.0791054219007492,0.1132926668866282
P096 (14).jpg,P096,0,-2.425431489944458,0.0812538638710975,0.11576914459699662
P096 (15).jpg,P096,0,-2.7484347820281982,0.0601751059293746,0.0908023039755229
P096 (16).jpg,P096,0,-2.272966861724853,0.0933867245912551,0.12950793484233922
P096 (17).jpg,P096,0,-2.218334913253784,0.0981160476803779,0.13475886830919032
P096 (18).jpg,P096,0,-2.24041748046875,0.0961792469024658,0.13261509210414169
P096 (19).jpg,P096,0,-2.8475029468536377,0.0548105388879776,0.084175420732449
P096 (2).jpg,P096,0,-2.8528902530670166,0.0545321106910705,0.0838279423648826
P096 (20).jpg,P096,0,-3.305082321166992,0.0353972464799881,0.05893992952526243
P096 (21).jpg,P096,0,-2.727642059326172,0.0613618306815624,0.09225153640614907
P096 (22).jpg,P096,0,-3.8140289783477774,0.0215830225497484,0.03927450356353413
P096 (23).jpg,P096,0,-2.8929085731506348,0.0525052323937416,0.0812873355503318
P096 (24).jpg,P096,0,-2.9041991233825684,0.0519463792443275,0.08058333846812496
P096 (25).jpg,P096,0,-2.72603702545166,0.0614543408155441,0.09236426539369702
P096 (26).jpg,P096,0,-3.277719736099243,0.0363434925675392,0.060225082342562596
P096 (27).jpg,P096,0,-2.699225664138794,0.0630190670490264,0.09426572506562474
P096 (28).jpg,P096,0,-2.679750442504883,0.0641788616776466,0.09566882151507224
P096 (29).jpg,P096,0,-2.9525434970855717,0.0496164374053478,0.07763145241506053
P096 (3).jpg,P096,0,-3.436391115188598,0.0311773102730512,0.053123066163997514
P096 (30).jpg,P096,0,-2.740435838699341,0.0606290772557258,0.091357381222721
P096 (31).jpg,P096,0,-2.6663167476654053,0.0649904236197471,0.09664751054138619
P096 (32).jpg,P096,0,-2.670996904373169,0.0647066086530685,0.09630553496516704
P096 (33).jpg,P096,0,-2.406299352645874,0.0826935991644859,0.11742099642014019
P096 (34).jpg,P096,0,-2.742949247360229,0.0604860931634902,0.09118263815055418
P096 (35).jpg,P096,0,-3.559081792831421,0.027677122503519,0.04818130554329084
P096 (36).jpg,P096,0,-3.800462245941162,0.021871380507946,0.039705859792518235
P096 (37).jpg,P096,0,-3.638938665390015,0.0256072543561458,0.04520264290260675
P096 (38).jpg,P096,0,-2.4997403621673584,0.0758763775229454,0.10954378696831596
P096 (39).jpg,P096,0,-3.287327766418457,0.0360084883868694,0.0597708565605641
P096 (4).jpg,P096,0,-3.225252389907837,0.0382264107465744,0.06276298678305554
P096 (40).jpg,P096,0,-3.8978545665740967,0.019882071763277,0.03670735699956497
P096 (41).jpg,P096,0,-3.349435329437256,0.0339136570692062,0.05691126151089539
P096 (42).jpg,P096,0,-3.31571364402771,0.0350360348820686,0.05844757069304265
P096 (43).jpg,P096,0,-2.7309489250183105,0.0611716397106647,0.09201966946220798
P096 (44).jpg,P096,0,-3.469699621200561,0.0301867742091417,0.05173601420382049
P096 (45).jpg,P096,0,-2.6262552738189697,0.0674676671624183,0.09961938394196321
P096 (46).jpg,P096,0,-3.947013378143311,0.0189463961869478,0.03527776057498949
P096 (47).jpg,P096,0,-3.074525117874145,0.0441703870892524,0.07061874605689103
P096 (48).jpg,P096,0,-2.989880084991455,0.0478851534426212,0.07541982220518263
P096 (49).jpg,P096,0,-2.662626266479492,0.0652150437235832,0.09691793553989896
P096 (5).jpg,P096,0,-2.8769185543060303,0.0533064268529415,0.0822939503174402
P096 (50).jpg,P096,0,-2.7152130603790283,0.0620816089212894,0.09312771824757549
P096 (6).jpg,P096,0,-2.761120557785034,0.0594616644084453,0.08992821326614364
P096 (7).jpg,P096,0,-3.870765447616577,0.0204168744385242,0.03751879337671146
P096 (8).jpg,P096,0,-3.6519410610198975,0.0252848211675882,0.044734562245319506
P096 (9).jpg,P096,0,-3.095781087875366,0.043281614780426,0.06945823983931215
P196 (1).jpg,P196,0,-2.765493631362915,0.0592175684869289,0.08962865618519719
P196 (2).jpg,P196,0,-0.0457153916358947,0.4885731637477875,0.4904209302912405
P043 (1).jpg,P043,0,-3.2632477283477783,0.0368537530303001,0.06091535689630893
P043 (10).jpg,P043,0,-3.5362839698791504,0.0282972864806652,0.04906530706234216
P043 (11).jpg,P043,0,-3.6931073665618896,0.0242898408323526,0.043282882057865006
P043 (12).jpg,P043,0,-2.9748682975769043,0.0485742390155792,0.07630200240010412
P043 (13).jpg,P043,0,-3.733017683029175,0.0233617164194583,0.0419185080456541
P043 (14).jpg,P043,0,-3.498984336853028,0.0293411444872617,0.050544874141371064
P043 (15).jpg,P043,0,-4.021500110626221,0.0176103692501783,0.03321334663835803
P043 (16).jpg,P043,0,-3.804649591445923,0.0217819791287183,0.03957224019653377
P043 (17).jpg,P043,0,-3.864899873733521,0.0205345153808593,0.03769674971439509
P043 (18).jpg,P043,0,-3.0326526165008545,0.0459723472595214,0.07295740400920386
P043 (19).jpg,P043,0,-3.112889528274536,0.0425786972045898,0.0685370197640753
P043 (2).jpg,P043,0,-3.3904991149902344,0.0325937122106552,0.05509169583680387
P043 (20).jpg,P043,0,-3.144838571548462,0.0412951372563838,0.0668469389513043
P043 (21).jpg,P043,0,-3.262802839279175,0.0368695519864559,0.06093669365296887
P043 (22).jpg,P043,0,-3.5269088745117188,0.0285562127828598,0.04943327879045078
P043 (23).jpg,P043,0,-3.722651958465576,0.0235993918031454,0.04226886543822494
P043 (24).jpg,P043,0,-3.508364200592041,0.0290751755237579,0.05016887415576519
P043 (25).jpg,P043,0,-3.832350015640259,0.0211995039135217,0.038699111945797816
P043 (26).jpg,P043,0,-3.911620378494263,0.0196155849844217,0.036301505781977356
P043 (27).jpg,P043,0,-3.7091057300567623,0.0239135529845953,0.042730943232468725
P043 (28).jpg,P043,0,-3.915907382965088,0.0195333119481802,0.03617599812195881
P043 (29).jpg,P043,0,-4.172432899475098,0.0151807069778442,0.029382146992825476
P043 (3).jpg,P043,0,-3.397345304489136,0.0323785319924354,0.05479371378450431
P043 (30).jpg,P043,0,-3.304484367370605,0.0354176685214042,0.05896773719660786
P043 (31).jpg,P043,0,-3.504007339477539,0.0291984267532825,0.050343192091193055
P043 (32).jpg,P043,0,-4.377340316772461,0.0124029517173767,0.024860280090419486
P043 (33).jpg,P043,0,-3.912931203842163,0.0195903927087783,0.036263085246976155
P043 (34).jpg,P043,0,-3.902451276779175,0.0197926927357912,0.036571351215889975
P043 (35).jpg,P043,0,-4.0932230949401855,0.0164115373045206,0.031336070099109097
P043 (36).jpg,P043,0,-3.631812334060669,0.0257856715470552,0.04546116357196251
P043 (37).jpg,P043,0,-3.779449224472046,0.0223254580050706,0.04038294850451235
P043 (38).jpg,P043,0,-3.162344694137573,0.0406076088547706,0.06593736319197673
P043 (39).jpg,P043,0,-3.2388696670532227,0.0377289094030857,0.062094872894177915
P043 (4).jpg,P043,0,-3.520668268203736,0.0287298411130905,0.04967967083403673
P043 (40).jpg,P043,0,-3.958017110824585,0.0187429431825876,0.03496518384624367
P043 (41).jpg,P043,0,-2.732596635818481,0.0610770843923091,0.09190433279569889
P043 (42).jpg,P043,0,-2.666900873184204,0.0649549439549446,0.0966047697708962
P043 (43).jpg,P043,0,-3.724100828170776,0.0235660299658775,0.04221972645894982
P043 (44).jpg,P043,0,-3.5120060443878174,0.0289725456386804,0.05002360287243625
P043 (45).jpg,P043,0,-3.874061107635498,0.0203510634601116,0.03741916048147093
P043 (46).jpg,P043,0,-3.50679087638855,0.0291196275502443,0.050231756780311665
P043 (47).jpg,P043,0,-3.9277420043945312,0.019307941198349,0.03583168833611983
P043 (48).jpg,P043,0,-3.5993659496307373,0.0266134124249219,0.04665611393993678
P043 (49).jpg,P043,0,-3.615303754806519,0.0262036435306072,0.04606546171918754
P043 (5).jpg,P043,0,-4.019163608551025,0.0176508370786905,0.03327629444013728
P043 (50).jpg,P043,0,-4.346508026123047,0.0127863530069589,0.025494579621588066
P043 (51).jpg,P043,0,-3.3093278408050537,0.035252571105957,0.058742846045294984
P043 (52).jpg,P043,0,-3.1358802318573,0.0416512563824653,0.06731688590630075
P043 (53).jpg,P043,0,-3.6900205612182617,0.0243631061166524,0.04339015650277969
P043 (54).jpg,P043,0,-2.6357169151306152,0.0668748170137405,0.0989102450573936
P043 (55).jpg,P043,0,-3.931995391845703,0.0192275680601596,0.035708715130676486
P043 (56).jpg,P043,0,-3.9717845916748047,0.0184914059937,0.0345778566649123
P043 (57).jpg,P043,0,-2.6903836727142334,0.0635431855916976,0.09490044877522161
P043 (58).jpg,P043,0,-3.5005245208740234,0.02929731272161,0.050482951966441196
P043 (59).jpg,P043,0,-3.770007371902466,0.0225324761122465,0.04069077617715878
P043 (6).jpg,P043,0,-3.639854431152344,0.0255844164639711,0.04516952354955315
P043 (60).jpg,P043,0,-3.0676910877227783,0.0444598123431205,0.07099565219635
P043 (61).jpg,P043,0,-3.3424999713897705,0.0341416224837303,0.05722409454653666
P043 (62).jpg,P043,0,-3.86474609375,0.0205376073718071,0.03770142615661483
P043 (63).jpg,P043,0,-3.4171626567840576,0.0317633748054504,0.0539396958874226
P043 (64).jpg,P043,0,-4.063916206359863,0.0168913807719945,0.03209041252069586
P043 (65).jpg,P043,0,-3.53753399848938,0.0282629337161779,0.04901644025220792
P043 (66).jpg,P043,0,-3.21816349029541,0.0384878925979137,0.0631134435471391
P043 (67).jpg,P043,0,-3.779325246810913,0.0223281644284725,0.040386975991884844
P043 (68).jpg,P043,0,-3.6787900924682617,0.0246314778923988,0.043782589562709764
P043 (69).jpg,P043,0,-3.2128937244415283,0.0386833846569061,0.0633751488187874
P043 (7).jpg,P043,0,-3.460808753967285,0.0304481480270624,0.05210286686986679
P043 (70).jpg,P043,0,-3.9788432121276855,0.0183637328445911,0.034380880546602516
P043 (71).jpg,P043,0,-4.173792839050293,0.0151603883132338,0.02934965379477307
P043 (8).jpg,P043,0,-3.5501654148101807,0.0279180835932493,0.048525229430135264
P043 (9).jpg,P043,0,-3.8417794704437256,0.0210047233849763,0.038406131905228846
P070 (1).jpg,P070,0,-1.7800508737564087,0.1442968547344207,0.18360235719443158
P070 (10).jpg,P070,0,-2.1754164695739746,0.1019799187779426,0.13900906982019065
P070 (11).jpg,P070,0,-2.213265895843506,0.0985655188560485,0.1352550790827356
P070 (12).jpg,P070,0,-2.015655279159546,0.1175689920783042,0.15582518513516214
P070 (13).jpg,P070,0,-1.94288432598114,0.125331312417984,0.16401887631756004
P070 (14).jpg,P070,0,-1.903464436531067,0.1297168731689453,0.16860017182659134
P070 (15).jpg,P070,0,-2.3490822315216064,0.0871387496590614,0.12248341008697373
P070 (16).jpg,P070,0,-2.9063873291015625,0.0518387146294117,0.08044754287029227
P070 (17).jpg,P070,0,-2.0572681427001958,0.1133200377225875,0.1512915634289046
P070 (18).jpg,P070,0,-2.7161009311676025,0.0620299354195594,0.09306488096895997
P070 (19).jpg,P070,0,-2.24918270111084,0.0954199805855751,0.13177220577751364
P070 (2).jpg,P070,0,-2.352122068405152,0.0868972465395927,0.1222097955946929
P070 (20).jpg,P070,0,-2.2332518100738525,0.0968039482831955,0.1333075506674747
P070 (21).jpg,P070,0,-2.567352771759033,0.0712693259119987,0.10413647916222984
P070 (22).jpg,P070,0,-1.7789121866226196,0.1444375067949295,0.18374547365132293
P070 (23).jpg,P070,0,-2.235559225082397,0.0966024026274681,0.1330842389835392
P070 (24).jpg,P070,0,-2.261479377746582,0.0943638682365417,0.13059738893231768
P070 (25).jpg,P070,0,-2.114971876144409,0.1076501309871673,0.14518490385874444
P070 (26).jpg,P070,0,-1.783739686012268,0.1438419669866562,0.18313932036061661
P070 (27).jpg,P070,0,-1.916661620140076,0.1282342970371246,0.1670551680532418
P070 (28).jpg,P070,0,-1.8739501237869265,0.1330853253602981,0.17209662526008687
P070 (29).jpg,P070,0,-2.032533884048462,0.1158291697502136,0.15397308820287822
P070 (3).jpg,P070,0,-2.7223429679870605,0.0616677515208721,0.0926241864294576
P070 (30).jpg,P070,0,-1.403458595275879,0.197267860174179,0.23569102123884372
P070 (31).jpg,P070,0,-1.7974748611450195,0.1421587169170379,0.18142318503621344
P070 (32).jpg,P070,0,-1.920586109161377,0.1277962177991867,0.1665979140831808
P070 (33).jpg,P070,0,-2.3116586208343506,0.0901619866490364,0.12589526260815723
P070 (34).jpg,P070,0,-2.1351540088653564,0.1057266965508461,0.14309789014383492
P070 (35).jpg,P070,0,-1.578494429588318,0.1710088104009628,0.21029064777639903
P070 (36).jpg,P070,0,-2.268784761428833,0.0937413945794105,0.12990365999093134
P070 (37).jpg,P070,0,-2.175584316253662,0.1019645482301712,0.13899223120265722
P070 (38).jpg,P070,0,-2.1419360637664795,0.1050871759653091,0.1424021960709048
P070 (39).jpg,P070,0,-2.0652151107788086,0.1125239804387092,0.15043818934645783
P070 (4).jpg,P070,0,-2.69171142578125,0.0634642243385315,0.09480489229602235
P070 (40).jpg,P070,0,-3.1939849853515625,0.0393927060067653,0.06432253738898593
P070 (41).jpg,P070,0,-3.3007662296295166,0.0355449132621288,0.05914092428215022
P070 (42).jpg,P070,0,-2.1752641201019287,0.1019938737154007,0.13902435521677792
P070 (43).jpg,P070,0,-2.9015259742736816,0.0520781837403774,0.08074951243958894
P070 (44).jpg,P070,0,-2.877487897872925,0.05327770113945,0.08225791458379038
P070 (45).jpg,P070,0,-2.946375608444214,0.0499080866575241,0.07800247572857978
P070 (46).jpg,P070,0,-2.7741332054138184,0.0587380789220333,0.0890394854968524
P070 (47).jpg,P070,0,-1.8809016942977903,0.1322853416204452,0.1712679608236797
P070 (48).jpg,P070,0,-2.6070802211761475,0.0686841383576393,0.10107040965330005
P070 (49).jpg,P070,0,-2.617643117904663,0.0680115297436714,0.10026878218343069
P070 (5).jpg,P070,0,-2.499219417572021,0.0759129151701927,0.10958638994330551
P070 (50).jpg,P070,0,-2.5861542224884038,0.0700348392128944,0.10267531143149299
P070 (51).jpg,P070,0,-2.881618022918701,0.0530697703361511,0.08199693442842447
P070 (52).jpg,P070,0,-2.295790433883667,0.0914721935987472,0.12736633577075776
P070 (53).jpg,P070,0,-3.1236789226531982,0.0421410202980041,0.06796188776600197
P070 (54).jpg,P070,0,-2.9396026134490967,0.0502302274107933,0.07841176797241534
P070 (55).jpg,P070,0,-3.340665578842163,0.0342021659016609,0.05730710817708285
P070 (56).jpg,P070,0,-2.598487615585327,0.0692358165979385,0.101726700602502
P070 (57).jpg,P070,0,-2.385582685470581,0.084278717637062,0.11923265877668726
P070 (58).jpg,P070,0,-3.124046564102173,0.0421261861920356,0.0679423695655574
P070 (59).jpg,P070,0,-3.076980829238892,0.0440668202936649,0.0704837623334277
P070 (6).jpg,P070,0,-3.254255533218384,0.0371742695569992,0.061347979273849974
P070 (60).jpg,P070,0,-2.923305988311768,0.0510134175419807,0.07940463589460364
P070 (61).jpg,P070,0,-2.586370944976806,0.0700207352638244,0.10265857502178335
P070 (62).jpg,P070,0,-2.165690898895264,0.1028740480542182,0.13998767704339754
P070 (63).jpg,P070,0,-2.6658663749694824,0.0650178045034408,0.09668047607619776
P070 (64).jpg,P070,0,-1.735163331031799,0.149928331375122,0.18930963929266575
P070 (65).jpg,P070,0,-2.448896169662476,0.0795193091034889,0.11377083218380418
P070 (66).jpg,P070,0,-1.5896530151367188,0.1694327294826507,0.20874150313303685
P070 (67).jpg,P070,0,-2.458120107650757,0.0788467600941658,0.1129935652236513
P070 (68).jpg,P070,0,-3.4376227855682373,0.0311401262879371,0.053071156905575935
P070 (69).jpg,P070,0,-2.63203501701355,0.0671049430966377,0.09918566331241364
P070 (7).jpg,P070,0,-3.107607841491699,0.0427945293486118,0.06882020276126574
P070 (70).jpg,P070,0,-3.319385528564453,0.0349121056497097,0.0582784160866635
P070 (71).jpg,P070,0,-2.7338249683380127,0.0610066801309585,0.09181843637375584
P070 (72).jpg,P070,0,-2.818408489227295,0.0563374832272529,0.08607469173063931
P070 (73).jpg,P070,0,-2.488863468170166,0.0766425877809524,0.11043632158635139
P070 (74).jpg,P070,0,-2.606926679611206,0.068693958222866,0.10108210389286477
P070 (8).jpg,P070,0,-2.632975578308105,0.067046083509922,0.099115241358032
P070 (9).jpg,P070,0,-2.52388596534729,0.0742005556821823,0.1075850369549585
P072 (1).jpg,P072,0,-2.9376742839813232,0.05032230168581,0.07852865582768326
P072 (10).jpg,P072,0,-2.921635389328003,0.0510943494737148,0.07950706341958298
P072 (11).jpg,P072,0,-2.67264723777771,0.0646068006753921,0.09618520437631028
P072 (12).jpg,P072,0,-2.930715322494507,0.0506559126079082,0.07895180771920814
P072 (13).jpg,P072,0,-2.971366167068481,0.0487363450229167,0.07650916554762625
P072 (14).jpg,P072,0,-2.7741947174072266,0.0587346777319908,0.0890353032774177
P072 (15).jpg,P072,0,-2.9333043098449707,0.0505315586924552,0.07879413681780402
P072 (16).jpg,P072,0,-3.388033628463745,0.0326715447008609,0.055199379995993246
P072 (17).jpg,P072,0,-3.0472488403320312,0.0453363955020904,0.07213418586982744
P072 (18).jpg,P072,0,-2.73793888092041,0.0607714429497718,0.09153127875840478
P072 (19).jpg,P072,0,-4.098305702209473,0.0163296926766634,0.031207004272052953
P072 (2).jpg,P072,0,-3.053852081298828,0.045051459223032,0.07176458835493679
P072 (20).jpg,P072,0,-2.819683313369751,0.0562697499990463,0.08599066482286231
P072 (21).jpg,P072,0,-2.8952105045318604,0.0523908361792564,0.08114335026611323
P072 (22).jpg,P072,0,-2.563051223754883,0.0715545713901519,0.10447335000323411
P072 (23).jpg,P072,0,-2.5557212829589844,0.0720430612564086,0.10504960390918401
P072 (24).jpg,P072,0,-3.384636640548706,0.0327790714800357,0.05534807367884115
P072 (25).jpg,P072,0,-3.294464111328125,0.0357615910470485,0.05943555964987042
P072 (26).jpg,P072,0,-2.8502984046936035,0.0546658933162689,0.0839949522396461
P072 (27).jpg,P072,0,-3.1022729873657227,0.0430135950446128,0.06910733605944656
P072 (28).jpg,P072,0,-3.195256471633911,0.0393446199595928,0.06425842036191208
P072 (29).jpg,P072,0,-3.5464775562286377,0.0280183404684066,0.04866815810364974
P072 (3).jpg,P072,0,-3.4221837520599365,0.0316093116998672,0.053725315741971695
P072 (30).jpg,P072,0,-3.1106245517730717,0.0426711216568946,0.06865832633331061
P072 (31).jpg,P072,0,-2.093480348587036,0.1097321212291717,0.14743503636656546
P072 (32).jpg,P072,0,-2.4652624130249023,0.0783295780420303,0.11239489657084148
P072 (33).jpg,P072,0,-2.479180335998535,0.0773306638002395,0.11123625143154438
P072 (34).jpg,P072,0,-2.609803438186645,0.0685101449489593,0.10086319976505116
P072 (35).jpg,P072,0,-3.858874082565308,0.0206560604274272,0.03788041131363141
P072 (36).jpg,P072,0,-3.610298395156861,0.0263316687196493,0.04625018882146907
P072 (37).jpg,P072,0,-3.6956727504730233,0.0242291167378425,0.04319392106753178
P072 (38).jpg,P072,0,-2.9342281818389893,0.050487246364355,0.07873794219555146
P072 (39).jpg,P072,0,-2.765892505645752,0.0591953508555889,0.08960137797114374
P072 (4).jpg,P072,0,-3.1034107208251958,0.0429667830467224,0.06904600791208088
P072 (40).jpg,P072,0,-3.4189844131469727,0.0317073948681354,0.0538618212894257
P072 (41).jpg,P072,0,-3.502892017364502,0.0292300563305616,0.05038790823577278
P072 (42).jpg,P072,0,-2.850390672683716,0.0546611212193965,0.08398900162038396
P072 (43).jpg,P072,0,-3.3693459033966064,0.0332673378288745,0.05602206305605499
P072 (44).jpg,P072,0,-2.957843065261841,0.0493671335279941,0.07731395376758778
P072 (45).jpg,P072,0,-3.2398617267608643,0.037692904472351,0.06204645918719885
P072 (46).jpg,P072,0,-2.7223868370056152,0.0616652145981788,0.09262109587044874
P072 (47).jpg,P072,0,-3.1531097888946533,0.0409689173102378,0.06641574385762791
P072 (48).jpg,P072,0,-3.6642696857452393,0.0249827448278665,0.0442950069349859
P072 (49).jpg,P072,0,-3.4980480670928955,0.0293678194284439,0.05058255144215617
P072 (5).jpg,P072,0,-2.7012648582458496,0.0628987625241279,0.09411988192727708
P072 (50).jpg,P072,0,-3.486467123031616,0.029699744656682,0.05105079455504846
P072 (6).jpg,P072,0,-1.9835748672485352,0.1209382638335228,0.1593954123181924
P072 (7).jpg,P072,0,-3.2186295986175537,0.0384706445038318,0.06309034441672978
P072 (8).jpg,P072,0,-1.9447470903396609,0.1251272559165954,0.16380488587513156
P072 (9).jpg,P072,0,-3.2975144386291504,0.0356565564870834,0.05929278004232461
P078 (1).jpg,P078,0,-1.6693755388259888,0.1585074514150619,0.19791839918601048
P078 (10).jpg,P078,0,-0.2401447594165802,0.4402506947517395,0.44984386645536445
P078 (11).jpg,P078,0,-1.3911309242248535,0.1992272585630417,0.2375576200674756
P078 (12).jpg,P078,0,-1.0086753368377686,0.2672391533851623,0.3003728534681145
P078 (13).jpg,P078,0,-1.0268772840499878,0.2636899650096893,0.29717624083370925
P078 (14).jpg,P078,0,-0.7763080596923828,0.315116137266159,0.34282259192242387
P078 (15).jpg,P078,0,-1.3767069578170776,0.2015383839607238,0.239754517040613
P078 (16).jpg,P078,0,-0.6026860475540161,0.3537293970584869,0.37631893353430246
P078 (17).jpg,P078,0,0.0102857295423746,0.5025714039802551,0.5021554921292114
P078 (18).jpg,P078,0,-0.6504526734352112,0.3428875505924225,0.36696888076659984
P078 (19).jpg,P078,0,0.2347494959831237,0.5584193468093872,0.5490366125978945
P078 (2).jpg,P078,0,-1.8409827947616575,0.1369350850582122,0.17606977773958643
P078 (20).jpg,P078,0,-0.5494386553764343,0.3659946620464325,0.3868512196877073
P078 (21).jpg,P078,0,-0.907379150390625,0.2875364422798157,0.31851354389796027
P078 (22).jpg,P078,0,-0.489317387342453,0.3800544142723083,0.3988711828624925
P078 (23).jpg,P078,0,-0.3988652527332306,0.4015850126743316,0.41718278516319557
P078 (24).jpg,P078,0,-0.8579537868499756,0.2977670133113861,0.3275734625974285
P078 (3).jpg,P078,0,-2.129176378250122,0.1062932088971138,0.14371341273139496
P078 (4).jpg,P078,0,-2.250633955001831,0.0952947959303855,0.13163308872556612
P078 (5).jpg,P078,0,-1.6877975463867188,0.1560657024383545,0.19547842115753372
P078 (6).jpg,P078,0,-1.8786004781723025,0.1325497031211853,0.17154192705519905
P078 (7).jpg,P078,0,-2.4322125911712646,0.0807490721344947,0.11518853517649448
P078 (8).jpg,P078,0,-1.8369154930114744,0.1374164968729019,0.17656492587758646
P078 (9).jpg,P078,0,-2.0665504932403564,0.1123906970024108,0.15029518052718424
P080 (1).jpg,P080,0,-4.258343696594238,0.0139484032988548,0.027396522401095927
P080 (10).jpg,P080,0,-2.5435478687286377,0.0728611424565315,0.10601283360353786
P080 (11).jpg,P080,0,-2.627717971801758,0.0673756971955299,0.09950946172678284
P080 (12).jpg,P080,0,-2.9916880130767822,0.0478027947247028,0.07531421201701491
P080 (13).jpg,P080,0,-3.1762852668762207,0.0400679670274257,0.06522128576459525
P080 (14).jpg,P080,0,-2.9817564487457275,0.0482568964362144,0.07589604519697639
P080 (15).jpg,P080,0,-3.5333340167999268,0.028378514572978,0.04918081149788473
P080 (16).jpg,P080,0,-3.0051426887512207,0.0471940822899341,0.0745325147609569
P080 (17).jpg,P080,0,-1.296653151512146,0.2147288173437118,0.2521985822351095
P080 (18).jpg,P080,0,-0.3631205260753631,0.4102043807506561,0.42448561538674784
P080 (19).jpg,P080,0,0.3843903243541717,0.5949315428733826,0.5798640989297746
P080 (2).jpg,P080,0,-3.4328129291534424,0.0312855690717697,0.05327414227260546
P080 (20).jpg,P080,0,0.1573068797588348,0.5392457842826843,0.53291797428513
P080 (21).jpg,P080,0,-2.081563234329224,0.1109017357230186,0.14869512748678182
P080 (22).jpg,P080,0,-2.448920965194702,0.0795174911618232,0.11376873652322009
P080 (23).jpg,P080,0,-2.6138365268707275,0.068253219127655,0.1005570145163863
P080 (24).jpg,P080,0,-3.367835521697998,0.0333159491419792,0.05608905549842973
P080 (25).jpg,P080,0,-3.843893051147461,0.0209613051265478,0.038340754154770736
P080 (26).jpg,P080,0,-3.1646535396575928,0.0405177548527717,0.06581826322256336
P080 (27).jpg,P080,0,-2.7731051445007324,0.0587949454784393,0.08910940991683153
P080 (28).jpg,P080,0,-3.103487491607666,0.0429636277258396,0.06904187149105045
P080 (29).jpg,P080,0,-3.3734982013702397,0.0331340581178665,0.05583827705691591
P080 (3).jpg,P080,0,-2.854586601257324,0.0544447153806686,0.08371879886762992
P080 (30).jpg,P080,0,-2.8289029598236084,0.0557821504771709,0.08538518355139711
P080 (31).jpg,P080,0,-3.064261674880981,0.0446057356894016,0.07118548834835384
P080 (32).jpg,P080,0,-3.70051646232605,0.0241148639470338,0.04302642927777221
P080 (33).jpg,P080,0,-3.714874744415283,0.0237792655825614,0.04253356829589698
P080 (34).jpg,P080,0,-3.8519480228424072,0.0207966361194849,0.038092574259146104
P080 (35).jpg,P080,0,-4.063759803771973,0.0168939772993326,0.0320944849606631
P080 (36).jpg,P080,0,-4.401185989379883,0.0121142324060201,0.024380284847614644
P080 (37).jpg,P080,0,-4.308008670806885,0.0132815521210432,0.02630876489610382
P080 (38).jpg,P080,0,-4.0215911865234375,0.017608793452382,0.033210895288556
P080 (39).jpg,P080,0,-3.414700984954834,0.0318391695618629,0.054045093619510064
P080 (4).jpg,P080,0,-2.28516149520874,0.0923593640327453,0.12835989083642024
P080 (40).jpg,P080,0,-4.175446510314941,0.0151357175782322,0.029310189378534475
P080 (41).jpg,P080,0,-3.4934651851654053,0.0294987391680479,0.05076735934859823
P080 (42).jpg,P080,0,-2.819666624069214,0.056270632892847,0.08599176437698527
P080 (43).jpg,P080,0,-3.687289714813232,0.0244280993938446,0.043485272014509344
P080 (44).jpg,P080,0,-3.07966947555542,0.0439537055790424,0.07033624828966252
P080 (45).jpg,P080,0,-2.700955629348755,0.062916986644268,0.09414198496104845
P080 (46).jpg,P080,0,-2.6116530895233154,0.06839220225811,0.10072267474997272
P080 (47).jpg,P080,0,-3.0474257469177246,0.0453287400305271,0.07212426118380534
P080 (48).jpg,P080,0,-3.2719314098358154,0.0365467630326747,0.06050028658147237
P080 (49).jpg,P080,0,-2.09414291381836,0.1096674054861068,0.1473652379124953
P080 (5).jpg,P080,0,-2.5295052528381348,0.0738154649734497,0.10713362695911273
P080 (50).jpg,P080,0,-0.8905682563781738,0.2909925580024719,0.32158012796402236
P080 (51).jpg,P080,0,-1.4702081680297852,0.1869109719991684,0.22576106826036718
P080 (52).jpg,P080,0,-1.6956992149353027,0.1550278067588806,0.19443885372294686
P080 (53).jpg,P080,0,-1.2970175743103027,0.2146673798561096,0.2521409751887322
P080 (54).jpg,P080,0,-1.7841449975967407,0.143792062997818,0.1830884990485087
P080 (55).jpg,P080,0,-1.925667643547058,0.1272308826446533,0.16600733773772536
P080 (56).jpg,P080,0,-1.469745397567749,0.1869813054800033,0.225828880784244
P080 (57).jpg,P080,0,-2.127915620803833,0.1064130291342735,0.14384351519657723
P080 (58).jpg,P080,0,-2.897948980331421,0.0522550456225872,0.08097236209609397
P080 (59).jpg,P080,0,-2.9686567783355717,0.0488621108233928,0.07666978906085044
P080 (6).jpg,P080,0,-2.6287453174591064,0.0673111751675605,0.09943232088790917
P080 (60).jpg,P080,0,-2.713796854019165,0.0621641241014003,0.09322802621325127
P080 (61).jpg,P080,0,-3.148948907852173,0.0411327145993709,0.06663233501126911
P080 (62).jpg,P080,0,-2.6961891651153564,0.0631985962390899,0.09448327065942412
P080 (63).jpg,P080,0,-3.0178558826446533,0.0466256886720657,0.07380075783850314
P080 (64).jpg,P080,0,-3.3771307468414307,0.0330178812146186,0.05567796131309915
P080 (65).jpg,P080,0,-3.522091150283813,0.0286901630461215,0.04962339027426133
P080 (66).jpg,P080,0,-3.153569459915161,0.0409508645534515,0.06639185622278908
P080 (67).jpg,P080,0,-3.2819223403930664,0.0361965931951999,0.060026005376389836
P080 (68).jpg,P080,0,-3.275721788406372,0.0364135317504406,0.060319941502539394
P080 (69).jpg,P080,0,-3.271195650100708,0.0365726761519908,0.060535352227651607
P080 (7).jpg,P080,0,-3.140347719192505,0.0414732918143272,0.06708214334440156
P080 (70).jpg,P080,0,-3.404078483581543,0.0321682468056678,0.05450213195496459
P080 (71).jpg,P080,0,-3.563919305801392,0.0275472346693277,0.04799568185333838
P080 (72).jpg,P080,0,-2.975436925888061,0.0485479682683944,0.07626841466413337
P080 (73).jpg,P080,0,-3.2247114181518555,0.0382463075220584,0.06278966690180474
P080 (74).jpg,P080,0,-4.137730121612549,0.0157083459198474,0.030223204370071532
P080 (75).jpg,P080,0,-3.708193063735962,0.0239348672330379,0.04276224828826239
P080 (76).jpg,P080,0,-3.558911085128784,0.027681715786457,0.04818786832581698
P080 (77).jpg,P080,0,-3.678647518157959,0.0246349051594734,0.04378759332964644
P080 (78).jpg,P080,0,-3.721749782562256,0.0236201900988817,0.042299490698106804
P080 (79).jpg,P080,0,-3.0128087997436523,0.0468505583703517,0.0740904674148864
P080 (8).jpg,P080,0,-2.1065049171447754,0.1084661856293678,0.14606796006983352
P080 (80).jpg,P080,0,-3.4119203090667725,0.0319249965250492,0.0541643832185082
P080 (81).jpg,P080,0,-3.294888019561768,0.0357469767332077,0.05941569811541517
P080 (82).jpg,P080,0,-3.145514965057373,0.0412683635950088,0.06681157985103216
P080 (83).jpg,P080,0,-3.2191593647003174,0.0384510569274425,0.06306410014510064
P080 (84).jpg,P080,0,-3.1578292846679688,0.0407838858664035,0.06617086611873532
P080 (85).jpg,P080,0,-3.141385316848755,0.0414320677518844,0.0670277319549895
P080 (86).jpg,P080,0,-2.951791524887085,0.0496519096195697,0.07767659990705425
P080 (87).jpg,P080,0,-3.083540916442871,0.0437913052737712,0.07012434083743968
P080 (88).jpg,P080,0,-3.2851874828338623,0.0360828563570976,0.05987176129911921
P080 (9).jpg,P080,0,-2.6398394107818604,0.0666180178523063,0.098602676741871
P143 (1).jpg,P143,0,-3.0674281120300293,0.0444709882140159,0.07101019272516026
P143 (10).jpg,P143,0,-1.8616836071014404,0.1345069259405136,0.1735666011196169
P143 (11).jpg,P143,0,-3.1647541522979736,0.0405138432979583,0.06581307774861715
P143 (12).jpg,P143,0,-2.234794855117798,0.0966691225767135,0.13315817963249327
P143 (13).jpg,P143,0,-2.703099250793457,0.0627907216548919,0.09398885898396199
P143 (14).jpg,P143,0,-2.4713480472564697,0.077891357243061,0.11188698578549358
P143 (15).jpg,P143,0,-2.942309617996216,0.0501012429594993,0.0782479484254575
P143 (16).jpg,P143,0,-2.899979591369629,0.0521545708179473,0.08084578463225431
P143 (17).jpg,P143,0,-2.4581291675567627,0.0788461118936538,0.11299280406196353
P143 (18).jpg,P143,0,-2.7582573890686035,0.0596219897270202,0.09012482978854755
P143 (19).jpg,P143,0,-1.8316810131073,0.1380381435155868,0.17720377372473356
P143 (2).jpg,P143,0,-2.88832426071167,0.0527337603271007,0.0815747771648511
P143 (20).jpg,P143,0,-2.471703290939331,0.0778658464550972,0.11185739898512614
P143 (21).jpg,P143,0,-3.173067331314087,0.0401919223368167,0.0653859346925368
P143 (22).jpg,P143,0,-3.0109260082244877,0.0469347089529037,0.07419880997241389
P143 (23).jpg,P143,0,-3.2680928707122803,0.0366821587085723,0.06068343716181198
P143 (24).jpg,P143,0,-3.361278772354126,0.0335277616977691,0.05638075222352999
P143 (25).jpg,P143,0,-3.937242269515991,0.0191288720816373,0.035557578135661384
P143 (26).jpg,P143,0,-3.828486204147339,0.021279826760292,0.03881978193430228
P143 (27).jpg,P143,0,-3.723840951919556,0.0235720127820968,0.042228536242310724
P143 (28).jpg,P143,0,-3.811225414276123,0.0216423030942678,0.03936327327625127
P143 (29).jpg,P143,0,-3.6857991218566895,0.0244636498391628,0.04353727337191562
P143 (3).jpg,P143,0,-2.5045738220214844,0.075538158416748,0.10914919762112
P143 (30).jpg,P143,0,-3.2952868938446045,0.0357332304120063,0.059397015184275224
P143 (31).jpg,P143,0,-3.8134257793426514,0.0215957630425691,0.03929358652768692
P143 (32).jpg,P143,0,-3.336977005004883,0.0343242175877094,0.057474373435711566
P143 (33).jpg,P143,0,-3.404989719390869,0.0321398861706256,0.054462783193879316
P143 (34).jpg,P143,0,-3.604313611984253,0.0264855436980724,0.04647198764497413
P143 (35).jpg,P143,0,-3.6835527420043945,0.0245173182338476,0.04361575352063218
P143 (36).jpg,P143,0,-3.1677937507629395,0.0403958521783351,0.06565659884274033
P143 (37).jpg,P143,0,-2.924459218978882,0.0509576164186,0.07933399954121899
P143 (38).jpg,P143,0,-2.6362240314483643,0.0668431743979454,0.09887236445380844
P143 (39).jpg,P143,0,-2.921008825302124,0.0511247366666793,0.07954551034072886
P143 (4).jpg,P143,0,-2.502794981002808,0.0756624713540077,0.10929427168687199
P143 (40).jpg,P143,0,-3.0029008388519287,0.0472949929535388,0.07466224306666339
P143 (41).jpg,P143,0,-3.2798779010772705,0.0362679846584796,0.06012277320725897
P143 (42).jpg,P143,0,-3.227843999862671,0.0381312444806098,0.06263531815208243
P143 (43).jpg,P143,0,-2.3730602264404297,0.0852501839399337,0.12033942368161837
P143 (44).jpg,P143,0,-2.646543502807617,0.0662023648619651,0.09810432122852426
P143 (45).jpg,P143,0,-2.5567476749420166,0.0719744712114334,0.1049687440314449
P143 (46).jpg,P143,0,-3.996689796447754,0.0180447716265916,0.033887673474961494
P143 (47).jpg,P143,0,-3.7818856239318848,0.02227234095335,0.040303878661883424
P143 (48).jpg,P143,0,-2.726475715637207,0.0614290386438369,0.0923334418613864
P143 (49).jpg,P143,0,-3.615290880203247,0.0262039713561534,0.04606593596554841
P143 (5).jpg,P143,0,-4.0991082191467285,0.016316806897521,0.031186672541505908
P143 (50).jpg,P143,0,-3.311312198638916,0.0351851433515548,0.05865094117239688
P143 (51).jpg,P143,0,-4.217012405395508,0.0145284375175833,0.02833496996087546
P143 (52).jpg,P143,0,-4.0096282958984375,0.0178169347345829,0.03353438203937498
P143 (53).jpg,P143,0,-3.1938636302948,0.0393972992897033,0.06432866005380666
P143 (54).jpg,P143,0,-3.4397904872894287,0.0310747921466827,0.05297991448958576
P143 (55).jpg,P143,0,-3.2706360816955566,0.0365923978388309,0.06056203348230034
P143 (56).jpg,P143,0,-3.30998158454895,0.0352303460240364,0.05871255321669111
P143 (57).jpg,P143,0,-3.857050895690918,0.0206929761916399,0.037936149867410465
P143 (6).jpg,P143,0,-4.0168938636779785,0.017690235748887,0.03333755403000781
P143 (7).jpg,P143,0,-2.977562427520752,0.0484498813748359,0.07614298562061687
P143 (8).jpg,P143,0,-3.000803232192993,0.0473896004259586,0.07478381244664903
P143 (9).jpg,P143,0,-3.027956962585449,0.0461787320673465,0.07322407097676781
P168 (1).jpg,P168,0,0.1147196218371391,0.5286484956741333,0.5240224468297983
P168 (10).jpg,P168,0,-2.338501214981079,0.0879841074347496,0.12343991630179568
P168 (11).jpg,P168,0,-1.2135226726531982,0.2290783673524856,0.2655660543029388
P168 (12).jpg,P168,0,-1.2893168926239014,0.2159684300422668,0.2533601339370056
P168 (13).jpg,P168,0,-0.5965757369995117,0.3551275432109833,0.37752183538859313
P168 (14).jpg,P168,0,0.203830137848854,0.5507818460464478,0.542611584159543
P168 (15).jpg,P168,0,0.8400902152061462,0.6984841823577881,0.6691197177358389
P168 (16).jpg,P168,0,0.8885164260864258,0.7085838913917542,0.6780445220442912
P168 (17).jpg,P168,0,0.7783095836639404,0.6853156685829163,0.6575553040502331
P168 (18).jpg,P168,0,0.6069281697273254,0.6472397446632385,0.6245152937762772
P168 (19).jpg,P168,0,-1.1378854513168335,0.2427088171243667,0.27811452989577334
P168 (2).jpg,P168,0,-0.4663610160350799,0.3854779005050659,0.40349403521902083
P168 (20).jpg,P168,0,-0.9425559639930724,0.280384361743927,0.3121475469113022
P168 (21).jpg,P168,0,-1.3107125759124756,0.2123676240444183,0.2499824330002889
P168 (22).jpg,P168,0,-2.050351619720459,0.1140168458223342,0.15203751867936677
P168 (23).jpg,P168,0,-0.2349572330713272,0.4415294229984283,0.4509202725457669
P168 (24).jpg,P168,0,-0.7868490219116211,0.3128456771373749,0.3408346633282421
P168 (25).jpg,P168,0,-1.7396491765975952,0.1493574976921081,0.18873322002920087
P168 (26).jpg,P168,0,-1.6445385217666626,0.1618484407663345,0.2012442472120817
P168 (27).jpg,P168,0,-1.748613715171814,0.1482221335172653,0.18758533781427045
P168 (28).jpg,P168,0,-1.58375084400177,0.1702649295330047,0.20955985183267767
P168 (29).jpg,P168,0,-1.1637834310531616,0.2379804998636245,0.27377714484467586
P168 (3).jpg,P168,0,-0.9536119699478148,0.2781589925289154,0.3101611365697886
P168 (30).jpg,P168,0,-2.3984177112579346,0.0832934379577636,0.11810741271319208
P168 (31).jpg,P168,0,-3.2977840900421143,0.0356472842395305,0.05928017368098156
P168 (32).jpg,P168,0,-3.699770927429199,0.0241324137896299,0.04305216884731799
P168 (33).jpg,P168,0,-3.784405708312988,0.0222175288945436,0.04022224900119063
P168 (34).jpg,P168,0,-3.643139123916626,0.0255026593804359,0.04505092025713436
P168 (35).jpg,P168,0,-2.608347177505493,0.0686031356453895,0.10097395984489894
P168 (36).jpg,P168,0,-3.7659249305725098,0.0226225666701793,0.04082456853532092
P168 (37).jpg,P168,0,-2.5848498344421387,0.0701198428869247,0.1027760939366644
P168 (38).jpg,P168,0,-3.778533458709717,0.0223454535007476,0.04041270677182047
P168 (39).jpg,P168,0,-2.739237070083618,0.0606973879039287,0.0914408308626768
P168 (4).jpg,P168,0,1.0523273944854736,0.7412216067314148,0.7072601795653102
P168 (40).jpg,P168,0,-3.3401153087615967,0.0342203453183174,0.05733203215352534
P168 (41).jpg,P168,0,-2.8515727519989014,0.0546000748872756,0.08391279990895864
P168 (42).jpg,P168,0,-2.8328473567962646,0.0555747598409652,0.08512732589262226
P168 (43).jpg,P168,0,-2.677710771560669,0.0643014684319496,0.09581684556735903
P168 (44).jpg,P168,0,-3.627532958984375,0.0258933920413255,0.04561708175371381
P168 (45).jpg,P168,0,-3.8617990016937256,0.0205969754606485,0.03779115486154891
P168 (46).jpg,P168,0,-3.836039543151856,0.0211230814456939,0.038584221051148095
P168 (47).jpg,P168,0,-3.756687879562378,0.022827710956335,0.04112884731778552
P168 (48).jpg,P168,0,-3.448540210723877,0.0308124236762523,0.052613126353795
P168 (49).jpg,P168,0,-3.2444212436676025,0.0375278666615486,0.06182440226727107
P168 (5).jpg,P168,0,-1.0278160572052002,0.2635077238082886,0.29701190742248784
P168 (50).jpg,P168,0,-1.452336311340332,0.1896422654390335,0.22839041297996387
P168 (51).jpg,P168,0,-1.994463324546814,0.1197854578495025,0.15817626297764892
P168 (52).jpg,P168,0,-2.031283378601074,0.1159572899341583,0.15410968676385006
P168 (53).jpg,P168,0,-0.9219749569892884,0.2845556437969208,0.31586371044612094
P168 (54).jpg,P168,0,-1.662741780281067,0.1593942940235138,0.1988026336279476
P168 (55).jpg,P168,0,-0.2019926458597183,0.4496728181838989,0.4577707139220584
P168 (56).jpg,P168,0,-0.5423645973205566,0.3676376640796661,0.3882587011942173
P168 (57).jpg,P168,0,-1.573938012123108,0.1716557294130325,0.21092563511299217
P168 (58).jpg,P168,0,-1.6458197832107544,0.1616747230291366,0.20107165949569597
P168 (59).jpg,P168,0,-0.914278209209442,0.2861251831054687,0.317259559265335
P168 (6).jpg,P168,0,-1.2613260746002195,0.220745712518692,0.2578242922494024
P168 (60).jpg,P168,0,-2.1556296348571777,0.1038063243031501,0.14100612565370246
P168 (61).jpg,P168,0,-1.083863615989685,0.2527755796909332,0.2872967175734796
P168 (62).jpg,P168,0,-0.1394119411706924,0.4652033448219299,0.47081765792700475
P168 (63).jpg,P168,0,0.0935525670647621,0.5233711004257202,0.5195950895271529
P168 (64).jpg,P168,0,-1.3716362714767456,0.202355608344078,0.24053012352855527
P168 (65).jpg,P168,0,0.4422186911106109,0.6087875366210938,0.591625747162198
P168 (66).jpg,P168,0,-0.6491644978523254,0.343177855014801,0.36721976058753486
P168 (67).jpg,P168,0,-1.6298952102661133,0.1638447046279907,0.2032245923107596
P168 (68).jpg,P168,0,-2.283720731735229,0.0924802049994468,0.1284950757339911
P168 (69).jpg,P168,0,-2.707362651824951,0.0625402927398681,0.09368497349890126
P168 (7).jpg,P168,0,-0.7952883243560791,0.3110342919826507,0.33924711062272445
P168 (70).jpg,P168,0,-2.609922409057617,0.068502552807331,0.10085415586214899
P168 (71).jpg,P168,0,-2.7839298248291016,0.0581987798213958,0.08837564028937432
P168 (72).jpg,P168,0,-2.212256669998169,0.0986552238464355,0.13535405692759908
P168 (73).jpg,P168,0,-3.042917490005493,0.0455242358148098,0.07237757341820943
P168 (74).jpg,P168,0,-2.86853289604187,0.0537312030792236,0.08282637469759611
P168 (75).jpg,P168,0,-2.4689979553222656,0.0780603140592575,0.11208288771686065
P168 (76).jpg,P168,0,-2.3442394733428955,0.0875247418880462,0.12292039343100515
P168 (77).jpg,P168,0,-1.970808029174805,0.1223021149635315,0.16083456449574354
P168 (78).jpg,P168,0,-0.5512607097625732,0.3655719757080078,0.386489001655837
P168 (79).jpg,P168,0,-0.9974365234375,0.2694457173347473,0.3023563714135202
P168 (8).jpg,P168,0,1.2371606826782229,0.7750694155693054,0.7382806019314668
P168 (9).jpg,P168,0,-0.7820872068405151,0.313870221376419,0.34173200966415634
P184 (1).jpg,P184,0,-0.9821121692657472,0.2724728882312774,0.30507285439627746
P184 (10).jpg,P184,0,-0.3896709680557251,0.403796523809433,0.4190578913166951
P184 (11).jpg,P184,0,-0.491120845079422,0.3796295821666717,0.39850876155105525
P184 (12).jpg,P184,0,-0.4909142553806305,0.3796782493591308,0.39855027200634013
P184 (13).jpg,P184,0,-0.5545468926429749,0.3648101389408111,0.3858360377217112
P184 (14).jpg,P184,0,-0.3853783309459686,0.4048303663730621,0.4199341475457096
P184 (15).jpg,P184,0,-0.671255886554718,0.3382156789302826,0.36292739147753766
P184 (16).jpg,P184,0,-0.6200197339057922,0.3497769832611084,0.3729148814538982
P184 (17).jpg,P184,0,-0.5131921172142029,0.3744454979896545,0.3940824550234422
P184 (18).jpg,P184,0,-1.2142423391342163,0.2289512753486633,0.2654484104682874
P184 (19).jpg,P184,0,-0.6062819957733154,0.3529077768325805,0.37561173089595773
P184 (2).jpg,P184,0,-1.121896266937256,0.2456597089767456,0.28081338316137766
P184 (20).jpg,P184,0,-0.7470898628234863,0.3214557468891144,0.3483616101407925
P184 (21).jpg,P184,0,-0.649892270565033,0.3430138230323791,0.36707801369371135
P184 (22).jpg,P184,0,-0.4625547230243683,0.3863799273967743,0.404262212621709
P184 (23).jpg,P184,0,-0.5306468605995178,0.3703660070896148,0.3905942029096549
P184 (24).jpg,P184,0,-0.537799060344696,0.3686997592449188,0.3891680701348026
P184 (25).jpg,P184,0,-0.289326399564743,0.4281688034534454,0.4396634317533152
P184 (26).jpg,P184,0,0.0096379462629556,0.5024094581604004,0.502019743269134
P184 (27).jpg,P184,0,-0.1991777420043945,0.4503695368766784,0.4583564630345694
P184 (28).jpg,P184,0,-1.2567012310028076,0.2215422838926315,0.2585668137471227
P184 (29).jpg,P184,0,-1.2340079545974731,0.2254806905984878,0.26223036315465587
P184 (3).jpg,P184,0,-1.143300175666809,0.2417149692773819,0.2772041881783876
P184 (30).jpg,P184,0,-1.004194736480713,0.2681174874305725,0.3011627365242263
P184 (31).jpg,P184,0,-1.0853630304336548,0.2524924576282501,0.28703942989506687
P184 (32).jpg,P184,0,-1.096184015274048,0.2504555881023407,0.28518672268350925
P184 (33).jpg,P184,0,-0.9349653720855712,0.2819184362888336,0.3135153476237989
P184 (34).jpg,P184,0,-1.2104893922805786,0.2296144664287567,0.26606227011506406
P184 (35).jpg,P184,0,-1.5601390600204468,0.1736267060041427,0.2128572349625864
P184 (36).jpg,P184,0,-1.2569293975830078,0.2215029448270797,0.2585301488217593
P184 (37).jpg,P184,0,-1.2995809316635132,0.2142355740070343,0.25173601256591804
P184 (38).jpg,P184,0,-1.3160295486450195,0.2114796191453933,0.2491477242021584
P184 (39).jpg,P184,0,-1.2690894603729248,0.2194131761789322,0.2565810083186085
P184 (4).jpg,P184,0,-1.7795912027359009,0.1443536132574081,0.18366012077245822
P184 (40).jpg,P184,0,-1.3287138938903809,0.209372192621231,0.24716394833921018
P184 (41).jpg,P184,0,-1.264067769050598,0.2202744483947754,0.25738476904964264
P184 (42).jpg,P184,0,-1.4482792615890503,0.1902665346860885,0.22899028798090998
P184 (43).jpg,P184,0,-1.0976901054382324,0.2501729726791382,0.28492942902252394
P184 (44).jpg,P184,0,-1.300015568733215,0.2141624093055725,0.2516673908310077
P184 (45).jpg,P184,0,-1.2105756998062134,0.2295992076396942,0.26604814285810696
P184 (46).jpg,P184,0,-1.0965582132339478,0.2503853440284729,0.2851227833528894
P184 (47).jpg,P184,0,-0.8184399604797363,0.3060949146747589,0.33491055834443584
P184 (48).jpg,P184,0,-1.0608807802200315,0.2571411728858948,0.2912575537904939
P184 (49).jpg,P184,0,-0.999225378036499,0.2690937519073486,0.3020401632718257
P184 (5).jpg,P184,0,-0.7836158275604248,0.3135411143302917,0.34144382289576136
P184 (50).jpg,P184,0,-1.136510729789734,0.2429615706205368,0.2783459450243759
P184 (51).jpg,P184,0,-1.0153025388717651,0.2659434080123901,0.29920671776324465
P184 (52).jpg,P184,0,-1.1355469226837158,0.2431388646364212,0.27850825897826337
P184 (53).jpg,P184,0,-1.0471644401550293,0.2597699761390686,0.293636675715535
P184 (54).jpg,P184,0,-1.0788019895553589,0.2537328004837036,0.28816626846111676
P184 (55).jpg,P184,0,-1.0886250734329224,0.2518772780895233,0.28648016484629285
P184 (56).jpg,P184,0,-1.6035724878311155,0.1674828976392746,0.2068208644069761
P184 (57).jpg,P184,0,-1.4585400819778442,0.1886907070875167,0.22747526510841734
P184 (58).jpg,P184,0,-2.123147487640381,0.1068672686815261,0.1443364436915364
P184 (59).jpg,P184,0,-0.6483790874481201,0.3433549106121063,0.36737275922933466
P184 (6).jpg,P184,0,-1.2142294645309448,0.2289535701274871,0.2654505147864759
P184 (60).jpg,P184,0,-0.5176185369491577,0.3734092712402344,0.3931968173117644
P184 (61).jpg,P184,0,-0.29867023229599,0.4258826076984405,0.4377347481978254
P184 (62).jpg,P184,0,-0.4336457550525665,0.3932560682296753,0.4101116264056407
P184 (63).jpg,P184,0,-0.2985574901103973,0.4259101450443268,0.4377580084969465
P184 (64).jpg,P184,0,-0.1604913771152496,0.4599630832672119,0.46641762510816404
P184 (65).jpg,P184,0,-0.0721580982208252,0.4819682836532593,0.48488296119760094
P184 (66).jpg,P184,0,0.1883245557546615,0.5469424724578857,0.5393840503410668
P184 (67).jpg,P184,0,-0.04013542085886,0.4899674952030182,0.49158990520888574
P184 (68).jpg,P184,0,-0.1727494150400161,0.4569197595119476,0.46386129016534156
P184 (69).jpg,P184,0,-0.2140712887048721,0.446685642004013,0.455258632116044
P184 (7).jpg,P184,0,-0.8456650376319885,0.3003430068492889,0.3298464837740345
P184 (70).jpg,P184,0,-0.4942177832126617,0.3789004683494568,0.3978866631593416
P184 (71).jpg,P184,0,-0.4527443349361419,0.3887084424495697,0.40624427863687823
P184 (72).jpg,P184,0,-0.3411524891853332,0.4155295789241791,0.4289904254371238
P184 (73).jpg,P184,0,-0.3407917320728302,0.4156171977519989,0.4290645034351917
P184 (74).jpg,P184,0,-0.6260586977005005,0.3484047353267669,0.3717318605255988
P184 (75).jpg,P184,0,-0.3207393288612366,0.4204955995082855,0.4331869780113531
P184 (76).jpg,P184,0,-0.3362833559513092,0.416712611913681,0.4299905220516597
P184 (77).jpg,P184,0,-0.5338907241821289,0.3696098625659942,0.3899471503922007
P184 (78).jpg,P184,0,-0.3219732642173767,0.4201948940753937,0.43293302603791983
P184 (79).jpg,P184,0,-0.4731127321720123,0.3838797509670257,0.40213258487253284
P184 (8).jpg,P184,0,-0.8732230067253113,0.2945840954780578,0.32476038899129817
P184 (80).jpg,P184,0,-0.77693110704422,0.3149816691875458,0.3427049366274427
P184 (81).jpg,P184,0,-0.6303980350494385,0.3474202752113342,0.3708827402742401
P184 (82).jpg,P184,0,-0.4996110200881958,0.3776320815086365,0.396804083245415
P184 (83).jpg,P184,0,-0.5080684423446655,0.3756464421749115,0.39510846871178684
P184 (84).jpg,P184,0,-0.7725270986557007,0.3159327208995819,0.3435369966515599
P184 (85).jpg,P184,0,-0.5777970552444458,0.3594396412372589,0.38122808314004536
P184 (86).jpg,P184,0,-0.2940748333930969,0.4270065724849701,0.438683064351128
P184 (87).jpg,P184,0,-0.2188159227371215,0.4455132484436035,0.45427247198142084
P184 (9).jpg,P184,0,-0.8698281049728394,0.2952900826931,0.32538475397340494
P191 (1).jpg,P191,0,-1.9336985349655151,0.1263417750597,0.16507740769075072
P191 (10).jpg,P191,0,-2.6919937133789062,0.0634474456310272,0.09478458757031086
P191 (11).jpg,P191,0,-2.347062826156616,0.0872995182871818,0.12266546720065546
P191 (12).jpg,P191,0,-2.732594966888428,0.0610771812498569,0.0919044495519107
P191 (13).jpg,P191,0,-2.769486665725708,0.0589955076575279,0.08935591796636246
P191 (14).jpg,P191,0,-2.8886873722076416,0.0527156256139278,0.08155197592787798
P191 (15).jpg,P191,0,-3.4139657020568848,0.0318618416786193,0.05407661277479604
P191 (16).jpg,P191,0,-2.991732120513916,0.0478007905185222,0.07531163717761281
P191 (17).jpg,P191,0,-3.7278785705566406,0.0234792586416006,0.04209185954526098
P191 (18).jpg,P191,0,-3.34130859375,0.0341809317469596,0.05727799630306597
P191 (19).jpg,P191,0,-4.035832405090332,0.0173641238361597,0.03282972851709068
P191 (2).jpg,P191,0,-2.879917860031128,0.0531552694737911,0.08210427527702531
P191 (20).jpg,P191,0,-3.717055082321167,0.0237287040799856,0.04245919960759958
P191 (21).jpg,P191,0,-3.903743267059326,0.0197676420211792,0.036533211638854694
P191 (22).jpg,P191,0,-3.0120534896850586,0.0468842945992946,0.0741339131644007
P191 (23).jpg,P191,0,-2.9835565090179443,0.048174288123846,0.07579028478534412
P191 (24).jpg,P191,0,-2.8695011138916016,0.0536819882690906,0.08276474070890777
P191 (25).jpg,P191,0,-2.845158576965332,0.0549321174621582,0.08432703938890068
P191 (26).jpg,P191,0,-2.9728786945343018,0.0486662685871124,0.07641963109894126
P191 (27).jpg,P191,0,-3.537830114364624,0.0282548032701015,0.049004871090933336
P191 (28).jpg,P191,0,-3.393122911453247,0.032511081546545,0.05497731453533861
P191 (29).jpg,P191,0,-3.4111335277557373,0.0319493189454078,0.05419818076901867
P191 (3).jpg,P191,0,-2.616050243377685,0.0681125745177269,0.100389304067911
P191 (30).jpg,P191,0,-3.142282724380493,0.0413964390754699,0.06698070514253812
P191 (31).jpg,P191,0,-3.1639444828033447,0.0405453294515609,0.06585481806784543
P191 (32).jpg,P191,0,-3.955607652664185,0.0187873095273971,0.03503339889009538
P191 (33).jpg,P191,0,-4.031142711639404,0.0174443237483501,0.032954779315209064
P191 (34).jpg,P191,0,-3.891284227371216,0.0200105104595422,0.036902602775081034
P191 (35).jpg,P191,0,-3.780550718307495,0.0223014298826456,0.04034718271811514
P191 (36).jpg,P191,0,-3.5047075748443604,0.0291785821318626,0.050315137052231805
P191 (37).jpg,P191,0,-3.949752569198608,0.0188955478370189,0.035199699184462814
P191 (38).jpg,P191,0,-3.914178133010864,0.0195664577186107,0.03622657384125122
P191 (39).jpg,P191,0,-3.0892655849456787,0.043552216142416,0.0698120766028986
P191 (4).jpg,P191,0,-2.8700108528137207,0.0536561012268066,0.08273230895075051
P191 (40).jpg,P191,0,-3.5215814113616943,0.028704373165965,0.04964354549539351
P191 (41).jpg,P191,0,-3.9928078651428223,0.0181136839091777,0.03399436995090422
P191 (42).jpg,P191,0,-3.431316614151001,0.0313309505581855,0.05333743897928731
P191 (43).jpg,P191,0,-3.44336199760437,0.0309674367308616,0.052829906212366745
P191 (44).jpg,P191,0,-2.8052291870117188,0.057042259722948,0.08694774090686494
P191 (45).jpg,P191,0,-2.359384298324585,0.0863227397203445,0.12155825456145679
P191 (46).jpg,P191,0,-3.71986722946167,0.0236636456102132,0.042363464154774905
P191 (47).jpg,P191,0,-2.718970537185669,0.0618631839752197,0.09286205048502319
P191 (48).jpg,P191,0,-3.151031494140625,0.0410506539046764,0.06652384587219258
P191 (49).jpg,P191,0,-2.9738552570343018,0.048621080815792,0.07636187430090292
P191 (5).jpg,P191,0,-2.677516460418701,0.0643131658434867,0.09583095789330633
P191 (50).jpg,P191,0,-3.4792091846466064,0.0299096163362264,0.05134633660498181
P191 (51).jpg,P191,0,-3.359617233276367,0.0335816442966461,0.056454897004767315
P191 (52).jpg,P191,0,-3.6159534454345694,0.0261870678514242,0.046041535875290446
P191 (53).jpg,P191,0,-3.832663774490357,0.0211929958313703,0.03868932881952218
P191 (54).jpg,P191,0,-4.310598850250244,0.013247650116682,0.026253202753104197
P191 (55).jpg,P191,0,-3.4693007469177246,0.0301984511315822,0.05175242000241808
P191 (56).jpg,P191,0,-3.5505497455596924,0.0279076546430587,0.04851035703680738
P191 (57).jpg,P191,0,-3.90113377571106,0.0198182687163352,0.03661028331767857
P191 (58).jpg,P191,0,-3.713820695877075,0.0238037444651126,0.04256956523359687
P191 (59).jpg,P191,0,-3.960302591323853,0.0187009554356336,0.034900597091995104
P191 (6).jpg,P191,0,-2.573647737503052,0.0708537772297859,0.10364522653133487
P191 (60).jpg,P191,0,-3.050979852676392,0.0451751872897148,0.07192513792793802
P191 (61).jpg,P191,0,-3.168853521347046,0.0403547883033752,0.06560212309269706
P191 (62).jpg,P191,0,-3.042401075363159,0.0455466732382774,0.0724066422930508
P191 (63).jpg,P191,0,-3.724108457565308,0.0235658548772335,0.04221946784965619
P191 (64).jpg,P191,0,-3.6869266033172607,0.0244367569684982,0.04349793418687961
P191 (65).jpg,P191,0,-3.841442108154297,0.0210116617381572,0.038416577171225125
P191 (66).jpg,P191,0,-2.7772018909454346,0.0585686452686786,0.08883106064450424
P191 (67).jpg,P191,0,-2.274910688400269,0.0932222753763198,0.12932435264615333
P191 (68).jpg,P191,0,-3.9520103931427,0.0188537370413541,0.03513548093360654
P191 (69).jpg,P191,0,-3.670878648757935,0.0248222649097442,0.04406107482912711
P191 (7).jpg,P191,0,-2.593337297439575,0.0695684552192688,0.10212188359303546
P191 (70).jpg,P191,0,-3.463697671890259,0.0303629785776138,0.05198339627012127
P191 (71).jpg,P191,0,-3.2784841060638428,0.0363167338073253,0.06018882829372194
P191 (72).jpg,P191,0,-4.022680282592773,0.0175899621099233,0.033181595298074476
P191 (73).jpg,P191,0,-3.080296039581299,0.0439273789525032,0.07030191253705148
P191 (74).jpg,P191,0,-2.495189428329468,0.0761961042881012,0.10991645463068911
P191 (75).jpg,P191,0,-1.8615820407867432,0.1345187574625015,0.1735788137666625
P191 (8).jpg,P191,0,-2.540765285491944,0.0730493366718292,0.10623409772968158
P191 (9).jpg,P191,0,-2.9656083583831787,0.0490039810538291,0.07685088134606133
P013 (1).jpg,P013,1,1.61610209941864,0.8342568874359131,0.7948967988892178
P013 (10).jpg,P013,1,-1.828243613243103,0.1384476274251938,0.1776242806598486
P013 (11).jpg,P013,1,-2.670081853866577,0.0647620111703872,0.09637231189344027
P013 (12).jpg,P013,1,-2.285545587539673,0.0923271626234054,0.12832387245129015
P013 (13).jpg,P013,1,-2.4169487953186035,0.0818893611431121,0.11649902664136286
P013 (14).jpg,P013,1,-1.2882182598114014,0.2161545306444168,0.253534384691997
P013 (15).jpg,P013,1,-1.3799883127212524,0.2010108828544616,0.23925351807343428
P013 (16).jpg,P013,1,-1.9009944200515747,0.1299959570169448,0.16889060067958636
P013 (17).jpg,P013,1,-1.4166396856307983,0.1951889097690582,0.23370645086673367
P013 (18).jpg,P013,1,-0.1683480739593505,0.4580121040344238,0.4647789500786383
P013 (19).jpg,P013,1,-1.3511414527893066,0.2056838124990463,0.24368242436503096
P013 (2).jpg,P013,1,-2.1673924922943115,0.1027171090245246,0.13981604385682347
P013 (20).jpg,P013,1,-0.8156842589378357,0.3066805601119995,0.3354252896134816
P013 (21).jpg,P013,1,-1.9969083070755005,0.1195279061794281,0.15790354864603356
P013 (22).jpg,P013,1,-1.8409563302993772,0.1369382292032241,0.17607299595764042
P013 (23).jpg,P013,1,-1.707513451576233,0.1534865051507949,0.1928923694951543
P013 (24).jpg,P013,1,-1.1421241760253906,0.2419305741786956,0.27740174497955744
P013 (25).jpg,P013,1,-0.9806399345397948,0.2727648317813873,0.30533455116081565
P013 (26).jpg,P013,1,-0.8476752638816833,0.2999207377433777,0.3294741087748137
P013 (27).jpg,P013,1,-0.9390811920166016,0.2810859680175781,0.3127732854988244
P013 (28).jpg,P013,1,-0.6574382781982422,0.3413152992725372,0.36560965089260977
P013 (29).jpg,P013,1,-0.4578316807746887,0.3875003457069397,0.40521605854150267
P013 (3).jpg,P013,1,-2.808746099472046,0.0568533800542354,0.0867139860271635
P013 (30).jpg,P013,1,-1.1303958892822266,0.2440880686044693,0.27937672473800074
P013 (31).jpg,P013,1,-0.2769750356674194,0.4311955273151397,0.4422156967034931
P013 (32).jpg,P013,1,0.3210048079490661,0.5795691013336182,0.5668676622908048
P013 (33).jpg,P013,1,-0.1261628866195678,0.4685010612010956,0.4735855764992664
P013 (34).jpg,P013,1,0.5343186259269714,0.6304898262023926,0.6101381741846216
P013 (35).jpg,P013,1,-0.9914460778236388,0.2706265449523926,0.30341664082558445
P013 (36).jpg,P013,1,-0.5391167402267456,0.368393063545227,0.3889055336521269
P013 (37).jpg,P013,1,-0.8873870968818665,0.2916493117809295,0.32216216905987055
P013 (38).jpg,P013,1,-0.5536227226257324,0.3650243282318115,0.38601962872921824
P013 (39).jpg,P013,1,-1.1400020122528076,0.2423199862241745,0.27775846781225016
P013 (4).jpg,P013,1,-1.752459168434143,0.1477372795343399,0.18709458738457835
P013 (40).jpg,P013,1,0.3001148104667663,0.574470579624176,0.5625632643438127
P013 (41).jpg,P013,1,-0.594662606716156,0.3555657565593719,0.37789877344256084
P013 (42).jpg,P013,1,0.8651628494262695,0.7037382125854492,0.6737562346372891
P013 (43).jpg,P013,1,-0.0391360744833946,0.4902172386646271,0.4917992731680235
P013 (44).jpg,P013,1,0.3536228537559509,0.5874958038330078,0.5735682662644473
P013 (45).jpg,P013,1,0.9671770334243774,0.7245564460754395,0.6922665339461707
P013 (46).jpg,P013,1,2.0840001106262207,0.8893383145332336,0.8515632636826038
P013 (47).jpg,P013,1,1.6073402166366575,0.8330417275428772,0.7936967626624334
P013 (48).jpg,P013,1,1.6964577436447144,0.84507155418396,0.8056607196513405
P013 (49).jpg,P013,1,1.696062684059143,0.8450198173522949,0.8056088643258077
P013 (5).jpg,P013,1,-2.3928472995758057,0.083719752728939,0.11859463652221283
P013 (50).jpg,P013,1,0.6345071792602539,0.6535107493400574,0.6299206010224064
P013 (51).jpg,P013,1,0.9529717564582824,0.7217124104499817,0.6897240274141373
P013 (52).jpg,P013,1,0.9563204050064088,0.7223844528198242,0.6903244203626928
P013 (53).jpg,P013,1,-0.072156585752964,0.4819686710834503,0.4848832778647591
P013 (54).jpg,P013,1,0.2707476913928985,0.5672764778137207,0.5564963284712489
P013 (55).jpg,P013,1,0.9602377414703368,0.7231693863868713,0.6910259618632079
P013 (56).jpg,P013,1,1.1273988485336304,0.7553585767745972,0.7201172109288307
P013 (57).jpg,P013,1,0.702690601348877,0.6687840819358826,0.6431427860516218
P013 (58).jpg,P013,1,0.4402385056018829,0.6083158254623413,0.5912246484422778
P013 (59).jpg,P013,1,1.160979390144348,0.7615106701850891,0.7257552747950828
P013 (6).jpg,P013,1,-2.017098188400269,0.117419384419918,0.15566614663407732
P013 (60).jpg,P013,1,1.328652262687683,0.7906176447868347,0.7528264385074313
P013 (7).jpg,P013,1,-1.898284912109375,0.1303027123212814,0.169209647678805
P013 (8).jpg,P013,1,-2.4583840370178223,0.0788275972008705,0.11297139321515992
P013 (9).jpg,P013,1,-1.1032404899597168,0.2491331994533538,0.28398243297040304
P026 (1).jpg,P026,1,0.0980963632464408,0.5245044231414795,0.5205457652499884
P026 (10).jpg,P026,1,0.959231972694397,0.7229680418968201,0.6908459262393153
P026 (11).jpg,P026,1,0.3411667644977569,0.5844739079475403,0.5710125057953617
P026 (12).jpg,P026,1,0.036906786262989,0.5092256665229797,0.5077336697762722
P026 (13).jpg,P026,1,-0.4705176055431366,0.3844937682151794,0.40265570210294843
P026 (14).jpg,P026,1,-0.5729767084121704,0.3605502247810364,0.38218170385088557
P026 (2).jpg,P026,1,0.3307055830955505,0.5819310545921326,0.5688631280461066
P026 (3).jpg,P026,1,0.6586285829544067,0.6589522361755371,0.6346217410024598
P026 (4).jpg,P026,1,0.3851584494113922,0.5951166152954102,0.5800209543834302
P026 (5).jpg,P026,1,-0.1015082076191902,0.4746447205543518,0.4787404890618744
P026 (6).jpg,P026,1,0.1817288845777511,0.5453075766563416,0.5380101236481502
P026 (7).jpg,P026,1,0.8123422861099243,0.6926084160804749,0.6639499456036978
P026 (8).jpg,P026,1,0.6004467010498047,0.6457584500312805,0.6232403952704102
P026 (9).jpg,P026,1,0.5080533027648926,0.6243500113487244,0.604888498219397
P156 (1).jpg,P156,1,-0.5099716782569885,0.3752001523971557,0.39472723813432387
P156 (10).jpg,P156,1,-0.5957387089729309,0.3553192019462585,0.37768673419992194
P156 (11).jpg,P156,1,-0.1430595815181732,0.4642959833145141,0.4700559209609405
P156 (12).jpg,P156,1,-0.0203707572072744,0.4949074387550354,0.49573115239360555
P156 (13).jpg,P156,1,-0.5829718708992004,0.3582490682601928,0.38020535545807466
P156 (14).jpg,P156,1,-0.2674520909786224,0.4335326850414276,0.44418559494698545
P156 (15).jpg,P156,1,-0.2310197800397873,0.4425005614757538,0.45173759709259065
P156 (16).jpg,P156,1,-0.1227741464972496,0.4693449437618255,0.4742938008095902
P156 (17).jpg,P156,1,-0.6027111411094666,0.3537236750125885,0.37631399664121973
P156 (18).jpg,P156,1,-0.2297769784927368,0.4428071677684784,0.45199562834322365
P156 (19).jpg,P156,1,-0.5875558257102966,0.3571958541870117,0.3793002899785869
P156 (2).jpg,P156,1,-0.6908978223800659,0.3338333964347839,0.3591291886395755
P156 (20).jpg,P156,1,-0.4942601025104522,0.3788904845714569,0.3978781645369893
P156 (21).jpg,P156,1,-0.6918166279792786,0.3336290717124939,0.3589519445698813
P156 (22).jpg,P156,1,-0.5097100734710693,0.3752614855766296,0.39477963170028585
P156 (23).jpg,P156,1,-0.8376070857048035,0.3020389974117279,0.3313412821928259
P156 (24).jpg,P156,1,-0.4759767949581146,0.3832025825977325,0.4015555149115047
P156 (25).jpg,P156,1,-0.6301718354225159,0.3474715650081634,0.37092698329397283
P156 (26).jpg,P156,1,-0.7940828204154968,0.3112926781177521,0.3394736628844281
P156 (27).jpg,P156,1,-0.1650165617465973,0.4588392376899719,0.46547371439605806
P156 (28).jpg,P156,1,-0.5678864121437073,0.3617246747016907,0.38318971530331464
P156 (29).jpg,P156,1,-0.3875260353088379,0.4043129682540893,0.4194956730880269
P156 (3).jpg,P156,1,-0.6104192733764648,0.3519635498523712,0.37479872288861243
P156 (30).jpg,P156,1,0.0013122353702783,0.5003280639648438,0.5002749955885867
P156 (31).jpg,P156,1,-0.5540382862091064,0.3649279773235321,0.3859370709250545
P156 (32).jpg,P156,1,-0.5894522070884705,0.356760561466217,0.3789261095996552
P156 (33).jpg,P156,1,-0.8604254722595215,0.2972504794597626,0.3271172518696506
P156 (34).jpg,P156,1,-0.6651888489723206,0.3395749926567077,0.36410407943156664
P156 (35).jpg,P156,1,-0.7790220975875854,0.3145307004451751,0.3423102185732002
P156 (36).jpg,P156,1,-0.8131308555603027,0.3072237372398376,0.3359025835403659
P156 (37).jpg,P156,1,-0.6782516241073608,0.3366516232490539,0.3615726200978366
P156 (38).jpg,P156,1,-0.6897343993186951,0.3340921700000763,0.3593536763245292
P156 (39).jpg,P156,1,-0.7443812489509583,0.3220468163490295,0.34887720364411473
P156 (4).jpg,P156,1,-0.477605789899826,0.382817655801773,0.40122741600878364
P156 (40).jpg,P156,1,-0.6337432861328125,0.3466622531414032,0.3702286864840152
P156 (41).jpg,P156,1,-0.7687958478927612,0.3167396485805511,0.34424270370719756
P156 (42).jpg,P156,1,-0.5606528520584106,0.363396406173706,0.38462387643318874
P156 (43).jpg,P156,1,-0.4502453207969665,0.3893024325370788,0.40674966433269166
P156 (44).jpg,P156,1,-0.6185609698295593,0.3501088321208954,0.37320087928020457
P156 (45).jpg,P156,1,-0.2484287470579147,0.4382102489471435,0.44812592543435315
P156 (46).jpg,P156,1,-0.6008594036102295,0.3541471064090729,0.37667837545165544
P156 (47).jpg,P156,1,-0.8472039699554443,0.3000197410583496,0.3295613922365447
P156 (48).jpg,P156,1,-0.6898223161697388,0.3340726196765899,0.35933671022244823
P156 (49).jpg,P156,1,-0.5885342359542847,0.3569712042808532,0.37910721912491124
P156 (5).jpg,P156,1,-0.7007105946540833,0.3316546976566314,0.35723823209194255
P156 (50).jpg,P156,1,-0.3160634338855743,0.4216354191303253,0.4341496252595647
P156 (51).jpg,P156,1,-0.4925451576709747,0.3792941868305206,0.3982226114902343
P156 (52).jpg,P156,1,-0.2429958581924438,0.4395481646060943,0.44925246582078754
P156 (53).jpg,P156,1,-0.3272283673286438,0.4189151227474212,0.4318518875047341
P156 (54).jpg,P156,1,-0.4992683529853821,0.3777126371860504,0.39687283659024936
P156 (55).jpg,P156,1,-0.4702855050563812,0.3845486938953399,0.40270249898019966
P156 (56).jpg,P156,1,-0.5488409399986267,0.3661333620548248,0.3869700707050216
P156 (6).jpg,P156,1,-0.4480977654457092,0.3898131251335144,0.4071841309150185
P156 (7).jpg,P156,1,-0.4930339157581329,0.3791790902614593,0.3981244340634164
P156 (8).jpg,P156,1,-0.364787757396698,0.4098010659217834,0.42414423140301144
P156 (9).jpg,P156,1,-0.3566876947879791,0.4117615818977356,0.4258034811387814
P157 (1).jpg,P157,1,-1.2206565141677856,0.2278209328651428,0.2644013569795013
P157 (2).jpg,P157,1,-1.9803441762924197,0.1212821677327156,0.15975860536440595
P157 (3).jpg,P157,1,-0.6748100519180298,0.337420642375946,0.362238830048374
P157 (4).jpg,P157,1,-0.303878903388977,0.4246095418930053,0.4366604261631917
P157 (5).jpg,P157,1,-0.2664011418819427,0.4337908327579498,0.4444031009756484
P205 (1).jpg,P205,1,0.5331947803497314,0.6302279233932495,0.6099140624457842
P205 (10).jpg,P205,1,-0.923957347869873,0.2841522395610809,0.315504728418406
P205 (11).jpg,P205,1,-0.146168515086174,0.4635227620601654,0.46940679212619246
P205 (12).jpg,P205,1,-0.1551634967327118,0.461286723613739,0.4675292783445102
P205 (13).jpg,P205,1,-0.2893452644348144,0.4281641840934753,0.4396595359525555
P205 (14).jpg,P205,1,-0.2610189914703369,0.4351132810115814,0.4455173312595313
P205 (15).jpg,P205,1,-0.4057832658290863,0.3999236524105072,0.41577348204717546
P205 (16).jpg,P205,1,-0.3761368989944458,0.407058984041214,0.42182230871319537
P205 (17).jpg,P205,1,-2.081906318664551,0.110867902636528,0.14865872652236523
P205 (18).jpg,P205,1,-0.6119182705879211,0.3516217470169067,0.3745043319546307
P205 (19).jpg,P205,1,-1.36981999874115,0.2026489526033401,0.2408083552400982
P205 (2).jpg,P205,1,0.1912858635187149,0.547676146030426,0.5400007191194617
P205 (20).jpg,P205,1,0.0457033738493919,0.5114238262176514,0.5095765521528313
P205 (21).jpg,P205,1,-0.288778007030487,0.4283030331134796,0.4397766840207492
P205 (22).jpg,P205,1,-1.2255276441574097,0.2269651442766189,0.26360796072454157
P205 (23).jpg,P205,1,-0.3191718161106109,0.4208775758743286,0.43350963299891615
P205 (24).jpg,P205,1,-0.5211206674575806,0.3725902140140533,0.39249660823828286
P205 (25).jpg,P205,1,-0.281247466802597,0.4301479756832123,0.4413324964079556
P205 (26).jpg,P205,1,-0.8612251877784729,0.2970834374427795,0.32696971449757944
P205 (27).jpg,P205,1,-0.5806044340133667,0.3587934970855713,0.3806731138604605
P205 (28).jpg,P205,1,0.1682759821414947,0.5419699549674988,0.5352060170978185
P205 (29).jpg,P205,1,0.3597581684589386,0.5889819264411926,0.574825685946447
P205 (3).jpg,P205,1,0.5962029099464417,0.6447871327400208,0.622404719269236
P205 (30).jpg,P205,1,0.0511372908949852,0.51278156042099,0.5107148292406467
P205 (31).jpg,P205,1,0.9107394218444824,0.7131514549255371,0.6820975546838456
P205 (32).jpg,P205,1,0.3463698923587799,0.5857369899749756,0.5720805607381138
P205 (33).jpg,P205,1,0.2419883608818054,0.5602036118507385,0.5505385662993169
P205 (34).jpg,P205,1,0.2221204787492752,0.5553029179573059,0.546414160171869
P205 (35).jpg,P205,1,-0.7264859080314636,0.325966328382492,0.352292488843938
P205 (36).jpg,P205,1,-0.9314771294593812,0.282625138759613,0.31414500879788143
P205 (37).jpg,P205,1,0.0046863500028848,0.5011715888977051,0.5009820830006702
P205 (38).jpg,P205,1,-0.9162424206733704,0.2857241332530975,0.31690302452070324
P205 (39).jpg,P205,1,-0.6650052070617676,0.3396161496639251,0.3641397217949032
P205 (4).jpg,P205,1,1.1753326654434204,0.7641075253486633,0.7281434724186439
P205 (40).jpg,P205,1,-0.0299442764371633,0.4925145208835602,0.49372512537073265
P205 (41).jpg,P205,1,0.0176637265831232,0.5044158101081848,0.5037015909995907
P205 (42).jpg,P205,1,0.1484580338001251,0.537046492099762,0.5310711811813132
P205 (43).jpg,P205,1,-0.4130283892154693,0.3981862068176269,0.4142990171759865
P205 (44).jpg,P205,1,0.48420050740242,0.6187392473220825,0.6000999312394479
P205 (45).jpg,P205,1,-0.1702926307916641,0.4575294256210327,0.46437348890757074
P205 (46).jpg,P205,1,1.484399914741516,0.8152362108230591,0.776311525965367
P205 (47).jpg,P205,1,0.0093638245016336,0.5023409128189087,0.5019622984775871
P205 (48).jpg,P205,1,1.4017850160598757,0.8024669885635376,0.7640561693202501
P205 (49).jpg,P205,1,0.5037005543708801,0.6233286261558533,0.6040161329998097
P205 (5).jpg,P205,1,-0.5749912261962891,0.3600859344005584,0.38178305612990227
P205 (50).jpg,P205,1,0.9462934732437134,0.7203691601753235,0.6885247415193887
P205 (51).jpg,P205,1,0.3076774179935455,0.5763182044029236,0.5641226679724297
P205 (52).jpg,P205,1,1.0043039321899414,0.7319039702415466,0.6988565275871531
P205 (53).jpg,P205,1,1.2482844591140747,0.77700275182724,0.7400782995280605
P205 (54).jpg,P205,1,0.479193240404129,0.6175573468208313,0.5990922302176974
P205 (55).jpg,P205,1,1.8839832544326784,0.8680679798126221,0.8290983637542234
P205 (56).jpg,P205,1,0.1543063968420028,0.5385002493858337,0.5322918588159155
P205 (57).jpg,P205,1,0.3435496091842651,0.585052490234375,0.5715017191107046
P205 (58).jpg,P205,1,0.3967473208904266,0.5979059338569641,0.582385488544829
P205 (59).jpg,P205,1,-0.681186854839325,0.3359964489936828,0.3610048464961063
P205 (6).jpg,P205,1,0.4326871931552887,0.6065151691436768,0.5896939730629669
P205 (60).jpg,P205,1,0.4359824955463409,0.6073012948036194,0.590362156979115
P205 (61).jpg,P205,1,-0.0206406321376562,0.494839996099472,0.49567460084587817
P205 (62).jpg,P205,1,0.2072144150733947,0.5516189932823181,0.5433155658906045
P205 (63).jpg,P205,1,1.1350419521331787,0.7567681670188904,0.7214066761543794
P205 (64).jpg,P205,1,0.3731305003166199,0.5922151803970337,0.5775629437304299
P205 (65).jpg,P205,1,-1.1380707025527954,0.2426747530698776,0.278083354487373
P205 (66).jpg,P205,1,-1.6040318012237549,0.1674188822507858,0.2067577105708039
P205 (67).jpg,P205,1,0.3312911093235016,0.5820735096931458,0.568983500923008
P205 (68).jpg,P205,1,-0.1034127548336982,0.4741697907447815,0.47834210212896616
P205 (69).jpg,P205,1,-0.0727066770195961,0.4818313121795654,0.4847681054180515
P205 (7).jpg,P205,1,0.4483329355716705,0.6102427840232849,0.5928634528597818
P205 (70).jpg,P205,1,0.5603356957435608,0.6365302205085754,0.6153131964857812
P205 (71).jpg,P205,1,1.0029324293136597,0.7316347360610962,0.6986145186099809
P205 (72).jpg,P205,1,0.4928912818431854,0.6207872629165649,0.6018469157364655
P205 (8).jpg,P205,1,0.2689047753810882,0.5668240189552307,0.5561150196012836
P205 (9).jpg,P205,1,-0.7407077550888062,0.3228493928909302,0.3495770305550186
P041 (1).jpg,P041,1,-0.7810401916503906,0.3140957355499267,0.3419294681057047
P041 (10).jpg,P041,1,-0.7984245419502258,0.3103626072406769,0.3386580612611436
P041 (11).jpg,P041,1,-0.3286815583705902,0.4185614585876465,0.4315530349173412
P041 (12).jpg,P041,1,-1.2199584245681765,0.2279437780380249,0.26451518512379174
P041 (13).jpg,P041,1,-1.0728174448013306,0.2548676431179046,0.2891963881681752
P041 (14).jpg,P041,1,-0.6306052803993225,0.3473733067512512,0.3708422064763232
P041 (15).jpg,P041,1,-1.0324329137802124,0.2626127004623413,0.29620448528178867
P041 (16).jpg,P041,1,-0.9430733919143676,0.2802799344062805,0.3120544267523427
P041 (17).jpg,P041,1,-0.5679116249084473,0.3617188334465027,0.3831847200344047
P041 (18).jpg,P041,1,-0.7696585655212402,0.3165529668331146,0.34407947308521836
P041 (19).jpg,P041,1,-2.140813112258911,0.1051928177475929,0.14251719175827146
P041 (2).jpg,P041,1,-0.692464292049408,0.3334850966930389,0.3588270287453372
P041 (20).jpg,P041,1,-1.973803162574768,0.1219809725880622,0.1604959954257869
P041 (21).jpg,P041,1,-1.462639093399048,0.1880640089511871,0.22687202137836893
P041 (22).jpg,P041,1,-2.043344736099243,0.1147265881299972,0.15279629468807537
P041 (23).jpg,P041,1,-2.878846406936645,0.0532092191278934,0.0821719878490981
P041 (24).jpg,P041,1,-2.769912004470825,0.0589718967676162,0.08932690999401577
P041 (25).jpg,P041,1,-1.5465368032455444,0.1755870282649994,0.21477390088722503
P041 (26).jpg,P041,1,-1.5870362520217896,0.1698012799024582,0.2091040323393138
P041 (27).jpg,P041,1,-2.450023412704468,0.0794368386268615,0.11367559422917538
P041 (28).jpg,P041,1,-2.7360024452209477,0.060882069170475,0.091666344299906
P041 (29).jpg,P041,1,-1.754095435142517,0.1475313901901245,0.1868860696795685
P041 (3).jpg,P041,1,-0.9902594685554504,0.2708608210086822,0.3036269117107262
P041 (30).jpg,P041,1,-2.6033945083618164,0.0689202770590782,0.10135145763814332
P041 (31).jpg,P041,1,-2.02707839012146,0.1163890585303306,0.15456974434278795
P041 (32).jpg,P041,1,-2.27344822883606,0.09334596991539,0.1294624520933829
P041 (33).jpg,P041,1,-1.621182918548584,0.1650417894124984,0.20440970317672014
P041 (34).jpg,P041,1,-2.4191572666168213,0.0817234814167022,0.11630861795099079
P041 (35).jpg,P041,1,-1.7429715394973757,0.1489358842372894,0.18830717398320881
P041 (36).jpg,P041,1,-2.5433053970336914,0.0728775262832641,0.1060320981848939
P041 (37).jpg,P041,1,-2.746964931488037,0.0602582916617393,0.0909040743456031
P041 (38).jpg,P041,1,-2.745891094207764,0.0603191182017326,0.09097849020252385
P041 (39).jpg,P041,1,-2.5728600025177,0.0709056630730629,0.10370658818572755
P041 (4).jpg,P041,1,-1.2484309673309326,0.2229718565940857,0.2598980770172189
P041 (5).jpg,P041,1,-0.6443521976470947,0.3442633748054504,0.3681576200787742
P041 (6).jpg,P041,1,-1.084115505218506,0.2527279853820801,0.2872534857517604
P041 (7).jpg,P041,1,-1.1003022193908691,0.2496832758188247,0.2844835185102774
P041 (8).jpg,P041,1,-1.041943907737732,0.260775089263916,0.2945451631851681
P041 (9).jpg,P041,1,-1.116736888885498,0.2466170489788055,0.2816876459228864
P100 (1).jpg,P100,1,0.892618715763092,0.7094302773475647,0.6787947411738838
P100 (10).jpg,P100,1,3.952517747879028,0.9811556339263916,0.96487893398257
P100 (100).jpg,P100,1,0.791843593120575,0.6882270574569702,0.6601053205559738
P100 (101).jpg,P100,1,0.0587966218590736,0.5146949291229248,0.5123190864981758
P100 (102).jpg,P100,1,-0.1805444210767746,0.4549860954284668,0.4622366705617609
P100 (103).jpg,P100,1,0.0117497574537992,0.502937376499176,0.502462291251725
P100 (104).jpg,P100,1,0.2077813148498535,0.5517592430114746,0.5434334729253929
P100 (105).jpg,P100,1,-0.1238397657871246,0.4690795540809631,0.47407108213086435
P100 (106).jpg,P100,1,-0.1797892153263092,0.4551734030246734,0.46239403451562267
P100 (107).jpg,P100,1,-0.6295529007911682,0.3476119041442871,0.3710480535232239
P100 (108).jpg,P100,1,-0.0191745962947607,0.4952065050601959,0.49598180591049823
P100 (109).jpg,P100,1,-0.3809961080551147,0.4058866798877716,0.4208292118537426
P100 (11).jpg,P100,1,2.593035936355591,0.9304120540618896,0.8978549509406818
P100 (110).jpg,P100,1,-1.0229700803756714,0.2644492983818054,0.29786076502068604
P100 (111).jpg,P100,1,-0.150872454047203,0.4623532295227051,0.4684248321046878
P100 (112).jpg,P100,1,-0.2187192440032959,0.4455371499061584,0.4542925628571427
P100 (113).jpg,P100,1,0.0447109267115592,0.5111758708953857,0.5093686468802968
P100 (114).jpg,P100,1,0.0290891397744417,0.5072717666625977,0.5060956972882182
P100 (115).jpg,P100,1,0.1387702673673629,0.5346369743347168,0.5290483271302597
P100 (116).jpg,P100,1,-0.7035870552062988,0.331017404794693,0.35668476636481394
P100 (117).jpg,P100,1,-1.157004714012146,0.2392119467258453,0.27490836227293014
P100 (118).jpg,P100,1,0.453528881072998,0.6114779710769653,0.5939143423995566
P100 (119).jpg,P100,1,-0.3237197399139404,0.4197694957256317,0.432573650159176
P100 (12).jpg,P100,1,3.043715715408325,0.9545104503631592,0.9276673373582282
P100 (120).jpg,P100,1,-0.4450146853923797,0.3905467391014099,0.40780811488792096
P100 (121).jpg,P100,1,-0.3856253027915954,0.4047708511352539,0.4198837194276478
P100 (122).jpg,P100,1,0.4944190084934234,0.6211469173431396,0.6021537466417133
P100 (123).jpg,P100,1,-0.3130292892456054,0.4223754405975342,0.43477454443269603
P100 (124).jpg,P100,1,-0.1054279878735542,0.4736674129962921,0.4779205923060306
P100 (125).jpg,P100,1,-0.4950122535228729,0.3787135183811188,0.3977271267640844
P100 (126).jpg,P100,1,-0.4312703013420105,0.3938230276107788,0.41059343008183435
P100 (127).jpg,P100,1,0.1668475270271301,0.54161536693573,0.5349081377722426
P100 (128).jpg,P100,1,-0.0145591478794813,0.4963603019714355,0.4969489832068573
P100 (129).jpg,P100,1,0.2784182131290436,0.5691583752632141,0.5580826792308395
P100 (13).jpg,P100,1,1.914992094039917,0.8715789318084717,0.8327500064802691
P100 (130).jpg,P100,1,-0.2463035881519317,0.4387335479259491,0.4485665264706756
P100 (131).jpg,P100,1,0.3109761774539947,0.5771235227584839,0.5648024743447914
P100 (132).jpg,P100,1,0.5193145275115967,0.6269874572753906,0.6071423307089622
P100 (133).jpg,P100,1,-0.5348851680755615,0.3693782389163971,0.3897488664003023
P100 (134).jpg,P100,1,0.922748565673828,0.7156018018722534,0.6842764049468291
P100 (135).jpg,P100,1,0.3469996154308319,0.5858898162841797,0.5722097797156468
P100 (14).jpg,P100,1,0.970431387424469,0.7252054214477539,0.6928473771139103
P100 (15).jpg,P100,1,1.166770577430725,0.7625607848167419,0.7267204220343336
P100 (16).jpg,P100,1,1.4590414762496948,0.8113860487937927,0.7725985848433878
P100 (17).jpg,P100,1,2.233924865722656,0.9032549262046814,0.8667576204108897
P100 (18).jpg,P100,1,1.3098522424697876,0.7874884605407715,0.7498823285922123
P100 (19).jpg,P100,1,1.5719150304794312,0.8280565142631531,0.7887919899774731
P100 (2).jpg,P100,1,2.9223265647888184,0.9489391446113586,0.9205353284629071
P100 (20).jpg,P100,1,1.9936448335647583,0.8801282644271851,0.841732356792177
P100 (21).jpg,P100,1,2.6832900047302246,0.9360334277153016,0.9045875681338615
P100 (22).jpg,P100,1,-0.2751072347164154,0.4316537082195282,0.4426019251540712
P100 (23).jpg,P100,1,-0.3390098512172699,0.416049987077713,0.4294304420611157
P100 (24).jpg,P100,1,-0.0101190488785505,0.4974702596664428,0.4978794372857338
P100 (25).jpg,P100,1,-0.0144402515143156,0.4963900148868561,0.49697389853260054
P100 (26).jpg,P100,1,0.3206026256084442,0.5794711112976074,0.5667848854021775
P100 (27).jpg,P100,1,-0.5393202304840088,0.368345707654953,0.3888649956924628
P100 (28).jpg,P100,1,-0.2709109783172607,0.4326834976673126,0.4434698898214137
P100 (29).jpg,P100,1,0.3995486795902252,0.5985792279243469,0.5829564997885436
P100 (3).jpg,P100,1,1.8796957731246948,0.8675761818885803,0.828588514193488
P100 (30).jpg,P100,1,-0.114500992000103,0.4714059829711914,0.47602326427596703
P100 (31).jpg,P100,1,-0.1243970915675163,0.468940794467926,0.47395460292470676
P100 (32).jpg,P100,1,-0.5129262804985046,0.3745077848434448,0.39413566583248344
P100 (33).jpg,P100,1,-0.0750617235898971,0.481243371963501,0.4842750484508656
P100 (34).jpg,P100,1,-0.1741276681423187,0.4565777480602264,0.4635739805787752
P100 (35).jpg,P100,1,-0.0276930201798677,0.4930771887302398,0.49419683590257163
P100 (36).jpg,P100,1,-0.09247986972332,0.4768965244293213,0.4806293665279272
P100 (37).jpg,P100,1,-0.1107176542282104,0.4723488688468933,0.476814347150052
P100 (38).jpg,P100,1,0.070370614528656,0.5175853967666626,0.5147427828593477
P100 (39).jpg,P100,1,-0.3386995494365692,0.4161254167556762,0.4294941755487365
P100 (4).jpg,P100,1,2.0065619945526123,0.88148432970047,0.8431694965582679
P100 (40).jpg,P100,1,-0.3581701517105102,0.4114025831222534,0.42549968253678705
P100 (41).jpg,P100,1,-0.4594377875328064,0.3871191740036011,0.4048916152249095
P100 (42).jpg,P100,1,-0.1987192630767822,0.4504829943180084,0.45845187817028793
P100 (43).jpg,P100,1,-1.0418092012405396,0.2608010768890381,0.29456862673683537
P100 (44).jpg,P100,1,-0.7012805938720703,0.3315283358097076,0.35712852704209525
P100 (45).jpg,P100,1,-0.0725261494517326,0.4818763732910156,0.48480590224408665
P100 (46).jpg,P100,1,-1.0603946447372437,0.2572340369224548,0.2913416805039041
P100 (47).jpg,P100,1,-1.067604422569275,0.2558589279651642,0.290095483294678
P100 (48).jpg,P100,1,-0.7925756573677063,0.311615914106369,0.33975700981610685
P100 (49).jpg,P100,1,-0.4156502187252044,0.3975580930709839,0.4137658218183819
P100 (5).jpg,P100,1,2.157013416290283,0.8963223099708557,0.8591343136636166
P100 (50).jpg,P100,1,-0.2322621941566467,0.4421941041946411,0.45147967221400337
P100 (51).jpg,P100,1,-0.3625039458274841,0.4103535413742065,0.42461188525645155
P100 (52).jpg,P100,1,-0.2724792659282684,0.4322985410690307,0.44314546042235176
P100 (53).jpg,P100,1,-0.6874865889549255,0.3345924317836761,0.35978757577623277
P100 (54).jpg,P100,1,0.2808606326580047,0.5697571635246277,0.5585875521320982
P100 (55).jpg,P100,1,0.0295342449098825,0.5073829889297485,0.5061889606550173
P100 (56).jpg,P100,1,-0.5593547821044922,0.3636967837810516,0.38488145130063756
P100 (57).jpg,P100,1,0.3589714765548706,0.5887914299964905,0.5746645088589695
P100 (58).jpg,P100,1,0.3376043736934662,0.5836084485054016,0.5702808654989704
P100 (59).jpg,P100,1,0.4506917893886566,0.6108036637306213,0.5933406413269768
P100 (6).jpg,P100,1,1.844439387321472,0.8634728789329529,0.8243501646623409
P100 (60).jpg,P100,1,0.0311055053025484,0.5077757239341736,0.5065181850792614
P100 (61).jpg,P100,1,-0.5300010442733765,0.3705166578292846,0.3907230697348105
P100 (62).jpg,P100,1,-0.2330755293369293,0.4419934451580047,0.4513108381303028
P100 (63).jpg,P100,1,-0.3151494562625885,0.4218583106994629,0.4343378481826237
P100 (64).jpg,P100,1,-0.4136834740638733,0.3980292379856109,0.41416577522462683
P100 (65).jpg,P100,1,0.023660460487008,0.5059148073196411,0.5049581879773746
P100 (66).jpg,P100,1,0.1076268181204795,0.5268808007240295,0.522539283154232
P100 (67).jpg,P100,1,-0.0350090935826301,0.4912485778331756,0.4926639255333857
P100 (68).jpg,P100,1,-0.0796226784586906,0.4801048636436462,0.48332024628304904
P100 (69).jpg,P100,1,-0.2219595164060592,0.4447368085384369,0.4536192810749252
P100 (7).jpg,P100,1,1.9672309160232544,0.8773133754730225,0.8387603233724776
P100 (70).jpg,P100,1,-0.2403485924005508,0.4402004778385162,0.4498015808527231
P100 (71).jpg,P100,1,-0.7223654985427856,0.3268722891807556,0.35308101827564936
P100 (72).jpg,P100,1,-0.3629455864429474,0.4102467000484466,0.4245214403869465
P100 (73).jpg,P100,1,-0.7413237690925598,0.3227147459983825,0.3494596301421157
P100 (74).jpg,P100,1,-0.1671191155910492,0.4583171904087066,0.46503522526004243
P100 (75).jpg,P100,1,0.0122317243367433,0.5030578970909119,0.5025632909924018
P100 (76).jpg,P100,1,0.1245363876223564,0.5310938954353333,0.5260745090381139
P100 (77).jpg,P100,1,0.0759036019444465,0.518966794013977,0.5159012014030144
P100 (78).jpg,P100,1,0.0465528517961502,0.5116360783576965,0.5097545045380469
P100 (79).jpg,P100,1,0.1235415562987327,0.530846118927002,0.5258665919332915
P100 (8).jpg,P100,1,2.558290719985962,0.9281286001205444,0.8951527147500005
P100 (80).jpg,P100,1,-0.041056677699089,0.4897372722625732,0.49139690000133646
P100 (81).jpg,P100,1,-0.0360643714666366,0.4909848570823669,0.4924428276833111
P100 (82).jpg,P100,1,-0.1596564352512359,0.4601704776287079,0.46659181256509186
P100 (83).jpg,P100,1,-0.0993615612387657,0.4751800298690796,0.47918954989668383
P100 (84).jpg,P100,1,0.0557323321700096,0.5139294862747192,0.5116772954709686
P100 (85).jpg,P100,1,0.0662999972701072,0.5165688991546631,0.5138904328151791
P100 (86).jpg,P100,1,0.1516851633787155,0.5378487706184387,0.531744798615132
P100 (87).jpg,P100,1,0.1756072044372558,0.5437893271446228,0.5367344155075435
P100 (88).jpg,P100,1,-0.0967676043510437,0.4758269190788269,0.479732229233513
P100 (89).jpg,P100,1,0.1323133707046508,0.5330301523208618,0.5276995606187493
P100 (9).jpg,P100,1,2.750531911849976,0.9399433135986328,0.9093427207758945
P100 (90).jpg,P100,1,-0.1223391368985176,0.4694532752037048,0.47438472249450986
P100 (91).jpg,P100,1,0.2755671739578247,0.5684590935707092,0.5574931886680708
P100 (92).jpg,P100,1,0.1112447306513786,0.5277825593948364,0.5232958697767366
P100 (93).jpg,P100,1,0.0761978924274444,0.5190402269363403,0.5159628111008155
P100 (94).jpg,P100,1,-0.3668491542339325,0.4093025624752044,0.42372223778373685
P100 (95).jpg,P100,1,-0.5837312936782837,0.3580744862556457,0.38005535569988447
P100 (96).jpg,P100,1,0.0131971556693315,0.5032992362976074,0.5027656036625001
P100 (97).jpg,P100,1,0.071464329957962,0.5178584456443787,0.5149717824628379
P100 (98).jpg,P100,1,-0.152968481183052,0.4618322849273681,0.46798735904501404
P100 (99).jpg,P100,1,-0.0800712630152702,0.4799928665161133,0.48322634488818933
P114 (1).jpg,P114,1,-1.1746960878372192,0.2360071986913681,0.27196216918108945
P114 (10).jpg,P114,1,-1.1032562255859375,0.2491302490234375,0.2839797508889117
P114 (11).jpg,P114,1,-0.9561553001403807,0.2776486277580261,0.3097051669506298
P114 (12).jpg,P114,1,-0.9438839554786682,0.280116468667984,0.31190858225241375
P114 (13).jpg,P114,1,-0.4473244547843933,0.3899970948696136,0.4073406130634709
P114 (14).jpg,P114,1,-0.8407622575759888,0.3013742566108703,0.33075557148085344
P114 (15).jpg,P114,1,-0.976148247718811,0.2736567258834839,0.30613374671256344
P114 (16).jpg,P114,1,-0.9506139755249025,0.2787613570690155,0.3106990927404793
P114 (17).jpg,P114,1,-0.9592093229293824,0.2770365178585052,0.3091581288037554
P114 (18).jpg,P114,1,-1.0536850690841677,0.2585180997848511,0.2925042459502191
P114 (19).jpg,P114,1,-0.9661722779273988,0.2756440937519073,0.307912919906258
P114 (2).jpg,P114,1,-1.2855244874954224,0.2166112959384918,0.25396197038435747
P114 (20).jpg,P114,1,-0.7491366863250732,0.3210094571113586,0.34797222597717214
P114 (21).jpg,P114,1,-0.9717037677764891,0.2745410501956939,0.30692569209773163
P114 (22).jpg,P114,1,-0.8265326619148254,0.3043787181377411,0.33340121283474294
P114 (23).jpg,P114,1,-0.169914111495018,0.4576233625411987,0.46445241060820125
P114 (24).jpg,P114,1,0.0469356104731559,0.511731743812561,0.5098346857079168
P114 (25).jpg,P114,1,-0.9883450269699096,0.2712391018867492,0.30396632994796985
P114 (26).jpg,P114,1,-0.6577212810516357,0.3412516713142395,0.3655546303070702
P114 (27).jpg,P114,1,-1.28402841091156,0.2168652862310409,0.25419964974419307
P114 (28).jpg,P114,1,-0.5114823579788208,0.3748461008071899,0.394424730249758
P114 (29).jpg,P114,1,-0.5032106637954712,0.376786470413208,0.39608209101532627
P114 (3).jpg,P114,1,-0.6249576210975647,0.3486547470092773,0.3719474451415075
P114 (30).jpg,P114,1,-0.9234058856964112,0.2842644155025482,0.31560456808183246
P114 (31).jpg,P114,1,-0.6128804087638855,0.3514024019241333,0.3743154246969662
P114 (32).jpg,P114,1,-0.5033197402954102,0.3767608404159546,0.396060220238737
P114 (33).jpg,P114,1,-0.6636677980422974,0.3399161994457245,0.36439933939402275
P114 (34).jpg,P114,1,-0.8171270489692688,0.3063738644123077,0.3351557452321508
P114 (35).jpg,P114,1,-0.8916676640510559,0.2907657921314239,0.32137910340625514
P114 (36).jpg,P114,1,-0.7497134208679199,0.3208837211132049,0.3478625456502607
P114 (37).jpg,P114,1,-1.139835238456726,0.242350623011589,0.2777865134355138
P114 (38).jpg,P114,1,-0.9904452562332152,0.270824134349823,0.3035939841250955
P114 (39).jpg,P114,1,0.014569180086255,0.503642201423645,0.503053119091368
P114 (4).jpg,P114,1,-0.6348938345909119,0.3464017212390899,0.3700038444568227
P114 (40).jpg,P114,1,0.3551857769489288,0.5878745913505554,0.5738886750167749
P114 (41).jpg,P114,1,0.1467933058738708,0.5366325378417969,0.5307236484555927
P114 (42).jpg,P114,1,-0.8645862936973572,0.2963820099830627,0.32635000749921256
P114 (43).jpg,P114,1,-1.089224100112915,0.2517644166946411,0.28637753487037493
P114 (44).jpg,P114,1,-0.929253101348877,0.2830762565135956,0.3145468247185895
P114 (45).jpg,P114,1,-1.228959083557129,0.2263636589050293,0.2630499758060621
P114 (46).jpg,P114,1,-0.9729994535446168,0.2742830514907837,0.30669470078332384
P114 (47).jpg,P114,1,-0.8004137277603149,0.3099370300769806,0.3382847080121497
P114 (48).jpg,P114,1,-1.213462233543396,0.2290890365839004,0.26557593579537503
P114 (49).jpg,P114,1,-1.1242023706436155,0.2452326416969299,0.28042314643042054
P114 (5).jpg,P114,1,-1.0686053037643433,0.2556684017181396,0.28992273214069125
P114 (50).jpg,P114,1,-0.3275774717330932,0.4188301861286163,0.4317800887227309
P114 (51).jpg,P114,1,-0.3647314012050628,0.409814715385437,0.4241557697741026
P114 (52).jpg,P114,1,-0.367970198392868,0.4090315997600555,0.42349279272982454
P114 (53).jpg,P114,1,-0.6399369835853577,0.3452607989311218,0.3690189703706957
P114 (54).jpg,P114,1,-0.6057873964309692,0.3530207574367523,0.37570897064536407
P114 (55).jpg,P114,1,-0.6475014686584473,0.3435527682304382,0.36754375175624204
P114 (56).jpg,P114,1,-0.6007591485977173,0.354170024394989,0.3766981072878445
P114 (57).jpg,P114,1,-0.2487100958824157,0.4381410479545593,0.4480676005515408
P114 (58).jpg,P114,1,-0.7209460735321045,0.3271847069263458,0.3533528415343572
P114 (59).jpg,P114,1,-0.363992691040039,0.4099933803081512,0.4243070209917144
P114 (6).jpg,P114,1,-0.8421591520309448,0.3010802268981933,0.3304964261187417
P114 (60).jpg,P114,1,0.1058172360062599,0.5264296531677246,0.5221608199397396
P114 (61).jpg,P114,1,0.0266731027513742,0.5066679120063782,0.5055894551692488
P114 (62).jpg,P114,1,-0.011118059977889,0.4972204864025116,0.4976700859499942
P114 (63).jpg,P114,1,0.373395025730133,0.5922790765762329,0.577617043483433
P114 (64).jpg,P114,1,0.0310862939804792,0.5077709555625916,0.5065141597860922
P114 (65).jpg,P114,1,0.0502686873078346,0.5125645399093628,0.5105328844893054
P114 (66).jpg,P114,1,0.1724999994039535,0.5430183410644531,0.5360867142728524
P114 (67).jpg,P114,1,-0.0331335440278053,0.4917173683643341,0.4930568906433981
P114 (68).jpg,P114,1,-0.0523389279842376,0.4869182407855987,0.4890334708002982
P114 (69).jpg,P114,1,0.7130987048149109,0.67108553647995,0.6451426604414121
P114 (7).jpg,P114,1,-0.4122994840145111,0.3983608484268188,0.4144472886673225
P114 (70).jpg,P114,1,0.154527336359024,0.5385551452636719,0.5323379661038738
P114 (71).jpg,P114,1,-0.0742503702640533,0.4814459383487701,0.48444491149709257
P114 (72).jpg,P114,1,0.1648285239934921,0.541114091873169,0.5344870675837277
P114 (73).jpg,P114,1,0.1299934238195419,0.5324526429176331,0.527214852376718
P114 (74).jpg,P114,1,0.2553020119667053,0.5634810924530029,0.5532985212119969
P114 (75).jpg,P114,1,0.4339385330677032,0.6068137884140015,0.5899477446566858
P114 (76).jpg,P114,1,-0.2790136039257049,0.4306955933570862,0.44179423634188575
P114 (77).jpg,P114,1,-0.3671238720417022,0.4092361629009247,0.4236660080117321
P114 (78).jpg,P114,1,-0.2980329096317291,0.4260384142398834,0.43786624042755057
P114 (79).jpg,P114,1,0.1110821887850761,0.5277420282363892,0.5232618808959475
P114 (8).jpg,P114,1,-1.2061569690704346,0.2303817272186279,0.26677203751919615
P114 (80).jpg,P114,1,-0.0496597215533256,0.4875876307487488,0.48959467608304363
P114 (9).jpg,P114,1,-1.147905349731445,0.2408718764781952,0.27643139800431515
P185 (1).jpg,P185,1,0.6872142553329468,0.6653469800949097,0.6401598395184954
P185 (10).jpg,P185,1,0.7787874341011047,0.6854187250137329,0.6576454946605996
P185 (11).jpg,P185,1,0.0919756218791008,0.5229777097702026,0.5192651196597752
P185 (12).jpg,P185,1,-0.5956507325172424,0.355339378118515,0.37770406765707254
P185 (13).jpg,P185,1,-0.1602162718772888,0.4600313901901245,0.4664750172816677
P185 (14).jpg,P185,1,-0.4272497594356537,0.3947832584381103,0.4114092908580277
P185 (15).jpg,P185,1,-0.0260236915200948,0.49349445104599,0.4945466206196647
P185 (16).jpg,P185,1,0.0129237566143274,0.50323086977005,0.5027083111291095
P185 (17).jpg,P185,1,0.7975994944572449,0.6894607543945312,0.6611870253698291
P185 (18).jpg,P185,1,0.9518694281578064,0.7214909791946411,0.6895262464029397
P185 (19).jpg,P185,1,0.2252649664878845,0.5560792684555054,0.5470673689032004
P185 (2).jpg,P185,1,0.6419713497161865,0.6551989912986755,0.6313780118298598
P185 (20).jpg,P185,1,-0.3257522284984588,0.4192745089530945,0.4321555101679417
P185 (21).jpg,P185,1,-0.6012266874313354,0.3540630936622619,0.3766060914460597
P185 (22).jpg,P185,1,-0.513542115688324,0.3743635416030884,0.39401240193237413
P185 (23).jpg,P185,1,-0.4805619716644287,0.3821194171905517,0.4006322321335361
P185 (24).jpg,P185,1,-0.976493000984192,0.2735882103443146,0.3060723641451375
P185 (25).jpg,P185,1,-0.4356614053249359,0.3927752673625946,0.4097029354147687
P185 (26).jpg,P185,1,-0.6950135827064514,0.3329187035560608,0.358335529823871
P185 (27).jpg,P185,1,-0.6054487824440002,0.3530980944633484,0.3757755489748166
P185 (28).jpg,P185,1,-0.1840933114290237,0.4541062116622925,0.4614972814040957
P185 (29).jpg,P185,1,-0.7474809288978577,0.3213704526424408,0.3482871987325232
P185 (3).jpg,P185,1,1.0381786823272705,0.7384984493255615,0.7047985896103311
P185 (30).jpg,P185,1,0.0118159968405961,0.5029539465904236,0.5024761722193926
P185 (31).jpg,P185,1,-0.1300133764743805,0.4675423800945282,0.4727809786801033
P185 (32).jpg,P185,1,-0.4984597563743591,0.3779026865959167,0.39703509101341267
P185 (33).jpg,P185,1,0.5266201496124268,0.6286945343017578,0.6086020547382495
P185 (34).jpg,P185,1,-0.1900055110454559,0.4526410400867462,0.4602658891780397
P185 (35).jpg,P185,1,0.3362309038639068,0.5832746624946594,0.5699987014145399
P185 (36).jpg,P185,1,0.1679240465164184,0.5418826341629028,0.5351326294031215
P185 (37).jpg,P185,1,0.9391162395477296,0.7189211249351501,0.687233029288803
P185 (38).jpg,P185,1,0.5209587812423706,0.6273719072341919,0.6074710342704726
P185 (39).jpg,P185,1,0.4861916601657867,0.6192088723182678,0.6005004113982867
P185 (4).jpg,P185,1,-0.2293747961521148,0.442906379699707,0.4520791352316582
P185 (40).jpg,P185,1,1.4774091243743896,0.8141809105873108,0.775292271845632
P185 (41).jpg,P185,1,0.9175654649734496,0.7145457863807678,0.6833370073615354
P185 (42).jpg,P185,1,0.7128934860229492,0.6710402369499207,0.6451032771920816
P185 (43).jpg,P185,1,-0.1539084017276764,0.4615986943244934,0.46779119913095785
P185 (44).jpg,P185,1,0.0455307886004447,0.5113807320594788,0.5095403979359429
P185 (45).jpg,P185,1,0.7393926382064819,0.6768630146980286,0.650172272458532
P185 (46).jpg,P185,1,1.394036889076233,0.8012359738349915,0.7628833027839371
P185 (47).jpg,P185,1,0.6962838768959045,0.6673633456230164,0.641909269745604
P185 (48).jpg,P185,1,0.5876171588897705,0.6428182125091553,0.6207118140941118
P185 (49).jpg,P185,1,0.4051120579242706,0.5999152660369873,0.5840898427562238
P185 (5).jpg,P185,1,1.1440120935440063,0.7584155201911926,0.7229153651261402
P185 (50).jpg,P185,1,0.3092635571956634,0.5767054557800293,0.564449568836052
P185 (51).jpg,P185,1,0.1999033391475677,0.5498100519180298,0.5417945364615468
P185 (52).jpg,P185,1,0.5438514351844788,0.6327078938484192,0.6120372813491525
P185 (53).jpg,P185,1,0.14285908639431,0.5356541275978088,0.5299022132198463
P185 (54).jpg,P185,1,-0.2494533210992813,0.4379580318927765,0.4479135334813194
P185 (55).jpg,P185,1,-0.3021515011787414,0.4250316321849823,0.4370166486622698
P185 (56).jpg,P185,1,0.0932525396347045,0.5232962369918823,0.5195323112203041
P185 (57).jpg,P185,1,0.2421108484268188,0.5602337718009949,0.5505639727430628
P185 (58).jpg,P185,1,0.1797675490379333,0.5448212623596191,0.5376014507194765
P185 (59).jpg,P185,1,1.7121853828430176,0.8471195101737976,0.8077165984004551
P185 (6).jpg,P185,1,1.4871639013290403,0.8156522512435913,0.776713605027837
P185 (60).jpg,P185,1,0.6189669370651245,0.6499835252761841,0.6268787214955316
P185 (61).jpg,P185,1,0.8491698503494263,0.7003929615020752,0.6708026102904913
P185 (62).jpg,P185,1,-0.3382817804813385,0.4162269532680511,0.42957998562078087
P185 (63).jpg,P185,1,-0.0124440621584653,0.496889054775238,0.4973922121055708
P185 (64).jpg,P185,1,-0.0503711253404617,0.4874098300933838,0.4894456578635683
P185 (65).jpg,P185,1,0.0978701338171958,0.524448037147522,0.5204984358618828
P185 (66).jpg,P185,1,0.3277065455913543,0.5812011957168579,0.5682464566096641
P185 (67).jpg,P185,1,-0.1480144560337066,0.4630637764930725,0.4690214182806978
P185 (68).jpg,P185,1,0.1553612649440765,0.5387623906135559,0.5325119914888541
P185 (69).jpg,P185,1,0.4097332060337066,0.6010239124298096,0.5850305643334233
P185 (7).jpg,P185,1,1.0645873546600342,0.7435662150382996,0.7093834055212818
P185 (70).jpg,P185,1,0.9297137260437012,0.7170172333717346,0.6855364193378876
P185 (71).jpg,P185,1,0.9071199297904968,0.7124104499816895,0.6814392882833123
P185 (72).jpg,P185,1,0.4382020533084869,0.6078305244445801,0.5908120258281363
P185 (73).jpg,P185,1,0.3483390510082245,0.5862147212028503,0.5724845986971819
P185 (74).jpg,P185,1,0.5131894946098328,0.6255538463592529,0.6059170200391378
P185 (75).jpg,P185,1,0.4144983291625976,0.6021659970283508,0.5859999459027533
P185 (76).jpg,P185,1,0.1599899381399154,0.5399124026298523,0.5334777645399793
P185 (77).jpg,P185,1,-0.2515799701213836,0.4374346733093261,0.44747274453966457
P185 (78).jpg,P185,1,0.2608139812946319,0.5648363828659058,0.5544402159653606
P185 (79).jpg,P185,1,0.3097477257251739,0.5768236517906189,0.5645493440821636
P185 (8).jpg,P185,1,-0.4742207825183868,0.3836177289485931,0.40190929544588594
P185 (80).jpg,P185,1,1.505557656288147,0.8184018731117249,0.7793762302206081
P185 (81).jpg,P185,1,0.5750797986984253,0.6399344801902771,0.6182344676051357
P185 (82).jpg,P185,1,0.5551871061325073,0.6353381872177124,0.6142911248621848
P185 (83).jpg,P185,1,-0.0757907107472419,0.4810613989830017,0.48412243249181
P185 (9).jpg,P185,1,1.0558911561965942,0.7419045567512512,0.7078783020681058
