image_id,patient_id,label,logit,prob,prob_calibrated
P055 (1).jpg,P055,0,-1.0088069438934326,0.2672134041786194,0.3878211676369815
P055 (10).jpg,P055,0,-0.8410053849220276,0.3013230562210083,0.4059940688763136
P055 (2).jpg,P055,0,-0.3909034132957458,0.4034998118877411,0.4558944723665241
P055 (3).jpg,P055,0,-2.39184832572937,0.0837964192032814,0.2530711099278233
P055 (4).jpg,P055,0,-1.5401610136032104,0.1765118688344955,0.3324965226423955
P055 (5).jpg,P055,0,-1.3799757957458496,0.2010128945112228,0.3487740927994561
P055 (6).jpg,P055,0,-0.7283415198326111,0.3255587816238403,0.41834502981307264
P055 (7).jpg,P055,0,-1.927842140197754,0.1269896179437637,0.29476784221909774
P055 (8).jpg,P055,0,-0.7443070411682129,0.3220630288124084,0.4165881624783554
P055 (9).jpg,P055,0,-0.2215147316455841,0.4448466598987579,0.474962380499733
P115 (1).jpg,P115,0,0.8439657092094421,0.6992998123168945,0.5943289358066609
P115 (10).jpg,P115,0,-1.582789182662964,0.1704008281230926,0.3282293838147535
P115 (11).jpg,P115,0,-1.462535738945007,0.1880798041820526,0.3403375945151484
P115 (12).jpg,P115,0,-1.5044432878494265,0.1817637532949447,0.3360932381580593
P115 (13).jpg,P115,0,-1.596855401992798,0.1684215813875198,0.32682749479088213
P115 (14).jpg,P115,0,-1.7595524787902832,0.1468463838100433,0.31084137305802906
P115 (15).jpg,P115,0,-1.5773378610610962,0.1711728274822235,0.32877350784548104
P115 (16).jpg,P115,0,-1.2572684288024902,0.2214444726705551,0.3614889031501112
P115 (17).jpg,P115,0,-1.3193985223770142,0.2109183669090271,0.3550254758431361
P115 (18).jpg,P115,0,-1.2664079666137695,0.219872772693634,0.36053489487791707
P115 (19).jpg,P115,0,-1.607403039932251,0.1669494658708572,0.3257783042806894
P115 (2).jpg,P115,0,0.9753230214118958,0.7261791825294495,0.6085756154042173
P115 (20).jpg,P115,0,-0.9219045042991638,0.2845700085163116,0.3971972062845604
P115 (21).jpg,P115,0,-1.345935940742493,0.2065355777740478,0.3522806552631822
P115 (22).jpg,P115,0,-1.7751179933547974,0.1449070125818252,0.3093345741831562
P115 (23).jpg,P115,0,-1.281339406967163,0.2173223048448562,0.3589786820785849
P115 (24).jpg,P115,0,-1.259760856628418,0.2210150808095932,0.3612286284609553
P115 (25).jpg,P115,0,-1.4759290218353271,0.1860431134700775,0.33897830754067837
P115 (26).jpg,P115,0,-1.8325870037078855,0.1379303783178329,0.30380653159455046
P115 (27).jpg,P115,0,-1.971873164176941,0.1221878305077552,0.2906430860162599
P115 (28).jpg,P115,0,-1.58888041973114,0.1695414632558822,0.3276219318613844
P115 (29).jpg,P115,0,-1.2673629522323608,0.2197090089321136,0.36043527440085393
P115 (3).jpg,P115,0,0.766133725643158,0.6826839447021484,0.5858102428699318
P115 (30).jpg,P115,0,-1.4314030408859253,0.192880168557167,0.3435074025137516
P115 (31).jpg,P115,0,-1.1602952480316162,0.2386136502027511,0.37167731280571775
P115 (32).jpg,P115,0,-1.2403370141983032,0.2243773192167282,0.3632591321827173
P115 (33).jpg,P115,0,-0.2371207773685455,0.440995991230011,0.4732017114277655
P115 (34).jpg,P115,0,-0.8806195855140686,0.2930493950843811,0.40167855652970746
P115 (35).jpg,P115,0,-1.708193302154541,0.1533982008695602,0.3158415297558387
P115 (36).jpg,P115,0,-1.5778712034225464,0.1710971891880035,0.3287202519311273
P115 (37).jpg,P115,0,-1.3936642408370972,0.1988234370946884,0.34736857671285254
P115 (38).jpg,P115,0,-1.5265551805496216,0.1784982681274414,0.3338643343304279
P115 (39).jpg,P115,0,-2.219219923019409,0.0980377569794654,0.26811920481948515
P115 (4).jpg,P115,0,0.6001232266426086,0.645684540271759,0.5674740691948366
P115 (40).jpg,P115,0,-1.7527738809585571,0.1476976573467254,0.3114988240804317
P115 (41).jpg,P115,0,-1.5517847537994385,0.1748286485671997,0.33133020487330517
P115 (42).jpg,P115,0,-1.4514495134353638,0.189778596162796,0.34146473032844377
P115 (43).jpg,P115,0,-1.3616559505462646,0.2039713114500045,0.3506592769637169
P115 (44).jpg,P115,0,-1.471468806266785,0.186719462275505,0.3394306822211862
P115 (45).jpg,P115,0,-1.4062635898590088,0.1968240439891815,0.34607723403689417
P115 (5).jpg,P115,0,1.1044775247573853,0.7510981559753418,0.6224054166233912
P115 (6).jpg,P115,0,-1.3021332025527954,0.2138062119483947,0.35681641350601995
P115 (7).jpg,P115,0,-1.0950675010681152,0.2506652474403381,0.37859580311494695
P115 (8).jpg,P115,0,-0.9987542033195496,0.2691864371299743,0.38890167821389454
P115 (9).jpg,P115,0,-1.1331043243408203,0.2435886710882187,0.3745551571847744
P167 (1).jpg,P167,0,0.4207470715045929,0.6036620140075684,0.5474532400608147
P167 (10).jpg,P167,0,1.9376075267791748,0.8740890622138977,0.7061499007800749
P167 (11).jpg,P167,0,1.8043222427368164,0.8586742877960205,0.6934815828036421
P167 (12).jpg,P167,0,2.431769132614136,0.9192180037498474,0.750328196547298
P167 (13).jpg,P167,0,1.492566466331482,0.8164631724357605,0.6627065370724164
P167 (14).jpg,P167,0,2.2242624759674072,0.9024072289466858,0.7323283050755528
P167 (15).jpg,P167,0,1.1885802745819092,0.7664870023727417,0.6313066993212494
P167 (16).jpg,P167,0,1.588915467262268,0.8304634690284729,0.6723815616049181
P167 (17).jpg,P167,0,1.6449464559555054,0.8382068872451782,0.677942000964583
P167 (18).jpg,P167,0,-0.7321441769599915,0.3247243762016296,0.41792639059276754
P167 (19).jpg,P167,0,-1.5914825201034546,0.1691754162311554,0.32736261176588416
P167 (2).jpg,P167,0,1.1562567949295044,0.7606518864631653,0.6278958331721264
P167 (3).jpg,P167,0,1.2762731313705444,0.7818147540092468,0.6404936216979443
P167 (4).jpg,P167,0,2.040958881378174,0.8850309252738953,0.7157595480729457
P167 (5).jpg,P167,0,1.6517860889434814,0.8391322493553162,0.6786173585576427
P167 (6).jpg,P167,0,1.9327428340911863,0.8735527396202087,0.7056929294953109
P167 (7).jpg,P167,0,1.9534382820129397,0.875821053981781,0.7076341111946959
P167 (8).jpg,P167,0,1.982568860054016,0.8789547681808472,0.7103537116009375
P167 (9).jpg,P167,0,2.506782293319702,0.9246158599853516,0.756632776039436
P123 (1).jpg,P123,0,-1.4219545125961304,0.1943553537130355,0.3444721950167536
P123 (10).jpg,P123,0,-0.726269543170929,0.3260138928890228,0.41857318583898206
P123 (11).jpg,P123,0,-0.4392440021038055,0.3919211328029632,0.4504740001393286
P123 (12).jpg,P123,0,0.158649742603302,0.539579451084137,0.5179393512381422
P123 (13).jpg,P123,0,-4.55131721496582,0.0104430858045816,0.11310114869057612
P123 (14).jpg,P123,0,-5.715869426727295,0.0032824757508933,0.07001867682365873
P123 (15).jpg,P123,0,-5.091012001037598,0.0061141783371567,0.09082049218699641
P123 (16).jpg,P123,0,-5.236740112304688,0.005289435852319,0.08552050658264893
P123 (17).jpg,P123,0,-3.8528892993927,0.0207774769514799,0.1488799078784574
P123 (18).jpg,P123,0,-4.442983627319336,0.0116240885108709,0.11811239006597263
P123 (19).jpg,P123,0,-4.562564849853516,0.0103274900466203,0.11259162913767705
P123 (2).jpg,P123,0,-1.472690224647522,0.18653404712677,0.33930677140858245
P123 (20).jpg,P123,0,-4.289794445037842,0.0135223800316452,0.12552589079952173
P123 (21).jpg,P123,0,-4.276068687438965,0.0137067036703228,0.12620923617632096
P123 (22).jpg,P123,0,-4.079268455505371,0.01663832180202,0.13636104600329144
P123 (23).jpg,P123,0,-4.05155611038208,0.0170978624373674,0.13784455025961528
P123 (24).jpg,P123,0,-5.208274364471436,0.0054413364268839,0.08653324994866775
P123 (25).jpg,P123,0,-5.006161212921143,0.006652015261352,0.09404101238308667
P123 (26).jpg,P123,0,-5.452725410461426,0.0042663319036364,0.07818035960140043
P123 (27).jpg,P123,0,-4.357552528381348,0.0126476865261793,0.12219880780542054
P123 (28).jpg,P123,0,-3.704711437225342,0.0240163411945104,0.1575776023289126
P123 (29).jpg,P123,0,-3.421726942062378,0.0316233001649379,0.1753298513718473
P123 (3).jpg,P123,0,-2.165456771850586,0.1028956547379493,0.272919877451088
P123 (30).jpg,P123,0,-3.4504263401031494,0.0307561475783586,0.17346007613890724
P123 (31).jpg,P123,0,-3.4350295066833496,0.031218459829688,0.1744612188146209
P123 (32).jpg,P123,0,-3.7555453777313232,0.0228532068431377,0.15454813907516707
P123 (33).jpg,P123,0,-3.7017476558685294,0.0240859072655439,0.15775571047478193
P123 (34).jpg,P123,0,-3.740026235580444,0.0232023429125547,0.15546792597944112
P123 (35).jpg,P123,0,-3.620993614196777,0.0260588470846414,0.16267177745761535
P123 (36).jpg,P123,0,-3.5882179737091064,0.0269037336111068,0.16470199746085518
P123 (37).jpg,P123,0,-3.5157463550567627,0.0288675054907798,0.16926325335811326
P123 (38).jpg,P123,0,-3.609298467636109,0.0263573173433542,0.16339388581878908
P123 (39).jpg,P123,0,-3.187708854675293,0.0396308898925781,0.1911705061233596
P123 (4).jpg,P123,0,-1.360332727432251,0.2041862308979034,0.3507956233663392
P123 (40).jpg,P123,0,-3.1463265419006348,0.0412362664937973,0.19408264750332394
P123 (41).jpg,P123,0,-3.7470409870147705,0.0230438914149999,0.15505162445329848
P123 (42).jpg,P123,0,-2.83206558227539,0.0556158013641834,0.21729574871610888
P123 (43).jpg,P123,0,-2.917931318283081,0.0512742362916469,0.21076016698879993
P123 (44).jpg,P123,0,-2.891195058822632,0.0525905415415763,0.21277959805450297
P123 (45).jpg,P123,0,-2.4834530353546143,0.0770263522863388,0.2453163327426292
P123 (46).jpg,P123,0,-0.0352797880768775,0.4911809265613556,0.4960091025991623
P123 (47).jpg,P123,0,-0.7097944617271423,0.3296442627906799,0.4203885741575137
P123 (48).jpg,P123,0,-0.3085444271564483,0.4234700500965118,0.4651528811697701
P123 (49).jpg,P123,0,0.0902927443385124,0.5225578546524048,0.5102128337779939
P123 (5).jpg,P123,0,-0.6773157715797424,0.3368606567382812,0.4239736698799705
P123 (50).jpg,P123,0,0.2177682816982269,0.5542279481887817,0.5246148518878595
P123 (51).jpg,P123,0,0.5428280234336853,0.6324700117111206,0.5610998607455694
P123 (52).jpg,P123,0,0.1840319335460662,0.5458785891532898,0.5208063615858677
P123 (53).jpg,P123,0,-0.7011216878890991,0.3315635621547699,0.42134509584509866
P123 (54).jpg,P123,0,-1.0003422498703003,0.2688741385936737,0.3887309154174343
P123 (55).jpg,P123,0,-1.4702991247177124,0.1868971437215805,0.3395493650375639
P123 (6).jpg,P123,0,-1.43972647190094,0.1915877014398574,0.3426585627472608
P123 (7).jpg,P123,0,-1.6648668050765991,0.1591097712516784,0.32009310821118964
P123 (8).jpg,P123,0,-1.0882381200790403,0.251950204372406,0.37932309333523795
P123 (9).jpg,P123,0,-1.05048668384552,0.2591316699981689,0.3833531186499536
P124 (1).jpg,P124,0,-2.6626765727996826,0.0652119815349578,0.23061392402743164
P124 (10).jpg,P124,0,-2.390026092529297,0.0839364230632782,0.2532270034255508
P124 (11).jpg,P124,0,-3.693484544754028,0.0242809038609266,0.1582531452736187
P124 (12).jpg,P124,0,-3.1667983531951904,0.0404344536364078,0.19263782259591247
P124 (13).jpg,P124,0,-3.681633949279785,0.0245632454752922,0.1589687667978411
P124 (14).jpg,P124,0,-3.399415969848633,0.0323137231171131,0.17679435545262553
P124 (15).jpg,P124,0,-3.4865434169769287,0.0296975448727607,0.1711294711390176
P124 (16).jpg,P124,0,-3.9596121311187744,0.0187136325985193,0.14286383786538012
P124 (17).jpg,P124,0,-3.973421812057495,0.0184617154300212,0.14210035367193308
P124 (18).jpg,P124,0,-4.066009998321533,0.0168566443026065,0.13706911656329052
P124 (19).jpg,P124,0,-3.2710092067718506,0.036579243838787,0.1854099900101939
P124 (2).jpg,P124,0,-1.8835655450820925,0.1319798529148101,0.298949755937584
P124 (20).jpg,P124,0,-4.905877590179443,0.0073485425673425,0.09797894904564122
P124 (3).jpg,P124,0,-2.5209052562713623,0.0744055807590484,0.24219239749903246
P124 (4).jpg,P124,0,-2.0003817081451416,0.1191628500819206,0.28799070247113934
P124 (5).jpg,P124,0,-3.0930068492889404,0.0433966405689716,0.19788432071566145
P124 (6).jpg,P124,0,-3.0776941776275635,0.0440367832779884,0.19898642198937863
P124 (7).jpg,P124,0,-2.4714815616607666,0.0778817683458328,0.24632060474624773
P124 (8).jpg,P124,0,-1.918760061264038,0.1279999017715454,0.29562286390023673
P124 (9).jpg,P124,0,-2.232351064682007,0.0968827381730079,0.26695485000772706
P164 (1).jpg,P164,0,-2.8972926139831543,0.0522875674068927,0.2123178005660495
P164 (10).jpg,P164,0,-1.8884189128875728,0.1314248442649841,0.2984896980554384
P164 (11).jpg,P164,0,-2.4709479808807373,0.077920101583004,0.24636543053813867
P164 (12).jpg,P164,0,-3.665505409240722,0.0249526631087064,0.15994693404174937
P164 (13).jpg,P164,0,-3.9817166328430176,0.0183120053261518,0.14164340339281253
P164 (14).jpg,P164,0,-3.361590385437012,0.0335176661610603,0.1792991649191581
P164 (15).jpg,P164,0,-3.5720393657684326,0.0273305438458919,0.1657116237901066
P164 (16).jpg,P164,0,-3.503182411193848,0.0292218159884214,0.1700641603661963
P164 (17).jpg,P164,0,-2.957047939300537,0.0494044572114944,0.20783100315082992
P164 (18).jpg,P164,0,-1.666614651679993,0.1588760614395141,0.3199210081285291
P164 (19).jpg,P164,0,-1.8654930591583248,0.1340640783309936,0.3006664434701086
P164 (2).jpg,P164,0,-2.801401138305664,0.0572485066950321,0.21966492716181008
P164 (20).jpg,P164,0,-1.6878420114517212,0.1560598462820053,0.31783479813106474
P164 (21).jpg,P164,0,-1.7957751750946045,0.1423661261796951,0.3073411276494133
P164 (22).jpg,P164,0,-2.0846831798553467,0.1105944663286209,0.28023247129292345
P164 (23).jpg,P164,0,-1.7172881364822388,0.1522208005189895,0.3149529326103484
P164 (24).jpg,P164,0,-1.6281734704971311,0.16408072412014,0.3237173400416182
P164 (25).jpg,P164,0,-1.1689211130142212,0.2370500564575195,0.370766252258165
P164 (26).jpg,P164,0,-1.6371251344680786,0.1628566235303878,0.3228312023560764
P164 (27).jpg,P164,0,-2.0812795162200928,0.1109297126531601,0.28054322626581313
P164 (28).jpg,P164,0,-2.6847617626190186,0.0638785362243652,0.22884555215257557
P164 (29).jpg,P164,0,-2.650110483169556,0.065982200205326,0.23162435902774609
P164 (3).jpg,P164,0,-3.126605749130249,0.0420230366289615,0.1954822338383431
P164 (30).jpg,P164,0,-3.6397864818573,0.0255861096084117,0.16151681413353514
P164 (31).jpg,P164,0,-3.6342613697052,0.0257242228835821,0.1618556851698217
P164 (32).jpg,P164,0,-2.8807942867279053,0.0531111769378185,0.21356898940701127
P164 (33).jpg,P164,0,-3.154414653778076,0.0409176796674728,0.19351083753319098
P164 (34).jpg,P164,0,-3.537404060363769,0.0282665062695741,0.16788970636548295
P164 (35).jpg,P164,0,-3.600537061691284,0.0265830922871828,0.16393654083226583
P164 (36).jpg,P164,0,-3.3958089351654053,0.0324267037212848,0.17703202302374904
P164 (37).jpg,P164,0,-3.490281343460083,0.0295900236815214,0.17088969030896195
P164 (38).jpg,P164,0,-3.5636885166168213,0.0275534186512231,0.16623469646855768
P164 (39).jpg,P164,0,-3.2827866077423096,0.0361664555966854,0.184606451006749
P164 (4).jpg,P164,0,-3.0167837142944336,0.0466733761131763,0.2034159702757243
P164 (40).jpg,P164,0,-3.170076370239258,0.0403074584901332,0.1924072344666817
P164 (41).jpg,P164,0,-3.1134579181671143,0.0425555296242237,0.1964195736971163
P164 (42).jpg,P164,0,-2.8456218242645264,0.0549080707132816,0.2162542752545513
P164 (43).jpg,P164,0,-2.8524045944213867,0.0545571558177471,0.2157345397210971
P164 (44).jpg,P164,0,-2.7511260509490967,0.0600230880081653,0.22358928122626154
P164 (45).jpg,P164,0,-3.136924982070923,0.0416095703840255,0.1947489260821798
P164 (46).jpg,P164,0,-3.0150070190429688,0.0467524901032447,0.2035462710313179
P164 (47).jpg,P164,0,-2.9551045894622803,0.0494958087801933,0.20797581514662034
P164 (48).jpg,P164,0,-2.607944965362549,0.0686288401484489,0.23503743025979146
P164 (49).jpg,P164,0,-3.08799147605896,0.0436053201556205,0.19824478574568744
P164 (5).jpg,P164,0,-1.5121703147888184,0.1806173771619796,0.33531350887955585
P164 (50).jpg,P164,0,-5.645900726318359,0.0035195348318666,0.07210855904645293
P164 (51).jpg,P164,0,-5.529243469238281,0.0039532999508082,0.0757212291174943
P164 (52).jpg,P164,0,-5.499722480773926,0.0040712626650929,0.07666144424394784
P164 (53).jpg,P164,0,-5.611654281616211,0.0036417073570191,0.07315230265267694
P164 (54).jpg,P164,0,-2.8458197116851807,0.0548978000879287,0.21623909913113043
P164 (55).jpg,P164,0,-2.880513906478882,0.0531252771615982,0.21359029903320537
P164 (56).jpg,P164,0,-2.8613839149475098,0.0540958456695079,0.21504788542981326
P164 (57).jpg,P164,0,-2.60896110534668,0.0685639232397079,0.2349547709733919
P164 (58).jpg,P164,0,-3.0451505184173584,0.0454273037612438,0.20134399417086563
P164 (59).jpg,P164,0,-3.742887735366821,0.0231375787407159,0.1552979957193955
P164 (6).jpg,P164,0,-1.3552697896957395,0.205010175704956,0.35131753897776447
P164 (60).jpg,P164,0,-2.6722099781036377,0.0646332278847694,0.22984940790408706
P164 (61).jpg,P164,0,-2.264251470565796,0.0941272303462028,0.26413962865310675
P164 (62).jpg,P164,0,-2.342575788497925,0.0876576974987983,0.2573087108502328
P164 (63).jpg,P164,0,-3.1830077171325684,0.0398102030158042,0.19149964552738474
P164 (64).jpg,P164,0,-1.4003983736038208,0.1977529078722,0.3466780957362084
P164 (65).jpg,P164,0,-1.8378335237503047,0.1373077183961868,0.3033046401879454
P164 (66).jpg,P164,0,-0.3411262333393097,0.4155359268188476,0.46148695752017893
P164 (67).jpg,P164,0,-2.118156909942627,0.1073445454239845,0.27718754283419145
P164 (68).jpg,P164,0,-1.8721832036972048,0.1332893073558807,0.3000302981770842
P164 (69).jpg,P164,0,-0.7490419745445251,0.3210300803184509,0.416067529024098
P164 (7).jpg,P164,0,-1.6710258722305298,0.1582874655723571,0.3194868794477455
P164 (70).jpg,P164,0,-0.5666151642799377,0.3620182275772095,0.43625119863862233
P164 (71).jpg,P164,0,-0.7996601462364197,0.3100982308387756,0.41051368516732145
P164 (72).jpg,P164,0,-1.177558422088623,0.2354914844036102,0.3698549034714755
P164 (8).jpg,P164,0,-2.983686923980713,0.048168309032917,0.20585345257938664
P164 (9).jpg,P164,0,-2.005084276199341,0.118670143187046,0.2875545714412224
P052 (1).jpg,P052,0,-1.9715279340744016,0.1222248598933219,0.2906752938467603
P052 (10).jpg,P052,0,-2.115989923477173,0.1075523793697357,0.27738404358113616
P052 (11).jpg,P052,0,-1.895238995552063,0.1306482702493667,0.297843900328166
P052 (12).jpg,P052,0,-1.4894157648086548,0.1840094327926635,0.337612213469215
P052 (13).jpg,P052,0,-1.380172610282898,0.2009812742471695,0.3487538653548468
P052 (14).jpg,P052,0,-0.8989790081977844,0.2892603576183319,0.39968362056932527
P052 (15).jpg,P052,0,0.1141610965132713,0.5285093188285828,0.5129114610485143
P052 (16).jpg,P052,0,-1.7261149883270264,0.1510851830244064,0.3140918114317764
P052 (17).jpg,P052,0,-0.8417182564735413,0.3011730015277862,0.4059162791235936
P052 (18).jpg,P052,0,-0.9874221682548524,0.2714215517044067,0.39012100230317037
P052 (19).jpg,P052,0,-1.3137681484222412,0.2118569910526275,0.3556090732213445
P052 (2).jpg,P052,0,-2.3130698204040527,0.0900463014841079,0.2598684135730126
P052 (20).jpg,P052,0,-0.6985216736793518,0.3321400582790375,0.4216319672450608
P052 (21).jpg,P052,0,0.3993164300918579,0.5985234379768372,0.5450496745790178
P052 (22).jpg,P052,0,-1.2070000171661377,0.2302323132753372,0.36675542702499525
P052 (23).jpg,P052,0,-0.307134598493576,0.4238143265247345,0.46531159514210646
P052 (24).jpg,P052,0,-0.702144980430603,0.3313368260860443,0.4212322058704588
P052 (25).jpg,P052,0,-0.8242164254188538,0.3048693537712097,0.4078274646932862
P052 (26).jpg,P052,0,-0.1422164440155029,0.4645056426525116,0.48391749131939277
P052 (27).jpg,P052,0,-0.3611744940280914,0.4106752872467041,0.45923328150122766
P052 (3).jpg,P052,0,-1.9963890314102173,0.1195825636386871,0.28836130497768997
P052 (4).jpg,P052,0,-1.83926522731781,0.1371382176876068,0.3031677622238599
P052 (5).jpg,P052,0,-1.2192115783691406,0.2280752062797546,0.36547306017428977
P052 (6).jpg,P052,0,-1.5991542339324951,0.1680998653173446,0.3265986780883883
P052 (7).jpg,P052,0,-1.6354366540908811,0.1630869656801223,0.3229982502634609
P052 (8).jpg,P052,0,-1.278752684593201,0.2177626192569732,0.359248068935285
P052 (9).jpg,P052,0,-1.3035597801208496,0.2135665267705917,0.3566682815276605
P049 (1).jpg,P049,0,-0.5036940574645996,0.3766729831695556,0.4432656225598121
P049 (10).jpg,P049,0,-0.9707412123680116,0.2747327983379364,0.3919183662680245
P049 (11).jpg,P049,0,-1.2276800870895386,0.2265877425670623,0.3645848784535282
P049 (12).jpg,P049,0,-0.904502809047699,0.2881260514259338,0.39908405144697257
P049 (13).jpg,P049,0,-2.081286907196045,0.1109289899468422,0.2805425512409443
P049 (14).jpg,P049,0,-1.0865066051483154,0.2522766888141632,0.3795075761700706
P049 (15).jpg,P049,0,-2.192183494567871,0.1004546135663986,0.2705266684052806
P049 (16).jpg,P049,0,-0.7316029667854309,0.3248430788516998,0.41798596588683345
P049 (17).jpg,P049,0,-0.8814574480056763,0.2928758561611175,0.4015874428512584
P049 (18).jpg,P049,0,-0.3048699796199798,0.4243673980236053,0.46556655333543207
P049 (19).jpg,P049,0,-0.8542052507400513,0.2985514402389526,0.40455444604848984
P049 (2).jpg,P049,0,-2.051429748535156,0.1139079853892326,0.2832774992550043
P049 (20).jpg,P049,0,-4.524779796600342,0.0107209170237183,0.1143112750940312
P049 (21).jpg,P049,0,-4.7090044021606445,0.0089332247152924,0.10613896742677084
P049 (22).jpg,P049,0,-4.012432098388672,0.0177679359912872,0.13996200605027775
P049 (23).jpg,P049,0,-3.786505699157715,0.0221719536930322,0.1527264756569644
P049 (24).jpg,P049,0,-4.7245707511901855,0.008796458132565,0.10547255900254743
P049 (25).jpg,P049,0,-4.728324890136719,0.0087637864053249,0.1053123945129654
P049 (26).jpg,P049,0,-5.0414886474609375,0.0064226021058857,0.09268790168697673
P049 (3).jpg,P049,0,-2.12344741821289,0.106838658452034,0.2767081641183633
P049 (4).jpg,P049,0,-0.3530164957046509,0.4126511216163635,0.4601501469333071
P049 (5).jpg,P049,0,-1.2933077812194824,0.2152934521436691,0.35773342938657965
P049 (6).jpg,P049,0,1.2724133729934692,0.7811555862426758,0.6400913663700756
P049 (7).jpg,P049,0,-3.4284021854400635,0.0314195230603218,0.1748935455258409
P049 (8).jpg,P049,0,-3.053617000579834,0.0450615733861923,0.20072864998909415
P049 (9).jpg,P049,0,-4.383279323577881,0.0123304137960076,0.12095557666858112
P014 (1).jpg,P014,0,-2.296165227890014,0.0914410501718521,0.2613423450218427
P014 (10).jpg,P014,0,-2.5643012523651123,0.0714715644717216,0.2386066804913773
P014 (11).jpg,P014,0,-1.754792332649231,0.1474437564611435,0.3113029763817218
P014 (12).jpg,P014,0,-1.385656476020813,0.2001020759344101,0.3481904850945224
P014 (13).jpg,P014,0,-2.004163980484009,0.1187664195895195,0.2876398915709141
P014 (14).jpg,P014,0,-1.2510429620742798,0.222519651055336,0.362139359782484
P014 (15).jpg,P014,0,-2.133373737335205,0.1058951318264007,0.27581011209319833
P014 (16).jpg,P014,0,-2.527353525161743,0.0739627033472061,0.2416572795269574
P014 (17).jpg,P014,0,-1.7340033054351809,0.150076225399971,0.3133233320574428
P014 (18).jpg,P014,0,-1.8358741998672483,0.1375399827957153,0.30349201781209484
P014 (19).jpg,P014,0,-1.56723153591156,0.1726114153861999,0.3297834870268071
P014 (2).jpg,P014,0,-3.017328977584839,0.0466491170227527,0.20337599376079163
P014 (20).jpg,P014,0,-1.7059134244918823,0.1536945104598999,0.31606449325634783
P014 (21).jpg,P014,0,-2.560535192489624,0.0717219039797782,0.23891641249636383
P014 (22).jpg,P014,0,-2.752405166625977,0.0599509626626968,0.22348882042294874
P014 (23).jpg,P014,0,-2.4046437740325928,0.0828192681074142,0.25197823749805415
P014 (24).jpg,P014,0,-1.9722962379455569,0.12214245647192,0.29060361872652285
P014 (25).jpg,P014,0,-0.8886241912841797,0.2913938462734222,0.4008083709884875
P014 (26).jpg,P014,0,-0.0149008706212043,0.4962748885154724,0.498314363926107
P014 (27).jpg,P014,0,-0.3828868865966797,0.405430793762207,0.4567944185293356
P014 (28).jpg,P014,0,-0.7169291377067566,0.3280695676803589,0.41960213718668193
P014 (29).jpg,P014,0,-1.0524698495864868,0.2587510943412781,0.383141007804829
P014 (3).jpg,P014,0,-2.3504388332366943,0.0870308950543403,0.2566293632127994
P014 (30).jpg,P014,0,0.3845317661762237,0.5949656367301941,0.5433902610792103
P014 (31).jpg,P014,0,0.2763271033763885,0.5686455368995667,0.5312184976349495
P014 (32).jpg,P014,0,0.8093056082725525,0.6919615268707275,0.5905420814754917
P014 (4).jpg,P014,0,-2.510235548019409,0.0751437395811081,0.24307960636580614
P014 (5).jpg,P014,0,-2.2003657817840576,0.0997176542878151,0.2697966417589472
P014 (6).jpg,P014,0,-1.8779665231704712,0.132622629404068,0.29948100033618175
P014 (7).jpg,P014,0,-2.3116390705108643,0.0901635959744453,0.25999295317478105
P014 (8).jpg,P014,0,-2.1504504680633545,0.1042891293764114,0.27426937929840317
P014 (9).jpg,P014,0,-1.0722354650497437,0.2549781799316406,0.381029405520773
P044 (1).jpg,P044,0,-0.1791487038135528,0.4553322196006775,0.4797451162726471
P044 (10).jpg,P044,0,-2.942236423492432,0.0501047223806381,0.2089365855416994
P044 (11).jpg,P044,0,-0.2753506004810333,0.4315940141677856,0.4688915389199008
P044 (12).jpg,P044,0,0.5000229477882385,0.6224647164344788,0.5563243960995584
P044 (13).jpg,P044,0,0.318690687417984,0.5790051221847534,0.5359891420782941
P044 (14).jpg,P044,0,-2.49100112915039,0.0764914453029632,0.24468455477361287
P044 (15).jpg,P044,0,-0.2484411001205444,0.4382072389125824,0.47192497067999356
P044 (16).jpg,P044,0,-1.0951489210128784,0.2506499588489532,0.37858713563894336
P044 (17).jpg,P044,0,-1.8285197019577024,0.1384147107601165,0.3041959387930783
P044 (18).jpg,P044,0,-0.6882193088531494,0.3344292938709259,0.42276919238254085
P044 (19).jpg,P044,0,0.1827976703643798,0.5455725789070129,0.5206669772585439
P044 (2).jpg,P044,0,-0.7256109118461609,0.3261586129665375,0.4186457184294098
P044 (20).jpg,P044,0,0.0366662517189979,0.5091655254364014,0.5041477289862345
P044 (21).jpg,P044,0,0.351869136095047,0.5870707631111145,0.5397208812269142
P044 (22).jpg,P044,0,0.276825487613678,0.568767786026001,0.5312746565493918
P044 (23).jpg,P044,0,0.5033237934112549,0.6232401728630066,0.5566930306711629
P044 (24).jpg,P044,0,-0.1847279667854309,0.4539488554000854,0.47911503737917405
P044 (25).jpg,P044,0,-0.3762681782245636,0.4070273041725158,0.4575376565940534
P044 (26).jpg,P044,0,-1.3267676830291748,0.2096945196390152,0.35426230175657675
P044 (27).jpg,P044,0,0.3120497167110443,0.5773854851722717,0.5352417023928743
P044 (28).jpg,P044,0,0.6669291257858276,0.6608151793479919,0.5748781110337865
P044 (29).jpg,P044,0,-0.8417319655418396,0.301170140504837,0.4059147832130709
P044 (3).jpg,P044,0,-1.3691664934158323,0.2027545571327209,0.3498858446155818
P044 (30).jpg,P044,0,0.3029516041278839,0.5751639008522034,0.5342174556005438
P044 (4).jpg,P044,0,-1.2217131853103638,0.2276350855827331,0.3652105947243191
P044 (5).jpg,P044,0,-1.3885172605514526,0.1996445655822754,0.3478967531669458
P044 (6).jpg,P044,0,-0.9766303896903992,0.2735609114170074,0.39128347315017453
P044 (7).jpg,P044,0,-1.4401068687438965,0.1915287971496582,0.34261979312677376
P044 (8).jpg,P044,0,-1.1625303030014038,0.2382078021764755,0.3714411592894214
P044 (9).jpg,P044,0,-2.93155574798584,0.0506155155599117,0.20973650972552996
P038 (1).jpg,P038,0,-4.757785797119141,0.0085115283727645,0.10406292586558323
P038 (10).jpg,P038,0,-4.515634059906006,0.0108183519914746,0.11473093339118287
P038 (11).jpg,P038,0,-4.589277267456055,0.0100580072030425,0.1113895793832436
P038 (12).jpg,P038,0,-4.162907600402832,0.0153237711638212,0.1319650363642419
P038 (13).jpg,P038,0,-4.337626934051514,0.0128989443182945,0.12316924438488557
P038 (14).jpg,P038,0,-4.564208984375,0.0103106992319226,0.11251731770934291
P038 (15).jpg,P038,0,-4.709076881408691,0.0089325830340385,0.10613585594871862
P038 (16).jpg,P038,0,-4.460208892822266,0.0114278420805931,0.11730292994878211
P038 (17).jpg,P038,0,-4.555961608886719,0.01039519906044,0.11289051354960522
P038 (18).jpg,P038,0,-4.255218029022217,0.0139914574101567,0.12725338703367478
P038 (19).jpg,P038,0,-4.418500900268555,0.011908758431673,0.11927121836707613
P038 (2).jpg,P038,0,-4.058710098266602,0.0169780496507883,0.13746028779575464
P038 (20).jpg,P038,0,-4.182451248168945,0.0150316543877124,0.13095531505781957
P038 (21).jpg,P038,0,-6.141995429992676,0.0021460126154124,0.0584573410037917
P038 (22).jpg,P038,0,-5.995687007904053,0.0024832841008901,0.062209517882052145
P038 (23).jpg,P038,0,-6.108548164367676,0.0022188427392393,0.059295945351895876
P038 (24).jpg,P038,0,-5.8533196449279785,0.0028621396049857,0.06607547204851551
P038 (25).jpg,P038,0,-5.579648494720459,0.0037597033660858,0.07414031896205603
P038 (26).jpg,P038,0,-5.960700035095215,0.0025714770890772,0.0631395419951966
P038 (27).jpg,P038,0,-5.50340747833252,0.004056348465383,0.07654349845932408
P038 (28).jpg,P038,0,-5.542611122131348,0.0039010099135339,0.07529897378108141
P038 (29).jpg,P038,0,-5.524590492248535,0.0039716642349958,0.07586871597234687
P038 (3).jpg,P038,0,-4.519547462463379,0.0107765523716807,0.11455120038102169
P038 (30).jpg,P038,0,-5.308215141296387,0.0049263658002018,0.08302480915287659
P038 (31).jpg,P038,0,-5.366515159606934,0.004648667294532,0.08103838537483223
P038 (32).jpg,P038,0,-5.176250457763672,0.0056174150668084,0.08768555136501735
P038 (33).jpg,P038,0,-5.354546070098877,0.0047043790109455,0.08144263402479887
P038 (34).jpg,P038,0,-5.314887523651123,0.0048937648534774,0.0827952400323626
P038 (35).jpg,P038,0,-5.382551670074463,0.0045750518329441,0.08049963001200898
P038 (36).jpg,P038,0,-5.551352024078369,0.0038671912625432,0.07502403817909557
P038 (37).jpg,P038,0,-5.411643028259277,0.0044444575905799,0.07953062569811388
P038 (38).jpg,P038,0,-5.501415729522705,0.0040644030086696,0.0766072277192129
P038 (39).jpg,P038,0,-5.325301647186279,0.0048433109186589,0.08243808694151387
P038 (4).jpg,P038,0,-4.399131774902344,0.0121388416737318,0.12019495992719574
P038 (40).jpg,P038,0,-5.34216833114624,0.0047626914456486,0.08186261671472835
P038 (41).jpg,P038,0,-5.513932228088379,0.004014051053673,0.07620754851421274
P038 (42).jpg,P038,0,-5.42057466506958,0.0044051120057702,0.07923526641098677
P038 (43).jpg,P038,0,-5.276584625244141,0.0050838752649724,0.08412097872889096
P038 (44).jpg,P038,0,-5.426287651062012,0.0043801278807222,0.07904687036072248
P038 (45).jpg,P038,0,-5.3489298820495605,0.0047307480126619,0.08163295011527537
P038 (46).jpg,P038,0,-5.501708984375,0.0040632160380482,0.0765978414969523
P038 (47).jpg,P038,0,-4.778186798095703,0.0083410777151584,0.10320539198691245
P038 (48).jpg,P038,0,-4.594644546508789,0.0100047076120972,0.11114941199148677
P038 (49).jpg,P038,0,-4.565122604370117,0.010301380418241,0.11247604251815307
P038 (5).jpg,P038,0,-4.5374298095703125,0.010587578639388,0.1137330245585069
P038 (50).jpg,P038,0,-4.920688629150391,0.0072412877343595,0.09738823321328516
P038 (51).jpg,P038,0,-5.576913833618164,0.0037699597887694,0.07422530465288764
P038 (52).jpg,P038,0,-6.158904075622559,0.0021101073361933,0.058037644950981356
P038 (53).jpg,P038,0,-5.573520183563232,0.0037827272899448,0.07433089449019542
P038 (54).jpg,P038,0,-5.333456039428711,0.004804166033864,0.08215941093156494
P038 (6).jpg,P038,0,-4.466709613800049,0.0113546354696154,0.11699869650851527
P038 (7).jpg,P038,0,-4.8586931228637695,0.0077008558437228,0.09988217130899513
P038 (8).jpg,P038,0,-4.477589130401611,0.0112331518903374,0.11649106705156836
P038 (9).jpg,P038,0,-4.332719802856445,0.0129615738987922,0.12340925082402422
P047 (1).jpg,P047,0,0.7636798024177551,0.6821520924568176,0.5855407964395262
P047 (2).jpg,P047,0,0.4881928861141205,0.619680643081665,0.5550027219435503
P047 (3).jpg,P047,0,0.1861545145511627,0.5464046597480774,0.5210460553278049
P047 (4).jpg,P047,0,-1.5720438957214355,0.1719252169132232,0.3293023654722767
P047 (5).jpg,P047,0,-1.4761170148849487,0.1860146224498748,0.33895924690973334
P047 (6).jpg,P047,0,-1.761610984802246,0.1465886831283569,0.3106418709816012
P047 (7).jpg,P047,0,-1.5621803998947144,0.173334002494812,0.33028886430065607
P047 (8).jpg,P047,0,-2.059636354446411,0.1130822896957397,0.28252415993773267
P047 (9).jpg,P047,0,-2.074765205383301,0.1115738078951835,0.2811385696031761
P096 (1).jpg,P096,0,-6.23051118850708,0.0019645781721919,0.05629141801764854
P096 (10).jpg,P096,0,-5.125189304351807,0.0059099565260112,0.08955156430439834
P096 (11).jpg,P096,0,-6.651653289794922,0.0012902177404612,0.046983308018821716
P096 (12).jpg,P096,0,-6.473101615905762,0.00154204654973,0.05073623818102609
P096 (13).jpg,P096,0,-4.275579452514648,0.0137133188545703,0.12623365168554387
P096 (14).jpg,P096,0,-5.118276596069336,0.0059507074765861,0.0898069215299515
P096 (15).jpg,P096,0,-4.506740093231201,0.0109139438718557,0.11514032452716917
P096 (16).jpg,P096,0,-4.569992542266846,0.0102518480271101,0.11225625326211043
P096 (17).jpg,P096,0,-4.702792644500732,0.008988388814032,0.10640593219297863
P096 (18).jpg,P096,0,-4.761673450469971,0.0084787830710411,0.10389902834391321
P096 (19).jpg,P096,0,-4.435262680053711,0.0117131285369396,0.1184767851200286
P096 (2).jpg,P096,0,-6.519580841064453,0.0014721166808158,0.04973282979935712
P096 (20).jpg,P096,0,-5.806673049926758,0.0029984014108777,0.06738998712315468
P096 (21).jpg,P096,0,-5.734500885009766,0.0032220799475908,0.06947169267331674
P096 (22).jpg,P096,0,-5.044740676879883,0.0064018829725682,0.0925642250338682
P096 (23).jpg,P096,0,-4.68904972076416,0.0091116353869438,0.10699866906741103
P096 (24).jpg,P096,0,-4.849358081817627,0.0077725192531943,0.10026258081842322
P096 (25).jpg,P096,0,-5.22288990020752,0.00536281010136,0.08601191505313384
P096 (26).jpg,P096,0,-6.252031803131104,0.0019228314049541,0.0557763403861147
P096 (27).jpg,P096,0,-6.642953872680664,0.0013014760334044,0.04715988035329992
P096 (28).jpg,P096,0,-5.75071907043457,0.0031704097054898,0.06899877928471433
P096 (29).jpg,P096,0,-6.055531024932861,0.002339371247217,0.0606483388716809
P096 (3).jpg,P096,0,-6.914902210235596,0.0009918938158079,0.041928410319232
P096 (30).jpg,P096,0,-7.057103157043457,0.0008605283219367,0.03941848122503959
P096 (31).jpg,P096,0,-5.828499794006348,0.0029338551685214,0.0667719094525266
P096 (32).jpg,P096,0,-5.334417343139648,0.0047995722852647,0.08212661499256411
P096 (33).jpg,P096,0,-6.211520195007324,0.0020021686796098,0.056749663304507175
P096 (34).jpg,P096,0,-4.414958477020264,0.0119505133479833,0.11943970177303116
P096 (35).jpg,P096,0,-5.699753284454346,0.0033356274943798,0.07049502556618947
P096 (36).jpg,P096,0,-5.27032995223999,0.0051156091503798,0.08433928792660227
P096 (37).jpg,P096,0,-3.971001386642456,0.0185056272894144,0.14223392319879913
P096 (38).jpg,P096,0,-4.242236137390137,0.0141716860234737,0.12790720979508977
P096 (39).jpg,P096,0,-3.604673147201538,0.0264762733131647,0.16368018386069705
P096 (4).jpg,P096,0,-6.475830554962158,0.00153785047587,0.05067679912653653
P096 (40).jpg,P096,0,-3.1143648624420166,0.0425185933709144,0.19635480660220533
P096 (41).jpg,P096,0,-4.895227432250977,0.0074266400188207,0.09840568642141563
P096 (42).jpg,P096,0,-4.424139022827148,0.0118425972759723,0.11900348389312347
P096 (43).jpg,P096,0,-4.876879692077637,0.0075631197541952,0.09914473955953218
P096 (44).jpg,P096,0,-3.0865283012390137,0.0436663813889026,0.19835004016834895
P096 (45).jpg,P096,0,-2.777242422103882,0.0585664063692092,0.2215444955281776
P096 (46).jpg,P096,0,-2.8795320987701416,0.0531746856868267,0.21366493117236943
P096 (47).jpg,P096,0,-3.617853879928589,0.0261386502534151,0.16286538521547464
P096 (48).jpg,P096,0,-3.1402697563171387,0.0414763949811458,0.19451168695049648
P096 (49).jpg,P096,0,-3.9268240928649902,0.019325328990817,0.14469025783119
P096 (5).jpg,P096,0,-6.30499792098999,0.0018238177290186,0.05452747125878165
P096 (50).jpg,P096,0,-3.6046876907348633,0.0264758989214897,0.1636792830132122
P096 (6).jpg,P096,0,-5.582487106323242,0.0037490858230739,0.07405219746792549
P096 (7).jpg,P096,0,-6.508195877075195,0.0014889473095536,0.04997685909753164
P096 (8).jpg,P096,0,-5.837563514709473,0.0029074605554342,0.06651679776941369
P096 (9).jpg,P096,0,-5.390078067779541,0.0045409030281007,0.08024790502695757
P196 (1).jpg,P196,0,-5.306901931762695,0.0049328077584505,0.08307005939594642
P196 (2).jpg,P196,0,-3.5694456100463867,0.0273995790630579,0.1658739476730241
P043 (1).jpg,P043,0,1.8533331155776975,0.8645179867744446,0.6981753388377325
P043 (10).jpg,P043,0,1.5508564710617063,0.8250373601913452,0.668576727726358
P043 (11).jpg,P043,0,1.439232587814331,0.8083357810974121,0.6572910980061749
P043 (12).jpg,P043,0,1.5490787029266355,0.8247806429862976,0.6683984561691526
P043 (13).jpg,P043,0,1.9852313995361328,0.8792376518249512,0.7106015350435171
P043 (14).jpg,P043,0,1.0147030353546145,0.733939528465271,0.6128120567359604
P043 (15).jpg,P043,0,1.7546435594558716,0.8525375723838806,0.688682590655536
P043 (16).jpg,P043,0,0.7108860015869141,0.6705968976020813,0.5797317697657072
P043 (17).jpg,P043,0,1.7499552965164185,0.8519471287727356,0.688227579555301
P043 (18).jpg,P043,0,1.2056435346603394,0.7695271968841553,0.63310200842775
P043 (19).jpg,P043,0,1.5154207944869995,0.8198632001876831,0.665014226938451
P043 (2).jpg,P043,0,2.303582668304444,0.9091733694076538,0.7393050550093122
P043 (20).jpg,P043,0,1.4631448984146118,0.8120132088661194,0.6597242864891054
P043 (21).jpg,P043,0,1.9920427799224851,0.8799591064453125,0.7112349512291692
P043 (22).jpg,P043,0,1.743822693824768,0.8511719703674316,0.6876318419302974
P043 (23).jpg,P043,0,2.1763641834259038,0.8981068134307861,0.7280584080111032
P043 (24).jpg,P043,0,2.509237051010132,0.9247868061065674,0.7568372536921042
P043 (25).jpg,P043,0,1.961514949798584,0.8766968250274658,0.7083896409550475
P043 (26).jpg,P043,0,2.121058702468872,0.892933189868927,0.7230754551395344
P043 (27).jpg,P043,0,1.6495686769485474,0.8388327956199646,0.6783984889865865
P043 (28).jpg,P043,0,1.497378945350647,0.8171831965446472,0.6631931210642419
P043 (29).jpg,P043,0,1.4815354347229004,0.8148043751716614,0.6615899025011417
P043 (3).jpg,P043,0,1.510739803314209,0.8191707730293274,0.6645422067323659
P043 (30).jpg,P043,0,1.3302277326583862,0.7908782958984375,0.6460957765794031
P043 (31).jpg,P043,0,-0.8877789974212646,0.2915683686733246,0.40090022309812007
P043 (32).jpg,P043,0,-0.4187881052494049,0.3968067765235901,0.4527663787294183
P043 (33).jpg,P043,0,-0.3131272792816162,0.4223515391349792,0.4646370073458363
P043 (34).jpg,P043,0,0.6970645189285278,0.6675366163253784,0.5782072350951867
P043 (35).jpg,P043,0,0.9495139718055724,0.7210174202919006,0.6057901720072832
P043 (36).jpg,P043,0,-0.0059204325079917,0.4985198676586151,0.49933025883507925
P043 (37).jpg,P043,0,-0.316932737827301,0.4214234352111816,0.4642086991376867
P043 (38).jpg,P043,0,0.8731877207756042,0.7054085731506348,0.5975129657932403
P043 (39).jpg,P043,0,0.2430979311466217,0.5604769587516785,0.5274724550595821
P043 (4).jpg,P043,0,1.5673723220825195,0.8274087309837341,0.6702305933127175
P043 (40).jpg,P043,0,-0.2090617418289184,0.4479241073131561,0.4763677716187514
P043 (41).jpg,P043,0,-0.0719368532299995,0.4820235669612884,0.4918629514007887
P043 (42).jpg,P043,0,0.5304297208786011,0.6295833587646484,0.5597177919128669
P043 (43).jpg,P043,0,-0.0339384749531745,0.4915161728858948,0.496160827674375
P043 (44).jpg,P043,0,-0.7958489656448364,0.3109141588211059,0.41093107476741314
P043 (45).jpg,P043,0,-0.5499430298805237,0.365877628326416,0.43810743864902446
P043 (46).jpg,P043,0,-0.0704716518521308,0.482389360666275,0.4920286574745635
P043 (47).jpg,P043,0,-0.1785774230957031,0.455473929643631,0.47980963597795145
P043 (48).jpg,P043,0,0.0358798131346702,0.5089690089225769,0.50405877009103
P043 (49).jpg,P043,0,-0.0175889506936073,0.4956028759479522,0.4980102823275455
P043 (5).jpg,P043,0,1.2768975496292114,0.7819212079048157,0.640558678628707
P043 (50).jpg,P043,0,1.566103219985962,0.8272274136543274,0.6701036565473466
P043 (51).jpg,P043,0,-0.0169979408383369,0.4957506060600281,0.49807713855893987
P043 (52).jpg,P043,0,0.2286929786205291,0.556925356388092,0.5258475469937364
P043 (53).jpg,P043,0,-0.4778006672859192,0.3827716112136841,0.4461589569613908
P043 (54).jpg,P043,0,0.4774917364120483,0.6171553730964661,0.5538065005881614
P043 (55).jpg,P043,0,0.532696008682251,0.6301116943359375,0.559970490309309
P043 (56).jpg,P043,0,0.7674940824508667,0.6829785704612732,0.5859595910747609
P043 (57).jpg,P043,0,-0.1160637214779853,0.4710166156291961,0.4868734527941637
P043 (58).jpg,P043,0,0.231270283460617,0.5575612187385559,0.5261383134561802
P043 (59).jpg,P043,0,0.0955016836524009,0.5238572955131531,0.5108018282680058
P043 (6).jpg,P043,0,1.50151264667511,0.817799985408783,0.6636107986741483
P043 (60).jpg,P043,0,0.247259110212326,0.5615017414093018,0.5279417377514983
P043 (61).jpg,P043,0,0.4607915580272674,0.613201916217804,0.5519384408459658
P043 (62).jpg,P043,0,0.2345101833343505,0.5583603382110596,0.5265038074151943
P043 (63).jpg,P043,0,-0.3496277630329132,0.4134726822376251,0.4605310812739435
P043 (64).jpg,P043,0,0.4197297394275665,0.6034185886383057,0.5473391897383256
P043 (65).jpg,P043,0,0.8215118646621704,0.6945571899414062,0.5918769490621962
P043 (66).jpg,P043,0,0.8143243789672852,0.6930301785469055,0.5910910934432854
P043 (67).jpg,P043,0,0.597892165184021,0.6451739072799683,0.5672262624849982
P043 (68).jpg,P043,0,-0.0820987597107887,0.4794867932796478,0.49071374784447713
P043 (69).jpg,P043,0,0.8136508464813232,0.6928868889808655,0.5910174277303264
P043 (7).jpg,P043,0,1.525363206863403,0.8213268518447876,0.666015701348891
P043 (70).jpg,P043,0,0.627418577671051,0.6519038677215576,0.5705030280176722
P043 (71).jpg,P043,0,1.2023695707321167,0.7689460515975952,0.6327578231494094
P043 (8).jpg,P043,0,1.775403380393982,0.8551283478736877,0.6906930146632647
P043 (9).jpg,P043,0,1.7408430576324463,0.8507941365242004,0.6873421678734208
P070 (1).jpg,P070,0,-5.734552383422852,0.0032219146378338,0.06947018627171447
P070 (10).jpg,P070,0,-5.388794898986816,0.0045467070303857,0.08029077053095908
P070 (11).jpg,P070,0,-5.954725742340088,0.0025868460070341,0.06329964134874641
P070 (12).jpg,P070,0,-6.502017021179199,0.0014981618151068,0.05010977333922507
P070 (13).jpg,P070,0,-6.313504695892334,0.0018083965405821,0.05432936489761957
P070 (14).jpg,P070,0,-6.261462211608887,0.0019048178801313,0.055552031704518515
P070 (15).jpg,P070,0,-5.311493873596191,0.0049103191122412,0.08291192926301463
P070 (16).jpg,P070,0,-5.391321659088135,0.0045352852903306,0.08020638158018649
P070 (17).jpg,P070,0,-5.508731842041016,0.0040348954498767,0.07637337538623666
P070 (18).jpg,P070,0,-5.441744804382324,0.0043132337741553,0.07853919396987083
P070 (19).jpg,P070,0,-5.550197601318359,0.0038716413546353,0.07506029635779445
P070 (2).jpg,P070,0,-6.02533483505249,0.0024109156802296,0.061431446156348705
P070 (20).jpg,P070,0,-4.870711803436279,0.0076095559634268,0.099394291465482
P070 (21).jpg,P070,0,-4.853248596191406,0.0077425725758075,0.10010388339609903
P070 (22).jpg,P070,0,-4.084183216094971,0.0165580995380878,0.13609935579472407
P070 (23).jpg,P070,0,-4.002020835876465,0.0179505515843629,0.1405300493667413
P070 (24).jpg,P070,0,-4.213271141052246,0.0145820993930101,0.12937634554782462
P070 (25).jpg,P070,0,-4.284231185913086,0.0135967936366796,0.12580247841564043
P070 (26).jpg,P070,0,-4.63831901550293,0.0095812575891613,0.1092119253973369
P070 (27).jpg,P070,0,-2.6467673778533936,0.0661885291337966,0.2318936972290784
P070 (28).jpg,P070,0,-3.9459104537963863,0.018966905772686,0.14362472628250278
P070 (29).jpg,P070,0,-3.0827767848968506,0.0438233129680156,0.19862010004144462
P070 (3).jpg,P070,0,-6.519502639770508,0.0014722315827384,0.04973450213545887
P070 (30).jpg,P070,0,-4.275332927703857,0.01371665392071,0.12624595615836998
P070 (31).jpg,P070,0,-3.4398317337036133,0.0310735516250133,0.17414847725271823
P070 (32).jpg,P070,0,-3.8600683212280273,0.0206319168210029,0.14846874815890754
P070 (33).jpg,P070,0,-4.695904731750488,0.0090499510988593,0.1067026477402908
P070 (34).jpg,P070,0,-6.232161521911621,0.0019613448530435,0.05625176084985322
P070 (35).jpg,P070,0,-3.500333786010742,0.0293027348816394,0.170246168633427
P070 (36).jpg,P070,0,-3.668765783309937,0.024873461574316,0.15974880598524277
P070 (37).jpg,P070,0,-4.726539611816406,0.0087793078273534,0.10538853385478775
P070 (38).jpg,P070,0,-6.102334976196289,0.0022326409816741,0.05945296155559143
P070 (39).jpg,P070,0,-6.570165157318115,0.0013996043708175,0.048662181599984644
P070 (4).jpg,P070,0,-4.914129734039307,0.007288591004908,0.0976494318478238
P070 (40).jpg,P070,0,-6.273499965667725,0.0018820685800164,0.055266939024062704
P070 (41).jpg,P070,0,-5.050455570220947,0.0063656331039965,0.0923472431745145
P070 (42).jpg,P070,0,-6.442577362060547,0.0015897660050541,0.051405599161756375
P070 (43).jpg,P070,0,-4.728161811828613,0.0087652020156383,0.10531934753433203
P070 (44).jpg,P070,0,-4.520922660827637,0.010761902667582,0.1144880991130291
P070 (45).jpg,P070,0,-4.327425003051758,0.0130294896662235,0.12366866862256395
P070 (46).jpg,P070,0,-3.52799129486084,0.0285261999815702,0.16848557443650916
P070 (47).jpg,P070,0,-3.737974405288696,0.0232488922774791,0.15558986736129798
P070 (48).jpg,P070,0,-4.37965202331543,0.012374666519463,0.12113020078213037
P070 (49).jpg,P070,0,-4.215159893035889,0.0145549830049276,0.12928010977988824
P070 (5).jpg,P070,0,-4.564916610717773,0.0103034805506467,0.11248534766962748
P070 (50).jpg,P070,0,-5.258326530456543,0.0051770647987723,0.08475968909375986
P070 (51).jpg,P070,0,-5.057600498199463,0.0063205999322235,0.09207660880605674
P070 (52).jpg,P070,0,-5.2988152503967285,0.0049726599827408,0.08334920282308526
P070 (53).jpg,P070,0,-3.27508544921875,0.0364358648657798,0.18513157414749598
P070 (54).jpg,P070,0,-4.372418403625488,0.0124633852392435,0.12147908793496935
P070 (55).jpg,P070,0,-3.6432230472564697,0.0255005732178688,0.16130632876995185
P070 (56).jpg,P070,0,-4.077837944030762,0.0166617427021265,0.13643729426104856
P070 (57).jpg,P070,0,-4.741053581237793,0.008653899654746,0.10477094107049685
P070 (58).jpg,P070,0,-4.555649280548096,0.0103984121233224,0.11290466769435384
P070 (59).jpg,P070,0,-3.996649980545044,0.018045475706458,0.14082383903443255
P070 (6).jpg,P070,0,-5.45535945892334,0.0042551564984023,0.07809450514414197
P070 (60).jpg,P070,0,-4.172517776489258,0.015179437585175,0.13146770474275177
P070 (61).jpg,P070,0,-2.873781204223633,0.0534649714827537,0.21410246695937832
P070 (62).jpg,P070,0,-5.151125907897949,0.0057595144025981,0.08859928692871023
P070 (63).jpg,P070,0,-5.563752174377441,0.0038197161629796,0.07463558726837254
P070 (64).jpg,P070,0,-4.282437324523926,0.0136208748444914,0.12589177469611915
P070 (65).jpg,P070,0,-3.604003667831421,0.0264935363084077,0.16372165669784242
P070 (66).jpg,P070,0,-4.4025702476501465,0.0120976790785789,0.12003052447875309
P070 (67).jpg,P070,0,-4.116852760314941,0.0160344280302524,0.13437057920717055
P070 (68).jpg,P070,0,-4.620882511138916,0.0097481431439518,0.10998186481735067
P070 (69).jpg,P070,0,-4.340272903442383,0.0128652974963188,0.12303999730882217
P070 (7).jpg,P070,0,-5.235367298126221,0.0052966638468205,0.08556910046750399
P070 (70).jpg,P070,0,-3.752174139022827,0.022928612306714,0.15474756647083973
P070 (71).jpg,P070,0,-5.179348945617676,0.0056001334451138,0.08757345664929166
P070 (72).jpg,P070,0,-3.3171937465667725,0.0349860303103923,0.18227438707728622
P070 (73).jpg,P070,0,-3.581775426864624,0.027072912082076,0.1651034517592606
P070 (74).jpg,P070,0,-3.597333669662476,0.026666110381484,0.16413531065176304
P070 (8).jpg,P070,0,-5.447723865509033,0.0042876317165791,0.07834361825823662
P070 (9).jpg,P070,0,-4.670962333679199,0.0092763975262641,0.10778321224889686
P072 (1).jpg,P072,0,-5.275271415710449,0.0050905221141874,0.08416677157009471
P072 (10).jpg,P072,0,-5.242615699768066,0.0052586118690669,0.08531280932067625
P072 (11).jpg,P072,0,-5.484377384185791,0.0041339583694934,0.07715438886913847
P072 (12).jpg,P072,0,-5.27877950668335,0.0050727855414152,0.08404449167654747
P072 (13).jpg,P072,0,-5.010719299316406,0.0066219642758369,0.0938654390468573
P072 (14).jpg,P072,0,-5.360455513000488,0.0046767899766564,0.08124281704601684
P072 (15).jpg,P072,0,-4.457653045654297,0.0114567531272768,0.11742273122509105
P072 (16).jpg,P072,0,-5.194192409515381,0.0055180774070322,0.08703825620098835
P072 (17).jpg,P072,0,-5.097978115081787,0.0060719912871718,0.09056054942238251
P072 (18).jpg,P072,0,-5.873770713806152,0.002804362680763,0.06550669985635836
P072 (19).jpg,P072,0,-5.662835597991943,0.0034606384579092,0.07159751785743838
P072 (2).jpg,P072,0,-4.333139419555664,0.0129562066867947,0.12338871178512167
P072 (20).jpg,P072,0,-4.663188934326172,0.0093481102958321,0.10812193581866099
P072 (21).jpg,P072,0,-5.041303634643555,0.0064237830229103,0.09269494229534976
P072 (22).jpg,P072,0,-4.576301574707031,0.0101880291476845,0.11197207296031969
P072 (23).jpg,P072,0,-4.318905830383301,0.0131394993513822,0.12408704698009258
P072 (24).jpg,P072,0,-4.559996604919434,0.0103537729009985,0.11270779416388862
P072 (25).jpg,P072,0,-4.807823657989502,0.0080994740128517,0.10197078125962673
P072 (26).jpg,P072,0,-4.507404327392578,0.0109067764133214,0.1151097058352315
P072 (27).jpg,P072,0,-5.134485244750977,0.0058555928990244,0.08920920205572405
P072 (28).jpg,P072,0,-4.706203460693359,0.008958057500422,0.10625927126817623
P072 (29).jpg,P072,0,-5.210348129272461,0.0054301251657307,0.08645910517077199
P072 (3).jpg,P072,0,-5.21708869934082,0.0053938427008688,0.08621850197745423
P072 (30).jpg,P072,0,-2.5821878910064697,0.0702936127781868,0.23713939707955406
P072 (31).jpg,P072,0,-3.4593677520751958,0.0304907169193029,0.17288076844428596
P072 (32).jpg,P072,0,-4.16367769241333,0.015312154777348,0.13192512497637207
P072 (33).jpg,P072,0,-6.0117011070251465,0.0024439296685159,0.06178811109529518
P072 (34).jpg,P072,0,-5.951299667358398,0.0025957007892429,0.06339162415237874
P072 (35).jpg,P072,0,-6.655341148376465,0.0012854743981733,0.046908645286563494
P072 (36).jpg,P072,0,-6.079815864562988,0.0022833722177892,0.06002532155427684
P072 (37).jpg,P072,0,-5.411377429962158,0.0044456329196691,0.07953942412003948
P072 (38).jpg,P072,0,-6.410580158233643,0.0016413718694821,0.05211622194938546
P072 (39).jpg,P072,0,-5.9128499031066895,0.0026971737388521,0.0644324977057265
P072 (4).jpg,P072,0,-4.5366621017456055,0.0105956234037876,0.1137680448056487
P072 (40).jpg,P072,0,-5.210661888122559,0.0054284306243062,0.08644789213969584
P072 (41).jpg,P072,0,-3.5340967178344727,0.0283574927598238,0.16809888329105582
P072 (42).jpg,P072,0,-3.916466474533081,0.0195226073265075,0.14527123550099616
P072 (43).jpg,P072,0,-3.78473711013794,0.0222103297710418,0.15283006125804646
P072 (44).jpg,P072,0,-4.440188407897949,0.0116562461480498,0.11824420001115003
P072 (45).jpg,P072,0,-4.085304260253906,0.0165398549288511,0.1360397242270427
P072 (46).jpg,P072,0,-3.698431491851807,0.0241639800369739,0.15795518892505556
P072 (47).jpg,P072,0,-3.3456811904907227,0.0340368747711181,0.18036092667434447
P072 (48).jpg,P072,0,-3.496263265609741,0.0294187385588884,0.17050651654224677
P072 (49).jpg,P072,0,-3.606130361557007,0.0264387410134077,0.16358994171220426
P072 (5).jpg,P072,0,-4.271021842956543,0.01377509906888,0.1264612956412531
P072 (50).jpg,P072,0,-3.765058279037476,0.0226417351514101,0.15398653083102973
P072 (6).jpg,P072,0,-5.032496929168701,0.0064802365377545,0.09303063473136317
P072 (7).jpg,P072,0,-4.758622169494629,0.0085044726729393,0.10402764640358263
P072 (8).jpg,P072,0,-4.2382988929748535,0.0142267979681491,0.12810607178790687
P072 (9).jpg,P072,0,-3.2537498474121094,0.03719237819314,0.18659242371163293
P078 (1).jpg,P078,0,0.0068551823496818,0.5017138123512268,0.5007754833571554
P078 (10).jpg,P078,0,0.6666082143783569,0.6607432961463928,0.5748426221021096
P078 (11).jpg,P078,0,0.2674640119075775,0.566470205783844,0.53021965633193
P078 (12).jpg,P078,0,0.1595356166362762,0.5397995710372925,0.5180394349126677
P078 (13).jpg,P078,0,-0.1285559237003326,0.467905193567276,0.48546137047650234
P078 (14).jpg,P078,0,-0.4074867069721222,0.3995149135589599,0.45403372969265055
P078 (15).jpg,P078,0,-1.1825203895568848,0.2345993369817733,0.36933176989532523
P078 (16).jpg,P078,0,0.4216056764125824,0.6038674116134644,0.5475494920369062
P078 (17).jpg,P078,0,0.294245570898056,0.5730351805686951,0.5332370779602285
P078 (18).jpg,P078,0,0.1886722147464752,0.5470286011695862,0.5213303555704161
P078 (19).jpg,P078,0,0.8240217566490173,0.6950893402099609,0.5921512618359563
P078 (2).jpg,P078,0,0.2321915924549102,0.5577884912490845,0.5262422494339859
P078 (20).jpg,P078,0,0.4620639979839325,0.6135036945343018,0.5520808265663402
P078 (21).jpg,P078,0,1.3504358530044556,0.7942008972167969,0.6481838201821282
P078 (22).jpg,P078,0,1.1563369035720823,0.7606664896011353,0.6279043023899592
P078 (23).jpg,P078,0,0.2121887505054474,0.5528490543365479,0.5239851652611
P078 (24).jpg,P078,0,-0.3990752398967743,0.4015345573425293,0.4549773884035624
P078 (3).jpg,P078,0,0.584977924823761,0.6422120332717896,0.5657912049570732
P078 (4).jpg,P078,0,0.4139024317264557,0.6020232439041138,0.546685810749228
P078 (5).jpg,P078,0,0.6347532868385315,0.6535664796829224,0.5713160696022773
P078 (6).jpg,P078,0,0.2956782281398773,0.5733856558799744,0.533398425900718
P078 (7).jpg,P078,0,0.0958225950598716,0.5239373445510864,0.5108381139718221
P078 (8).jpg,P078,0,0.3689851462841034,0.5912137627601624,0.5416442877565517
P078 (9).jpg,P078,0,-0.0979756787419319,0.4755257070064544,0.48891843814496905
P080 (1).jpg,P080,0,-5.809690475463867,0.0029893948230892,0.06730422622889852
P080 (10).jpg,P080,0,-3.6628782749176025,0.0250166617333889,0.1601067257626497
P080 (11).jpg,P080,0,-4.458032608032227,0.0114524541422724,0.11740493313718771
P080 (12).jpg,P080,0,-3.63566517829895,0.0256890617311,0.16176953122262663
P080 (13).jpg,P080,0,-3.242374897003174,0.0376018546521663,0.18737489016135783
P080 (14).jpg,P080,0,-3.237835168838501,0.0377664826810359,0.18768787559507286
P080 (15).jpg,P080,0,-2.9163708686828613,0.0513501986861228,0.21087764315726412
P080 (16).jpg,P080,0,-2.169504165649414,0.1025226488709449,0.2725566103964828
P080 (17).jpg,P080,0,-2.319005489349365,0.0895611271262168,0.2593521569440067
P080 (18).jpg,P080,0,-2.275057792663574,0.0932098403573036,0.26319029419800305
P080 (19).jpg,P080,0,-1.350385308265686,0.2058073729276657,0.3518213954293506
P080 (2).jpg,P080,0,-5.625884056091309,0.0035904385149478,0.07271693644588562
P080 (20).jpg,P080,0,-1.7101911306381226,0.1531389206647873,0.31564621923966485
P080 (21).jpg,P080,0,-4.834150314331055,0.0078906854614615,0.10088506526845718
P080 (22).jpg,P080,0,-4.558468818664551,0.0103694386780262,0.11277694752633825
P080 (23).jpg,P080,0,-4.60012674331665,0.0099505530670285,0.1109045702719933
P080 (24).jpg,P080,0,-4.0937933921813965,0.0164023321121931,0.13558887708236275
P080 (25).jpg,P080,0,-4.21097469329834,0.0146151343360543,0.12949343640158142
P080 (26).jpg,P080,0,-4.280071258544922,0.0136526990681886,0.12600963760786
P080 (27).jpg,P080,0,-4.872352600097656,0.0075971744954586,0.09932785056073512
P080 (28).jpg,P080,0,-4.793464183807373,0.0082156546413898,0.10256732414387083
P080 (29).jpg,P080,0,-4.983515739440918,0.006803335621953,0.09491766513321676
P080 (3).jpg,P080,0,-5.763299942016602,0.0031308971811085,0.06863398271259358
P080 (30).jpg,P080,0,-4.799676895141602,0.008165187202394,0.10230884789100836
P080 (31).jpg,P080,0,-5.123865604400635,0.0059177381917834,0.0896004113906037
P080 (32).jpg,P080,0,-4.390466690063477,0.0122431898489594,0.12061020644494369
P080 (33).jpg,P080,0,-4.616034507751465,0.0097950529307127,0.110196780554937
P080 (34).jpg,P080,0,-4.379078388214111,0.0123816793784499,0.12115783640231509
P080 (35).jpg,P080,0,-5.379306793212891,0.0045898528769612,0.08060837902657261
P080 (36).jpg,P080,0,-4.835797309875488,0.0078778024762868,0.10081748511930334
P080 (37).jpg,P080,0,-4.974012851715088,0.0068678488023579,0.09528771564696202
P080 (38).jpg,P080,0,-4.156926155090332,0.0154142873361706,0.1322753841158407
P080 (39).jpg,P080,0,-4.587231159210205,0.0100784003734588,0.11148125516790607
P080 (4).jpg,P080,0,-5.2736639976501465,0.0050986693240702,0.08422285454911908
P080 (40).jpg,P080,0,-6.634047031402588,0.0013131046434864,0.04734131616448654
P080 (41).jpg,P080,0,-5.942767143249512,0.0026178851258009,0.06362124611399785
P080 (42).jpg,P080,0,-5.147524833679199,0.0057801720686256,0.0887309538284408
P080 (43).jpg,P080,0,-3.222923040390014,0.0383121445775032,0.18871880074939468
P080 (44).jpg,P080,0,-3.5355570316314697,0.028317280113697,0.1680064983298009
P080 (45).jpg,P080,0,-3.287763357162476,0.0359933711588382,0.18426771201054704
P080 (46).jpg,P080,0,-3.2400479316711426,0.0376861505210399,0.18753526945422502
P080 (47).jpg,P080,0,-3.75226640701294,0.0229265447705984,0.15474210551244472
P080 (48).jpg,P080,0,-4.165907382965088,0.0152785722166299,0.1318096250206643
P080 (49).jpg,P080,0,-3.2223384380340576,0.0383336916565895,0.18875930463714255
P080 (5).jpg,P080,0,-6.526899814605713,0.0014613972743973,0.04957654909778594
P080 (50).jpg,P080,0,-2.2661678791046143,0.0939639583230018,0.26397111230431186
P080 (51).jpg,P080,0,-2.60821270942688,0.0686117261648178,0.23501564830084257
P080 (52).jpg,P080,0,-2.356740713119507,0.0865314751863479,0.2560857448795822
P080 (53).jpg,P080,0,-2.2101333141326904,0.0988441929221153,0.268926807153342
P080 (54).jpg,P080,0,-2.58115029335022,0.0703614503145217,0.23722434353929264
P080 (55).jpg,P080,0,-3.7433712482452393,0.0231266524642705,0.15526929726697988
P080 (56).jpg,P080,0,-3.8404324054718018,0.021032441407442,0.14959557282299676
P080 (57).jpg,P080,0,-4.13702392578125,0.0157192684710025,0.13331246860090562
P080 (58).jpg,P080,0,-3.5868771076202397,0.026938859373331,0.1647854861944429
P080 (59).jpg,P080,0,-3.88584303855896,0.0201174914836883,0.14700029012704457
P080 (6).jpg,P080,0,-3.688080310821533,0.0244092661887407,0.1585791656009292
P080 (60).jpg,P080,0,-3.962978601455689,0.0186519101262092,0.1426774041545459
P080 (61).jpg,P080,0,-3.7151730060577393,0.0237723439931869,0.15695022213361617
P080 (62).jpg,P080,0,-3.579947233200073,0.0271211098879575,0.16521751485063768
P080 (63).jpg,P080,0,-4.143431663513184,0.0156204337254166,0.13297781919650958
P080 (64).jpg,P080,0,-4.015836715698242,0.0177086163312196,0.13977666611726808
P080 (65).jpg,P080,0,-3.5983803272247314,0.0266389586031436,0.16407034447029512
P080 (66).jpg,P080,0,-4.090877532958984,0.0164494402706623,0.1357435924922708
P080 (67).jpg,P080,0,-3.923551321029663,0.0193874519318342,0.14487362464852235
P080 (68).jpg,P080,0,-3.74955153465271,0.0229874402284622,0.15490285335331394
P080 (69).jpg,P080,0,-3.6872341632843018,0.024429427459836,0.1586302603257562
P080 (7).jpg,P080,0,-3.1465981006622314,0.0412255302071571,0.19406342816118494
P080 (70).jpg,P080,0,-4.674314498901367,0.0092456396669149,0.10763743076785134
P080 (71).jpg,P080,0,-4.759803295135498,0.0084945196285843,0.10397784272984174
P080 (72).jpg,P080,0,-3.737412929534912,0.0232616458088159,0.15562324976188632
P080 (73).jpg,P080,0,-3.5029189586639404,0.0292292926460504,0.1700809867419573
P080 (74).jpg,P080,0,-5.128358840942383,0.0058913645334541,0.08943469984429525
P080 (75).jpg,P080,0,-5.074919700622559,0.0062127485871315,0.0914235506622909
P080 (76).jpg,P080,0,-5.300759792327881,0.0049630478024482,0.08328200158445041
P080 (77).jpg,P080,0,-4.147069931030273,0.0155645906925201,0.1327881243984682
P080 (78).jpg,P080,0,-3.756531000137329,0.0228312071412801,0.1544898737561083
P080 (79).jpg,P080,0,-3.868924617767334,0.0204537231475114,0.1479628190806702
P080 (8).jpg,P080,0,-3.514707326889038,0.0288966465741395,0.1693293736505057
P080 (80).jpg,P080,0,-3.92798113822937,0.0193034149706363,0.144625477060024
P080 (81).jpg,P080,0,-3.5913381576538086,0.0268221665173769,0.16450785134799464
P080 (82).jpg,P080,0,-4.611729621887207,0.0098368944600224,0.11038792781793119
P080 (83).jpg,P080,0,-4.08778190612793,0.0164995994418859,0.1359080091956153
P080 (84).jpg,P080,0,-4.171494007110596,0.0151947503909468,0.1315206095504638
P080 (85).jpg,P080,0,-4.527909278869629,0.0106877759099006,0.11416798397105823
P080 (86).jpg,P080,0,-4.375017166137695,0.012431439012289,0.12135364658699524
P080 (87).jpg,P080,0,-4.336339473724365,0.0129153477028012,0.12323217486651565
P080 (88).jpg,P080,0,-5.308764457702637,0.0049236738122999,0.08300588759722471
P080 (9).jpg,P080,0,-3.7491214275360103,0.0229971017688512,0.15492833254578803
P143 (1).jpg,P143,0,-4.663637161254883,0.0093439612537622,0.10810237907553744
P143 (10).jpg,P143,0,-4.974477291107178,0.0068646818399429,0.09526960002194347
P143 (11).jpg,P143,0,-5.117697715759277,0.0059541333466768,0.08982833527309063
P143 (12).jpg,P143,0,-4.81216287612915,0.0080646872520446,0.10179112097214048
P143 (13).jpg,P143,0,-4.139639854431152,0.0156788453459739,0.13317576356618543
P143 (14).jpg,P143,0,-2.5162835121154785,0.0747244954109191,0.24257643464408488
P143 (15).jpg,P143,0,-6.106202125549316,0.0022240427788347,0.05935518741893836
P143 (16).jpg,P143,0,-5.644371032714844,0.0035249039065092,0.07215488569428591
P143 (17).jpg,P143,0,-3.553290367126465,0.0278333984315395,0.1668878527539984
P143 (18).jpg,P143,0,-4.161470413208008,0.0153454719111323,0.1320395485306302
P143 (19).jpg,P143,0,-3.997736215591431,0.0180262383073568,0.14076437979553252
P143 (2).jpg,P143,0,-4.8977556228637695,0.0074080261401832,0.09830423562576247
P143 (20).jpg,P143,0,-4.7876877784729,0.0082628559321165,0.10280816685598601
P143 (21).jpg,P143,0,-4.214468002319336,0.0145649099722504,0.12931535594700197
P143 (22).jpg,P143,0,-4.432609558105469,0.0117438808083534,0.11860222538115849
P143 (23).jpg,P143,0,-4.400940418243408,0.0121171725913882,0.12010844232998866
P143 (24).jpg,P143,0,-5.5974297523498535,0.0036936863325536,0.07358990678679567
P143 (25).jpg,P143,0,-5.137213706970215,0.0058397310785949,0.08910893926624859
P143 (26).jpg,P143,0,-4.483156204223633,0.0111714862287044,0.11623205214129677
P143 (27).jpg,P143,0,-4.902705669403076,0.0073717162013053,0.0981058708337629
P143 (28).jpg,P143,0,-3.2873847484588623,0.0360065102577209,0.1842934648304186
P143 (29).jpg,P143,0,-3.487990140914917,0.029655884951353,0.17103663491265642
P143 (3).jpg,P143,0,-5.057024955749512,0.0063242157921195,0.09209838268626512
P143 (30).jpg,P143,0,-5.855417251586914,0.0028561591170728,0.06601692418477445
P143 (31).jpg,P143,0,-5.784267425537109,0.0030661327764391,0.06802997474099437
P143 (32).jpg,P143,0,-5.229837417602539,0.0053258789703249,0.08576509673037422
P143 (33).jpg,P143,0,-5.721433639526367,0.0032643214799463,0.06985490637997363
P143 (34).jpg,P143,0,-5.026684284210205,0.0065177674405276,0.0932527973977571
P143 (35).jpg,P143,0,-4.514985084533691,0.0108252987265586,0.11476076296005572
P143 (36).jpg,P143,0,-4.22736930847168,0.0143808955326676,0.12865948490225015
P143 (37).jpg,P143,0,-4.136520385742188,0.0157270617783069,0.13333879657383843
P143 (38).jpg,P143,0,-3.6529018878936768,0.0252611525356769,0.1607147024391736
P143 (39).jpg,P143,0,-4.9630279541015625,0.0069431806914508,0.09571708482533837
P143 (4).jpg,P143,0,-5.133848190307617,0.0058593023568391,0.0892326265420103
P143 (40).jpg,P143,0,-5.285271644592285,0.0050401240587234,0.0838186237776355
P143 (41).jpg,P143,0,-5.428937911987305,0.0043685850687325,0.07895961232865142
P143 (42).jpg,P143,0,-5.96959400177002,0.0025487658567726,0.06290190055202041
P143 (43).jpg,P143,0,-3.871212959289551,0.0204079244285821,0.1478323260027195
P143 (44).jpg,P143,0,-4.058123588562012,0.0169878415763378,0.13749175710033712
P143 (45).jpg,P143,0,-3.786749839782715,0.0221666619181633,0.15271218095299208
P143 (46).jpg,P143,0,-2.7426974773406982,0.0605004020035266,0.22425205901138365
P143 (47).jpg,P143,0,-3.445183277130127,0.0309128277003765,0.1738004832531287
P143 (48).jpg,P143,0,-4.292156219482422,0.0134909125044941,0.12540862842438863
P143 (49).jpg,P143,0,-3.808218240737915,0.0217060707509517,0.15145946662641732
P143 (5).jpg,P143,0,-4.852710723876953,0.0077467057853937,0.10012581036359881
P143 (50).jpg,P143,0,-3.4939393997192383,0.0294851660728454,0.1706552913129712
P143 (51).jpg,P143,0,-4.019360542297363,0.0176474228501319,0.13958505320807094
P143 (52).jpg,P143,0,-5.134243965148926,0.005856997333467,0.08921807325192058
P143 (53).jpg,P143,0,-5.559173583984375,0.003837177529931,0.07477880180175851
P143 (54).jpg,P143,0,-3.056387424468994,0.0449425093829631,0.20052760156034943
P143 (55).jpg,P143,0,-3.7161805629730233,0.0237489696592092,0.15688990639863404
P143 (56).jpg,P143,0,-3.768951654434204,0.0225557405501604,0.15375716150854343
P143 (57).jpg,P143,0,-5.479666233062744,0.004153398796916,0.0773063113422853
P143 (6).jpg,P143,0,-5.697850227355957,0.0033419597893953,0.07055147199217474
P143 (7).jpg,P143,0,-5.06248664855957,0.006289985962212,0.09189194258302387
P143 (8).jpg,P143,0,-5.537765502929688,0.0039198845624923,0.07545178594329492
P143 (9).jpg,P143,0,-4.744773387908936,0.008622046560049,0.10461317257838997
P168 (1).jpg,P168,0,0.3979045152664184,0.5981840491294861,0.5448912455144748
P168 (10).jpg,P168,0,1.019445300102234,0.7348645329475403,0.6133210868138356
P168 (11).jpg,P168,0,1.4584546089172363,0.8112962245941162,0.6592476865670353
P168 (12).jpg,P168,0,2.1576645374298096,0.8963828682899475,0.7263798926107079
P168 (13).jpg,P168,0,1.7195512056350708,0.8480710387229919,0.6852679672170905
P168 (14).jpg,P168,0,1.1950068473815918,0.7676352858543396,0.6319833005479006
P168 (15).jpg,P168,0,2.416673421859741,0.9180899262428284,0.7490463687180934
P168 (16).jpg,P168,0,2.156520366668701,0.8962765336036682,0.7262769802899415
P168 (17).jpg,P168,0,1.2941612005233765,0.7848506569862366,0.6423552917815702
P168 (18).jpg,P168,0,1.011712670326233,0.7333551645278931,0.612490947073117
P168 (19).jpg,P168,0,0.8294997215270996,0.6962491273880005,0.5927497635831999
P168 (2).jpg,P168,0,0.5794768929481506,0.6409469842910767,0.5651795821327512
P168 (20).jpg,P168,0,0.4350830018520355,0.6070867776870728,0.549059866809112
P168 (21).jpg,P168,0,1.1774381399154663,0.7644868493080139,0.6301324115395566
P168 (22).jpg,P168,0,4.687602043151856,0.990875244140625,0.892938723203067
P168 (23).jpg,P168,0,4.025162696838379,0.9824528694152832,0.8607299673948184
P168 (24).jpg,P168,0,3.183177947998047,0.960196316242218,0.8085122803402698
P168 (25).jpg,P168,0,2.8156583309173584,0.943516194820404,0.7814389060236215
P168 (26).jpg,P168,0,2.3123910427093506,0.9098981022834778,0.7400725070597253
P168 (27).jpg,P168,0,1.5568488836288452,0.8259007930755615,0.6691772803029314
P168 (28).jpg,P168,0,1.9121966361999512,0.871265709400177,0.7037583351361191
P168 (29).jpg,P168,0,2.5073225498199463,0.9246535897254944,0.7566777886085597
P168 (3).jpg,P168,0,0.6758848428726196,0.6628196239471436,0.5758681927936219
P168 (30).jpg,P168,0,2.641795873641968,0.93350350856781,0.7677053679968092
P168 (31).jpg,P168,0,1.866075873374939,0.8660036325454712,0.6993890051116964
P168 (32).jpg,P168,0,2.5994584560394287,0.9308267831802368,0.7642714366351057
P168 (33).jpg,P168,0,1.7298141717910769,0.8493886590003967,0.6862686900518916
P168 (34).jpg,P168,0,2.060121774673462,0.8869664072990417,0.7175203619741258
P168 (35).jpg,P168,0,2.434382200241089,0.919411838054657,0.7505496368401186
P168 (36).jpg,P168,0,2.214433431625366,0.9015381932258606,0.7314555715772487
P168 (37).jpg,P168,0,1.7789379358291626,0.8555657267570496,0.6910345934344809
P168 (38).jpg,P168,0,1.3595412969589231,0.7956851720809937,0.6491228150997396
P168 (39).jpg,P168,0,1.2338435649871826,0.7744905948638916,0.6360609714248034
P168 (4).jpg,P168,0,1.4634860754013062,0.8120652437210083,0.6597589423151108
P168 (40).jpg,P168,0,1.3663326501846311,0.7967870235443115,0.6498224199565571
P168 (41).jpg,P168,0,1.2743078470230105,0.7814792990684509,0.6402888288201216
P168 (42).jpg,P168,0,2.1387503147125244,0.8946127891540527,0.7246755624341291
P168 (43).jpg,P168,0,1.781724214553833,0.8559096455574036,0.6913037118194703
P168 (44).jpg,P168,0,-0.9903716444969176,0.2708386778831482,0.38980350651135637
P168 (45).jpg,P168,0,-1.3868235349655151,0.1999153345823288,0.3480706430055595
P168 (46).jpg,P168,0,-1.1304696798324585,0.2440744340419769,0.37483447943590775
P168 (47).jpg,P168,0,-2.0614521503448486,0.1129003018140792,0.28235764005588926
P168 (48).jpg,P168,0,-2.364304542541504,0.0859354585409164,0.2554342650250789
P168 (49).jpg,P168,0,-2.9399168491363525,0.0502152368426322,0.20911011793561143
P168 (5).jpg,P168,0,1.5463852882385254,0.8243910670280457,0.668128273116442
P168 (50).jpg,P168,0,4.865542411804199,0.9923513531684875,0.9003961253967309
P168 (51).jpg,P168,0,4.711991786956787,0.9910932183265686,0.8939892120843781
P168 (52).jpg,P168,0,5.081123352050781,0.9938254356384276,0.9088093563986027
P168 (53).jpg,P168,0,5.132715702056885,0.9941341280937196,0.9107257181765631
P168 (54).jpg,P168,0,4.372485160827637,0.987537443637848,0.8785241358094029
P168 (55).jpg,P168,0,4.3755717277526855,0.987575352191925,0.8786731074480856
P168 (56).jpg,P168,0,4.042075157165527,0.9827421307563782,0.8616448088333303
P168 (57).jpg,P168,0,2.1833419799804688,0.8987436294555664,0.7286830928950245
P168 (58).jpg,P168,0,1.9809404611587524,0.8787813782691956,0.710202081811951
P168 (59).jpg,P168,0,2.2676920890808105,0.9061657190322876,0.7361628674454149
P168 (6).jpg,P168,0,1.1014299392700195,0.7505279183387756,0.6220812695748283
P168 (60).jpg,P168,0,1.8801946640014648,0.8676334619522095,0.700730474069233
P168 (61).jpg,P168,0,1.53592050075531,0.8228709101676941,0.6670774747005644
P168 (62).jpg,P168,0,2.021127223968506,0.8829975128173828,0.7139303336461194
P168 (63).jpg,P168,0,1.901065468788147,0.870012104511261,0.7027071741413612
P168 (64).jpg,P168,0,2.0389208793640137,0.8848233222961426,0.7155718940655859
P168 (65).jpg,P168,0,0.6326681971549988,0.6530942320823669,0.5710849794793211
P168 (66).jpg,P168,0,0.5502341389656067,0.6341899633407593,0.5619249878407097
P168 (67).jpg,P168,0,1.2057775259017944,0.7695509791374207,0.6331160917702556
P168 (68).jpg,P168,0,1.735624074935913,0.8501303791999817,0.6868344365599335
P168 (69).jpg,P168,0,0.2016548812389373,0.550243616104126,0.5227961428387327
P168 (7).jpg,P168,0,1.1352485418319702,0.7568061947822571,0.6256721088586181
P168 (70).jpg,P168,0,0.2834921181201935,0.5704021453857422,0.5320257888356548
P168 (71).jpg,P168,0,0.2261792719364166,0.5563049912452698,0.5255639386619507
P168 (72).jpg,P168,0,-0.6268834471702576,0.3482175469398498,0.4295563053483888
P168 (73).jpg,P168,0,0.1053756698966026,0.5263195633888245,0.5119182336309971
P168 (74).jpg,P168,0,0.0403773412108421,0.5100929141044617,0.5045675094586243
P168 (75).jpg,P168,0,0.1756709516048431,0.5438051819801331,0.5198621005071473
P168 (76).jpg,P168,0,-0.4731511175632477,0.3838706910610199,0.44667889129470906
P168 (77).jpg,P168,0,0.2069846093654632,0.5515621900558472,0.5233977750768838
P168 (78).jpg,P168,0,0.8244727253913879,0.6951849460601807,0.592200543329885
P168 (79).jpg,P168,0,0.7968065142631531,0.6892909407615662,0.5891738053039136
P168 (8).jpg,P168,0,1.240319848060608,0.7756197452545166,0.6367390711563317
P168 (9).jpg,P168,0,1.201328158378601,0.7687609195709229,0.63264831315082
P184 (1).jpg,P184,0,-3.802649974822998,0.0218246281147003,0.1517835704255877
P184 (10).jpg,P184,0,-2.5571072101593018,0.0719504654407501,0.23919857971305614
P184 (11).jpg,P184,0,-2.5675861835479736,0.0712538808584213,0.23833674315457298
P184 (12).jpg,P184,0,-2.3567416667938232,0.0865314006805419,0.2560856626700578
P184 (13).jpg,P184,0,-2.313149690628052,0.0900397524237632,0.2598614624115401
P184 (14).jpg,P184,0,-2.5992531776428223,0.0691865012049675,0.23574529843574943
P184 (15).jpg,P184,0,-2.701313734054565,0.0628958791494369,0.2275264930414333
P184 (16).jpg,P184,0,-2.5458779335021973,0.0727038979530334,0.24012449332338962
P184 (17).jpg,P184,0,-3.001967191696167,0.0473370812833309,0.2045044980838367
P184 (18).jpg,P184,0,-3.4896631240844727,0.029607780277729,0.1709293294817389
P184 (19).jpg,P184,0,-2.6964805126190186,0.063181348145008,0.227911106759306
P184 (2).jpg,P184,0,-3.608319997787476,0.0263824369758367,0.1634544175109405
P184 (20).jpg,P184,0,-2.3362691402435303,0.0881633684039115,0.25785443833742416
P184 (21).jpg,P184,0,-2.798635721206665,0.0573979392647743,0.21987949697307355
P184 (22).jpg,P184,0,-2.5342414379119877,0.0734923183917999,0.24108656759615757
P184 (23).jpg,P184,0,-2.378440618515014,0.0848315507173538,0.2542196335295351
P184 (24).jpg,P184,0,-2.2084062099456787,0.0989981442689895,0.26908048303517534
P184 (25).jpg,P184,0,-2.0725555419921875,0.111793041229248,0.281340685538231
P184 (26).jpg,P184,0,-2.770212888717652,0.0589552000164985,0.22209355518276805
P184 (27).jpg,P184,0,-1.5060968399047852,0.181517943739891,0.33592630397749157
P184 (28).jpg,P184,0,-3.2009551525115967,0.0391297973692417,0.19024542094523283
P184 (29).jpg,P184,0,-3.906991004943848,0.019704807549715,0.14580442657723974
P184 (3).jpg,P184,0,-3.996917963027954,0.0180407278239727,0.14080916803504678
P184 (30).jpg,P184,0,-3.7964928150177,0.0219564605504274,0.15214261381802566
P184 (31).jpg,P184,0,-3.570209503173828,0.0273792333900928,0.16582612805316552
P184 (32).jpg,P184,0,-3.488551378250122,0.0296397395431995,0.17100063109430164
P184 (33).jpg,P184,0,-3.702379941940308,0.0240710489451885,0.1577176995826702
P184 (34).jpg,P184,0,-4.194723129272461,0.0148510383442044,0.1303246482321761
P184 (35).jpg,P184,0,-3.763747453689575,0.0226707626134157,0.15406381806803862
P184 (36).jpg,P184,0,-4.2218122482299805,0.0144598754122853,0.128941644036668
P184 (37).jpg,P184,0,-3.969889879226685,0.0185258276760578,0.14229529606055902
P184 (38).jpg,P184,0,-4.729337215423584,0.0087549956515431,0.10526924198085402
P184 (39).jpg,P184,0,-4.848801136016846,0.007776815444231,0.10028531739931144
P184 (4).jpg,P184,0,-4.307140827178955,0.0132929300889372,0.12466682562661249
P184 (40).jpg,P184,0,-4.14253568649292,0.0156342163681983,0.13302456953042016
P184 (41).jpg,P184,0,-4.122674942016602,0.0159428287297487,0.13406444111089086
P184 (42).jpg,P184,0,-4.247739315032959,0.0140950074419379,0.12762969724987377
P184 (43).jpg,P184,0,-4.077683925628662,0.0166642665863037,0.13644550579709355
P184 (44).jpg,P184,0,-3.339733600616455,0.0342329666018486,0.18075911949578838
P184 (45).jpg,P184,0,-2.960821390151977,0.0492275469005107,0.2075500305476823
P184 (46).jpg,P184,0,-2.8644840717315674,0.0539374314248561,0.21481118329777044
P184 (47).jpg,P184,0,-2.1113977432250977,0.1079939529299736,0.277800742664786
P184 (48).jpg,P184,0,-1.8940569162368772,0.1307825893163681,0.2979557744819748
P184 (49).jpg,P184,0,-2.354831457138061,0.0866825059056282,0.2562503630435275
P184 (5).jpg,P184,0,-4.261096000671387,0.0139105981215834,0.12695828771199033
P184 (50).jpg,P184,0,-2.389551877975464,0.0839728936553001,0.25326758326320953
P184 (51).jpg,P184,0,-2.4065515995025635,0.082674466073513,0.25181555654268684
P184 (52).jpg,P184,0,-2.0777783393859863,0.1112754791975021,0.280863103460624
P184 (53).jpg,P184,0,-1.931509494781494,0.1265836060047149,0.29442299165739344
P184 (54).jpg,P184,0,-2.280637264251709,0.092739313840866,0.262700997501836
P184 (55).jpg,P184,0,-2.18011212348938,0.101550705730915,0.2716059469281913
P184 (56).jpg,P184,0,-4.306161880493164,0.0133057767525315,0.12471517260589336
P184 (57).jpg,P184,0,-4.39289140701294,0.0122139006853103,0.12049388506223839
P184 (58).jpg,P184,0,-4.05167293548584,0.0170958992093801,0.13783826798597557
P184 (59).jpg,P184,0,-1.9320632219314573,0.1265223771333694,0.2943709437350688
P184 (6).jpg,P184,0,-3.797987461090088,0.0219243876636028,0.15205539229254325
P184 (60).jpg,P184,0,-2.9363768100738525,0.0503843426704406,0.20937516027091066
P184 (61).jpg,P184,0,-3.28837513923645,0.0359721481800079,0.18422610471448367
P184 (62).jpg,P184,0,-3.701787233352661,0.0240849759429693,0.1577533309923906
P184 (63).jpg,P184,0,-3.943080186843872,0.0190196428447961,0.14378231776560585
P184 (64).jpg,P184,0,-2.805781841278076,0.0570125393569469,0.21932533468899806
P184 (65).jpg,P184,0,-3.416757822036743,0.0317758284509182,0.1756551980767268
P184 (66).jpg,P184,0,-2.922642946243286,0.0510455258190631,0.21040575007628556
P184 (67).jpg,P184,0,-3.3397233486175537,0.0342333018779754,0.18075980646114553
P184 (68).jpg,P184,0,-3.344835996627808,0.0340646766126155,0.18041747091085428
P184 (69).jpg,P184,0,-2.57137393951416,0.0710036233067512,0.23802574703259163
P184 (7).jpg,P184,0,-4.120726585388184,0.0159734226763248,0.13416682262408802
P184 (70).jpg,P184,0,-2.757570743560791,0.059660505503416,0.22308344691682128
P184 (71).jpg,P184,0,-2.938667058944702,0.0502748824656009,0.20920366139488084
P184 (72).jpg,P184,0,-2.4907562732696533,0.0765087455511093,0.24470503201998262
P184 (73).jpg,P184,0,-2.3181724548339844,0.0896290689706802,0.259424570158084
P184 (74).jpg,P184,0,-3.009780168533325,0.0469859838485717,0.20392996237300548
P184 (75).jpg,P184,0,-3.420898199081421,0.0316486880183219,0.1753840792593118
P184 (76).jpg,P184,0,-3.915555477142334,0.0195400528609752,0.14532242753629243
P184 (77).jpg,P184,0,-3.759610891342163,0.0227625984698534,0.15430792089980547
P184 (78).jpg,P184,0,-4.135241508483887,0.015746871009469,0.13340568341834558
P184 (79).jpg,P184,0,-3.8868916034698486,0.020096831023693,0.14694080567514012
P184 (8).jpg,P184,0,-3.0864381790161133,0.0436701439321041,0.19835652454323574
P184 (80).jpg,P184,0,-3.911426305770874,0.0196193195879459,0.1455546474399928
P184 (81).jpg,P184,0,-4.334885597229004,0.0129338949918746,0.12330327291600802
P184 (82).jpg,P184,0,-3.4103052616119385,0.0319749489426612,0.1760783798610369
P184 (83).jpg,P184,0,-3.535154104232788,0.0283283703029155,0.16803198498898494
P184 (84).jpg,P184,0,-3.3675577640533447,0.0333248935639858,0.1789021705350276
P184 (85).jpg,P184,0,-2.529469966888428,0.0738178789615631,0.24148181955291473
P184 (86).jpg,P184,0,-2.829373836517334,0.055757351219654,0.21750297568940405
P184 (87).jpg,P184,0,-2.9833221435546875,0.0481850393116474,0.2058804377537695
P184 (9).jpg,P184,0,-2.6533796787261963,0.0657810121774673,0.2313611867945231
P191 (1).jpg,P191,0,-2.3273022174835205,0.0888869017362594,0.2586316642169439
P191 (10).jpg,P191,0,-1.9878641366958616,0.1204830035567283,0.2891535390749663
P191 (11).jpg,P191,0,-2.4270665645599365,0.0811318829655647,0.25007064546419294
P191 (12).jpg,P191,0,-2.2390425205230717,0.096298836171627,0.26636274832789814
P191 (13).jpg,P191,0,-1.837783694267273,0.1373136192560196,0.30330940476209156
P191 (14).jpg,P191,0,-2.141641139984131,0.1051149144768714,0.27506352418677493
P191 (15).jpg,P191,0,-2.048001527786255,0.1142544820904731,0.28359255808148975
P191 (16).jpg,P191,0,-1.565766453742981,0.1728207617998123,0.32993003128817133
P191 (17).jpg,P191,0,-5.61528205871582,0.0036285677924752,0.07304108173259842
P191 (18).jpg,P191,0,-5.471062660217285,0.0041891364380717,0.07758446184930287
P191 (19).jpg,P191,0,-5.635913848876953,0.0035547344014048,0.07241150653764161
P191 (2).jpg,P191,0,-1.6290771961212158,0.163956806063652,0.3236278214359093
P191 (20).jpg,P191,0,-5.095947742462158,0.0060842577368021,0.09063624417307559
P191 (21).jpg,P191,0,-4.681488990783691,0.0091801518574357,0.10732600366601762
P191 (22).jpg,P191,0,-4.4330902099609375,0.0117383040487766,0.11857949152043623
P191 (23).jpg,P191,0,-4.416782379150391,0.011928997002542,0.11935292834693699
P191 (24).jpg,P191,0,-4.513424873352051,0.0108420187607407,0.11483250428493738
P191 (25).jpg,P191,0,-4.025665283203125,0.0175384543836116,0.13924277338144442
P191 (26).jpg,P191,0,-4.21705436706543,0.0145278349518775,0.12918364370193378
P191 (27).jpg,P191,0,-3.5829122066497803,0.0270429868251085,0.16503255862901348
P191 (28).jpg,P191,0,-3.702092885971069,0.0240777917206287,0.1577349554903623
P191 (29).jpg,P191,0,-3.5983200073242188,0.026640523225069,0.16407408797368542
P191 (3).jpg,P191,0,-1.8273853063583372,0.1385500431060791,0.3043045969555485
P191 (30).jpg,P191,0,-3.09826135635376,0.0431790277361869,0.19750719849327456
P191 (31).jpg,P191,0,-3.929717302322388,0.0192705746740102,0.1445283177456603
P191 (32).jpg,P191,0,-3.7829551696777344,0.0222490616142749,0.1529344870765331
P191 (33).jpg,P191,0,-3.6796162128448486,0.0246116407215595,0.15909087290655638
P191 (34).jpg,P191,0,-4.424832344055176,0.01183448638767,0.1189705964383937
P191 (35).jpg,P191,0,-3.581153631210327,0.0270892977714538,0.16514223920952242
P191 (36).jpg,P191,0,-3.4102814197540283,0.0319756865501403,0.17607994498000704
P191 (37).jpg,P191,0,-3.559506893157959,0.0276656839996576,0.16649711739054165
P191 (38).jpg,P191,0,-2.3213205337524414,0.0893725305795669,0.2591509859996956
P191 (39).jpg,P191,0,-3.403671979904175,0.032180905342102,0.17651424919007466
P191 (4).jpg,P191,0,-1.8448071479797363,0.1364837437868118,0.3026382562961552
P191 (40).jpg,P191,0,-3.6100339889526367,0.0263384487479925,0.16334839568082496
P191 (41).jpg,P191,0,-3.29195499420166,0.0358482114970684,0.18398278458993592
P191 (42).jpg,P191,0,-2.9172403812408447,0.0513078607618808,0.2108121772563079
P191 (43).jpg,P191,0,-2.965197324752808,0.0490231364965438,0.20722454798394097
P191 (44).jpg,P191,0,-3.253801107406616,0.0371905378997325,0.1865889033163772
P191 (45).jpg,P191,0,-2.999828577041626,0.0474336147308349,0.2046619729012899
P191 (46).jpg,P191,0,-4.890818595886231,0.0074592102319002,0.09858282660416122
P191 (47).jpg,P191,0,-2.922703266143799,0.0510426051914691,0.21040121554320323
P191 (48).jpg,P191,0,-3.606367588043213,0.0264326333999633,0.1635752545751647
P191 (49).jpg,P191,0,-2.868494749069214,0.0537331327795982,0.21450524229177978
P191 (5).jpg,P191,0,-0.9285710453987122,0.2832147181034088,0.39647516700588864
P191 (50).jpg,P191,0,-2.9561245441436768,0.0494478456676006,0.20789980222465593
P191 (51).jpg,P191,0,-2.8616037368774414,0.0540845952928066,0.21503109542360813
P191 (52).jpg,P191,0,-3.194631099700928,0.0393682643771171,0.19068664761261614
P191 (53).jpg,P191,0,-3.1615262031555176,0.0406395085155963,0.19300912681909552
P191 (54).jpg,P191,0,-5.0001749992370605,0.0066916877403855,0.09427204293764743
P191 (55).jpg,P191,0,-5.864398002624512,0.0028306955937296,0.06576680044279454
P191 (56).jpg,P191,0,-5.869960784912109,0.0028150370344519,0.06561231298729779
P191 (57).jpg,P191,0,-5.6973795890808105,0.0033435276709496,0.07056543799725572
P191 (58).jpg,P191,0,-4.590503215789795,0.0100458078086376,0.11133468242029758
P191 (59).jpg,P191,0,-4.101497650146484,0.0162784997373819,0.1351808046798976
P191 (6).jpg,P191,0,-1.3820785284042358,0.2006753832101822,0.3485580144574332
P191 (60).jpg,P191,0,-4.719388484954834,0.0088417576625943,0.10569400531581141
P191 (61).jpg,P191,0,-3.5841784477233887,0.0270096901804208,0.164953620646182
P191 (62).jpg,P191,0,-4.025054454803467,0.0175489839166402,0.1392759040100972
P191 (63).jpg,P191,0,-4.135340690612793,0.0157453324645757,0.13340049505647647
P191 (64).jpg,P191,0,-3.563682794570923,0.0275535732507705,0.16623505533348448
P191 (65).jpg,P191,0,-3.971595287322998,0.0184948425740003,0.14220113950138744
P191 (66).jpg,P191,0,-4.600855827331543,0.0099433735013008,0.11087204406221508
P191 (67).jpg,P191,0,-3.8644092082977295,0.0205443855375051,0.14822059030522775
P191 (68).jpg,P191,0,-4.219830513000488,0.01448814291507,0.12904239388362368
P191 (69).jpg,P191,0,-4.692724227905273,0.0090785194188356,0.10683990230316451
P191 (7).jpg,P191,0,-1.1146975755691528,0.2469961643218994,0.37650835926134085
P191 (70).jpg,P191,0,-5.569984436035156,0.0037960745394229,0.07444105246948116
P191 (71).jpg,P191,0,-4.605748176574707,0.0098953256383538,0.1106540004100334
P191 (72).jpg,P191,0,-3.5789220333099365,0.0271481722593307,0.16528150589821342
P191 (73).jpg,P191,0,-3.219036817550659,0.0384555868804454,0.18898818101045628
P191 (74).jpg,P191,0,-1.4638046026229858,0.1878861039876938,0.3402087041030965
P191 (75).jpg,P191,0,-2.186575174331665,0.1009625345468521,0.2710277620168321
P191 (8).jpg,P191,0,-1.5149468183517456,0.1802068352699279,0.3350335527103386
P191 (9).jpg,P191,0,-1.4919542074203491,0.1836285889148712,0.33735539244240204
P013 (1).jpg,P013,1,4.042313575744629,0.982746124267578,0.8616576694174797
P013 (10).jpg,P013,1,1.2271668910980225,0.773322343826294,0.6353613234489288
P013 (11).jpg,P013,1,-0.0892235711216926,0.4777088761329651,0.4899080652468164
P013 (12).jpg,P013,1,0.384564608335495,0.5949735045433044,0.5433939483263998
P013 (13).jpg,P013,1,0.5101407766342163,0.6248394846916199,0.5574541453395989
P013 (14).jpg,P013,1,0.8211196660995483,0.6944739818572998,0.5918340794614747
P013 (15).jpg,P013,1,1.0740801095962524,0.7453720569610596,0.6191674338020685
P013 (16).jpg,P013,1,2.24260687828064,0.9040108919143676,0.7339523065767511
P013 (17).jpg,P013,1,1.7185139656066897,0.847937285900116,0.6851667318612552
P013 (18).jpg,P013,1,2.008570671081543,0.8816940188407898,0.7127685134480608
P013 (19).jpg,P013,1,2.5121078491210938,0.9249862432479858,0.7570762389262558
P013 (2).jpg,P013,1,1.135663986206055,0.7568826675415039,0.6257161354855593
P013 (20).jpg,P013,1,2.903578996658325,0.9480230808258056,0.7881575308501922
P013 (21).jpg,P013,1,1.66301429271698,0.8406422138214111,0.6797244324212383
P013 (22).jpg,P013,1,1.3289910554885864,0.7906736731529236,0.645967812435368
P013 (23).jpg,P013,1,1.4030897617340088,0.8026736974716187,0.6535976841739561
P013 (24).jpg,P013,1,2.083853244781494,0.889323890209198,0.7196917748980508
P013 (25).jpg,P013,1,1.5870312452316284,0.8301979899406433,0.6721937191193754
P013 (26).jpg,P013,1,1.4497777223587036,0.8099641799926758,0.6583651428566784
P013 (27).jpg,P013,1,1.5975139141082764,0.8316707015037537,0.6732380593486572
P013 (28).jpg,P013,1,1.419288992881775,0.8052269816398621,0.6552553953749363
P013 (29).jpg,P013,1,1.330679178237915,0.7909529209136963,0.646142484324317
P013 (3).jpg,P013,1,1.5534355640411377,0.8254093527793884,0.6688352688214684
P013 (30).jpg,P013,1,1.7359851598739624,0.8501763939857483,0.6868695793295867
P013 (31).jpg,P013,1,2.230896234512329,0.9029898643493652,0.7329163068627553
P013 (32).jpg,P013,1,2.9544787406921387,0.950474739074707,0.7919775328384852
P013 (33).jpg,P013,1,2.376848697662353,0.9150447845458984,0.7456437722912053
P013 (34).jpg,P013,1,2.555213212966919,0.9279229640960692,0.7606454219003699
P013 (35).jpg,P013,1,2.8920352458953857,0.9474512934684752,0.787284076908929
P013 (36).jpg,P013,1,3.0601894855499268,0.9552204012870787,0.7997480666761873
P013 (37).jpg,P013,1,2.494432210922241,0.923750638961792,0.7556022640150227
P013 (38).jpg,P013,1,2.7035748958587646,0.93723726272583,0.7726532863562334
P013 (39).jpg,P013,1,2.7718729972839355,0.94113689661026,0.7780361994734473
P013 (4).jpg,P013,1,1.5506107807159424,0.8250018954277039,0.6685520931954794
P013 (40).jpg,P013,1,3.372548818588257,0.9668354988098145,0.821429343277783
P013 (41).jpg,P013,1,3.1755330562591557,0.9599030613899232,0.8079761430648268
P013 (42).jpg,P013,1,4.012508869171143,0.9822334051132202,0.8600421754501063
P013 (43).jpg,P013,1,3.6329405307769775,0.974242627620697,0.8380632190607629
P013 (44).jpg,P013,1,3.846031665802002,0.9790825843811036,0.8507264621928071
P013 (45).jpg,P013,1,4.34498405456543,0.9871943593025208,0.8771898386220927
P013 (46).jpg,P013,1,3.932039499282837,0.9807733297348022,0.8556015523674985
P013 (47).jpg,P013,1,3.953779220581055,0.9811789393424988,0.8568126574545095
P013 (48).jpg,P013,1,4.043362617492676,0.9827638864517212,0.8617142440665123
P013 (49).jpg,P013,1,4.264925003051758,0.9861418604850768,0.8732336298771254
P013 (5).jpg,P013,1,1.384723424911499,0.7997485399246216,0.6517136886168061
P013 (50).jpg,P013,1,4.782576560974121,0.9916951060295104,0.8969783074990562
P013 (51).jpg,P013,1,5.201109886169434,0.9945197701454164,0.9132101502686982
P013 (52).jpg,P013,1,5.065380096435547,0.9937280416488647,0.9082172548377451
P013 (53).jpg,P013,1,5.060878753662109,0.9936999082565308,0.9080473257249331
P013 (54).jpg,P013,1,5.108033180236816,0.9939883947372437,0.90981347718396
P013 (55).jpg,P013,1,4.776898384094238,0.9916481971740724,0.8967406364387057
P013 (56).jpg,P013,1,4.826752185821533,0.9920511841773988,0.8988108756305111
P013 (57).jpg,P013,1,4.947786331176758,0.9929509162902832,0.9036842972807525
P013 (58).jpg,P013,1,4.221215724945068,0.9855316877365112,0.8710280362450061
P013 (59).jpg,P013,1,4.293166160583496,0.9865224957466124,0.8746414866197003
P013 (6).jpg,P013,1,1.0558123588562012,0.741889476776123,0.6172163918524142
P013 (60).jpg,P013,1,4.7841901779174805,0.9917084574699402,0.8970457601453005
P013 (7).jpg,P013,1,1.4346973896026611,0.8076321482658386,0.6568286815590079
P013 (8).jpg,P013,1,0.8783525824546814,0.7064807415008545,0.5980748833131695
P013 (9).jpg,P013,1,1.3482805490493774,0.7938483953475952,0.6479613872617791
P026 (1).jpg,P026,1,2.354912042617798,0.913323938846588,0.7437565865275539
P026 (10).jpg,P026,1,2.350921392440796,0.9130074381828308,0.743412290438963
P026 (11).jpg,P026,1,2.355407953262329,0.9133630990982056,0.7437993503994091
P026 (12).jpg,P026,1,0.2602882981300354,0.5647071599960327,0.5294107992044421
P026 (13).jpg,P026,1,-0.1332576274871826,0.4667348265647888,0.484929962412384
P026 (14).jpg,P026,1,0.0515886023640632,0.512894332408905,0.5058356314974949
P026 (2).jpg,P026,1,1.8965526819229128,0.8695008754730225,0.7022804009770425
P026 (3).jpg,P026,1,2.561897039413452,0.9283687472343444,0.7611956216900745
P026 (4).jpg,P026,1,1.88868248462677,0.8686052560806274,0.7015352746511193
P026 (5).jpg,P026,1,2.3448965549468994,0.9125276803970336,0.7428919198350722
P026 (6).jpg,P026,1,2.5819084644317627,0.9296881556510924,0.7628377287765546
P026 (7).jpg,P026,1,2.479600191116333,0.9226992726325988,0.7543607587836298
P026 (8).jpg,P026,1,2.363443374633789,0.9139968156814576,0.7444916167119238
P026 (9).jpg,P026,1,1.8110815286636357,0.8594925999641418,0.6941313366636493
P156 (1).jpg,P156,1,-2.1679859161376958,0.1026624217629432,0.2726928428974242
P156 (10).jpg,P156,1,-1.7609316110610962,0.1466736942529678,0.3107077053599459
P156 (11).jpg,P156,1,-1.5944840908050537,0.1687539517879486,0.3270636121835235
P156 (12).jpg,P156,1,-1.6301523447036743,0.1638094931840896,0.32352133933536414
P156 (13).jpg,P156,1,-1.816478967666626,0.1398569047451019,0.30535037419490446
P156 (14).jpg,P156,1,-1.77450430393219,0.1449830681085586,0.30939390517648
P156 (15).jpg,P156,1,-1.7131959199905396,0.1527496427297592,0.31535258939742017
P156 (16).jpg,P156,1,-1.3609676361083984,0.2040830850601196,0.35073019861841204
P156 (17).jpg,P156,1,-2.033308744430542,0.1157498434185981,0.28494524253684955
P156 (18).jpg,P156,1,-1.7845669984817505,0.1437401175498962,0.30842184588815813
P156 (19).jpg,P156,1,-1.6943566799163818,0.1552037596702575,0.31719599995375947
P156 (2).jpg,P156,1,-1.76458477973938,0.1462170630693435,0.3103537870669283
P156 (20).jpg,P156,1,-1.8193713426589968,0.1395093202590942,0.30507283649555705
P156 (21).jpg,P156,1,-1.6174043416976929,0.1655631512403488,0.3247850688599782
P156 (22).jpg,P156,1,-1.3535640239715576,0.2052883207798004,0.351493458890854
P156 (23).jpg,P156,1,-1.7785879373550415,0.1444775760173797,0.30899922104794747
P156 (24).jpg,P156,1,-1.8161534070968628,0.1398960798978805,0.3053816222020214
P156 (25).jpg,P156,1,-1.4435313940048218,0.1909990906715393,0.34227086396332135
P156 (26).jpg,P156,1,-1.5528236627578735,0.1746788173913955,0.3312260619910299
P156 (27).jpg,P156,1,-2.213940143585205,0.0985056236386299,0.26858827552834413
P156 (28).jpg,P156,1,-1.993833422660828,0.1198518872261047,0.2885986668539552
P156 (29).jpg,P156,1,-2.054678678512573,0.1135804802179336,0.282979112972729
P156 (3).jpg,P156,1,-1.3325685262680054,0.2087348103523254,0.35366206903411446
P156 (30).jpg,P156,1,-2.34989857673645,0.0870738327503204,0.2566760024454464
P156 (31).jpg,P156,1,-1.1725751161575315,0.2363898307085037,0.37038059452645894
P156 (32).jpg,P156,1,-1.7511563301086426,0.1479014009237289,0.31165582158672506
P156 (33).jpg,P156,1,-2.26028060913086,0.094466358423233,0.2644890194757431
P156 (34).jpg,P156,1,-2.443732500076294,0.0798980817198753,0.2486590614164748
P156 (35).jpg,P156,1,-2.095898389816284,0.1094961166381836,0.2792100099363158
P156 (36).jpg,P156,1,-2.1527979373931885,0.1040700525045394,0.2740580000514283
P156 (37).jpg,P156,1,-2.072718381881714,0.1117768585681915,0.2813257877014624
P156 (38).jpg,P156,1,-1.7882806062698364,0.1432836502790451,0.30806353801466724
P156 (39).jpg,P156,1,-1.574002385139465,0.1716465801000595,0.32910666541922473
P156 (4).jpg,P156,1,-1.7188233137130735,0.1520227938890457,0.3148030737042842
P156 (40).jpg,P156,1,-1.766163349151611,0.1460200995206833,0.3102009241817222
P156 (41).jpg,P156,1,-1.985763669013977,0.1207057610154151,0.2893489375362981
P156 (42).jpg,P156,1,-1.9507519006729128,0.1244713887572288,0.2926174400706861
P156 (43).jpg,P156,1,-1.711340069770813,0.1529899686574936,0.31553392681434567
P156 (44).jpg,P156,1,-1.5346835851669312,0.1773094534873962,0.33304683755068015
P156 (45).jpg,P156,1,-1.5061806440353394,0.1815055012702942,0.33591784463083957
P156 (46).jpg,P156,1,-1.816611886024475,0.1398409157991409,0.3053376169188015
P156 (47).jpg,P156,1,-1.3875497579574585,0.1997992098331451,0.34799607885891753
P156 (48).jpg,P156,1,-1.3420130014419556,0.2071792036294937,0.3526858043292662
P156 (49).jpg,P156,1,-1.8989471197128296,0.1302276849746704,0.29749311366665293
P156 (5).jpg,P156,1,-1.8791587352752688,0.1324855238199234,0.2993678360096285
P156 (50).jpg,P156,1,-1.818259596824646,0.1396428346633911,0.3051794972689043
P156 (51).jpg,P156,1,-1.7256027460098269,0.1511508971452713,0.31414174936653405
P156 (52).jpg,P156,1,-2.1920061111450195,0.1004706397652626,0.27054250837485694
P156 (53).jpg,P156,1,-1.9226104021072388,0.1275707483291626,0.2952602023353145
P156 (54).jpg,P156,1,-1.939808964729309,0.1256688386201858,0.2936434404729559
P156 (55).jpg,P156,1,-2.0373952388763428,0.1153322383761406,0.2845686318480227
P156 (56).jpg,P156,1,-1.5629721879959106,0.1732205748558044,0.33020961821457023
P156 (6).jpg,P156,1,-1.4931102991104126,0.1834553480148315,0.33723845934487867
P156 (7).jpg,P156,1,-1.4413315057754517,0.1913392394781112,0.3424949937590557
P156 (8).jpg,P156,1,-1.8538143634796145,0.1354256570339203,0.3017787748515402
P156 (9).jpg,P156,1,-1.9387086629867556,0.1257897913455963,0.2937467200641008
P157 (1).jpg,P157,1,-0.646278977394104,0.3438285589218139,0.4274071037880625
P157 (2).jpg,P157,1,-1.620472073554993,0.1651397794485092,0.324480725653342
P157 (3).jpg,P157,1,-1.1418781280517578,0.2419756948947906,0.3736255708876114
P157 (4).jpg,P157,1,-0.7587361931800842,0.3189207315444946,0.4150021785449555
P157 (5).jpg,P157,1,-0.631078839302063,0.3472659587860107,0.4290911895976687
P205 (1).jpg,P205,1,-0.0500455275177955,0.4874911904335022,0.4943389038517038
P205 (10).jpg,P205,1,0.3970343768596649,0.5979748964309692,0.544793603925415
P205 (11).jpg,P205,1,-0.3088971376419067,0.4233839511871338,0.465113175261033
P205 (12).jpg,P205,1,-0.2589698433876037,0.4356169700622558,0.4707378359013242
P205 (13).jpg,P205,1,-0.3684702515602112,0.4089106917381286,0.4584135555723318
P205 (14).jpg,P205,1,-0.612936794757843,0.3513895869255066,0.43110336955486045
P205 (15).jpg,P205,1,-0.807029128074646,0.308523952960968,0.4097070211358594
P205 (16).jpg,P205,1,-0.4013148248195648,0.4009965062141418,0.45472610383061185
P205 (17).jpg,P205,1,-0.2411633133888244,0.4399996697902679,0.4727457407027467
P205 (18).jpg,P205,1,-0.9001670479774475,0.2890161573886871,0.3995546418959739
P205 (19).jpg,P205,1,-0.766431450843811,0.3172515332698822,0.4141570697057431
P205 (2).jpg,P205,1,0.7269523739814758,0.6741361021995544,0.5815020080330907
P205 (20).jpg,P205,1,-0.6098791360855103,0.3520867526531219,0.4314427282045025
P205 (21).jpg,P205,1,-0.2889401614665985,0.4282633364200592,0.4673604852481248
P205 (22).jpg,P205,1,-1.022064447402954,0.2646254897117615,0.3863978824988413
P205 (23).jpg,P205,1,0.1667219698429107,0.5415841937065125,0.5188512756435649
P205 (24).jpg,P205,1,-0.0576150193810462,0.4856002330780029,0.4934827417048596
P205 (25).jpg,P205,1,-0.0645729675889015,0.4838624000549316,0.4926957829925693
P205 (26).jpg,P205,1,0.2041371166706085,0.5508577823638916,0.5230763517448838
P205 (27).jpg,P205,1,2.4052481651306152,0.9172266125679016,0.7480733066868007
P205 (28).jpg,P205,1,2.1669018268585205,0.8972376585006714,0.7272098557494416
P205 (29).jpg,P205,1,0.9918851256370544,0.7294601202011108,0.6103593756342549
P205 (3).jpg,P205,1,-0.3331842422485351,0.4174660444259643,0.46238017766266476
P205 (30).jpg,P205,1,0.9052515625953674,0.7120274901390076,0.6009971971654776
P205 (31).jpg,P205,1,1.2582073211669922,0.7787173390388489,0.638609151337403
P205 (32).jpg,P205,1,1.168881058692932,0.7629426717758179,0.6292295193384849
P205 (33).jpg,P205,1,0.8338568806648254,0.697169840335846,0.5932256139580192
P205 (34).jpg,P205,1,1.0726770162582395,0.7451056241989136,0.6190177153246053
P205 (35).jpg,P205,1,1.3186686038970947,0.7889600992202759,0.6448988912069358
P205 (36).jpg,P205,1,1.87108314037323,0.8665835857391357,0.6998651530178313
P205 (37).jpg,P205,1,2.1862361431121826,0.8990066647529602,0.7289419274535981
P205 (38).jpg,P205,1,1.4899721145629885,0.8160740733146667,0.6624440821265584
P205 (39).jpg,P205,1,1.972939372062683,0.8779265284538269,0.7094563712757131
P205 (4).jpg,P205,1,0.0699065849184989,0.5174695253372192,0.5079074361484482
P205 (40).jpg,P205,1,2.1391425132751465,0.8946498036384583,0.7247109695756664
P205 (41).jpg,P205,1,1.7902642488479614,0.8569597005844116,0.6921277593133046
P205 (42).jpg,P205,1,1.285670280456543,0.7834134697914124,0.6414721453128656
P205 (43).jpg,P205,1,1.5692459344863892,0.8276760578155518,0.6704179483929232
P205 (44).jpg,P205,1,1.612959384918213,0.8338218331336975,0.6747736936791984
P205 (45).jpg,P205,1,1.6248244047164917,0.8354594111442566,0.675950805501422
P205 (46).jpg,P205,1,2.0717477798461914,0.8881266713142395,0.7185854071147625
P205 (47).jpg,P205,1,2.193312883377075,0.8996473550796509,0.7295741699739866
P205 (48).jpg,P205,1,1.926262378692627,0.872835099697113,0.7050835364156296
P205 (49).jpg,P205,1,1.3388878107070925,0.7923069596290588,0.6469912839129713
P205 (5).jpg,P205,1,0.0476976260542869,0.5119221210479736,0.5053955251907946
P205 (50).jpg,P205,1,1.9537676572799685,0.8758569359779358,0.707664944977908
P205 (51).jpg,P205,1,1.384393334388733,0.7996957302093506,0.6516797846936775
P205 (52).jpg,P205,1,1.4991604089736938,0.8174492120742798,0.6633731550857619
P205 (53).jpg,P205,1,0.201370507478714,0.5501732230186462,0.5227640401857899
P205 (54).jpg,P205,1,1.1621578931808472,0.761724591255188,0.6285194965478672
P205 (55).jpg,P205,1,0.1300860345363617,0.5324757695198059,0.5147115733144356
P205 (56).jpg,P205,1,-0.0704918578267097,0.4823843538761139,0.49202637227995555
P205 (57).jpg,P205,1,1.1688469648361206,0.762936532497406,0.6292259201462181
P205 (58).jpg,P205,1,1.2173501253128052,0.7715968489646912,0.6343315866296269
P205 (59).jpg,P205,1,0.9965914487838744,0.7303879261016846,0.6108657167379082
P205 (6).jpg,P205,1,-0.3036225736141205,0.4246721267700195,0.4657069980734907
P205 (60).jpg,P205,1,1.3533034324645996,0.7946691513061523,0.6484796620984555
P205 (61).jpg,P205,1,1.519492268562317,0.8204637169837952,0.6654245166724463
P205 (62).jpg,P205,1,1.0862241983413696,0.74767005443573,0.6204623317234428
P205 (63).jpg,P205,1,0.6589837074279785,0.6590320467948914,0.5739992174753464
P205 (64).jpg,P205,1,1.4034152030944824,0.8027252554893494,0.6536310243603906
P205 (65).jpg,P205,1,0.4848527610301971,0.6188931465148926,0.5546294158920122
P205 (66).jpg,P205,1,-0.1650572717189788,0.4588291347026825,0.4813367762339648
P205 (67).jpg,P205,1,0.935607135295868,0.7182114720344543,0.6042864082711158
P205 (68).jpg,P205,1,-0.5640873908996582,0.3626022338867187,0.43653252202164194
P205 (69).jpg,P205,1,0.6567785143852234,0.6585363745689392,0.5737552038071294
P205 (7).jpg,P205,1,-0.0759345963597297,0.4810254573822021,0.49141083823258425
P205 (70).jpg,P205,1,0.95872300863266,0.7228661179542542,0.6067848572005569
P205 (71).jpg,P205,1,0.7426288723945618,0.6775704622268677,0.5832272683787297
P205 (72).jpg,P205,1,0.4673274755477905,0.6147509813308716,0.5526697174499878
P205 (8).jpg,P205,1,-0.6547518372535706,0.3419195413589477,0.42646908802041006
P205 (9).jpg,P205,1,-0.3172528743743896,0.4213454127311706,0.464172669844153
P041 (1).jpg,P041,1,-4.9192657470703125,0.0072515234351158,0.0974448444672788
P041 (10).jpg,P041,1,-4.41887092590332,0.0119044063612818,0.11925363120436952
P041 (11).jpg,P041,1,-4.655129432678223,0.0094230435788631,0.10847411357335167
P041 (12).jpg,P041,1,-4.6570587158203125,0.0094050522893667,0.10838971766273846
P041 (13).jpg,P041,1,-3.890751361846924,0.0200209617614746,0.14672201556433115
P041 (14).jpg,P041,1,-4.342517852783203,0.012836817651987,0.12293043021424659
P041 (15).jpg,P041,1,-4.365280628204346,0.012551543302834,0.12182420084753984
P041 (16).jpg,P041,1,-3.9846889972686768,0.0182586498558521,0.141479958772834
P041 (17).jpg,P041,1,-3.824295043945313,0.0213672909885644,0.1505268979100909
P041 (18).jpg,P041,1,-5.448377132415772,0.004284843802452,0.07832227685376411
P041 (19).jpg,P041,1,-4.198131084442139,0.0148012591525912,0.13014996797927939
P041 (2).jpg,P041,1,-4.823997497558594,0.0079705640673637,0.1013025482012302
P041 (20).jpg,P041,1,-5.092800140380859,0.0061033214442431,0.09075370319740965
P041 (21).jpg,P041,1,-4.494712829589844,0.011044543236494,0.1156959626162542
P041 (22).jpg,P041,1,-4.125087261199951,0.0159050244837999,0.13393777096451684
P041 (23).jpg,P041,1,-3.858709812164306,0.0206593852490186,0.1485464812311375
P041 (24).jpg,P041,1,-4.210124969482422,0.0146273765712976,0.12953678482175973
P041 (25).jpg,P041,1,-4.184395790100098,0.0150028923526406,0.13085521015920076
P041 (26).jpg,P041,1,-4.058917999267578,0.0169745814055204,0.13744913427636885
P041 (27).jpg,P041,1,-4.27916145324707,0.0136649552732706,0.12605498366621595
P041 (28).jpg,P041,1,-5.260026454925537,0.0051683168858289,0.08470003651615272
P041 (29).jpg,P041,1,-5.074958324432373,0.0062125106342136,0.0914220989338735
P041 (3).jpg,P041,1,-4.6913018226623535,0.009091324172914,0.10690133645207235
P041 (30).jpg,P041,1,-5.1096601486206055,0.0060018938966095,0.09012613408494353
P041 (31).jpg,P041,1,-4.294978141784668,0.0134534072130918,0.1252686427067988
P041 (32).jpg,P041,1,-5.157498359680176,0.0057231388054788,0.08836672170676954
P041 (33).jpg,P041,1,-5.351300239562988,0.0047196010127663,0.0815525763026803
P041 (34).jpg,P041,1,-4.786890983581543,0.0082693882286548,0.10284142786890917
P041 (35).jpg,P041,1,-4.502951622009277,0.0109549164772033,0.11531509423892337
P041 (36).jpg,P041,1,-5.214335918426514,0.0054086307063698,0.08631668855778281
P041 (37).jpg,P041,1,-5.189350605010986,0.0055447109043598,0.0872125077930317
P041 (38).jpg,P041,1,-5.1550140380859375,0.0057372921146452,0.08845732239604819
P041 (39).jpg,P041,1,-5.117694854736328,0.0059541505761444,0.08982844111850413
P041 (4).jpg,P041,1,-3.982713460922241,0.0182940941303968,0.14158857216461995
P041 (5).jpg,P041,1,-4.791345596313477,0.0082329353317618,0.10265559891123914
P041 (6).jpg,P041,1,-3.95107650756836,0.0188710205256938,0.1433374470567432
P041 (7).jpg,P041,1,-4.372487545013428,0.0124625340104103,0.12147574905823295
P041 (8).jpg,P041,1,-4.535496711730957,0.010607847943902,0.11382122393897234
P041 (9).jpg,P041,1,-4.673674583435059,0.0092515042051672,0.1076652464955055
P100 (1).jpg,P100,1,0.9194204211235046,0.7149239778518677,0.6025336330915324
P100 (10).jpg,P100,1,-0.8030501008033752,0.3093734681606293,0.4101425352576863
P100 (100).jpg,P100,1,-0.5649632215499878,0.3623998463153839,0.4364350436020965
P100 (101).jpg,P100,1,-1.7032376527786257,0.1540428847074508,0.31632628166046584
P100 (102).jpg,P100,1,-2.6410365104675293,0.066543623805046,0.2323559145830039
P100 (103).jpg,P100,1,-2.6132938861846924,0.0682877376675605,0.2346025411257956
P100 (104).jpg,P100,1,-2.707631349563598,0.0625245496630668,0.2270244463329731
P100 (105).jpg,P100,1,-2.808032274246216,0.056891668587923,0.2191510277683701
P100 (106).jpg,P100,1,-2.233649015426636,0.0967692285776138,0.2668399338462372
P100 (107).jpg,P100,1,-2.4467339515686035,0.0796777158975601,0.24840540947491072
P100 (108).jpg,P100,1,-1.8538872003555296,0.1354171335697174,0.3017718303029626
P100 (109).jpg,P100,1,-0.3953687250614166,0.4024255871772766,0.4553933148922971
P100 (11).jpg,P100,1,0.0017706081271171,0.5004426836967468,0.5002002978319341
P100 (110).jpg,P100,1,-0.1585840880870819,0.4604368507862091,0.48206806629056903
P100 (111).jpg,P100,1,-0.4631132483482361,0.3862475752830505,0.44780176899694335
P100 (112).jpg,P100,1,0.1197628304362297,0.5299049615859985,0.5135447066105993
P100 (113).jpg,P100,1,-0.9622119069099426,0.2764355540275574,0.3928385311175894
P100 (114).jpg,P100,1,-0.4012651145458221,0.4010083973407745,0.45473168114337925
P100 (115).jpg,P100,1,-0.0598742440342903,0.4850358664989471,0.4932272148713145
P100 (116).jpg,P100,1,-0.6945163607597351,0.3330291211605072,0.42207399510466037
P100 (117).jpg,P100,1,-0.816081702709198,0.306596040725708,0.4087167235018733
P100 (118).jpg,P100,1,-1.2785354852676392,0.2177996188402176,0.35927069258435446
P100 (119).jpg,P100,1,-0.5353421568870544,0.3692717850208282,0.43973449497379574
P100 (12).jpg,P100,1,0.1399109363555908,0.5349208116531372,0.5158219664743587
P100 (120).jpg,P100,1,-1.2743393182754517,0.2185153365135193,0.359707891308456
P100 (121).jpg,P100,1,-1.3289793729782104,0.2093282341957092,0.3540333965024047
P100 (122).jpg,P100,1,-1.7828389406204224,0.1439529359340667,0.3085886564437751
P100 (123).jpg,P100,1,-1.8542925119400024,0.1353696882724762,0.3017331879912215
P100 (124).jpg,P100,1,-1.6342453956604004,0.1632496118545532,0.3231161332650374
P100 (125).jpg,P100,1,-2.2645392417907715,0.0941026955842971,0.2641143195465271
P100 (126).jpg,P100,1,-2.190307378768921,0.1006242781877517,0.2706942311786551
P100 (127).jpg,P100,1,-0.6770350337028503,0.3369233906269073,0.42400469405460955
P100 (128).jpg,P100,1,-1.2017074823379517,0.2311715930700302,0.36731179734955327
P100 (129).jpg,P100,1,-1.861793637275696,0.1344941258430481,0.30101854007421713
P100 (13).jpg,P100,1,0.0394399091601371,0.5098586678504944,0.5044614722690949
P100 (130).jpg,P100,1,-1.4494026899337769,0.1900935024023056,0.3416730272437767
P100 (131).jpg,P100,1,-1.4440622329711914,0.1909170597791671,0.34221679137478034
P100 (132).jpg,P100,1,-1.258984923362732,0.221148669719696,0.36130964747302446
P100 (133).jpg,P100,1,-1.400762915611267,0.1976950764656067,0.34664073598052036
P100 (134).jpg,P100,1,-1.7569464445114136,0.1471731811761856,0.3110940402089174
P100 (135).jpg,P100,1,-1.402238845825195,0.1974610835313797,0.34648949593838696
P100 (14).jpg,P100,1,0.558908998966217,0.6362000107765198,0.5628910320455727
P100 (15).jpg,P100,1,0.2740678787231445,0.5680912733078003,0.5309639138689621
P100 (16).jpg,P100,1,0.2632897198200226,0.565444827079773,0.5297491429597867
P100 (17).jpg,P100,1,-0.0106721594929695,0.4973319768905639,0.49879272757422227
P100 (18).jpg,P100,1,0.1206313595175743,0.5301213264465332,0.5136428852586867
P100 (19).jpg,P100,1,-0.4280258119106293,0.3945978581905365,0.45173090627795154
P100 (2).jpg,P100,1,0.9488314390182496,0.7208800911903381,0.6057164153568734
P100 (20).jpg,P100,1,0.1722665131092071,0.5429604649543762,0.5194775736748029
P100 (21).jpg,P100,1,-0.0967750623822212,0.4758251011371612,0.4890541904771743
P100 (22).jpg,P100,1,-0.1060206964612007,0.4735195934772491,0.48800884025381797
P100 (23).jpg,P100,1,-1.065429449081421,0.2562732696533203,0.3817560033431199
P100 (24).jpg,P100,1,-0.9879140257835388,0.2713242769241333,0.3900680499188748
P100 (25).jpg,P100,1,-0.8947455286979675,0.2901314795017242,0.4001433381873088
P100 (26).jpg,P100,1,-1.1031776666641235,0.2491449862718582,0.37773282541461195
P100 (27).jpg,P100,1,0.8007117509841919,0.6901267170906067,0.5896014609276244
P100 (28).jpg,P100,1,0.4693679511547088,0.6152341365814209,0.5528979712596863
P100 (29).jpg,P100,1,-0.0997552946209907,0.4750818610191345,0.48871722200567724
P100 (3).jpg,P100,1,-0.4605468511581421,0.3868561089038849,0.4480889427700074
P100 (30).jpg,P100,1,0.0174943134188652,0.5043734908103943,0.5019790121170539
P100 (31).jpg,P100,1,-0.7984523177146912,0.3103566765785217,0.41064594917786656
P100 (32).jpg,P100,1,-0.317518800497055,0.4212805926799774,0.4641427418668773
P100 (33).jpg,P100,1,-1.0376054048538208,0.2616122961044311,0.38473192248855775
P100 (34).jpg,P100,1,-0.3618988692760467,0.4104999601840973,0.4591518832800226
P100 (35).jpg,P100,1,-0.6121866703033447,0.3515605628490448,0.4311866172205632
P100 (36).jpg,P100,1,-0.7487897276878357,0.3210850656032562,0.4160952603211208
P100 (37).jpg,P100,1,-1.821596384048462,0.1392424255609512,0.30485942909783864
P100 (38).jpg,P100,1,-1.1398029327392578,0.2423565536737442,0.37384535429735605
P100 (39).jpg,P100,1,-0.1177489534020423,0.4705967307090759,0.4866829463381653
P100 (4).jpg,P100,1,0.5498566031455994,0.6341022849082947,0.5618829342200752
P100 (40).jpg,P100,1,-0.4180996716022491,0.396971583366394,0.4528435630750248
P100 (41).jpg,P100,1,-0.867308497428894,0.2958146631717682,0.40312698328531205
P100 (42).jpg,P100,1,-2.067155122756958,0.1123303994536399,0.28183502899202023
P100 (43).jpg,P100,1,-1.7508413791656494,0.1479410976171493,0.31168639537591775
P100 (44).jpg,P100,1,-1.3497852087020874,0.2059054970741272,0.35188332121586197
P100 (45).jpg,P100,1,-1.6951931715011597,0.1550941169261932,0.3171140272820134
P100 (46).jpg,P100,1,-2.662322998046875,0.0652335360646247,0.23064231260427662
P100 (47).jpg,P100,1,-2.5060911178588867,0.0754322633147239,0.24342481888521633
P100 (48).jpg,P100,1,-2.4293906688690186,0.080958791077137,0.2498734766064348
P100 (49).jpg,P100,1,-1.0924372673034668,0.2511596083641052,0.3788758436125794
P100 (5).jpg,P100,1,0.4837870895862579,0.6186417937278748,0.5545102990971034
P100 (50).jpg,P100,1,-1.5693169832229614,0.1723137646913528,0.3295749480319933
P100 (51).jpg,P100,1,-1.2680927515029907,0.2195839136838913,0.360359152608593
P100 (52).jpg,P100,1,-1.9089092016220093,0.1291034519672393,0.2965518865789078
P100 (53).jpg,P100,1,-1.741527438163757,0.1491190195083618,0.31259128511488415
P100 (54).jpg,P100,1,-1.3991916179656982,0.1979444175958633,0.34680178246920385
P100 (55).jpg,P100,1,-1.189866304397583,0.2332828640937805,0.36855786368790405
P100 (56).jpg,P100,1,-1.3957113027572632,0.1984975486993789,0.34715861414688615
P100 (57).jpg,P100,1,-1.009028077125549,0.26717010140419,0.3877974116670766
P100 (58).jpg,P100,1,-1.0845447778701782,0.2526469230651855,0.3797166395365386
P100 (59).jpg,P100,1,-2.2333850860595703,0.0967922955751419,0.26686329870955644
P100 (6).jpg,P100,1,0.4936106503009796,0.6209566593170166,0.5556081012919821
P100 (60).jpg,P100,1,-1.8388551473617556,0.1371867358684539,0.3032069643359096
P100 (61).jpg,P100,1,-1.5415462255477903,0.1763106137514114,0.3323574233026353
P100 (62).jpg,P100,1,-1.725337266921997,0.1511849611997604,0.3141676323209639
P100 (63).jpg,P100,1,-1.549871802330017,0.1751047819852829,0.3315220072046806
P100 (64).jpg,P100,1,-1.4463483095169067,0.1905641853809356,0.3419839727291633
P100 (65).jpg,P100,1,-1.9420584440231323,0.1254218816757202,0.29343235961715036
P100 (66).jpg,P100,1,-0.988589346408844,0.2711907923221588,0.38999535049084627
P100 (67).jpg,P100,1,-1.793803572654724,0.142607033252716,0.3075310813952343
P100 (68).jpg,P100,1,-1.935756802558899,0.1261147558689117,0.29402390059957034
P100 (69).jpg,P100,1,-3.759334802627564,0.0227687396109104,0.1543242244319021
P100 (7).jpg,P100,1,0.6928675770759583,0.6666045188903809,0.5777440081790165
P100 (70).jpg,P100,1,-4.03708028793335,0.0173428449779748,0.13862485121474039
P100 (71).jpg,P100,1,-4.121169090270996,0.0159664694219827,0.1341435642462128
P100 (72).jpg,P100,1,-2.323172807693481,0.0892218947410583,0.2589901016078161
P100 (73).jpg,P100,1,-2.32301926612854,0.0892343744635582,0.2590034354165073
P100 (74).jpg,P100,1,-2.456587076187134,0.0789581835269928,0.2475739427519032
P100 (75).jpg,P100,1,-2.9155828952789307,0.0513885989785194,0.21093698281319562
P100 (76).jpg,P100,1,-3.2086293697357178,0.0388422720134258,0.1897110434072216
P100 (77).jpg,P100,1,-3.0304830074310303,0.0460675917565822,0.20241336609329574
P100 (78).jpg,P100,1,-2.7520077228546143,0.0599733665585517,0.2235200319212196
P100 (79).jpg,P100,1,-2.948941230773926,0.0497865714132785,0.20843558034328147
P100 (8).jpg,P100,1,0.347012460231781,0.5858929753303528,0.5391748956630488
P100 (80).jpg,P100,1,-2.9851033687591557,0.0481034070253372,0.20574869381173186
P100 (81).jpg,P100,1,-3.301565647125244,0.0355175174772739,0.1833307868460479
P100 (82).jpg,P100,1,-3.1983141899108887,0.0392292104661464,0.19042958481154176
P100 (83).jpg,P100,1,-2.8949196338653564,0.0524052754044532,0.21249743081853614
P100 (84).jpg,P100,1,-2.713705778121948,0.0621694400906562,0.22654246345082543
P100 (85).jpg,P100,1,-2.76301646232605,0.0593557246029377,0.2226566568794131
P100 (86).jpg,P100,1,-2.70876145362854,0.0624583326280117,0.22693472204877177
P100 (87).jpg,P100,1,-3.4809069633483887,0.029860395938158,0.1714915435604402
P100 (88).jpg,P100,1,-3.379775285720825,0.0329335518181324,0.17809151550055452
P100 (89).jpg,P100,1,-3.030847549438477,0.0460515804588794,0.20238673695421447
P100 (9).jpg,P100,1,0.3262906968593597,0.5808566212654114,0.5368443227987085
P100 (90).jpg,P100,1,-2.7286298274993896,0.0613049603998661,0.22536137160038078
P100 (91).jpg,P100,1,-2.978043794631958,0.0484276935458183,0.20627120474226637
P100 (92).jpg,P100,1,-2.3927667140960693,0.0837259292602539,0.2529925651271787
P100 (93).jpg,P100,1,-2.8707096576690674,0.0536206252872943,0.214336421265564
P100 (94).jpg,P100,1,-3.0238125324249268,0.0463616214692592,0.202901093953064
P100 (95).jpg,P100,1,-2.489959955215454,0.0765650272369384,0.24477163594318202
P100 (96).jpg,P100,1,-3.254187822341919,0.0371766947209835,0.1865623464491966
P100 (97).jpg,P100,1,-2.5936639308929443,0.0695473104715347,0.23620127063936508
P100 (98).jpg,P100,1,-2.680663585662842,0.0641240403056144,0.22917297325551497
P100 (99).jpg,P100,1,-2.6168527603149414,0.0680616497993469,0.23431349942833932
P114 (1).jpg,P114,1,-0.933504283428192,0.2822143137454986,0.3959411482831141
P114 (10).jpg,P114,1,-0.6527886390686035,0.3423614203929901,0.42668638349507415
P114 (11).jpg,P114,1,-0.1195978000760078,0.4701361358165741,0.48647394856266457
P114 (12).jpg,P114,1,-0.1185218170285224,0.4704041481018066,0.48659557952941573
P114 (13).jpg,P114,1,0.101389430463314,0.5253256559371948,0.511467541898268
P114 (14).jpg,P114,1,0.3527713716030121,0.5872894525527954,0.5398222997238318
P114 (15).jpg,P114,1,0.380315214395523,0.5939490795135498,0.5429168220119954
P114 (16).jpg,P114,1,0.0642264112830162,0.5160510540008545,0.5072650215777811
P114 (17).jpg,P114,1,0.3638063669204712,0.589961588382721,0.5410624522518546
P114 (18).jpg,P114,1,-0.0485796704888343,0.4878574907779693,0.49450470646461137
P114 (19).jpg,P114,1,-0.5240445137023926,0.371906965970993,0.44099434531347187
P114 (2).jpg,P114,1,-1.3883709907531738,0.1996679455041885,0.34791176865947665
P114 (20).jpg,P114,1,-0.2330714166164398,0.4419944882392883,0.473658496754928
P114 (21).jpg,P114,1,-0.1667097806930542,0.4584188163280487,0.48115010127894164
P114 (22).jpg,P114,1,-0.908068299293518,0.2873952686786651,0.3986972034366393
P114 (23).jpg,P114,1,-0.1526950895786285,0.4619001746177673,0.4827334264644983
P114 (24).jpg,P114,1,-0.5779511332511902,0.3594041466712951,0.43499009208979844
P114 (25).jpg,P114,1,-0.7391608953475952,0.3231876790523529,0.41715422216432746
P114 (26).jpg,P114,1,0.2350200116634369,0.5584860444068909,0.5265613187070932
P114 (27).jpg,P114,1,-1.0185571908950806,0.265308529138565,0.38677422315779836
P114 (28).jpg,P114,1,-0.7958242893218994,0.3109194636344909,0.4109337776662046
P114 (29).jpg,P114,1,-0.380264550447464,0.4060630798339844,0.4570888670648919
P114 (3).jpg,P114,1,-0.5055876970291138,0.3762284219264984,0.44305417529097624
P114 (30).jpg,P114,1,0.33842334151268,0.5838074684143066,0.5382090810103725
P114 (31).jpg,P114,1,0.1306863129138946,0.5326251983642578,0.5147794200004545
P114 (32).jpg,P114,1,0.2041191756725311,0.5508533716201782,0.5230743265145006
P114 (33).jpg,P114,1,0.4356192052364349,0.6072146892547607,0.5491199394573807
P114 (34).jpg,P114,1,-0.7826261520385742,0.3137541711330414,0.4123801902401141
P114 (35).jpg,P114,1,-1.0518436431884766,0.2588712275028229,0.38320797933555195
P114 (36).jpg,P114,1,-0.9458032846450806,0.2797296047210693,0.3946108746214619
P114 (37).jpg,P114,1,1.1470746994018557,0.7589762210845947,0.6269245676645736
P114 (38).jpg,P114,1,1.4920514822006226,0.8163860440254211,0.6626544471992813
P114 (39).jpg,P114,1,1.558583378791809,0.8261500000953674,0.6693510066685783
P114 (4).jpg,P114,1,-0.973459780216217,0.2741914093494415,0.39162524070401533
P114 (40).jpg,P114,1,1.0929827690124512,0.748943030834198,0.6211822424950154
P114 (41).jpg,P114,1,0.4619015157222748,0.6134651899337769,0.5520626453160431
P114 (42).jpg,P114,1,1.0986262559890747,0.7500026226043701,0.6217829680223119
P114 (43).jpg,P114,1,1.3699179887771606,0.7973669171333313,0.6501915006858122
P114 (44).jpg,P114,1,1.5288448333740234,0.8218372464179993,0.6663660438660999
P114 (45).jpg,P114,1,1.3625229597091677,0.7961694002151489,0.649430047418358
P114 (46).jpg,P114,1,1.3545300960540771,0.7948692440986633,0.648606179510373
P114 (47).jpg,P114,1,0.8478392958641052,0.7001136541366577,0.5947514643782039
P114 (48).jpg,P114,1,1.179168939590454,0.7647983431816101,0.6303149248015164
P114 (49).jpg,P114,1,0.5552511215209961,0.6353530287742615,0.5624837435735265
P114 (5).jpg,P114,1,-0.7170414328575134,0.3280448019504547,0.4195897624338286
P114 (50).jpg,P114,1,0.8283368945121765,0.6960031390190125,0.5926227404438195
P114 (51).jpg,P114,1,0.647533118724823,0.65645432472229,0.5727317731329972
P114 (52).jpg,P114,1,0.6041136384010315,0.6465969085693359,0.5679172048193626
P114 (53).jpg,P114,1,0.5358197093009949,0.630839467048645,0.5603187420313747
P114 (54).jpg,P114,1,0.5604153275489807,0.636548638343811,0.5630587304535491
P114 (55).jpg,P114,1,0.1525924503803253,0.538074254989624,0.5172549764410066
P114 (56).jpg,P114,1,0.8456246852874756,0.6996484994888306,0.5945099130912676
P114 (57).jpg,P114,1,0.4333917200565338,0.6066833138465881,0.5488703775237276
P114 (58).jpg,P114,1,1.510364055633545,0.8191151022911072,0.6645043029349474
P114 (59).jpg,P114,1,-0.1151991561055183,0.471231997013092,0.486971188769311
P114 (6).jpg,P114,1,-0.4020019471645355,0.4008314311504364,0.45464901235513366
P114 (60).jpg,P114,1,-0.7613673806190491,0.3183494806289673,0.41471315965863953
P114 (61).jpg,P114,1,-0.2272402942180633,0.4434331357479095,0.4743163497406855
P114 (62).jpg,P114,1,-0.189076691865921,0.4528711140155792,0.47862397190979256
P114 (63).jpg,P114,1,0.7292057871818542,0.6746309399604797,0.5817501287990574
P114 (64).jpg,P114,1,0.799872100353241,0.6899471282958984,0.5895095236657697
P114 (65).jpg,P114,1,0.5300162434577942,0.6294869184494019,0.5596716845049683
P114 (66).jpg,P114,1,0.5967463850975037,0.6449115872383118,0.5670989862160374
P114 (67).jpg,P114,1,1.1307373046875,0.7559749484062195,0.6251938976779055
P114 (68).jpg,P114,1,0.9482744336128236,0.7207680344581604,0.6056562200228198
P114 (69).jpg,P114,1,0.157623142004013,0.5393244028091431,0.5178233668531863
P114 (7).jpg,P114,1,-0.6641521453857422,0.3398075103759765,0.42542901502817915
P114 (70).jpg,P114,1,-0.5470364689826965,0.3665522336959839,0.4384312279074983
P114 (71).jpg,P114,1,0.3147958219051361,0.5780554413795471,0.5355507952728179
P114 (72).jpg,P114,1,-0.9499929547309875,0.2788862287998199,0.3941580704614499
P114 (73).jpg,P114,1,-0.0976261869072914,0.4756128191947937,0.4889579546231832
P114 (74).jpg,P114,1,0.2633901536464691,0.5654694437980652,0.5297604641761451
P114 (75).jpg,P114,1,1.0342284440994265,0.737734854221344,0.6149063022668197
P114 (76).jpg,P114,1,-0.3410509526729584,0.4155541956424713,0.4614954230372868
P114 (77).jpg,P114,1,-0.9478614926338196,0.2793150842189789,0.394388408400337
P114 (78).jpg,P114,1,0.5720579028129578,0.6392379403114319,0.5643544003580172
P114 (79).jpg,P114,1,0.3130226731300354,0.5776228904724121,0.53535121838646
P114 (8).jpg,P114,1,-0.7331646084785461,0.3245006501674652,0.4178140701223128
P114 (80).jpg,P114,1,-0.3734959363937378,0.4076965749263763,0.4578490177550903
P114 (9).jpg,P114,1,-0.5413540005683899,0.3678726851940155,0.43906440295128735
P185 (1).jpg,P185,1,2.3140809535980225,0.9100365042686462,0.7402195771510692
P185 (10).jpg,P185,1,1.4442343711853027,0.8091095089912415,0.6578007421754943
P185 (11).jpg,P185,1,1.5808337926864624,0.8293225765228271,0.6715754917597043
P185 (12).jpg,P185,1,1.873041749000549,0.8668098449707031,0.7000512825627325
P185 (13).jpg,P185,1,1.8900662660598757,0.8687630891799927,0.701666364486239
P185 (14).jpg,P185,1,2.0143039226531982,0.882290780544281,0.7132993434519275
P185 (15).jpg,P185,1,2.0304245948791504,0.8839547038078308,0.714788774303271
P185 (16).jpg,P185,1,2.1260035037994385,0.8934050798416138,0.7235232620905183
P185 (17).jpg,P185,1,2.846854448318481,0.9451558589935304,0.7838402429791781
P185 (18).jpg,P185,1,2.2272186279296875,0.9026672840118408,0.732590433322895
P185 (19).jpg,P185,1,2.44430947303772,0.9201443195343018,0.7513897118805494
P185 (2).jpg,P185,1,1.8254352807998655,0.8612170219421387,0.6955085686920706
P185 (20).jpg,P185,1,2.277052640914917,0.9069585800170898,0.7369847130469616
P185 (21).jpg,P185,1,1.6009488105773926,0.832150936126709,0.673579889665736
P185 (22).jpg,P185,1,1.479999542236328,0.8145725131034851,0.6614342860294277
P185 (23).jpg,P185,1,1.7252023220062256,0.8487976789474487,0.6858192107454959
P185 (24).jpg,P185,1,1.5493136644363403,0.8248145580291748,0.6684220204798166
P185 (25).jpg,P185,1,1.4747105836868286,0.8137722611427307,0.6608981422565102
P185 (26).jpg,P185,1,1.319872498512268,0.7891604900360107,0.6450236329045207
P185 (27).jpg,P185,1,1.7044254541397097,0.8461118340492249,0.6837899431664055
P185 (28).jpg,P185,1,1.768451690673828,0.8542649745941162,0.6900205968492257
P185 (29).jpg,P185,1,1.9834415912628172,0.8790476322174072,0.7104349573892575
P185 (3).jpg,P185,1,1.503562092781067,0.818105161190033,0.6638177841546645
P185 (30).jpg,P185,1,2.195823431015014,0.8998738527297974,0.7297982414639562
P185 (31).jpg,P185,1,2.54834532737732,0.9274622797966005,0.7600791664065493
P185 (32).jpg,P185,1,2.524686813354492,0.9258544445037842,0.7581215176571727
P185 (33).jpg,P185,1,1.2938356399536133,0.7847957611083984,0.6423214477706741
P185 (34).jpg,P185,1,1.4775944948196411,0.814208984375,0.6611905367198284
P185 (35).jpg,P185,1,1.7464851140975952,0.8515089154243469,0.6878905529603699
P185 (36).jpg,P185,1,1.6310206651687622,0.8363093733787537,0.676564645281637
P185 (37).jpg,P185,1,2.02839469909668,0.8837462663650513,0.7146014830274943
P185 (38).jpg,P185,1,2.032815456390381,0.8841996192932129,0.7150092758403079
P185 (39).jpg,P185,1,1.3200873136520386,0.7891961932182312,0.6450458889315981
P185 (4).jpg,P185,1,-0.0620707347989082,0.4844872653484344,0.49297878686847785
P185 (40).jpg,P185,1,2.053384065628052,0.886289119720459,0.7169020107691207
P185 (41).jpg,P185,1,1.905028700828552,0.8704596161842346,0.7030816847829897
P185 (42).jpg,P185,1,2.1668763160705566,0.8972352743148804,0.7272075657928315
P185 (43).jpg,P185,1,1.2456190586090088,0.7765405774116516,0.6372935214164385
P185 (44).jpg,P185,1,1.0098001956939695,0.7329810261726379,0.6122855315440492
P185 (45).jpg,P185,1,2.331685781478882,0.9114674925804138,0.7417484804229727
P185 (46).jpg,P185,1,2.302776575088501,0.9091067314147948,0.7392347488673398
P185 (47).jpg,P185,1,2.3096065521240234,0.9096695780754088,0.7398300597430986
P185 (48).jpg,P185,1,1.941999077796936,0.8745715618133545,0.7065620708674176
P185 (49).jpg,P185,1,2.0849266052246094,0.88942950963974,0.7197897454219174
P185 (5).jpg,P185,1,1.0561312437057495,0.741950511932373,0.6172504821767248
P185 (50).jpg,P185,1,2.208957433700561,0.9010509848594666,0.7309685702927152
P185 (51).jpg,P185,1,2.055591106414795,0.8865113258361816,0.7171046514572497
P185 (52).jpg,P185,1,2.36293625831604,0.9139569997787476,0.7444479640507293
P185 (53).jpg,P185,1,2.808691501617432,0.9431437253952026,0.7809000137059188
P185 (54).jpg,P185,1,2.245544672012329,0.904265522956848,0.7342118005872037
P185 (55).jpg,P185,1,2.378098726272583,0.9151418805122375,0.7457510346104704
P185 (56).jpg,P185,1,2.5558431148529053,0.9279651045799256,0.7606973112762042
P185 (57).jpg,P185,1,1.5535993576049805,0.8254330158233643,0.6688516848633757
P185 (58).jpg,P185,1,1.292515754699707,0.7845726609230042,0.642184223094974
P185 (59).jpg,P185,1,1.7140634059906006,0.8473625779151917,0.6847321544492466
P185 (6).jpg,P185,1,1.4987789392471311,0.8173922896385193,0.6633346078914106
P185 (60).jpg,P185,1,2.5953404903411865,0.930561065673828,0.7639355674501577
P185 (61).jpg,P185,1,2.480928659439087,0.922793984413147,0.754472130634164
P185 (62).jpg,P185,1,2.658613920211792,0.9345399141311646,0.7690597374478157
P185 (63).jpg,P185,1,2.588850736618042,0.9301406145095824,0.7634055798118884
P185 (64).jpg,P185,1,2.299098491668701,0.908802330493927,0.7389137966875339
P185 (65).jpg,P185,1,2.1705873012542725,0.8975769877433777,0.7275405533260315
P185 (66).jpg,P185,1,2.3249967098236084,0.9109261631965636,0.7411682549727142
P185 (67).jpg,P185,1,2.291919469833374,0.9082055687904358,0.7382866146827411
P185 (68).jpg,P185,1,2.696795701980591,0.9368373155593872,0.7721139890555567
P185 (69).jpg,P185,1,2.231217622756958,0.903018057346344,0.7329447731510664
P185 (7).jpg,P185,1,1.2122734785079956,0.7707009315490723,0.6337985851817016
P185 (70).jpg,P185,1,1.517375111579895,0.820151686668396,0.6652111981432149
P185 (71).jpg,P185,1,1.712979078292847,0.8472222685813904,0.6846262256328453
P185 (72).jpg,P185,1,1.658619999885559,0.8400526642799377,0.6792914058163759
P185 (73).jpg,P185,1,1.6485978364944458,0.8387014269828796,0.6783026375431942
P185 (74).jpg,P185,1,1.5820250511169434,0.829491138458252,0.6716943720944065
P185 (75).jpg,P185,1,1.4505281448364258,0.8100796937942505,0.6584415132963343
P185 (76).jpg,P185,1,1.6732757091522217,0.8420121073722839,0.680734417049308
P185 (77).jpg,P185,1,0.5311586260795593,0.6297532916069031,0.5597990705754582
P185 (78).jpg,P185,1,-0.3066049814224243,0.4239436686038971,0.4653712195438234
P185 (79).jpg,P185,1,1.6135138273239136,0.833898663520813,0.6748287484569945
P185 (8).jpg,P185,1,1.3389304876327517,0.7923139929771423,0.6469956944305963
P185 (80).jpg,P185,1,1.9196531772613523,0.872099757194519,0.7044612812467754
P185 (81).jpg,P185,1,1.6190688610076904,0.8346666693687439,0.6753800829774419
P185 (82).jpg,P185,1,2.0419921875,0.8851359486579895,0.7158546637336607
P185 (83).jpg,P185,1,1.4122507572174072,0.8041207194328308,0.6545356148008327
P185 (9).jpg,P185,1,1.402653455734253,0.8026045560836792,0.6535529839751438
