image_id,patient_id,label,logit,prob,prob_calibrated
P055 (1).jpg,P055,0,-2.799932718276977,0.0573278106749057,0.17520769927768146
P055 (10).jpg,P055,0,-3.1492362022399902,0.0411213859915733,0.14900534235433102
P055 (2).jpg,P055,0,-2.6376352310180664,0.0667552053928375,0.18856480496071504
P055 (3).jpg,P055,0,-5.762781620025635,0.0031325151212513,0.0396023881494415
P055 (4).jpg,P055,0,-0.3369854092597961,0.4165419340133667,0.4535223605790826
P055 (5).jpg,P055,0,-1.2953840494155884,0.214942917227745,0.328116559849116
P055 (6).jpg,P055,0,0.3380126655101776,0.5837076902389526,0.5466184991800218
P055 (7).jpg,P055,0,-2.5572221279144287,0.0719427913427352,0.1954668363309593
P055 (8).jpg,P055,0,-3.3908398151397705,0.0325829721987247,0.132837566442037
P055 (9).jpg,P055,0,-0.8255677223205566,0.3045830726623535,0.38775143380814653
P115 (1).jpg,P115,0,-0.3364174664020538,0.4166799783706665,0.4536002414168401
P115 (10).jpg,P115,0,-2.0823283195495605,0.1108263209462165,0.2401020588761937
P115 (11).jpg,P115,0,-1.501787781715393,0.1821590363979339,0.3034514309539123
P115 (12).jpg,P115,0,-2.161417245864868,0.1032691374421119,0.23220917732477916
P115 (13).jpg,P115,0,-2.313228845596313,0.0900332629680633,0.21757171515762375
P115 (14).jpg,P115,0,-1.5337276458740234,0.1774489283561706,0.29972918492942485
P115 (15).jpg,P115,0,-2.132476329803467,0.1059801280498504,0.2350762588960097
P115 (16).jpg,P115,0,-1.222758650779724,0.227451354265213,0.3370354386691353
P115 (17).jpg,P115,0,-2.0621626377105717,0.1128291711211204,0.24214365231923485
P115 (18).jpg,P115,0,-1.2485334873199463,0.2229541093111038,0.3338564069710111
P115 (19).jpg,P115,0,-1.7529693841934204,0.1476730555295944,0.27490225819921094
P115 (2).jpg,P115,0,-0.2405908703804016,0.4401407837867737,0.46677025181234677
P115 (20).jpg,P115,0,-1.9356653690338133,0.1261248290538787,0.2552179545190353
P115 (21).jpg,P115,0,-1.9670764207839968,0.1227032542228698,0.25192855274544584
P115 (22).jpg,P115,0,-1.2231218814849854,0.2273875325918197,0.3369905349054511
P115 (23).jpg,P115,0,-1.0212420225143433,0.2647855579853058,0.3623827013525877
P115 (24).jpg,P115,0,-1.4901233911514282,0.1839032024145126,0.30481727435691464
P115 (25).jpg,P115,0,-0.8009850382804871,0.309814840555191,0.3909852539871001
P115 (26).jpg,P115,0,-1.342709183692932,0.2070648968219757,0.32237026966101917
P115 (27).jpg,P115,0,-1.3307667970657349,0.2090325355529785,0.32381536180612247
P115 (28).jpg,P115,0,-2.133278608322144,0.1059041321277618,0.2349964503256271
P115 (29).jpg,P115,0,-1.394555687904358,0.1986814439296722,0.31613610162059563
P115 (3).jpg,P115,0,-0.1312739253044128,0.4672285914421081,0.4818500200952728
P115 (30).jpg,P115,0,-0.7767907977104187,0.3150119483470917,0.39417735370066836
P115 (31).jpg,P115,0,-1.501163363456726,0.1822520792484283,0.3035244597610636
P115 (32).jpg,P115,0,-2.466832160949707,0.0782163217663765,0.20345154605602944
P115 (33).jpg,P115,0,-2.756793260574341,0.0597041361033916,0.17868370198681285
P115 (34).jpg,P115,0,-1.9526349306106567,0.1242663189768791,0.25343738301847435
P115 (35).jpg,P115,0,-2.033677816390991,0.1157120615243911,0.24504755126760755
P115 (36).jpg,P115,0,-1.0849546194076538,0.2525695562362671,0.3542776664129395
P115 (37).jpg,P115,0,-0.3550665080547333,0.4121543169021606,0.4510441457676514
P115 (38).jpg,P115,0,-0.8494783639907837,0.2995423078536987,0.38461547616959096
P115 (39).jpg,P115,0,-3.411653757095337,0.0319332331418991,0.13151661448761162
P115 (4).jpg,P115,0,-0.2738923132419586,0.4319518208503723,0.46218723951470175
P115 (40).jpg,P115,0,-4.170476913452148,0.0152099765837192,0.09050697710124775
P115 (41).jpg,P115,0,-4.046696662902832,0.0171797201037406,0.09630473805979647
P115 (42).jpg,P115,0,-3.036915779113769,0.04578572884202,0.1570585894390701
P115 (43).jpg,P115,0,-3.431437730789185,0.0313272736966609,0.13027137845454753
P115 (44).jpg,P115,0,-3.925905227661133,0.0193427521735429,0.10228012975265996
P115 (45).jpg,P115,0,-3.781073808670044,0.0222900249063968,0.10987586835547786
P115 (5).jpg,P115,0,-0.9336666464805604,0.2821814119815826,0.37365151483788195
P115 (6).jpg,P115,0,-3.034334897994995,0.0458986200392246,0.15724773156675745
P115 (7).jpg,P115,0,-2.373368501663208,0.0852261483669281,0.21196053154279443
P115 (8).jpg,P115,0,-1.3720577955245972,0.2022875845432281,0.3188333666520211
P115 (9).jpg,P115,0,-2.0118885040283203,0.1179603561758995,0.24728469383229829
P167 (1).jpg,P167,0,0.0657443702220916,0.5164301991462708,0.5090928332543466
P167 (10).jpg,P167,0,0.1535828411579132,0.5383204221725464,0.5212309789838782
P167 (11).jpg,P167,0,-0.6398165822029114,0.3452880084514618,0.41241261831755344
P167 (12).jpg,P167,0,-0.9046452641487122,0.2880968153476715,0.3774170095482862
P167 (13).jpg,P167,0,-1.3906350135803225,0.1993063986301422,0.31660526721132076
P167 (14).jpg,P167,0,-0.7316913604736328,0.3248236775398254,0.40015159195231326
P167 (15).jpg,P167,0,-1.8693608045578003,0.1336157023906707,0.26225354858842603
P167 (16).jpg,P167,0,-2.976489782333374,0.0484993569552898,0.16153570886503105
P167 (17).jpg,P167,0,-1.5252975225448608,0.1786827594041824,0.3007090868346185
P167 (18).jpg,P167,0,0.701448380947113,0.6685088276863098,0.5958253599384253
P167 (19).jpg,P167,0,0.8592877984046936,0.7025118470191956,0.6166683105330248
P167 (2).jpg,P167,0,-0.1384570747613906,0.4654408991336822,0.48085782082334516
P167 (3).jpg,P167,0,1.6076617240905762,0.8330864906311035,0.708785817469351
P167 (4).jpg,P167,0,-1.0110949277877808,0.2667656242847442,0.3636809334023449
P167 (5).jpg,P167,0,-1.7746433019638062,0.1449658274650573,0.2725183754261337
P167 (6).jpg,P167,0,-0.3413384556770324,0.4154843688011169,0.45292551207618864
P167 (7).jpg,P167,0,-1.060630440711975,0.257189005613327,0.35736243286602254
P167 (8).jpg,P167,0,-1.2424216270446775,0.2240147590637207,0.3346088838741477
P167 (9).jpg,P167,0,-1.701936960220337,0.154212474822998,0.2805660805535519
P123 (1).jpg,P123,0,-4.344430923461914,0.0128125986084342,0.0828904976490292
P123 (10).jpg,P123,0,-2.114287614822388,0.1077158749103546,0.23689065953833757
P123 (11).jpg,P123,0,0.1221541315317154,0.5305006504058838,0.5168900691862957
P123 (12).jpg,P123,0,1.385741949081421,0.7999115586280823,0.6828086828168034
P123 (13).jpg,P123,0,-5.401394367218018,0.0044900360517203,0.04794775298465555
P123 (14).jpg,P123,0,-5.9879560470581055,0.0025025084614753,0.03512642172321714
P123 (15).jpg,P123,0,-7.334732532501221,0.0006520529277622,0.01698666459174371
P123 (16).jpg,P123,0,-7.010416030883789,0.0009016193798743,0.020257696609522622
P123 (17).jpg,P123,0,-6.117397308349609,0.0021993375848978,0.032778290261496736
P123 (18).jpg,P123,0,-5.665031909942627,0.0034530721604824,0.04171139844032612
P123 (19).jpg,P123,0,-6.549668788909912,0.001428545685485,0.025986943834170433
P123 (2).jpg,P123,0,-5.581913948059082,0.0037512273993343,0.043588843396052755
P123 (20).jpg,P123,0,-6.238650798797607,0.0019486831733956,0.030716742860153683
P123 (21).jpg,P123,0,-6.452717304229736,0.0015737526118755,0.027379785413048995
P123 (22).jpg,P123,0,-6.924282550811768,0.0009826420573517,0.02122549027498738
P123 (23).jpg,P123,0,-6.533403396606445,0.0014519374817609,0.026215707319997315
P123 (24).jpg,P123,0,-6.013692378997803,0.0024390798062086,0.03464698991362657
P123 (25).jpg,P123,0,-5.711260318756104,0.0032975904177874,0.04070092706553883
P123 (26).jpg,P123,0,-5.821690082550049,0.0029538427479565,0.038381172766752875
P123 (27).jpg,P123,0,-2.173902988433838,0.1021186187863349,0.23097981244307283
P123 (28).jpg,P123,0,-2.394951581954956,0.083558477461338,0.20997275057628942
P123 (29).jpg,P123,0,-4.894670009613037,0.0074307504110038,0.06249443242793379
P123 (3).jpg,P123,0,-5.058652400970459,0.0063139963895082,0.05738504524276499
P123 (30).jpg,P123,0,-4.004148960113525,0.0179130751639604,0.09837307393347303
P123 (31).jpg,P123,0,-4.036081790924072,0.0173598695546388,0.09681708317656865
P123 (32).jpg,P123,0,-3.2090909481048584,0.0388250425457954,0.14485467880465092
P123 (33).jpg,P123,0,-2.5232574939727783,0.074243739247322,0.19843899629021364
P123 (34).jpg,P123,0,-3.329108476638794,0.0345859825611114,0.13682151311754992
P123 (35).jpg,P123,0,-1.2048006057739258,0.2306223064661026,0.3392591257425607
P123 (36).jpg,P123,0,-1.5551376342773438,0.1743454784154892,0.2972487612442067
P123 (37).jpg,P123,0,-2.4277071952819824,0.0810841396450996,0.20698220321211602
P123 (38).jpg,P123,0,-2.429594755172729,0.080943614244461,0.2068108342005729
P123 (39).jpg,P123,0,-1.7353885173797607,0.1498996317386627,0.2768454345095702
P123 (4).jpg,P123,0,-5.021000385284424,0.0065546757541596,0.05852235045805624
P123 (40).jpg,P123,0,-2.155221939086914,0.1038442701101303,0.23282086827072643
P123 (41).jpg,P123,0,-4.712492942810059,0.0089023923501372,0.06866691607475996
P123 (42).jpg,P123,0,-3.626549005508423,0.0259182229638099,0.11852074245251464
P123 (43).jpg,P123,0,-4.599053859710693,0.0099611282348632,0.07279108752479002
P123 (44).jpg,P123,0,-5.146635055541992,0.005785287823528,0.054807913191699566
P123 (45).jpg,P123,0,-6.222781658172607,0.0019797920249402,0.03097923612603599
P123 (46).jpg,P123,0,-0.0040461160242557,0.4989884793758392,0.4994403368770017
P123 (47).jpg,P123,0,-0.2715032398700714,0.4325381219387054,0.46251582525885676
P123 (48).jpg,P123,0,-0.5349888205528259,0.369354099035263,0.42653535167588896
P123 (49).jpg,P123,0,-1.6756322383880615,0.1576747000217437,0.28351314633657654
P123 (5).jpg,P123,0,-3.697241306304932,0.0241920594125986,0.11449505163811867
P123 (50).jpg,P123,0,-0.5084588527679443,0.3755548596382141,0.43012959694108516
P123 (51).jpg,P123,0,-0.5561310648918152,0.3644431233406067,0.4236765548146335
P123 (52).jpg,P123,0,-1.9420896768569944,0.1254184544086456,0.2545429026609418
P123 (53).jpg,P123,0,-1.3731474876403809,0.2021117955446243,0.3187024418202501
P123 (54).jpg,P123,0,-2.6083085536956787,0.0686056017875671,0.19106006894067365
P123 (55).jpg,P123,0,-2.861300468444824,0.05410011485219,0.17035501434736483
P123 (6).jpg,P123,0,-2.44202184677124,0.0800239294767379,0.2056852142626226
P123 (7).jpg,P123,0,-1.3406161069869995,0.2074087709188461,0.3226232987250963
P123 (8).jpg,P123,0,-1.6648882627487185,0.159106895327568,0.2847222205205001
P123 (9).jpg,P123,0,-1.708217978477478,0.1533949822187423,0.2798651529388541
P124 (1).jpg,P124,0,-0.3686207830905914,0.4088743329048157,0.44918796680709444
P124 (10).jpg,P124,0,-0.8138695359230042,0.3070665299892425,0.38928910111096543
P124 (11).jpg,P124,0,-3.269792079925537,0.0366221629083156,0.14074386304989675
P124 (12).jpg,P124,0,-2.5314669609069824,0.073681466281414,0.19771750368825883
P124 (13).jpg,P124,0,-2.9814488887786865,0.0482710227370262,0.16116442876604062
P124 (14).jpg,P124,0,-2.6430959701538086,0.0664158165454864,0.1881029499591
P124 (15).jpg,P124,0,-2.355104446411133,0.0866608992218971,0.21365335220918308
P124 (16).jpg,P124,0,-2.8259546756744385,0.0559376403689384,0.17313682996782426
P124 (17).jpg,P124,0,-3.2542660236358643,0.0371738970279693,0.14178594405526923
P124 (18).jpg,P124,0,-4.736500263214111,0.0086930505931377,0.06782230392707311
P124 (19).jpg,P124,0,-1.866050243377685,0.1339994072914123,0.2626080905942296
P124 (2).jpg,P124,0,-0.243557259440422,0.4394099414348602,0.46636177218601954
P124 (20).jpg,P124,0,-4.229854583740234,0.0143457129597663,0.0878388225810866
P124 (3).jpg,P124,0,-1.0161250829696655,0.2657828629016876,0.3630371194727817
P124 (4).jpg,P124,0,-1.592038631439209,0.1690972596406936,0.29300159536608356
P124 (5).jpg,P124,0,-1.6102265119552612,0.166557177901268,0.29092136383831435
P124 (6).jpg,P124,0,-2.878619432449341,0.0532206557691097,0.1690049804526737
P124 (7).jpg,P124,0,-1.5217736959457395,0.1792004704475402,0.30111923062430224
P124 (8).jpg,P124,0,-0.4593285620212555,0.3871451318264007,0.4368049176913054
P124 (9).jpg,P124,0,-0.5016875863075256,0.3771441578865051,0.43104815593812473
P164 (1).jpg,P164,0,-2.133847236633301,0.1058503165841102,0.2349398960358769
P164 (10).jpg,P164,0,-0.7592570781707764,0.3188075721263885,0.3964963626625418
P164 (11).jpg,P164,0,-0.3683357536792755,0.4089432060718536,0.4492269855452134
P164 (12).jpg,P164,0,-4.262620449066162,0.0138897029682993,0.08639709412604421
P164 (13).jpg,P164,0,-4.592630863189697,0.0100246714428067,0.07303130323644846
P164 (14).jpg,P164,0,-3.7881228923797607,0.0221369192004203,0.10949500143834565
P164 (15).jpg,P164,0,-4.400435924530029,0.0121232131496071,0.08056514003008503
P164 (16).jpg,P164,0,-3.448439836502075,0.0308154188096523,0.12920926000787414
P164 (17).jpg,P164,0,-1.4344531297683716,0.1924057751893997,0.3113831797654097
P164 (18).jpg,P164,0,-3.8413960933685294,0.021012607961893,0.1066539007962023
P164 (19).jpg,P164,0,-4.73872184753418,0.0086739268153905,0.0677446341818007
P164 (2).jpg,P164,0,-1.593570113182068,0.168882206082344,0.29282609720078623
P164 (20).jpg,P164,0,-4.742126941680908,0.0086446963250637,0.06762574733951063
P164 (21).jpg,P164,0,-4.878062725067139,0.0075542442500591,0.06303494857963483
P164 (22).jpg,P164,0,-5.3955912590026855,0.0045160502195358,0.048094533591140534
P164 (23).jpg,P164,0,-4.750101566314697,0.0085766222327947,0.06734807494984948
P164 (24).jpg,P164,0,-6.125638484954834,0.002181326271966,0.03263403718012369
P164 (25).jpg,P164,0,-3.506626844406128,0.0291242636740207,0.12563001555682124
P164 (26).jpg,P164,0,-5.335836410522461,0.0047927987761795,0.04963094902930538
P164 (27).jpg,P164,0,-5.386161804199219,0.0045586405321955,0.04833394718028255
P164 (28).jpg,P164,0,-3.9231560230255127,0.0193949695676565,0.10241987930911982
P164 (29).jpg,P164,0,-4.271789073944092,0.0137646794319152,0.08599751926673521
P164 (3).jpg,P164,0,-3.062661647796631,0.0446739718317985,0.1551819042043413
P164 (30).jpg,P164,0,-3.88983416557312,0.020038966089487,0.10412721106667003
P164 (31).jpg,P164,0,-4.508164882659912,0.0108985742554068,0.07625888537949391
P164 (32).jpg,P164,0,-4.541142463684082,0.0105487573891878,0.07498347122268295
P164 (33).jpg,P164,0,-5.1520867347717285,0.005754014942795,0.05465186489162537
P164 (34).jpg,P164,0,-4.928431034088135,0.0071858405135571,0.06140892695201974
P164 (35).jpg,P164,0,-3.553867816925049,0.0278177801519632,0.12278684742251096
P164 (36).jpg,P164,0,-3.624911308288574,0.0259595979005098,0.11861543999751493
P164 (37).jpg,P164,0,-4.220837593078613,0.014473769813776,0.08823937677145108
P164 (38).jpg,P164,0,-2.923802137374878,0.0509894043207168,0.16552307106801195
P164 (39).jpg,P164,0,-3.2588040828704834,0.0370118096470832,0.1414806932415125
P164 (4).jpg,P164,0,-0.814408004283905,0.3069519698619842,0.3892182735461302
P164 (40).jpg,P164,0,-3.566592216491699,0.0274757221341133,0.1220305559308722
P164 (41).jpg,P164,0,-2.4753077030181885,0.0776074305176734,0.2026926454648733
P164 (42).jpg,P164,0,-2.6501541137695312,0.0659795179963111,0.18750727905227776
P164 (43).jpg,P164,0,-2.211760997772217,0.0986993089318275,0.2272801515663444
P164 (44).jpg,P164,0,-1.696611762046814,0.1549082994461059,0.28116118191236533
P164 (45).jpg,P164,0,-3.1408698558807373,0.0414525419473648,0.14959326265945397
P164 (46).jpg,P164,0,-2.9398109912872314,0.050220288336277,0.16430325579190783
P164 (47).jpg,P164,0,-2.607136011123657,0.0686805620789527,0.1911603572690494
P164 (48).jpg,P164,0,-3.637095212936402,0.0256532933562994,0.11791248921688134
P164 (49).jpg,P164,0,-4.896883487701416,0.0074144420213997,0.06242271804703488
P164 (5).jpg,P164,0,-1.174108386039734,0.2361131757497787,0.34307607301443754
P164 (50).jpg,P164,0,-3.531191110610962,0.0284376591444015,0.12414466073357579
P164 (51).jpg,P164,0,-3.420236110687256,0.0316689871251583,0.13097519109111488
P164 (52).jpg,P164,0,-3.8390414714813232,0.0210611019283533,0.10677809140168414
P164 (53).jpg,P164,0,-4.022616863250732,0.0175910592079162,0.09747049155513432
P164 (54).jpg,P164,0,-4.946350574493408,0.007059121504426,0.06083994909138193
P164 (55).jpg,P164,0,-4.7499213218688965,0.00857815425843,0.0673543392699113
P164 (56).jpg,P164,0,-4.144985198974609,0.0155965648591518,0.09167469337607326
P164 (57).jpg,P164,0,-5.025843143463135,0.0065232161432504,0.058374895491466995
P164 (58).jpg,P164,0,-4.853768348693848,0.0077385799959301,0.06383351469413104
P164 (59).jpg,P164,0,-3.974628448486328,0.0184398647397756,0.09983129748965734
P164 (6).jpg,P164,0,0.6168810725212097,0.6495088338851929,0.5845088865352764
P164 (60).jpg,P164,0,-4.060105800628662,0.0169547721743583,0.09566098653539112
P164 (61).jpg,P164,0,-3.78963041305542,0.0221043098717927,0.10941369948015155
P164 (62).jpg,P164,0,-3.1304078102111816,0.0418702438473701,0.15033114045232926
P164 (63).jpg,P164,0,-3.63818621635437,0.0256260391324758,0.11784972010901844
P164 (64).jpg,P164,0,-3.1322021484375,0.0417983196675777,0.15020437505473036
P164 (65).jpg,P164,0,-2.1831629276275635,0.1012726873159408,0.23007101036730415
P164 (66).jpg,P164,0,-4.500600814819336,0.0109804151579737,0.07655422036537939
P164 (67).jpg,P164,0,-4.494531154632568,0.0110465278849005,0.07679196518453243
P164 (68).jpg,P164,0,-2.1213998794555664,0.1070341914892196,0.23618003341875782
P164 (69).jpg,P164,0,-2.2743377685546875,0.093270719051361,0.2212570418003925
P164 (7).jpg,P164,0,-2.1846179962158203,0.1011403277516365,0.22992843313527342
P164 (70).jpg,P164,0,-0.8553028702735901,0.2983216345310211,0.38385301252239334
P164 (71).jpg,P164,0,-2.614873170852661,0.0681873261928558,0.1904993352982388
P164 (72).jpg,P164,0,-2.229071140289306,0.0971701070666313,0.22560252009999632
P164 (8).jpg,P164,0,-0.7671061158180237,0.3171054124832153,0.39545766729649484
P164 (9).jpg,P164,0,-0.0311295576393604,0.4922182559967041,0.4956942307280493
P052 (1).jpg,P052,0,-4.3478827476501465,0.0127690127119421,0.08274542779257506
P052 (10).jpg,P052,0,-5.247835636138916,0.0052313767373561,0.051978534742071716
P052 (11).jpg,P052,0,-4.84873104095459,0.0077773560769855,0.06400026891709938
P052 (12).jpg,P052,0,-3.024751901626587,0.0463201031088829,0.15795165127307176
P052 (13).jpg,P052,0,-4.588681221008301,0.0100639434531331,0.0731793795643145
P052 (14).jpg,P052,0,-3.713427782058716,0.0238128770142793,0.11359019695005393
P052 (15).jpg,P052,0,-4.487857818603516,0.0111196693032979,0.07705413672425634
P052 (16).jpg,P052,0,-3.135784864425659,0.04165505990386,0.14995152863073355
P052 (17).jpg,P052,0,-2.5959959030151367,0.0693965628743171,0.19211518346174283
P052 (18).jpg,P052,0,-4.556929588317871,0.0103852460160851,0.074379863824852
P052 (19).jpg,P052,0,-6.134599208831787,0.0021619093604385,0.03247788530740336
P052 (2).jpg,P052,0,-4.445179462432861,0.0115988869220018,0.07875029815021369
P052 (20).jpg,P052,0,-3.8307156562805176,0.0212334431707859,0.10721824417463653
P052 (21).jpg,P052,0,-4.574309825897217,0.0102081345394253,0.0737205150499008
P052 (22).jpg,P052,0,-4.625964164733887,0.009699210524559,0.07179255710245401
P052 (23).jpg,P052,0,-4.468815326690674,0.011331021785736,0.07780676418010819
P052 (24).jpg,P052,0,-4.011704444885254,0.0177806392312049,0.09800291791930338
P052 (25).jpg,P052,0,-3.4156219959259038,0.0318107903003692,0.13126603986747595
P052 (26).jpg,P052,0,-2.2532618045806885,0.0950684770941734,0.22327278970252945
P052 (27).jpg,P052,0,0.8389727473258972,0.6982488632202148,0.6140078420785776
P052 (3).jpg,P052,0,-3.852642774581909,0.0207824949175119,0.10606246676455514
P052 (4).jpg,P052,0,-5.056886672973633,0.0063250847160816,0.05743791328030179
P052 (5).jpg,P052,0,-3.880903720855713,0.0202150903642177,0.10458904053789586
P052 (6).jpg,P052,0,-4.455450534820557,0.01148172467947,0.07833900231396448
P052 (7).jpg,P052,0,-5.094738960266113,0.0060915714129805,0.056314533031381224
P052 (8).jpg,P052,0,-4.434701919555664,0.0117196217179298,0.07917189579446915
P052 (9).jpg,P052,0,-4.569677352905273,0.0102550471201539,0.07389572806375537
P049 (1).jpg,P049,0,-1.224287033081055,0.2271828800439834,0.3368465149251905
P049 (10).jpg,P049,0,-4.87129545211792,0.007605149410665,0.06325645057456887
P049 (11).jpg,P049,0,-3.7521162033081055,0.022929910570383,0.1114526726577363
P049 (12).jpg,P049,0,-1.7981929779052734,0.1420711725950241,0.2699428857637988
P049 (13).jpg,P049,0,-3.4786059856414795,0.029927123337984,0.12734293874020913
P049 (14).jpg,P049,0,-3.3289363384246826,0.0345917306840419,0.1368327616494392
P049 (15).jpg,P049,0,-0.7369480729103088,0.3236718475818634,0.3994536771609388
P049 (16).jpg,P049,0,0.2336829602718353,0.5581563115119934,0.532278338910151
P049 (17).jpg,P049,0,0.7245993614196777,0.6736190319061279,0.5989061868062154
P049 (18).jpg,P049,0,-0.2166931182146072,0.4460377097129822,0.4700626143686057
P049 (19).jpg,P049,0,0.4862635433673858,0.619225800037384,0.5668577265568149
P049 (2).jpg,P049,0,-1.825453877449036,0.138780727982521,0.2669807506955863
P049 (20).jpg,P049,0,-2.644742250442505,0.0663138106465339,0.18796388251050597
P049 (21).jpg,P049,0,-4.231156349182129,0.0143273174762725,0.08778113126627735
P049 (22).jpg,P049,0,-4.683010578155518,0.0091663226485252,0.06971747448109428
P049 (23).jpg,P049,0,-5.73431921005249,0.0032226634211838,0.040205702734698576
P049 (24).jpg,P049,0,-5.468625545501709,0.0041993157938122,0.046277981944013974
P049 (25).jpg,P049,0,-7.329261779785156,0.0006556275766342,0.017037281803631416
P049 (26).jpg,P049,0,-6.172832012176514,0.002080982318148,0.03181970739404995
P049 (3).jpg,P049,0,-3.599398374557495,0.0266125742346048,0.1200991626430011
P049 (4).jpg,P049,0,-5.790180683135986,0.0030481100548058,0.03902981912122444
P049 (5).jpg,P049,0,-2.4818553924560547,0.0771400108933448,0.20210781177990458
P049 (6).jpg,P049,0,-1.367188811302185,0.203074425458908,0.31941871686026385
P049 (7).jpg,P049,0,-5.303000450134277,0.0049519948661327,0.05049492000042304
P049 (8).jpg,P049,0,-4.445041179656982,0.0116004729643464,0.07875584900907925
P049 (9).jpg,P049,0,-3.824349164962769,0.0213661603629589,0.10755589166219293
P014 (1).jpg,P014,0,-4.124375820159912,0.0159161649644374,0.09262864513965542
P014 (10).jpg,P014,0,-6.560535430908203,0.0014131279895082,0.025835194559240854
P014 (11).jpg,P014,0,-5.361588001251221,0.0046715214848518,0.04896320154022844
P014 (12).jpg,P014,0,-5.293701648712158,0.0049980259500443,0.050742163601884716
P014 (13).jpg,P014,0,-4.892526149749756,0.0074465787038207,0.06256396455187509
P014 (14).jpg,P014,0,-5.040542125701904,0.0064286449924111,0.0579294643943194
P014 (15).jpg,P014,0,-5.2827630043029785,0.0050527197308838,0.05103447539065069
P014 (16).jpg,P014,0,-6.452362537384033,0.0015743101248517,0.02738501304712111
P014 (17).jpg,P014,0,-5.056815147399902,0.0063255340792238,0.057440055806341164
P014 (18).jpg,P014,0,-4.746580600738525,0.0086066126823425,0.0674705425336228
P014 (19).jpg,P014,0,-5.144056797027588,0.0058001368306577,0.05488185910176146
P014 (2).jpg,P014,0,-3.4732091426849365,0.0300842002034187,0.12767513137191328
P014 (20).jpg,P014,0,-5.620225429534912,0.0036107392515987,0.04271365829812835
P014 (21).jpg,P014,0,-3.18974232673645,0.0395535677671432,0.14618581089106622
P014 (22).jpg,P014,0,-4.0211100578308105,0.0176171194761991,0.09754385606399466
P014 (23).jpg,P014,0,-4.726064205169678,0.0087834456935524,0.06818826944356174
P014 (24).jpg,P014,0,-4.651614189147949,0.0094559118151664,0.07085256910070348
P014 (25).jpg,P014,0,-5.263296604156494,0.0051515302620828,0.05155861768143969
P014 (26).jpg,P014,0,-5.402222156524658,0.0044863373041152,0.047926850040011425
P014 (27).jpg,P014,0,-3.744302034378052,0.0231056343764066,0.11188154878594045
P014 (28).jpg,P014,0,-5.112718105316162,0.0059836786240339,0.055788213880023245
P014 (29).jpg,P014,0,-5.527501583099365,0.0039601647295057,0.044861296117572565
P014 (3).jpg,P014,0,-4.34092378616333,0.0128570338711142,0.08303812905466802
P014 (30).jpg,P014,0,-4.4471049308776855,0.0115768332034349,0.0786730443932922
P014 (31).jpg,P014,0,-4.868084907531738,0.0076294192112982,0.0633617897011818
P014 (32).jpg,P014,0,-5.365457534790039,0.0046535637229681,0.04886360254972978
P014 (4).jpg,P014,0,-2.456104516983032,0.0789932832121849,0.20441513075439185
P014 (5).jpg,P014,0,-4.405899524688721,0.0120579535141587,0.08034150236937335
P014 (6).jpg,P014,0,-5.616217613220215,0.0036251870915293,0.042804420578554284
P014 (7).jpg,P014,0,-4.950852870941162,0.0070276330225169,0.060697769912395456
P014 (8).jpg,P014,0,-4.364011287689209,0.0125672854483127,0.082070650373662
P014 (9).jpg,P014,0,-4.926202774047852,0.0072017549537122,0.06148002491750091
P044 (1).jpg,P044,0,-0.4172190427780151,0.3971823751926422,0.44254469999380797
P044 (10).jpg,P044,0,-0.6209569573402405,0.3495638370513916,0.41494354257798843
P044 (11).jpg,P044,0,4.068044185638428,0.9831770062446594,0.9047183070711273
P044 (12).jpg,P044,0,2.0360329151153564,0.884528636932373,0.7551934300078088
P044 (13).jpg,P044,0,1.4539005756378174,0.8105980157852173,0.6909193178294059
P044 (14).jpg,P044,0,0.1124351322650909,0.5280792117118835,0.5155471414789634
P044 (15).jpg,P044,0,2.1152210235595703,0.89237380027771,0.7632026865411811
P044 (16).jpg,P044,0,1.8738888502120967,0.8669075965881348,0.7382308791519705
P044 (17).jpg,P044,0,1.770985126495361,0.8545801043510437,0.7270801752393076
P044 (18).jpg,P044,0,1.5545989274978638,0.8255769610404968,0.702688973053757
P044 (19).jpg,P044,0,0.5273944139480591,0.628875195980072,0.5724365432481477
P044 (2).jpg,P044,0,-1.0587615966796875,0.2575461864471435,0.3575999312260671
P044 (20).jpg,P044,0,2.0900704860687256,0.8899343013763428,0.7606786305471528
P044 (21).jpg,P044,0,-0.1060322672128677,0.4735167026519775,0.4853377015891677
P044 (22).jpg,P044,0,0.8106241822242737,0.692242443561554,0.6102839216643725
P044 (23).jpg,P044,0,1.505549430847168,0.8184006810188293,0.6969883026281961
P044 (24).jpg,P044,0,1.0983110666275024,0.7499434947967529,0.6474110614283837
P044 (25).jpg,P044,0,1.4404338598251345,0.8085218071937561,0.6893259147657536
P044 (26).jpg,P044,0,-0.9312862157821656,0.2826638221740722,0.3739598045742759
P044 (27).jpg,P044,0,0.4224117696285248,0.604060173034668,0.5581639621282921
P044 (28).jpg,P044,0,1.559689164161682,0.8263087272644043,0.7032770207219055
P044 (29).jpg,P044,0,-2.251263380050659,0.0952405408024787,0.2234646006816818
P044 (3).jpg,P044,0,-1.653452754020691,0.1606428474187851,0.2860125202747037
P044 (30).jpg,P044,0,-0.9399452209472656,0.280911386013031,0.3728388689397698
P044 (4).jpg,P044,0,-1.6649186611175537,0.1591028422117233,0.2847187952621366
P044 (5).jpg,P044,0,-2.20346474647522,0.0994397848844528,0.22808730714182715
P044 (6).jpg,P044,0,-0.6765347123146057,0.3370351493358612,0.40749849000299987
P044 (7).jpg,P044,0,0.0105516426265239,0.5026378631591797,0.5014595110281916
P044 (8).jpg,P044,0,1.422408938407898,0.8057157397270203,0.687186136758377
P044 (9).jpg,P044,0,-0.8145877122879028,0.3069137334823608,0.3891946366511469
P038 (1).jpg,P038,0,-2.089376211166382,0.1101336851716041,0.23939130632067626
P038 (10).jpg,P038,0,-0.9323399662971495,0.2824502289295196,0.3738233206348237
P038 (11).jpg,P038,0,0.0131474696099758,0.5032868385314941,0.5018185648863983
P038 (12).jpg,P038,0,-0.7168437242507935,0.3280884027481079,0.4021250406582022
P038 (13).jpg,P038,0,-0.8506138920783997,0.2993040978908539,0.3844667839507087
P038 (14).jpg,P038,0,-1.6632148027420044,0.1593309193849563,0.2849108226140019
P038 (15).jpg,P038,0,-1.0863580703735352,0.2523047029972076,0.3541000487312046
P038 (16).jpg,P038,0,-2.228902578353882,0.0971848890185356,0.22561881407451326
P038 (17).jpg,P038,0,-1.459333062171936,0.1885693520307541,0.30843918179679686
P038 (18).jpg,P038,0,-2.1645092964172363,0.1029831394553184,0.23190430472816326
P038 (19).jpg,P038,0,-2.485098600387573,0.0769094452261924,0.20181859836382163
P038 (2).jpg,P038,0,-2.1555392742156982,0.1038147285580635,0.23278950906928855
P038 (20).jpg,P038,0,-2.5321991443634038,0.073631502687931,0.19765325153378682
P038 (21).jpg,P038,0,-4.522223949432373,0.0107480585575103,0.07571273224703784
P038 (22).jpg,P038,0,-3.990312814712525,0.0181581135839223,0.09905415995848625
P038 (23).jpg,P038,0,-3.6403825283050537,0.0255712550133466,0.11772344667170559
P038 (24).jpg,P038,0,-5.053401947021484,0.0063470238819718,0.05754238443152001
P038 (25).jpg,P038,0,-5.448129653930664,0.0042858994565904,0.04678107370577179
P038 (26).jpg,P038,0,-4.986779689788818,0.00678131589666,0.0595743159932583
P038 (27).jpg,P038,0,-5.267030239105225,0.0051324306987226,0.05145769474964426
P038 (28).jpg,P038,0,-6.036074161529541,0.0023852239828556,0.03423518281674294
P038 (29).jpg,P038,0,-6.476416110992432,0.0015369516331702,0.02703276173731055
P038 (3).jpg,P038,0,-2.924566984176636,0.0509524047374725,0.16546462781474827
P038 (30).jpg,P038,0,-7.070690155029297,0.0008489252068102,0.019606295409373732
P038 (31).jpg,P038,0,-7.989639759063721,0.000338841258781,0.011884740000215447
P038 (32).jpg,P038,0,-7.844484806060791,0.000391753972508,0.012865815671847296
P038 (33).jpg,P038,0,-7.132227420806885,0.0007983000250533,0.01896242933828226
P038 (34).jpg,P038,0,-5.423293590545654,0.0043932036496698,0.0473976693364245
P038 (35).jpg,P038,0,-6.159822940826416,0.0021081736776977,0.03204219782449682
P038 (36).jpg,P038,0,-6.474180698394775,0.0015403858851641,0.027065311582701545
P038 (37).jpg,P038,0,-6.382832050323486,0.0016874765278771,0.028428511917007397
P038 (38).jpg,P038,0,-6.816811561584473,0.0010940092615783,0.022496625549707078
P038 (39).jpg,P038,0,-5.969233989715576,0.0025496813468635,0.03547919761751402
P038 (4).jpg,P038,0,-1.874003291130066,0.1330791860818863,0.26175688500391947
P038 (40).jpg,P038,0,-6.170591831207275,0.002085639629513,0.03185791379153371
P038 (41).jpg,P038,0,-7.339077472686768,0.0006492278189398,0.01694656908984544
P038 (42).jpg,P038,0,-6.00971269607544,0.0024487820919603,0.03472071133919004
P038 (43).jpg,P038,0,-5.250807285308838,0.005215935409069,0.051897575137125423
P038 (44).jpg,P038,0,-7.650180816650391,0.0004757316492032,0.014305156606061424
P038 (45).jpg,P038,0,-6.754105567932129,0.0011647242354229,0.0232723437734134
P038 (46).jpg,P038,0,-5.708502769470215,0.0033066656906157,0.04076053917618884
P038 (47).jpg,P038,0,-5.601145267486572,0.0036800382658839,0.043147405600115964
P038 (48).jpg,P038,0,-6.55492639541626,0.0014210653025656,0.025913414968945277
P038 (49).jpg,P038,0,-5.973159313201904,0.0025397180579602,0.0354049519215064
P038 (5).jpg,P038,0,-0.9717317819595336,0.2745354473590851,0.36873577879198205
P038 (50).jpg,P038,0,-6.521557331085205,0.001469214214012,0.026383547586302937
P038 (51).jpg,P038,0,-6.327002048492432,0.0017841951921582,0.02929424262960284
P038 (52).jpg,P038,0,-2.642019510269165,0.066482588648796,0.1881939252854658
P038 (53).jpg,P038,0,-3.6370890140533447,0.0256534479558467,0.11791284594227457
P038 (54).jpg,P038,0,-4.086610794067383,0.0165186151862144,0.09439983564396152
P038 (6).jpg,P038,0,1.47340989112854,0.8135751485824585,0.6932196548610655
P038 (7).jpg,P038,0,-0.7041942477226257,0.3308829665184021,0.4038088324532103
P038 (8).jpg,P038,0,-0.7666907906532288,0.3171954154968261,0.39551260543338207
P038 (9).jpg,P038,0,-0.7024874091148376,0.3312609493732452,0.40403620695597825
P047 (1).jpg,P047,0,3.401258707046509,0.9677438735961914,0.8678250649345015
P047 (2).jpg,P047,0,2.1960854530334477,0.8998973965644836,0.77119305430613
P047 (3).jpg,P047,0,4.090864658355713,0.9835503101348876,0.905801177892765
P047 (4).jpg,P047,0,1.5848764181137085,0.8298940658569336,0.7061768432378989
P047 (5).jpg,P047,0,0.8201213479042053,0.6942620873451233,0.6115329439814071
P047 (6).jpg,P047,0,-0.6267915964126587,0.3482383787631988,0.41416005934620215
P047 (7).jpg,P047,0,1.212998867034912,0.7708291411399841,0.6617569257514434
P047 (8).jpg,P047,0,-0.6123786568641663,0.3515167832374573,0.41609622884170855
P047 (9).jpg,P047,0,0.8658602237701416,0.7038835287094116,0.6175275532482144
P096 (1).jpg,P096,0,-6.619637966156006,0.0013321368023753,0.025024833701352056
P096 (10).jpg,P096,0,-5.820291519165039,0.0029579645488411,0.038409742555004525
P096 (11).jpg,P096,0,-7.007214069366455,0.0009045083425007,0.020292887942506145
P096 (12).jpg,P096,0,-6.1573638916015625,0.0021133529953658,0.032084422955447923
P096 (13).jpg,P096,0,-5.823121547698975,0.0029496296774595,0.038351951991408485
P096 (14).jpg,P096,0,-5.547179222106934,0.0038832996506243,0.04439709221084384
P096 (15).jpg,P096,0,-6.956077575683594,0.0009519195882603,0.02086308503545959
P096 (16).jpg,P096,0,-3.947984218597412,0.0189283583313226,0.1011639103619716
P096 (17).jpg,P096,0,-4.476178646087647,0.0112488288432359,0.07751494454850888
P096 (18).jpg,P096,0,-4.46733283996582,0.01134764123708,0.07786563892374676
P096 (19).jpg,P096,0,-4.4137797355651855,0.0119644394144415,0.08001994511300049
P096 (2).jpg,P096,0,-6.737640857696533,0.001184036838822,0.023480315066056554
P096 (20).jpg,P096,0,-4.761991024017334,0.0084761129692196,0.06693605380277726
P096 (21).jpg,P096,0,-5.000417232513428,0.006690077483654,0.059152983171831514
P096 (22).jpg,P096,0,-5.524209022521973,0.003973173443228,0.04493941943652106
P096 (23).jpg,P096,0,-4.920173168182373,0.0072449939325451,0.06167279978846643
P096 (24).jpg,P096,0,-5.46311616897583,0.0042224172502756,0.04641270686630652
P096 (25).jpg,P096,0,-5.201275825500488,0.0054793423041701,0.05326269480909365
P096 (26).jpg,P096,0,-5.04665470123291,0.0063897194340825,0.05774517239932135
P096 (27).jpg,P096,0,-5.686660289764404,0.0033794392365962,0.041235687436675154
P096 (28).jpg,P096,0,-5.61228609085083,0.0036394158378243,0.04289363407197606
P096 (29).jpg,P096,0,-6.3662190437316895,0.0017156964167952,0.028683493698562927
P096 (3).jpg,P096,0,-6.968215465545654,0.0009404459851793,0.020726338338312878
P096 (30).jpg,P096,0,-5.474273681640625,0.0041757631115615,0.0461402501483704
P096 (31).jpg,P096,0,-5.611064910888672,0.0036438463721424,0.04292138103045435
P096 (32).jpg,P096,0,-5.070321083068848,0.0062412065453827,0.057036818088185254
P096 (33).jpg,P096,0,-5.600898742675781,0.0036809423472732,0.043153037253991486
P096 (34).jpg,P096,0,-6.301033020019531,0.0018310499144718,0.02970559480681735
P096 (35).jpg,P096,0,-7.082809925079346,0.0008387071429751,0.01947781391707852
P096 (36).jpg,P096,0,-7.115185260772705,0.0008120101992972,0.019138636639754354
P096 (37).jpg,P096,0,-7.973074436187744,0.0003444991016294,0.01199285599658618
P096 (38).jpg,P096,0,-7.384463310241699,0.0006204386008903,0.016533265752203524
P096 (39).jpg,P096,0,-7.058352947235107,0.0008594544488005,0.019737934913316116
P096 (4).jpg,P096,0,-6.963346004486084,0.000945032283198,0.02078109247957252
P096 (40).jpg,P096,0,-5.129504203796387,0.0058846599422395,0.05530100070968919
P096 (41).jpg,P096,0,-7.078885078430176,0.0008420026279054,0.019519330548264192
P096 (42).jpg,P096,0,-6.760140895843506,0.0011577239492908,0.023196560772481025
P096 (43).jpg,P096,0,-5.366337776184082,0.0046494882553815,0.048840972621051804
P096 (44).jpg,P096,0,-7.313560009002685,0.0006659964565187,0.01718338435660389
P096 (45).jpg,P096,0,-6.617024421691895,0.0013356183189898,0.025060139130307434
P096 (46).jpg,P096,0,-8.280590057373047,0.0002533234364818,0.010135515300212767
P096 (47).jpg,P096,0,-6.96166467666626,0.0009466209448873,0.02080003085469956
P096 (48).jpg,P096,0,-6.178083419799805,0.0020701056346297,0.031730317997759036
P096 (49).jpg,P096,0,-6.64009428024292,0.0013051981804892,0.02475016598870532
P096 (5).jpg,P096,0,-7.448509216308594,0.0005819702055305,0.015966848778051986
P096 (50).jpg,P096,0,-7.28264856338501,0.0006868904456496,0.017474616600163154
P096 (6).jpg,P096,0,-6.184428215026856,0.0020570398773998,0.03162264095332522
P096 (7).jpg,P096,0,-7.251120090484619,0.0007088764687068,0.01777665547637274
P096 (8).jpg,P096,0,-6.360682964324951,0.0017252045217901,0.02876895524446304
P096 (9).jpg,P096,0,-5.522959232330322,0.0039781224913895,0.04496910741902176
P196 (1).jpg,P196,0,-6.687404632568359,0.0012449618661776,0.02412613687690829
P196 (2).jpg,P196,0,-2.6882894039154053,0.0636679232120513,0.18431395440401874
P043 (1).jpg,P043,0,-5.936652183532715,0.002633900148794,0.03610128196785951
P043 (10).jpg,P043,0,-5.647723197937012,0.0035131487529724,0.042095876249219684
P043 (11).jpg,P043,0,-5.451354503631592,0.0042721591889858,0.0467015732382165
P043 (12).jpg,P043,0,-5.682305812835693,0.0033941369038075,0.041331043804324154
P043 (13).jpg,P043,0,-4.772346496582031,0.0083895241841673,0.06657909957960687
P043 (14).jpg,P043,0,-5.034003734588623,0.0064705428667366,0.058127205509995915
P043 (15).jpg,P043,0,-5.2629265785217285,0.005153426900506,0.05156862993816467
P043 (16).jpg,P043,0,-5.4918742179870605,0.0041032093577086,0.04571355250056652
P043 (17).jpg,P043,0,-5.257724285125732,0.0051801674999296,0.05170958981158241
P043 (18).jpg,P043,0,-5.411075115203857,0.0044469712302088,0.04770383985856967
P043 (19).jpg,P043,0,-4.639153003692627,0.00957334600389,0.0713078016330529
P043 (2).jpg,P043,0,-6.2397565841674805,0.0019465337973088,0.030698532415210495
P043 (20).jpg,P043,0,-5.5540690422058105,0.0038567390292882,0.04423564361869507
P043 (21).jpg,P043,0,-4.121579647064209,0.0159600209444761,0.09275875693478561
P043 (22).jpg,P043,0,-4.316827297210693,0.0131664779037237,0.08405894078604854
P043 (23).jpg,P043,0,-6.393946647644043,0.0016688561299815,0.028259151395868456
P043 (24).jpg,P043,0,-4.408780097961426,0.0120236864313483,0.0802238221345069
P043 (25).jpg,P043,0,-4.460062503814697,0.0114294961094856,0.07815496033823784
P043 (26).jpg,P043,0,-5.191830635070801,0.005531053058803,0.053526829821372565
P043 (27).jpg,P043,0,-5.3111114501953125,0.0049121878109872,0.050280190360059054
P043 (28).jpg,P043,0,-6.964864253997803,0.0009435998508706,0.02076400551063667
P043 (29).jpg,P043,0,-6.023014068603516,0.0024165036156773,0.034474901044171724
P043 (3).jpg,P043,0,-6.322512149810791,0.0017922095721587,0.029364965984957064
P043 (30).jpg,P043,0,-5.193698406219482,0.0055207889527082,0.05347449971066819
P043 (31).jpg,P043,0,-6.296679496765137,0.0018390241311863,0.02977510095548017
P043 (32).jpg,P043,0,-6.266448974609375,0.001895360648632,0.030262112069073505
P043 (33).jpg,P043,0,-6.129066467285156,0.0021738777868449,0.03257421478703426
P043 (34).jpg,P043,0,-6.419774532318115,0.0016263740835711,0.02786936943274349
P043 (35).jpg,P043,0,-7.187760829925537,0.000755208719056,0.01839921097370439
P043 (36).jpg,P043,0,-7.1759772300720215,0.0007641536649316,0.018517331358539394
P043 (37).jpg,P043,0,-7.337653636932373,0.0006501522148028,0.016959698119006498
P043 (38).jpg,P043,0,-5.807737827301025,0.0029952202457934,0.038667104495672296
P043 (39).jpg,P043,0,-5.468677043914795,0.0041991006582975,0.04627672437164847
P043 (4).jpg,P043,0,-5.99332857131958,0.0024891330394893,0.03502581402651651
P043 (40).jpg,P043,0,-6.404032230377197,0.0016521369107067,0.028106318711146116
P043 (41).jpg,P043,0,-6.333010196685791,0.00177352654282,0.029199862704722575
P043 (42).jpg,P043,0,-6.093143463134766,0.0022532101720571,0.03320641114192348
P043 (43).jpg,P043,0,-5.916160106658936,0.002688284497708,0.03649790152751448
P043 (44).jpg,P043,0,-4.809624671936035,0.0080850170925259,0.06530870616177159
P043 (45).jpg,P043,0,-6.67663049697876,0.0012584308860823,0.024266885739352533
P043 (46).jpg,P043,0,-5.500522613525391,0.0040680197998881,0.045505264646446525
P043 (47).jpg,P043,0,-6.076710224151611,0.0022904584184288,0.03349954876331258
P043 (48).jpg,P043,0,-5.815534591674805,0.0029720270540565,0.038507069747925435
P043 (49).jpg,P043,0,-5.429092884063721,0.0043679107911884,0.04725300494929684
P043 (5).jpg,P043,0,-7.03064489364624,0.0008835799526423,0.02003674776276457
P043 (50).jpg,P043,0,-6.68524169921875,0.0012476543197408,0.024154328526346032
P043 (51).jpg,P043,0,-5.80828332901001,0.0029935915954411,0.03865588690383846
P043 (52).jpg,P043,0,-6.05697774887085,0.0023359970655292,0.033854839871703936
P043 (53).jpg,P043,0,-5.266310214996338,0.0051361084915697,0.05147714298525052
P043 (54).jpg,P043,0,-4.32816743850708,0.0130199445411562,0.0835771204851966
P043 (55).jpg,P043,0,-5.492286205291748,0.0041015264578163,0.04570360964519269
P043 (56).jpg,P043,0,-5.273138523101807,0.00510133523494,0.05129298605611914
P043 (57).jpg,P043,0,-4.889233112335205,0.0074709574691951,0.0626709087562921
P043 (58).jpg,P043,0,-4.8635969161987305,0.0076634739525616,0.06350931644483224
P043 (59).jpg,P043,0,-5.429771900177002,0.0043649589642882,0.04723609424237338
P043 (6).jpg,P043,0,-5.694225788116455,0.0033540539443492,0.041070515085544
P043 (60).jpg,P043,0,-5.887281894683838,0.0027668313123285,0.03706395614823785
P043 (61).jpg,P043,0,-5.8992695808410645,0.0027339512016624,0.03682796262691994
P043 (62).jpg,P043,0,-5.993361949920654,0.0024890501517802,0.03502518983642991
P043 (63).jpg,P043,0,-5.928462028503418,0.0026555031072348,0.03625930043693916
P043 (64).jpg,P043,0,-4.729502201080322,0.0087535651400685,0.06806750612990997
P043 (65).jpg,P043,0,-5.335050106048584,0.0047965506091713,0.04965147337106165
P043 (66).jpg,P043,0,-5.549787998199463,0.0038732215762138,0.04433589498332942
P043 (67).jpg,P043,0,-4.949330806732178,0.0070382626727223,0.06074580076171479
P043 (68).jpg,P043,0,-4.8387532234191895,0.007854732684791,0.06433177163993223
P043 (69).jpg,P043,0,-6.335377216339111,0.001769340946339,0.029162761050024164
P043 (7).jpg,P043,0,-6.126851558685303,0.0021786873694509,0.03261285546561342
P043 (70).jpg,P043,0,-5.000368595123291,0.0066904006525874,0.05915448085383385
P043 (71).jpg,P043,0,-4.726133346557617,0.0087828440591692,0.06818583882229558
P043 (8).jpg,P043,0,-5.728939056396484,0.003239992307499,0.04032073072619462
P043 (9).jpg,P043,0,-5.414346218109131,0.0044325129128992,0.04762168890121117
P070 (1).jpg,P070,0,-4.535048484802246,0.0106125529855489,0.07521767122918029
P070 (10).jpg,P070,0,-5.527394771575928,0.0039605861529707,0.044863828425902495
P070 (11).jpg,P070,0,-5.685278415679932,0.0033840965479612,0.041265925532640094
P070 (12).jpg,P070,0,-4.677133083343506,0.0092198569327592,0.06992867988399806
P070 (13).jpg,P070,0,-4.970124244689941,0.0068944222293794,0.060092699833513556
P070 (14).jpg,P070,0,-6.457263469696045,0.0015666255494579,0.027312881596303407
P070 (15).jpg,P070,0,-6.764266490936279,0.0011529630282893,0.02314489614397662
P070 (16).jpg,P070,0,-6.039855480194092,0.002376243006438,0.034166077304204526
P070 (17).jpg,P070,0,-3.9535162448883057,0.0188259035348892,0.10088593346900088
P070 (18).jpg,P070,0,-6.324142932891846,0.0017892946489155,0.02933925931738994
P070 (19).jpg,P070,0,-5.640982151031494,0.0035368271637707,0.04224652978153419
P070 (2).jpg,P070,0,-5.483758449554443,0.0041365069337189,0.04590983790025041
P070 (20).jpg,P070,0,-6.221904754638672,0.0019815256819128,0.03099380422792694
P070 (21).jpg,P070,0,-4.883645534515381,0.00751250423491,0.0628527604822583
P070 (22).jpg,P070,0,-4.500180721282959,0.0109849786385893,0.07657065340167932
P070 (23).jpg,P070,0,-5.85563850402832,0.0028555293101817,0.037693902946044945
P070 (24).jpg,P070,0,-4.700765132904053,0.0090064667165279,0.06908305057311133
P070 (25).jpg,P070,0,-6.221858024597168,0.0019816178828477,0.030994580745707462
P070 (26).jpg,P070,0,-5.947068214416504,0.0026066789869219,0.03590127547311692
P070 (27).jpg,P070,0,-5.674919605255127,0.0034192136954516,0.04149327310337674
P070 (28).jpg,P070,0,-5.093306064605713,0.0061002536676824,0.056356679735871995
P070 (29).jpg,P070,0,-5.470602989196777,0.0041910544969141,0.046229716833946215
P070 (3).jpg,P070,0,-6.094915866851807,0.0022492292337119,0.03317494321770346
P070 (30).jpg,P070,0,-5.456082820892334,0.0042520929127931,0.046585240870693496
P070 (31).jpg,P070,0,-5.061285972595215,0.0062974947504699,0.057306277819291845
P070 (32).jpg,P070,0,-3.5761568546295166,0.0272213015705347,0.12146471254118048
P070 (33).jpg,P070,0,-6.383107662200928,0.0016870124964043,0.028424300346070547
P070 (34).jpg,P070,0,-6.55422830581665,0.0014220563462004,0.02592316624471114
P070 (35).jpg,P070,0,-3.4565792083740234,0.0305732563138008,0.1287034102515794
P070 (36).jpg,P070,0,-3.5446927547454834,0.0280669890344142,0.12333467768822111
P070 (37).jpg,P070,0,-6.841660499572754,0.0010671878699213,0.02219626464731766
P070 (38).jpg,P070,0,-3.912809133529663,0.0195927359163761,0.10294735718008481
P070 (39).jpg,P070,0,-6.012476921081543,0.0024420390836894,0.0346694895779809
P070 (4).jpg,P070,0,-7.840999126434326,0.0003931212995667,0.01289033212172403
P070 (40).jpg,P070,0,-8.519418716430664,0.0001995155762415,0.008892078276303297
P070 (41).jpg,P070,0,-7.381885051727295,0.0006220393697731,0.01655647669939196
P070 (42).jpg,P070,0,-6.7262349128723145,0.0011976030655205,0.023625449762261722
P070 (43).jpg,P070,0,-6.6399126052856445,0.0013054350856691,0.024752592366074376
P070 (44).jpg,P070,0,-6.700196266174316,0.0012291576713323,0.02396006580706235
P070 (45).jpg,P070,0,-6.217936992645264,0.0019893876742571,0.031059804054477627
P070 (46).jpg,P070,0,-4.9418792724609375,0.0070905312895774,0.06098145770008057
P070 (47).jpg,P070,0,-4.927520275115967,0.007192341145128,0.06143797760530451
P070 (48).jpg,P070,0,-5.558189868927002,0.0038409400731325,0.044139348378608695
P070 (49).jpg,P070,0,-5.39042854309082,0.0045393193140625,0.04822547498865771
P070 (5).jpg,P070,0,-8.105098724365234,0.0003019042487721,0.011157470906260845
P070 (50).jpg,P070,0,-5.33551549911499,0.0047943298704922,0.049639324578248704
P070 (51).jpg,P070,0,-6.773994445800781,0.0011418141657486,0.023023517804563586
P070 (52).jpg,P070,0,-5.143373489379883,0.0058040781877934,0.05490147249846747
P070 (53).jpg,P070,0,-5.9050774574279785,0.0027181620243936,0.03671414718437151
P070 (54).jpg,P070,0,-6.475395202636719,0.0015385191654786,0.027047622460775043
P070 (55).jpg,P070,0,-7.65004301071167,0.0004757971910294,0.014306231752572757
P070 (56).jpg,P070,0,-6.203863620758057,0.0020175259560346,0.03129499948539105
P070 (57).jpg,P070,0,-6.108843326568604,0.0022181894164532,0.03292867015559473
P070 (58).jpg,P070,0,-7.186614513397217,0.0007560743251815,0.018410669264649324
P070 (59).jpg,P070,0,-6.288267612457275,0.001854530069977,0.029909847672526753
P070 (6).jpg,P070,0,-7.021090030670166,0.0008920552209019,0.020140814601413808
P070 (60).jpg,P070,0,-6.492967128753662,0.0015117609873414,0.02679294366315618
P070 (61).jpg,P070,0,-5.93952226638794,0.0026263713371008,0.03604606442294158
P070 (62).jpg,P070,0,-6.201760768890381,0.0020217644050717,0.03133029020799111
P070 (63).jpg,P070,0,-6.445218086242676,0.0015855801757425,0.02749049614021333
P070 (64).jpg,P070,0,-5.595423221588135,0.003701077774167,0.0432783020391971
P070 (65).jpg,P070,0,-4.984770774841309,0.0067948601208627,0.05963661860284041
P070 (66).jpg,P070,0,-3.750629425048828,0.0229632426053285,0.11153416270968848
P070 (67).jpg,P070,0,-6.141036033630371,0.0021480680443346,0.03236616145717284
P070 (68).jpg,P070,0,-7.834286212921143,0.0003957681474275,0.012937677221182657
P070 (69).jpg,P070,0,-6.773211479187012,0.0011427075369283,0.023033264049154123
P070 (7).jpg,P070,0,-7.280310153961182,0.0006884975009597,0.01749684415402126
P070 (70).jpg,P070,0,-7.465056896209717,0.0005724246730096,0.015823632891237588
P070 (71).jpg,P070,0,-6.282083988189697,0.0018660119967535,0.030009277467784316
P070 (72).jpg,P070,0,-6.609931468963623,0.0013451126869767,0.02515620001125969
P070 (73).jpg,P070,0,-4.206821918487549,0.0146750612184405,0.08886525892254249
P070 (74).jpg,P070,0,-4.5949296951293945,0.0100018829107284,0.07294524468550713
P070 (8).jpg,P070,0,-6.971762180328369,0.0009371195337735,0.020686546587009313
P070 (9).jpg,P070,0,-6.000332355499268,0.0024718034546822,0.034895075717476944
P072 (1).jpg,P072,0,-7.140105724334717,0.0007920404314063,0.018881510341854688
P072 (10).jpg,P072,0,-5.653703689575195,0.0034922743216156,0.04196265021786672
P072 (11).jpg,P072,0,-5.217360973358154,0.0053923828527331,0.05281570243838467
P072 (12).jpg,P072,0,-5.990179538726807,0.002496964065358,0.03508475013934658
P072 (13).jpg,P072,0,-6.465424537658691,0.0015539119485765,0.027193177359991424
P072 (14).jpg,P072,0,-7.258784770965576,0.0007034678128547,0.01770276048126598
P072 (15).jpg,P072,0,-6.860683441162109,0.0010470998240634,0.02196897731064458
P072 (16).jpg,P072,0,-7.061652660369873,0.0008566255564801,0.019702641969791296
P072 (17).jpg,P072,0,-6.952036380767822,0.000955770665314,0.02090880918305148
P072 (18).jpg,P072,0,-7.18219804763794,0.0007594182970933,0.01845488063383216
P072 (19).jpg,P072,0,-8.087034225463867,0.0003074058331549,0.011268283936802691
P072 (2).jpg,P072,0,-6.361973762512207,0.0017229829682037,0.028749006876400696
P072 (20).jpg,P072,0,-6.332655429840088,0.0017741547198966,0.02920542741209916
P072 (21).jpg,P072,0,-6.8545756340026855,0.0010535080218687,0.02204170470836706
P072 (22).jpg,P072,0,-6.919627666473389,0.0009872223017737,0.02127906172652693
P072 (23).jpg,P072,0,-6.465996742248535,0.0015530243981629,0.02718480358233239
P072 (24).jpg,P072,0,-7.032637119293213,0.0008818228961899,0.020015115879316883
P072 (25).jpg,P072,0,-6.987493991851807,0.0009225058020092,0.020510945930905595
P072 (26).jpg,P072,0,-6.657343864440918,0.0012829058105126,0.02452084041701556
P072 (27).jpg,P072,0,-7.102894306182861,0.0008220439194701,0.019266714358191585
P072 (28).jpg,P072,0,-6.322447299957275,0.0017923256382346,0.0293659886898412
P072 (29).jpg,P072,0,-7.841124057769775,0.0003930722305085,0.012889452623829066
P072 (3).jpg,P072,0,-8.145889282226562,0.000289840681944,0.010911197400414931
P072 (30).jpg,P072,0,-4.677123546600342,0.0092199444770812,0.0699290230633791
P072 (31).jpg,P072,0,-6.356407165527344,0.0017325840890407,0.028835130657582395
P072 (32).jpg,P072,0,-6.668791770935059,0.0012683214154094,0.024369790489175244
P072 (33).jpg,P072,0,-5.12705135345459,0.0058990269899368,0.0553719434798678
P072 (34).jpg,P072,0,-4.725667476654053,0.0087869009003043,0.06820221773316722
P072 (35).jpg,P072,0,-7.1184916496276855,0.0008093320648185,0.019104325187977216
P072 (36).jpg,P072,0,-8.760385513305664,0.0001567995495861,0.007790835467410099
P072 (37).jpg,P072,0,-8.62256145477295,0.0001799662131816,0.008402983972671167
P072 (38).jpg,P072,0,-7.39397668838501,0.0006145677180029,0.016447897412814112
P072 (39).jpg,P072,0,-6.439012050628662,0.0015954350819811,0.02758244450218827
P072 (4).jpg,P072,0,-7.182168483734131,0.0007594407652504,0.018455176936281754
P072 (40).jpg,P072,0,-7.504244804382324,0.0005504384753294,0.015489493656007887
P072 (41).jpg,P072,0,-5.960828304290772,0.0025711480993777,0.035638692046302226
P072 (42).jpg,P072,0,-7.165618896484375,0.0007721040747128,0.01862177892540376
P072 (43).jpg,P072,0,-7.806046485900879,0.0004070991999469,0.01313873399008611
P072 (44).jpg,P072,0,-5.453557014465332,0.0042628003284335,0.04664734979620227
P072 (45).jpg,P072,0,-6.536489009857178,0.0014474706258624,0.02617215983050019
P072 (46).jpg,P072,0,-6.371514797210693,0.0017066498985514,0.02860197270602118
P072 (47).jpg,P072,0,-7.400032520294189,0.0006108594825491,0.016393781295634558
P072 (48).jpg,P072,0,-7.961142063140869,0.0003486330097075,0.01207133580860737
P072 (49).jpg,P072,0,-7.029170513153076,0.0008848824072629,0.020052771550328082
P072 (5).jpg,P072,0,-5.799519062042236,0.0030198637396097,0.038836492185726386
P072 (50).jpg,P072,0,-8.423287391662598,0.00021964298503,0.009373280457074723
P072 (6).jpg,P072,0,-5.428148746490479,0.0043720188550651,0.04727652799474377
P072 (7).jpg,P072,0,-5.822065353393555,0.0029527379665523,0.03837351022368156
P072 (8).jpg,P072,0,-5.646524906158447,0.0035173464566469,0.04212261890655985
P072 (9).jpg,P072,0,-5.342488765716553,0.0047611729241907,0.04945762889161851
P078 (1).jpg,P078,0,-2.7745163440704346,0.0587168969213962,0.17724915919983866
P078 (10).jpg,P078,0,-1.492192625999451,0.1835928559303283,0.3045747251945734
P078 (11).jpg,P078,0,-0.5631968975067139,0.3628080785274505,0.42272226018925835
P078 (12).jpg,P078,0,-0.5924540162086487,0.3560719788074493,0.4187770730454615
P078 (13).jpg,P078,0,-0.6878665089607239,0.3345078229904175,0.4059855923521538
P078 (14).jpg,P078,0,0.3859374821186065,0.5953043699264526,0.5531813900466517
P078 (15).jpg,P078,0,0.3627369999885559,0.589702844619751,0.5500064541115203
P078 (16).jpg,P078,0,-1.197945237159729,0.2318409383296966,0.3401098844422801
P078 (17).jpg,P078,0,-0.0248735584318637,0.4937818944454193,0.4965595154925927
P078 (18).jpg,P078,0,-0.4061223864555359,0.3998422920703888,0.4440598642674517
P078 (19).jpg,P078,0,0.4231524169445038,0.6042373776435852,0.5582650205605443
P078 (2).jpg,P078,0,-3.698585748672485,0.0241603404283523,0.1144196564045881
P078 (20).jpg,P078,0,0.1104563921689987,0.527586042881012,0.5152736999076137
P078 (21).jpg,P078,0,-2.385688543319702,0.0842705518007278,0.21082418672982003
P078 (22).jpg,P078,0,-2.0953660011291504,0.1095480397343635,0.23878839357911041
P078 (23).jpg,P078,0,0.1030120849609375,0.5257302522659302,0.5142448924880677
P078 (24).jpg,P078,0,-0.1964012384414672,0.4510569274425506,0.4728602587961528
P078 (3).jpg,P078,0,-3.976916790008545,0.0183984916657209,0.09971757667610659
P078 (4).jpg,P078,0,-3.87191653251648,0.0203938651829957,0.10505562986508409
P078 (5).jpg,P078,0,-3.765498161315918,0.0226320046931505,0.11072155095276474
P078 (6).jpg,P078,0,-2.4515299797058105,0.0793267339468002,0.20482705756177141
P078 (7).jpg,P078,0,-2.260793209075928,0.0944225266575813,0.22255097173444358
P078 (8).jpg,P078,0,-1.7680672407150269,0.1457828432321548,0.2732402991695413
P078 (9).jpg,P078,0,-2.640711545944214,0.0665638148784637,0.18830451132823392
P080 (1).jpg,P080,0,-8.177603721618652,0.0002807952987495,0.010723442635701762
P080 (10).jpg,P080,0,-4.415654182434082,0.0119423009455204,0.07994363024313113
P080 (11).jpg,P080,0,-5.887702465057373,0.0027656711172312,0.03705565210423412
P080 (12).jpg,P080,0,-6.667720794677734,0.0012696789344772,0.024383882981750198
P080 (13).jpg,P080,0,-5.58906888961792,0.0037245827261358,0.04342410681095853
P080 (14).jpg,P080,0,-5.051538467407227,0.006358787883073,0.05759832424159438
P080 (15).jpg,P080,0,-5.989781856536865,0.0024979549925774,0.035092199802895435
P080 (16).jpg,P080,0,-6.473686218261719,0.0015411466592922,0.027072516853246218
P080 (17).jpg,P080,0,-3.96293044090271,0.0186527930200099,0.10041444151049621
P080 (18).jpg,P080,0,-1.9673007726669312,0.122679091989994,0.2519051597763173
P080 (19).jpg,P080,0,-0.5305398106575012,0.3703910112380981,0.4271375671504456
P080 (2).jpg,P080,0,-7.115293979644775,0.0008119220146909,0.019137507469229393
P080 (20).jpg,P080,0,-0.6969034075737,0.3324991464614868,0.40478036067650425
P080 (21).jpg,P080,0,-6.1228108406066895,0.0021874895319342,0.03268346284297247
P080 (22).jpg,P080,0,-5.666038513183594,0.0034496099688112,0.041689142441811294
P080 (23).jpg,P080,0,-7.629965305328369,0.0004854419094044,0.01446372971168849
P080 (24).jpg,P080,0,-8.402995109558105,0.0002241445763502,0.009478107997205141
P080 (25).jpg,P080,0,-8.524218559265137,0.0001985604030778,0.008868704253138076
P080 (26).jpg,P080,0,-7.2997236251831055,0.0006752692279405,0.017313149605451446
P080 (27).jpg,P080,0,-8.461809158325195,0.0002113446098519,0.009177431039955622
P080 (28).jpg,P080,0,-6.71992301940918,0.0012051769299432,0.023706141188653232
P080 (29).jpg,P080,0,-7.628239154815674,0.0004862801579292,0.014477349849585847
P080 (3).jpg,P080,0,-6.209030628204346,0.0020071493927389,0.031208448448940388
P080 (30).jpg,P080,0,-6.959862232208252,0.0009483271860517,0.020820352241927905
P080 (31).jpg,P080,0,-6.536259651184082,0.0014478022931143,0.026175394363329246
P080 (32).jpg,P080,0,-7.719901561737059,0.0004437073366716,0.013771291923038899
P080 (33).jpg,P080,0,-8.337056159973145,0.0002394189505139,0.009826822199469
P080 (34).jpg,P080,0,-8.76297378540039,0.0001563942932989,0.007779773314890756
P080 (35).jpg,P080,0,-8.630611419677734,0.0001785235508577,0.00836595337804324
P080 (36).jpg,P080,0,-9.031135559082031,0.0001196122611872,0.00671424070654326
P080 (37).jpg,P080,0,-8.948501586914062,0.000129914827994,0.007026135198138555
P080 (38).jpg,P080,0,-8.001302719116211,0.000334913667757,0.011809198200228337
P080 (39).jpg,P080,0,-7.516120910644531,0.000543943606317,0.015389609137929534
P080 (4).jpg,P080,0,-6.24738359451294,0.0019317724509164,0.030573212677106727
P080 (40).jpg,P080,0,-7.40755558013916,0.0006062840111553,0.016326797540986992
P080 (41).jpg,P080,0,-7.526814937591553,0.0005381607916206,0.015300209234484463
P080 (42).jpg,P080,0,-5.779752254486084,0.003079965012148,0.03924680391534942
P080 (43).jpg,P080,0,-6.393195629119873,0.0016701078275218,0.028270564240095435
P080 (44).jpg,P080,0,-6.24498987197876,0.0019363933242857,0.03061249059526152
P080 (45).jpg,P080,0,-6.563612461090088,0.001408792566508,0.025792381731723137
P080 (46).jpg,P080,0,-7.243465900421143,0.0007143192924559,0.01785075155927664
P080 (47).jpg,P080,0,-6.378301620483398,0.0016951258294284,0.028497827401512167
P080 (48).jpg,P080,0,-6.8563737869262695,0.0010516173206269,0.02202026918115665
P080 (49).jpg,P080,0,-6.484127521514893,0.0015251631848514,0.026920767719766137
P080 (5).jpg,P080,0,-5.271671772003174,0.0051087848842144,0.05133249115898142
P080 (50).jpg,P080,0,-4.432054042816162,0.0117503302171826,0.07927876772761479
P080 (51).jpg,P080,0,-5.5579352378845215,0.0038419144693762,0.04414529278200498
P080 (52).jpg,P080,0,-4.450582027435303,0.0115371132269501,0.07853371170881879
P080 (53).jpg,P080,0,-4.56628942489624,0.0102894911542534,0.07402411144796017
P080 (54).jpg,P080,0,-7.282697200775146,0.0006868570926599,0.0174741545761047
P080 (55).jpg,P080,0,-3.4122345447540283,0.0319152884185314,0.13147991528554018
P080 (56).jpg,P080,0,-6.0020270347595215,0.0024676285684108,0.03486351220429725
P080 (57).jpg,P080,0,-7.0089640617370605,0.0009029282955452,0.02027364714362668
P080 (58).jpg,P080,0,-7.368056297302246,0.0006306956056505,0.01668151878952567
P080 (59).jpg,P080,0,-7.079647541046143,0.0008413614705204,0.019511258513669926
P080 (6).jpg,P080,0,-6.217649459838867,0.0019899585749953,0.031064592163377237
P080 (60).jpg,P080,0,-6.835901260375977,0.001073345192708,0.022265528491716428
P080 (61).jpg,P080,0,-6.97048807144165,0.0009383131400682,0.020700832616541206
P080 (62).jpg,P080,0,-7.222104072570801,0.0007297314004972,0.018059151601810864
P080 (63).jpg,P080,0,-6.793428421020508,0.0011198628926649,0.022782893145664104
P080 (64).jpg,P080,0,-6.56637716293335,0.0014049086021259,0.025753973456539216
P080 (65).jpg,P080,0,-7.756285190582275,0.0004278605629224,0.013500545873078054
P080 (66).jpg,P080,0,-6.44351053237915,0.0015882856678217,0.027515765443062567
P080 (67).jpg,P080,0,-8.092818260192871,0.0003056334680877,0.01123268503712985
P080 (68).jpg,P080,0,-6.2416300773620605,0.0019428974483162,0.030667702957957142
P080 (69).jpg,P080,0,-7.897124767303467,0.0003716728533618,0.01250112135796171
P080 (7).jpg,P080,0,-5.286585807800293,0.0050335386767983,0.05093213849898127
P080 (70).jpg,P080,0,-6.938014507293701,0.000969253538642,0.021068221560281507
P080 (71).jpg,P080,0,-7.927327632904053,0.000360619102139,0.012296501113417126
P080 (72).jpg,P080,0,-7.29740047454834,0.0006768386811017,0.01733503158468277
P080 (73).jpg,P080,0,-8.220815658569336,0.0002689232351258,0.010472754988320497
P080 (74).jpg,P080,0,-8.099631309509277,0.0003035588597413,0.011190895475887318
P080 (75).jpg,P080,0,-7.734589099884033,0.0004372408438939,0.01366135721059768
P080 (76).jpg,P080,0,-7.273425102233887,0.0006932508549652,0.017562450806342417
P080 (77).jpg,P080,0,-7.950592994689941,0.000352328934241,0.012141139903362769
P080 (78).jpg,P080,0,-7.173933982849121,0.0007657153764739,0.0185378886973454
P080 (79).jpg,P080,0,-6.733184337615967,0.0011893190676346,0.023536918096481056
P080 (8).jpg,P080,0,-6.214940071105957,0.0019953467417508,0.031109745063999925
P080 (80).jpg,P080,0,-7.069688320159912,0.0008497754461131,0.019616952934872468
P080 (81).jpg,P080,0,-6.468037128448486,0.0015498638385906,0.027154964486549273
P080 (82).jpg,P080,0,-7.066311359405518,0.0008526474703103,0.019652918901851776
P080 (83).jpg,P080,0,-7.697972774505615,0.0004535402986221,0.01393705192804263
P080 (84).jpg,P080,0,-7.563435077667236,0.0005188197828829,0.014997928284825626
P080 (85).jpg,P080,0,-7.966262340545654,0.0003468530776444,0.012037597543582884
P080 (86).jpg,P080,0,-8.265945434570312,0.0002570596116129,0.010217130893758825
P080 (87).jpg,P080,0,-8.017516136169434,0.0003295291680842,0.011704970389174585
P080 (88).jpg,P080,0,-8.220162391662598,0.0002690989349503,0.01047650130714202
P080 (9).jpg,P080,0,-6.793855667114258,0.0011193852405995,0.022777630821765833
P143 (1).jpg,P143,0,-5.531861782073975,0.0039430032484233,0.044758039878836205
P143 (10).jpg,P143,0,-5.559498310089111,0.0038359370082616,0.04410881464499883
P143 (11).jpg,P143,0,-6.562612533569336,0.0014102000277489,0.02580628682687333
P143 (12).jpg,P143,0,-6.026618957519531,0.0024078290443867,0.03440857198854099
P143 (13).jpg,P143,0,-6.017672061920166,0.0024294157046824,0.03457341941206062
P143 (14).jpg,P143,0,-6.943606853485107,0.0009638536139391,0.021004501021740656
P143 (15).jpg,P143,0,-8.463570594787598,0.0002109727502102,0.009168573261623653
P143 (16).jpg,P143,0,-7.596129894256592,0.0005021397373639,0.014733023095813848
P143 (17).jpg,P143,0,-3.4652347564697266,0.0303177572786808,0.12816733371521843
P143 (18).jpg,P143,0,-4.901861667633057,0.0073778955265879,0.06226171077793029
P143 (19).jpg,P143,0,-4.028505325317383,0.0174895860254764,0.09718426137827889
P143 (2).jpg,P143,0,-5.415731906890869,0.0044264020398259,0.04758692905055531
P143 (20).jpg,P143,0,-5.907729625701904,0.0027109819930046,0.03666228593063381
P143 (21).jpg,P143,0,-6.590433597564697,0.0013715606182813,0.025422114491607795
P143 (22).jpg,P143,0,-6.757909774780273,0.0011603068560361,0.02322454788461986
P143 (23).jpg,P143,0,-6.136758804321289,0.0021572555415332,0.032440359763569744
P143 (24).jpg,P143,0,-7.690782070159912,0.0004568118310999,0.013991833640325644
P143 (25).jpg,P143,0,-8.172283172607422,0.0002822928654495,0.010754716575178435
P143 (26).jpg,P143,0,-7.849670886993408,0.0003897283459082,0.012829424635783904
P143 (27).jpg,P143,0,-6.630733013153076,0.0013174577616155,0.024875493536733177
P143 (28).jpg,P143,0,-8.334197998046875,0.0002401040546828,0.009842221333552207
P143 (29).jpg,P143,0,-8.712848663330078,0.0001644320582272,0.007996803505066777
P143 (3).jpg,P143,0,-4.837912082672119,0.0078612910583615,0.06435979064147358
P143 (30).jpg,P143,0,-6.514454364776611,0.0014796714531257,0.02648468641628707
P143 (31).jpg,P143,0,-7.322662830352783,0.0006599655025638,0.01709853470836345
P143 (32).jpg,P143,0,-7.965569019317627,0.0003470935625955,0.012042160481521723
P143 (33).jpg,P143,0,-7.209812641143799,0.0007387495134025,0.018180143901279762
P143 (34).jpg,P143,0,-6.622214794158936,0.0013287131441757,0.024990071709979748
P143 (35).jpg,P143,0,-8.31949234008789,0.0002436601644149,0.00992183059632176
P143 (36).jpg,P143,0,-7.3715667724609375,0.0006284868577495,0.016649688793106028
P143 (37).jpg,P143,0,-4.367734432220459,0.0125211682170629,0.08191559683765891
P143 (38).jpg,P143,0,-5.898575305938721,0.0027358450461179,0.03684159083727396
P143 (39).jpg,P143,0,-6.741894721984863,0.0011790167773142,0.02342640993814108
P143 (4).jpg,P143,0,-4.815118789672852,0.0080410754308104,0.06512339057518005
P143 (40).jpg,P143,0,-6.373898029327393,0.0017025944544002,0.028565359467178662
P143 (41).jpg,P143,0,-7.809418678283691,0.0004057292535435,0.013114564023583694
P143 (42).jpg,P143,0,-7.994267463684082,0.0003372773935552,0.011854709070324954
P143 (43).jpg,P143,0,-4.183675765991211,0.0150135345757007,0.08990764514580674
P143 (44).jpg,P143,0,-3.9799182415008554,0.0183443613350391,0.09956859198154698
P143 (45).jpg,P143,0,-4.0693769454956055,0.0168009381741285,0.09521814613139742
P143 (46).jpg,P143,0,-7.039419651031494,0.0008758673793636,0.01994164152378559
P143 (47).jpg,P143,0,-6.980623722076416,0.0009288595756515,0.02058745261172027
P143 (48).jpg,P143,0,-3.427638530731201,0.0314427688717842,0.13050972615378684
P143 (49).jpg,P143,0,-6.78337287902832,0.0011311678681522,0.02290708909369269
P143 (5).jpg,P143,0,-6.760343551635742,0.0011574897216632,0.02319402029637713
P143 (50).jpg,P143,0,-6.747987270355225,0.0011718637542799,0.023349415262763237
P143 (51).jpg,P143,0,-6.607248306274414,0.001348721794784,0.02519263190837438
P143 (52).jpg,P143,0,-7.027157306671143,0.0008866640273481,0.02007467165239662
P143 (53).jpg,P143,0,-5.270140171051025,0.005116575397551,0.051373773627084666
P143 (54).jpg,P143,0,-6.068297863006592,0.0023097631055861,0.03365057440141887
P143 (55).jpg,P143,0,-7.0678582191467285,0.0008513306383974,0.019636436220622142
P143 (56).jpg,P143,0,-6.72897481918335,0.0011943300487473,0.023590506199625057
P143 (57).jpg,P143,0,-6.730329036712647,0.0011927157174795,0.023573253732878285
P143 (6).jpg,P143,0,-7.850826740264893,0.000389278284274,0.012821327800194526
P143 (7).jpg,P143,0,-6.994425296783447,0.0009161395719274,0.020434041666692885
P143 (8).jpg,P143,0,-6.861541271209717,0.0010462028440088,0.021958781688650002
P143 (9).jpg,P143,0,-7.753586292266846,0.000429016421549,0.013520447966844946
P168 (1).jpg,P168,0,-1.0286654233932495,0.2633429169654846,0.3614342108677461
P168 (10).jpg,P168,0,-0.9028114676475524,0.2884730696678161,0.3776554458479275
P168 (11).jpg,P168,0,-1.1599944829940796,0.238668292760849,0.3448381767917842
P168 (12).jpg,P168,0,-0.8158829212188721,0.3066383004188537,0.38902429394255766
P168 (13).jpg,P168,0,-0.3910631239414215,0.4034613966941833,0.4461177523081826
P168 (14).jpg,P168,0,-1.225990891456604,0.2268838882446289,0.33663596198258144
P168 (15).jpg,P168,0,-1.297186017036438,0.2146389782428741,0.3278968026313707
P168 (16).jpg,P168,0,-0.2426894456148147,0.4396236836910248,0.4664812678041768
P168 (17).jpg,P168,0,-0.3650577366352081,0.409735769033432,0.44967577030977435
P168 (18).jpg,P168,0,0.7312919497489929,0.6750887036323547,0.5997953631159505
P168 (19).jpg,P168,0,0.2348505556583404,0.5584442615509033,0.5324391655941839
P168 (2).jpg,P168,0,-0.6571291089057922,0.3413847982883453,0.41009337739613505
P168 (20).jpg,P168,0,-0.8362477421760559,0.3023256361484527,0.38634954828123025
P168 (21).jpg,P168,0,-0.742110550403595,0.3225427865982055,0.398768670750826
P168 (22).jpg,P168,0,-2.1081159114837646,0.1083104982972145,0.2375085026682998
P168 (23).jpg,P168,0,-3.2372000217437744,0.0377895720303058,0.14293880606191342
P168 (24).jpg,P168,0,-1.7552180290222168,0.1473902612924575,0.2746543319032931
P168 (25).jpg,P168,0,-1.154793381690979,0.239614650607109,0.34548860808408577
P168 (26).jpg,P168,0,-2.4574191570281982,0.0788976848125457,0.2042968643043527
P168 (27).jpg,P168,0,-1.316729187965393,0.2113629877567291,0.325518292327782
P168 (28).jpg,P168,0,-1.9848047494888303,0.1208075806498527,0.2500844808650351
P168 (29).jpg,P168,0,-1.5829864740371704,0.1703729331493377,0.29404017217534834
P168 (3).jpg,P168,0,1.9443671703338623,0.8748311400413513,0.7456961287393167
P168 (30).jpg,P168,0,-3.743616342544556,0.023121116682887,0.11191925134415102
P168 (31).jpg,P168,0,-6.287312030792236,0.0018562999321147,0.029925192096178325
P168 (32).jpg,P168,0,-4.83496618270874,0.0078843012452125,0.06445801029895183
P168 (33).jpg,P168,0,-5.524866104125977,0.0039705741219222,0.04492381836705775
P168 (34).jpg,P168,0,-5.76947546005249,0.0031116814352571,0.039461765292753914
P168 (35).jpg,P168,0,-5.448800086975098,0.0042830393649637,0.046764535294990486
P168 (36).jpg,P168,0,-4.2003703117370605,0.014768642373383,0.08915470548968424
P168 (37).jpg,P168,0,-3.603867530822754,0.026497047394514,0.11983810297421868
P168 (38).jpg,P168,0,-3.130995273590088,0.0418466813862323,0.15028962797760287
P168 (39).jpg,P168,0,-3.5372016429901123,0.0282720662653446,0.1237835178954003
P168 (4).jpg,P168,0,0.3190264105796814,0.57908695936203,0.5440138772105498
P168 (40).jpg,P168,0,-3.3115105628967285,0.0351784154772758,0.13797549693717912
P168 (41).jpg,P168,0,-2.483670711517334,0.0770108848810195,0.20194589239127425
P168 (42).jpg,P168,0,-2.996051549911499,0.0476045720279216,0.1600751553212255
P168 (43).jpg,P168,0,-2.9245293140411377,0.0509542264044284,0.16546750586689454
P168 (44).jpg,P168,0,-5.78609561920166,0.0030605494976043,0.039114679775608834
P168 (45).jpg,P168,0,-4.98923921585083,0.0067647704854607,0.059498121562546
P168 (46).jpg,P168,0,-6.087552070617676,0.0022658156231045,0.03330587183494937
P168 (47).jpg,P168,0,-5.568420886993408,0.0038019919302314,0.04390113426637085
P168 (48).jpg,P168,0,-6.666232585906982,0.0012715673074126,0.024403478841036278
P168 (49).jpg,P168,0,-6.088982582092285,0.0022625839337706,0.03328039829198215
P168 (5).jpg,P168,0,-0.0574196130037307,0.4856490194797516,0.4920583219619833
P168 (50).jpg,P168,0,-2.3114187717437744,0.0901816710829734,0.21774225058913688
P168 (51).jpg,P168,0,-2.26990818977356,0.0936460047960281,0.22167961190373128
P168 (52).jpg,P168,0,-2.8468034267425537,0.0548467859625816,0.17149165354643792
P168 (53).jpg,P168,0,-2.000896453857422,0.1191088259220123,0.24841845578140476
P168 (54).jpg,P168,0,-1.4260623455047607,0.1937129646539688,0.3123795105277814
P168 (55).jpg,P168,0,0.5304170250892639,0.6295803785324097,0.5728458095925708
P168 (56).jpg,P168,0,-1.5917766094207764,0.1691340804100036,0.29303162760919826
P168 (57).jpg,P168,0,0.0062696672976017,0.5015674233436584,0.5008672266207097
P168 (58).jpg,P168,0,0.1784383654594421,0.5444916486740112,0.5246617686709275
P168 (59).jpg,P168,0,-0.1811538338661193,0.4548349678516388,0.4749635523931802
P168 (6).jpg,P168,0,-2.712472438812256,0.0622413828969001,0.18231085005186246
P168 (60).jpg,P168,0,-0.6536825299263,0.342160165309906,0.41055477690481856
P168 (61).jpg,P168,0,0.9369972944259644,0.7184927463531494,0.6267796653629336
P168 (62).jpg,P168,0,0.169107973575592,0.5421764850616455,0.523374156977805
P168 (63).jpg,P168,0,-0.283168613910675,0.4296771287918091,0.46091171980758133
P168 (64).jpg,P168,0,-0.0701403319835662,0.482472151517868,0.49029932716712954
P168 (65).jpg,P168,0,-0.8452041745185852,0.3004398345947265,0.38517535486999044
P168 (66).jpg,P168,0,-1.1320818662643433,0.2437770962715149,0.3483355846895063
P168 (67).jpg,P168,0,-0.8891288638114929,0.2912896275520324,0.3794363653151911
P168 (68).jpg,P168,0,-2.619955539703369,0.0678651034832,0.1900660765979117
P168 (69).jpg,P168,0,-3.0334131717681885,0.0459390021860599,0.15731532596505604
P168 (7).jpg,P168,0,-0.9786949753761292,0.2731508314609527,0.36783945827800657
P168 (70).jpg,P168,0,-2.819812059402466,0.0562629103660583,0.17362391785214717
P168 (71).jpg,P168,0,-3.691548585891724,0.0243268124759197,0.11481477427622473
P168 (72).jpg,P168,0,-1.7683085203170776,0.145752802491188,0.2732137902771389
P168 (73).jpg,P168,0,-3.682964563369751,0.0245313867926597,0.11529835137144082
P168 (74).jpg,P168,0,-3.9148895740509033,0.0195528138428926,0.10284110484659463
P168 (75).jpg,P168,0,-3.088104724884033,0.0436006039381027,0.1533453138182507
P168 (76).jpg,P168,0,-3.9410905838012695,0.019056798890233,0.1015112573568791
P168 (77).jpg,P168,0,-1.842137575149536,0.1367986798286438,0.2651781482794679
P168 (78).jpg,P168,0,-0.8767450451850891,0.2938527464866638,0.38105104208054097
P168 (79).jpg,P168,0,-0.3045730888843536,0.424439936876297,0.4579705189387059
P168 (8).jpg,P168,0,-0.7229254245758057,0.3267490863800049,0.40131631427033887
P168 (9).jpg,P168,0,-0.6674383282661438,0.3390706777572632,0.4087142115132527
P184 (1).jpg,P184,0,-2.477370500564575,0.0774598941206932,0.2025082621952552
P184 (10).jpg,P184,0,-0.917021870613098,0.2855650782585144,0.3758093179751051
P184 (11).jpg,P184,0,-0.8614010810852051,0.2970467209815979,0.3830553307351074
P184 (12).jpg,P184,0,-0.9647573232650756,0.2759267091751098,0.369634458619347
P184 (13).jpg,P184,0,-1.0303573608398438,0.2630148231983185,0.36121818220496993
P184 (14).jpg,P184,0,-1.15394926071167,0.2397684752941131,0.34559422549111435
P184 (15).jpg,P184,0,-0.4220941662788391,0.3960157334804535,0.4418793750841089
P184 (16).jpg,P184,0,-0.2829608023166656,0.4297280609607696,0.46094028899569467
P184 (17).jpg,P184,0,-0.1178668886423111,0.4705673158168793,0.4837022938771799
P184 (18).jpg,P184,0,-1.792758822441101,0.1427348107099533,0.27053582404708554
P184 (19).jpg,P184,0,-0.6292879581451416,0.3476720154285431,0.4138249768954763
P184 (2).jpg,P184,0,-2.3679656982421875,0.085648313164711,0.21246027192749095
P184 (20).jpg,P184,0,-1.186925768852234,0.2338092178106308,0.341479574408183
P184 (21).jpg,P184,0,-1.1941986083984375,0.2325088530778885,0.340575281769182
P184 (22).jpg,P184,0,-1.0244823694229126,0.264155238866806,0.36196854880741475
P184 (23).jpg,P184,0,-0.5194720029830933,0.3729757070541382,0.4286366329955835
P184 (24).jpg,P184,0,0.8474165797233582,0.7000249028205872,0.6151144874986919
P184 (25).jpg,P184,0,0.4845277369022369,0.6188164949417114,0.5666219056367239
P184 (26).jpg,P184,0,1.0697709321975708,0.7445533871650696,0.6437981575816655
P184 (27).jpg,P184,0,-0.3494598567485809,0.4135134220123291,0.4518123455165904
P184 (28).jpg,P184,0,-1.9324100017547607,0.12648406624794,0.25556047011244815
P184 (29).jpg,P184,0,-2.696101188659668,0.0632038041949272,0.18366504030592415
P184 (3).jpg,P184,0,-1.4889051914215088,0.1840860992670059,0.30496011858591465
P184 (30).jpg,P184,0,-2.7968711853027344,0.0574934892356395,0.1754526192231322
P184 (31).jpg,P184,0,-2.331336975097656,0.0885606855154037,0.21587097361796093
P184 (32).jpg,P184,0,-2.2076845169067383,0.0990625396370887,0.22767650676054957
P184 (33).jpg,P184,0,-0.9887457489967346,0.2711598873138428,0.3665473064624663
P184 (34).jpg,P184,0,-3.1425940990448,0.0413840822875499,0.1494719403737466
P184 (35).jpg,P184,0,-2.437328100204468,0.0803701654076576,0.2061098296374541
P184 (36).jpg,P184,0,-3.480202436447144,0.0298808142542839,0.12724481375857022
P184 (37).jpg,P184,0,-2.840306520462036,0.0551845580339431,0.17200299110011708
P184 (38).jpg,P184,0,-2.197904348373413,0.0999388322234153,0.2286294164073507
P184 (39).jpg,P184,0,-2.5823915004730225,0.0702803060412406,0.19328615064506197
P184 (4).jpg,P184,0,-1.546955108642578,0.1755264848470688,0.2981953376238123
P184 (40).jpg,P184,0,-2.741773843765259,0.0605529174208641,0.17990650262678337
P184 (41).jpg,P184,0,-2.914154291152954,0.0514582805335521,0.16626170089410405
P184 (42).jpg,P184,0,-2.487597703933716,0.0767322108149528,0.20159595155197527
P184 (43).jpg,P184,0,-3.0986111164093018,0.0431645810604095,0.15259212572439487
P184 (44).jpg,P184,0,-2.183263063430786,0.1012635752558708,0.2300611964138299
P184 (45).jpg,P184,0,-3.5721755027771,0.0273269247263669,0.12169997386621917
P184 (46).jpg,P184,0,-3.120968580245972,0.0422505587339401,0.15099944833839685
P184 (47).jpg,P184,0,-3.3137755393981934,0.035101618617773,0.13782651391928405
P184 (48).jpg,P184,0,-3.109724998474121,0.0427078865468502,0.15179869175007302
P184 (49).jpg,P184,0,-3.797991991043091,0.021924290806055,0.10896371279605756
P184 (5).jpg,P184,0,-1.8208199739456177,0.1393355131149292,0.2674828043671154
P184 (50).jpg,P184,0,-4.174561977386475,0.0151489078998565,0.09032109958224321
P184 (51).jpg,P184,0,-4.0963969230651855,0.0163603816181421,0.09393797238036958
P184 (52).jpg,P184,0,-2.02273178100586,0.1168368086218833,0.24616968627426727
P184 (53).jpg,P184,0,-2.717325210571289,0.0619587413966655,0.18191093421771368
P184 (54).jpg,P184,0,-2.2359676361083984,0.096566766500473,0.22493658810511516
P184 (55).jpg,P184,0,-1.87025249004364,0.1335124969482422,0.26215810697190706
P184 (56).jpg,P184,0,-2.96329665184021,0.049111820757389,0.16252681892114293
P184 (57).jpg,P184,0,-3.359410524368286,0.0335883535444736,0.13485349529401064
P184 (58).jpg,P184,0,-2.3944904804229736,0.0835937857627868,0.21001507414097037
P184 (59).jpg,P184,0,-1.1061110496520996,0.2485966086387634,0.35160444220406084
P184 (6).jpg,P184,0,-3.184908866882324,0.0397375933825969,0.14651991829564165
P184 (60).jpg,P184,0,-0.6446423530578613,0.3441978991031647,0.4117657471064794
P184 (61).jpg,P184,0,-0.8364145159721375,0.3022904694080353,0.3863276720120472
P184 (62).jpg,P184,0,0.5262870788574219,0.6286167502403259,0.5722865834712979
P184 (63).jpg,P184,0,0.2415234148502349,0.5600890517234802,0.5333581668575308
P184 (64).jpg,P184,0,0.3717290461063385,0.5918766856193542,0.5512374942061822
P184 (65).jpg,P184,0,0.4481371641159057,0.6101962327957153,0.5616712126242589
P184 (66).jpg,P184,0,1.3667765855789185,0.7968588471412659,0.6805316991044051
P184 (67).jpg,P184,0,0.554916501045227,0.6352754831314087,0.5761593515034854
P184 (68).jpg,P184,0,0.788171648979187,0.6874386072158813,0.6073253374319054
P184 (69).jpg,P184,0,0.5259845852851868,0.6285461187362671,0.572245616262636
P184 (7).jpg,P184,0,-1.253966212272644,0.2220143228769302,0.3331882528358855
P184 (70).jpg,P184,0,-0.4539886713027954,0.3884128332138061,0.4375318735693284
P184 (71).jpg,P184,0,-0.2388363182544708,0.4405731558799743,0.467011879291447
P184 (72).jpg,P184,0,-0.7818120121955872,0.3139294981956482,0.39351412007202174
P184 (73).jpg,P184,0,0.8880704045295715,0.7084918022155762,0.620425730129021
P184 (74).jpg,P184,0,-0.7097197771072388,0.3296607732772827,0.40307303930007726
P184 (75).jpg,P184,0,0.0041754730045795,0.5010438561439514,0.500577555904064
P184 (76).jpg,P184,0,-0.7421668171882629,0.3225305080413818,0.3987612069181423
P184 (77).jpg,P184,0,-0.6511430144309998,0.3427319824695587,0.41089484702443113
P184 (78).jpg,P184,0,0.6969194412231445,0.6675044298171997,0.5952217766813166
P184 (79).jpg,P184,0,-1.6197526454925537,0.1652389913797378,0.289835298666336
P184 (8).jpg,P184,0,-1.456746220588684,0.1889654844999313,0.3087445594839674
P184 (80).jpg,P184,0,-0.9006848931312561,0.288909763097763,0.3779320242441184
P184 (81).jpg,P184,0,0.4123067557811737,0.6016408801078796,0.5567846946571346
P184 (82).jpg,P184,0,0.187172919511795,0.5466570854187012,0.5258668568632037
P184 (83).jpg,P184,0,0.1148424446582794,0.5286790728569031,0.5158797947761032
P184 (84).jpg,P184,0,-0.0968665480613708,0.4758023023605346,0.4866045155038914
P184 (85).jpg,P184,0,0.4868391454219818,0.6193615198135376,0.5669359192657415
P184 (86).jpg,P184,0,0.6069921851158142,0.6472543478012085,0.5831795082110892
P184 (87).jpg,P184,0,0.623779296875,0.6510775685310364,0.5854354989650069
P184 (9).jpg,P184,0,-0.7138714790344238,0.3287439346313476,0.4025204750704602
P191 (1).jpg,P191,0,-4.505171775817871,0.0109308864921331,0.07637562445374824
P191 (10).jpg,P191,0,-6.357305526733398,0.0017310308758169,0.02882121471257813
P191 (11).jpg,P191,0,-4.638668537139893,0.0095779402181506,0.07132555460557989
P191 (12).jpg,P191,0,-6.602386474609375,0.0013552861055359,0.025258776688390144
P191 (13).jpg,P191,0,-6.473423480987549,0.0015415509697049,0.02707634606323949
P191 (14).jpg,P191,0,-6.061939716339111,0.0023244614712893,0.033765156921203916
P191 (15).jpg,P191,0,-7.100093364715576,0.0008243477786891,0.019296018885650086
P191 (16).jpg,P191,0,-6.552418231964111,0.0014246290083974,0.025948466930558335
P191 (17).jpg,P191,0,-6.339213848114014,0.0017625776818022,0.02910272118502328
P191 (18).jpg,P191,0,-7.580618858337402,0.0005099851405248,0.014858119515864729
P191 (19).jpg,P191,0,-8.186372756958008,0.0002783444651868,0.010672094849834016
P191 (2).jpg,P191,0,-5.316940784454346,0.0048837764188647,0.050126399668728484
P191 (20).jpg,P191,0,-7.514549732208252,0.0005447984440252,0.015402787123134795
P191 (21).jpg,P191,0,-6.0504655838012695,0.0023512232583016,0.0339728900492825
P191 (22).jpg,P191,0,-6.786727428436279,0.0011273839045315,0.02286558375400226
P191 (23).jpg,P191,0,-6.4049248695373535,0.0016506653046235,0.02809283076016846
P191 (24).jpg,P191,0,-6.380387783050537,0.0016915992600843,0.02846588880193124
P191 (25).jpg,P191,0,-5.538215637207031,0.003918127156794,0.04460797628065917
P191 (26).jpg,P191,0,-6.761980056762695,0.0011555992532521,0.023173515155396902
P191 (27).jpg,P191,0,-6.200829029083252,0.0020236454438418,0.03134593926784367
P191 (28).jpg,P191,0,-6.146239757537842,0.0021369429305195,0.03227611214728995
P191 (29).jpg,P191,0,-7.404987812042236,0.0006078418227843,0.016349630102518473
P191 (3).jpg,P191,0,-6.411063194274902,0.0016405804781243,0.02800024956708111
P191 (30).jpg,P191,0,-6.238224506378174,0.0019495125161483,0.030723765980102704
P191 (31).jpg,P191,0,-7.796350479125977,0.00041106401477,0.013208474611565737
P191 (32).jpg,P191,0,-7.555515766143799,0.0005229426315054,0.015062795847656579
P191 (33).jpg,P191,0,-7.734955787658691,0.0004370806273072,0.013658623692161677
P191 (34).jpg,P191,0,-6.689034461975098,0.0012429369380697,0.024104914901847584
P191 (35).jpg,P191,0,-6.770964622497559,0.0011452749604359,0.02306125493866163
P191 (36).jpg,P191,0,-6.220495223999023,0.0019843149930238,0.03101723482462875
P191 (37).jpg,P191,0,-6.193668842315674,0.0020381575450301,0.03146645101376292
P191 (38).jpg,P191,0,-7.617028713226318,0.0004917596234008,0.014566113546098896
P191 (39).jpg,P191,0,-7.247637271881103,0.0007113479659892,0.01781033324521329
P191 (4).jpg,P191,0,-4.89359712600708,0.007438666652888,0.06252922040030134
P191 (40).jpg,P191,0,-6.899207592010498,0.001007568091154,0.021515636199603984
P191 (41).jpg,P191,0,-8.24520206451416,0.0002624461776576,0.010333849501950666
P191 (42).jpg,P191,0,-7.883707523345947,0.0003766913723666,0.012593096396904709
P191 (43).jpg,P191,0,-7.287466049194336,0.0006835916428826,0.017428911785876276
P191 (44).jpg,P191,0,-7.554078578948975,0.0005236943252384,0.015074597518041138
P191 (45).jpg,P191,0,-7.509252071380615,0.000547690608073,0.015447302248474055
P191 (46).jpg,P191,0,-6.909192562103272,0.0009975675493478,0.0213996367893267
P191 (47).jpg,P191,0,-6.028894424438477,0.0024023693986237,0.03436676734203462
P191 (48).jpg,P191,0,-7.144184589385986,0.000788818928413,0.01883974898645387
P191 (49).jpg,P191,0,-7.38250207901001,0.0006216558394953,0.016550918954983514
P191 (5).jpg,P191,0,-4.954150199890137,0.0070046610198915,0.0605938399305248
P191 (50).jpg,P191,0,-6.780486583709717,0.0011344336671754,0.022942859673746666
P191 (51).jpg,P191,0,-6.500144004821777,0.001500966376625,0.02668959763269442
P191 (52).jpg,P191,0,-6.621453285217285,0.0013297238619998,0.02500033973693466
P191 (53).jpg,P191,0,-7.291030406951904,0.0006811610073782,0.01739517133985479
P191 (54).jpg,P191,0,-5.268758296966553,0.0051236147992312,0.051411047332560016
P191 (55).jpg,P191,0,-5.318830966949463,0.0048745987005531,0.05007662822026765
P191 (56).jpg,P191,0,-5.524109840393066,0.0039735664613544,0.04494177476336087
P191 (57).jpg,P191,0,-7.345968723297119,0.0006447721389122,0.016883166672859714
P191 (58).jpg,P191,0,-6.176026821136475,0.0020743585191667,0.03176529642372767
P191 (59).jpg,P191,0,-6.1080098152160645,0.0022200350649654,0.03294335895501118
P191 (6).jpg,P191,0,-4.452491283416748,0.0115153603255748,0.07845730087960585
P191 (60).jpg,P191,0,-5.1983323097229,0.005495405755937,0.05334487809832764
P191 (61).jpg,P191,0,-4.705386161804199,0.0089653162285685,0.06891880593261443
P191 (62).jpg,P191,0,-4.217618942260742,0.0145197538658976,0.08838275530018844
P191 (63).jpg,P191,0,-4.287621021270752,0.0135514037683606,0.08531149214417814
P191 (64).jpg,P191,0,-5.513522148132324,0.0040156906470656,0.04519388351616978
P191 (65).jpg,P191,0,-6.7920002937316895,0.0011214616242796,0.02280049178760826
P191 (66).jpg,P191,0,-7.164195537567139,0.0007732028607279,0.018636176362475672
P191 (67).jpg,P191,0,-5.906155586242676,0.0027152409311383,0.03669305663967485
P191 (68).jpg,P191,0,-7.370344638824463,0.0006292549078352,0.016660763278601984
P191 (69).jpg,P191,0,-8.122198104858398,0.0002967872424051,0.01105357111714486
P191 (7).jpg,P191,0,-5.823252201080322,0.0029492455068975,0.03834928600261069
P191 (70).jpg,P191,0,-6.736777305603027,0.0011850586161017,0.02349127280317918
P191 (71).jpg,P191,0,-5.800025463104248,0.0030183396302163,0.03882603477188018
P191 (72).jpg,P191,0,-7.721697330474853,0.0004429116088431,0.013757804112102801
P191 (73).jpg,P191,0,-8.13109016418457,0.000294160679914,0.010999919609696797
P191 (74).jpg,P191,0,-5.870813846588135,0.0028126435354351,0.03739052338232165
P191 (75).jpg,P191,0,-4.758520603179932,0.0085053294897079,0.06705607648762642
P191 (8).jpg,P191,0,-5.13548469543457,0.0058497777208685,0.0551283879533367
P191 (9).jpg,P191,0,-5.39067268371582,0.0045382161624729,0.04821927526015324
P013 (1).jpg,P013,1,-0.3952153027057647,0.4024624228477478,0.44555015859126623
P013 (10).jpg,P013,1,-4.119368553161621,0.0159947834908962,0.09286175991514946
P013 (11).jpg,P013,1,-3.2341365814208984,0.0379011183977127,0.1431465760189096
P013 (12).jpg,P013,1,-3.700160264968872,0.0241232477128505,0.11433141377995833
P013 (13).jpg,P013,1,-3.042560338973999,0.0455397553741931,0.1566455681340181
P013 (14).jpg,P013,1,-1.4659547805786133,0.1875582486391067,0.3076582484163919
P013 (15).jpg,P013,1,-2.6307191848754883,0.0671873614192009,0.18915099471935234
P013 (16).jpg,P013,1,-1.7187752723693848,0.1520289927721023,0.27868943137141816
P013 (17).jpg,P013,1,-1.2672375440597534,0.2197305113077163,0.33155887282215535
P013 (18).jpg,P013,1,-0.2761131227016449,0.4314069449901581,0.4618818257181822
P013 (19).jpg,P013,1,-1.4656695127487185,0.187601700425148,0.30769186887240285
P013 (2).jpg,P013,1,-2.648410558700561,0.0660870447754859,0.1876542910293783
P013 (20).jpg,P013,1,-0.6102539300918579,0.3520012497901916,0.41638187571267055
P013 (21).jpg,P013,1,-0.9388694763183594,0.2811287343502044,0.372978053446001
P013 (22).jpg,P013,1,-1.4801974296569824,0.18539759516716,0.30598227013501156
P013 (23).jpg,P013,1,-2.3074517250061035,0.090507686138153,0.2181163417079275
P013 (24).jpg,P013,1,-1.9119079113006592,0.128766655921936,0.2577245385711586
P013 (25).jpg,P013,1,-1.7977099418640137,0.1421300619840622,0.2699955582105418
P013 (26).jpg,P013,1,-1.553593993186951,0.1745677888393402,0.29742720104112585
P013 (27).jpg,P013,1,-1.3389545679092407,0.2076820284128189,0.3228242338525759
P013 (28).jpg,P013,1,-1.3595633506774902,0.2043112963438034,0.32033659566030476
P013 (29).jpg,P013,1,-0.5474247932434082,0.3664620816707611,0.42485318591701554
P013 (3).jpg,P013,1,-3.493105173110962,0.0295090470463037,0.12645412255417948
P013 (30).jpg,P013,1,-2.430816173553467,0.0808527916669845,0.20669999918506407
P013 (31).jpg,P013,1,-0.5510289072990417,0.3656257092952728,0.42436599471401204
P013 (32).jpg,P013,1,-2.3284878730773926,0.0887909233570098,0.21613792537502055
P013 (33).jpg,P013,1,-0.5533066391944885,0.3650976121425628,0.42405817480749886
P013 (34).jpg,P013,1,0.2400248348712921,0.5597197413444519,0.5331517985205575
P013 (35).jpg,P013,1,-1.5032967329025269,0.1819343417882919,0.3032749925856669
P013 (36).jpg,P013,1,-0.807708740234375,0.3083789646625519,0.39009979473469814
P013 (37).jpg,P013,1,-0.376830130815506,0.4068916738033294,0.4480644288493831
P013 (38).jpg,P013,1,-0.7064940333366394,0.330374002456665,0.40350253454912693
P013 (39).jpg,P013,1,-0.4572207629680633,0.3876453340053558,0.43709183455129114
P013 (4).jpg,P013,1,-3.3016111850738525,0.0355159565806388,0.13862823498253765
P013 (40).jpg,P013,1,-0.9144538044929504,0.2860893309116363,0.3761426800015234
P013 (41).jpg,P013,1,-0.7144110798835754,0.3286248743534088,0.40244867588491134
P013 (42).jpg,P013,1,-1.127761960029602,0.2445743530988693,0.34887833734210644
P013 (43).jpg,P013,1,-1.7920831441879272,0.1428175121545791,0.27060960673553097
P013 (44).jpg,P013,1,-0.94358092546463,0.2801775634288788,0.3723686217531659
P013 (45).jpg,P013,1,0.6002981066703796,0.6457244753837585,0.5822789247532394
P013 (46).jpg,P013,1,0.2623953223228454,0.5652250051498413,0.5362312037254694
P013 (47).jpg,P013,1,0.4501605629920959,0.6106774210929871,0.5619468144988395
P013 (48).jpg,P013,1,-0.093368723988533,0.476674735546112,0.48708800361240606
P013 (49).jpg,P013,1,-0.3023940026760101,0.4249723851680755,0.45826981798260796
P013 (5).jpg,P013,1,-4.060904026031494,0.0169414728879928,0.09562278659854856
P013 (50).jpg,P013,1,0.3856590092182159,0.5952372550964355,0.5531433068107979
P013 (51).jpg,P013,1,1.3142868280410769,0.7882296442985535,0.674184947157392
P013 (52).jpg,P013,1,-0.0154433064162731,0.4961392879486084,0.4978638773403133
P013 (53).jpg,P013,1,-1.5303469896316528,0.1779429167509079,0.30012192679088734
P013 (54).jpg,P013,1,0.95836740732193,0.7227948307991028,0.6295413874151887
P013 (55).jpg,P013,1,0.1876411437988281,0.5467731356620789,0.5259314484079457
P013 (56).jpg,P013,1,0.636631429195404,0.6539915800094604,0.5871602614290964
P013 (57).jpg,P013,1,0.7998301982879639,0.6899381875991821,0.6088625901220327
P013 (58).jpg,P013,1,0.4517971873283386,0.611066460609436,0.5621697068693329
P013 (59).jpg,P013,1,-0.2623906135559082,0.4347761273384094,0.4637694441766124
P013 (6).jpg,P013,1,-2.55152440071106,0.0723241344094276,0.1959630674490909
P013 (60).jpg,P013,1,-0.6338158845901489,0.3466458022594452,0.4132174046482401
P013 (7).jpg,P013,1,-2.4419195652008057,0.0800314620137214,0.2056944601558361
P013 (8).jpg,P013,1,-2.650961399078369,0.0659297779202461,0.18743924089056935
P013 (9).jpg,P013,1,-2.7137482166290283,0.0621669627726078,0.1822056473404
P026 (1).jpg,P026,1,-1.1729329824447632,0.2363252341747284,0.34322265660830575
P026 (10).jpg,P026,1,-0.247696578502655,0.4383905231952667,0.46579185248939914
P026 (11).jpg,P026,1,0.7223508358001709,0.6731244921684265,0.5986073015304078
P026 (12).jpg,P026,1,0.6479032635688782,0.6565377712249756,0.5886711897606101
P026 (13).jpg,P026,1,-1.4069502353668213,0.1967155337333679,0.3146553779207884
P026 (14).jpg,P026,1,-0.8651533126831055,0.2962637841701507,0.3825648292660452
P026 (2).jpg,P026,1,-0.6019607186317444,0.3538952171802521,0.41749734536611316
P026 (3).jpg,P026,1,-0.7834709286689758,0.3135723173618316,0.3932950860435789
P026 (4).jpg,P026,1,-1.3937753438949585,0.1988057196140289,0.31622945130939467
P026 (5).jpg,P026,1,-2.545645236968994,0.0727195888757705,0.1964760985051617
P026 (6).jpg,P026,1,-1.8643419742584229,0.1341977566480636,0.2627911570253294
P026 (7).jpg,P026,1,-1.9030500650405884,0.129763662815094,0.2586632079466138
P026 (8).jpg,P026,1,-1.7866687774658203,0.1434816271066665,0.2712013014170506
P026 (9).jpg,P026,1,-0.5152132511138916,0.3739722073078155,0.42921380516209773
P156 (1).jpg,P156,1,0.5801554322242737,0.6411031484603882,0.5795657545305805
P156 (10).jpg,P156,1,-0.6458833813667297,0.3439178168773651,0.4115994424464165
P156 (11).jpg,P156,1,-1.9812136888504028,0.1211895123124122,0.25045728945836176
P156 (12).jpg,P156,1,-0.6201349496841431,0.3497507572174072,0.41505395755216984
P156 (13).jpg,P156,1,0.0232228897511959,0.5058054327964783,0.5032121722526784
P156 (14).jpg,P156,1,-0.7853787541389465,0.3131617903709411,0.39304324051003736
P156 (15).jpg,P156,1,-1.2970850467681885,0.2146560251712799,0.327909114369256
P156 (16).jpg,P156,1,-0.76555335521698,0.3174417912960052,0.39566307594899525
P156 (17).jpg,P156,1,-1.454014539718628,0.1893844902515411,0.3090672170423696
P156 (18).jpg,P156,1,-0.7465774416923523,0.3215675354003906,0.39817628079611495
P156 (19).jpg,P156,1,-0.821289598941803,0.3054899871349334,0.388313513932605
P156 (2).jpg,P156,1,0.4484416544437408,0.6102686524391174,0.5617126888930367
P156 (20).jpg,P156,1,-0.701553463935852,0.3314678966999054,0.404160638819225
P156 (21).jpg,P156,1,-1.2907272577285769,0.2157297432422638,0.3286848230914911
P156 (22).jpg,P156,1,-0.5162315368652344,0.3737338185310364,0.4290757832593163
P156 (23).jpg,P156,1,-0.9740834832191468,0.2740673124790191,0.368432959940453
P156 (24).jpg,P156,1,-0.8623281717300415,0.2968531548976898,0.3829341168428606
P156 (25).jpg,P156,1,-1.588945746421814,0.1695322692394256,0.2933562082291087
P156 (26).jpg,P156,1,-0.8512696623802185,0.299166589975357,0.38438092365380766
P156 (27).jpg,P156,1,-0.7937079071998596,0.3113730847835541,0.3919444050129525
P156 (28).jpg,P156,1,-1.0504132509231567,0.2591457366943359,0.35866171709817296
P156 (29).jpg,P156,1,-1.3893250226974487,0.1995155215263366,0.3167621099009089
P156 (3).jpg,P156,1,0.0926328152418136,0.5231416821479797,0.5128102720045685
P156 (30).jpg,P156,1,-0.5577048659324646,0.3640786707401275,0.4234639514222617
P156 (31).jpg,P156,1,-0.7363206744194031,0.3238092362880707,0.3995369532059487
P156 (32).jpg,P156,1,-0.9681620001792908,0.2752470076084137,0.36919564248669057
P156 (33).jpg,P156,1,-0.7876462340354919,0.3126742839813232,0.3927439921816129
P156 (34).jpg,P156,1,-0.6942415833473206,0.3330901861190796,0.4051352438594467
P156 (35).jpg,P156,1,-0.6108865141868591,0.3518570363521576,0.41629682564300996
P156 (36).jpg,P156,1,-1.01753830909729,0.2655071914196014,0.36285632763592796
P156 (37).jpg,P156,1,-1.127854824066162,0.2445572167634964,0.3488666657832171
P156 (38).jpg,P156,1,-1.3166717290878296,0.2113725692033767,0.32552527229934713
P156 (39).jpg,P156,1,-1.009935975074768,0.2669923901557922,0.3638293381064807
P156 (4).jpg,P156,1,0.0895735621452331,0.5223784446716309,0.5123873813454494
P156 (40).jpg,P156,1,-0.7583993673324585,0.318993866443634,0.396609923831372
P156 (41).jpg,P156,1,-1.470122218132019,0.1869240403175354,0.3071673247597094
P156 (42).jpg,P156,1,-1.0827692747116089,0.2529823184013366,0.35455431887390965
P156 (43).jpg,P156,1,-1.004972219467163,0.2679649293422699,0.3644652434123112
P156 (44).jpg,P156,1,-0.4469237923622131,0.3900924026966095,0.4384940758371941
P156 (45).jpg,P156,1,-0.6118672490119934,0.3516333699226379,0.4161649770353595
P156 (46).jpg,P156,1,-0.8090900182723999,0.3080844283103943,0.3899179805997262
P156 (47).jpg,P156,1,-1.4192153215408323,0.1947846263647079,0.3131938209695719
P156 (48).jpg,P156,1,-1.082219123840332,0.2530862987041473,0.3546239802485939
P156 (49).jpg,P156,1,-0.5982526540756226,0.3547435402870178,0.417996368650168
P156 (5).jpg,P156,1,0.884657084941864,0.7077863216400146,0.6199808830903097
P156 (50).jpg,P156,1,-0.540291965007782,0.3681196570396423,0.42581780566325184
P156 (51).jpg,P156,1,-1.2971359491348269,0.214647427201271,0.3279029075957734
P156 (52).jpg,P156,1,-0.6456359028816223,0.3439736664295196,0.41163260432237847
P156 (53).jpg,P156,1,0.1128053963184356,0.5281714797019958,0.5155983071417737
P156 (54).jpg,P156,1,-0.3769035339355469,0.4068739414215088,0.4480543852128464
P156 (55).jpg,P156,1,-0.8249436020851135,0.3047152757644653,0.38783341511076863
P156 (56).jpg,P156,1,-0.6654056906700134,0.3395263254642486,0.4089860245034725
P156 (6).jpg,P156,1,0.3644896745681762,0.5901268124580383,0.550246449444806
P156 (7).jpg,P156,1,0.2517976760864258,0.5626189112663269,0.5347727166501958
P156 (8).jpg,P156,1,0.0662130862474441,0.5165472030639648,0.5091576449917183
P156 (9).jpg,P156,1,-0.8577583432197571,0.297807902097702,0.3835317468096222
P157 (1).jpg,P157,1,-2.243043899536133,0.0959511697292327,0.22425474907407428
P157 (2).jpg,P157,1,-4.222837924957275,0.0144452648237347,0.088150375555976
P157 (3).jpg,P157,1,-0.5432526469230652,0.3674312233924866,0.42541734399443165
P157 (4).jpg,P157,1,-0.3755300343036651,0.4072054326534271,0.44824232607821596
P157 (5).jpg,P157,1,-0.3921928703784942,0.4031895101070404,0.445963304473951
P205 (1).jpg,P205,1,2.0146076679229736,0.8823222517967224,0.7529952344179763
P205 (10).jpg,P205,1,0.4419761002063751,0.6087297797203064,0.5608317965248358
P205 (11).jpg,P205,1,1.723354458808899,0.8485604524612427,0.7218195899516031
P205 (12).jpg,P205,1,0.8559064269065857,0.7018046379089355,0.6162259641795534
P205 (13).jpg,P205,1,0.892825186252594,0.7094728350639343,0.6210450683256277
P205 (14).jpg,P205,1,1.0268529653549194,0.736305296421051,0.6383343100707797
P205 (15).jpg,P205,1,1.1584304571151731,0.76104736328125,0.6549662926324118
P205 (16).jpg,P205,1,1.3697924613952637,0.7973466515541077,0.6808943654109846
P205 (17).jpg,P205,1,1.0448813438415527,0.7397907376289368,0.6406339415725055
P205 (18).jpg,P205,1,1.5317107439041138,0.8222565054893494,0.7000365403619806
P205 (19).jpg,P205,1,1.0927685499191284,0.7489026784896851,0.6467107352379065
P205 (2).jpg,P205,1,0.9725337624549866,0.7256242632865906,0.6313675005568562
P205 (20).jpg,P205,1,1.3366392850875854,0.7919367551803589,0.6768956625804796
P205 (21).jpg,P205,1,1.5949591398239136,0.8313126564025879,0.7073330232309972
P205 (22).jpg,P205,1,-0.9128270745277404,0.2864216864109039,0.37635390741244346
P205 (23).jpg,P205,1,1.6399234533309937,0.8375245332717896,0.7124564144453492
P205 (24).jpg,P205,1,0.6178740859031677,0.6497349143028259,0.5846423112601461
P205 (25).jpg,P205,1,1.8356451988220213,0.8624328374862671,0.7341213035016307
P205 (26).jpg,P205,1,0.9716916680336,0.7254565358161926,0.6312590550055764
P205 (27).jpg,P205,1,1.6574264764785769,0.8398922085762024,0.7144362429431309
P205 (28).jpg,P205,1,1.3302127122879028,0.7908758521080017,0.6761175090739467
P205 (29).jpg,P205,1,1.4986666440963743,0.8173755407333374,0.6961834374902479
P205 (3).jpg,P205,1,0.962760865688324,0.7236742377281189,0.6301081250864804
P205 (30).jpg,P205,1,-0.0826165080070495,0.4793575704097748,0.48857438028958083
P205 (31).jpg,P205,1,1.2568142414093018,0.7784771919250488,0.6671617500708964
P205 (32).jpg,P205,1,2.3135769367218018,0.9099951982498168,0.7824610690609717
P205 (33).jpg,P205,1,1.2815556526184082,0.7827144861221313,0.6701945094078453
P205 (34).jpg,P205,1,0.3446871936321258,0.5853286385536194,0.5475335431556965
P205 (35).jpg,P205,1,-0.3632949292659759,0.4101621806621551,0.44991714559146445
P205 (36).jpg,P205,1,-0.8346448540687561,0.3026638329029083,0.38655982778941317
P205 (37).jpg,P205,1,0.4786210358142853,0.6174222230911255,0.5658192153223255
P205 (38).jpg,P205,1,-0.9243112206459044,0.2840802669525146,0.3748637252920446
P205 (39).jpg,P205,1,0.2027940601110458,0.5505254864692688,0.5280213127326545
P205 (4).jpg,P205,1,2.7204301357269287,0.9382214546203612,0.8183445838998462
P205 (40).jpg,P205,1,-1.2745517492294312,0.2184790521860122,0.33066259436463036
P205 (41).jpg,P205,1,-0.5948083400726318,0.3555323481559753,0.41846004742367676
P205 (42).jpg,P205,1,1.6823712587356567,0.8432183265686035,0.7172436443996484
P205 (43).jpg,P205,1,0.90735125541687,0.7124578356742859,0.6229347240571391
P205 (44).jpg,P205,1,0.7960678935050964,0.6891327500343323,0.6083667411429986
P205 (45).jpg,P205,1,2.004305124282837,0.8812482953071594,0.7519334994041459
P205 (46).jpg,P205,1,2.969178915023804,0.9511621594429016,0.837915679584167
P205 (47).jpg,P205,1,2.016425371170044,0.8825108408927917,0.7531822417141529
P205 (48).jpg,P205,1,2.159899950027466,0.8965902924537659,0.7676411168450364
P205 (49).jpg,P205,1,2.9546163082122803,0.9504812359809875,0.8368184167291585
P205 (5).jpg,P205,1,0.9459428191184998,0.7202985286712646,0.6279367396238719
P205 (50).jpg,P205,1,2.413336038589477,0.9178386330604552,0.7917096184941226
P205 (51).jpg,P205,1,2.750966787338257,0.9399678707122804,0.8208427114401382
P205 (52).jpg,P205,1,2.238607883453369,0.9036633372306824,0.7753179870034731
P205 (53).jpg,P205,1,2.2068850994110107,0.9008660316467284,0.7722457089385093
P205 (54).jpg,P205,1,3.12009596824646,0.9577140808105468,0.8489386465912364
P205 (55).jpg,P205,1,2.873281717300415,0.9465097188949584,0.8305798492522801
P205 (56).jpg,P205,1,1.228814721107483,0.7736110687255859,0.6637128477038565
P205 (57).jpg,P205,1,3.737159490585327,0.9767325520515442,0.8877251757356233
P205 (58).jpg,P205,1,1.387426495552063,0.8001810908317566,0.683010509150855
P205 (59).jpg,P205,1,0.4216032326221466,0.6038668155670166,0.5580536349131612
P205 (6).jpg,P205,1,2.1553025245666504,0.896163284778595,0.7671870955016724
P205 (60).jpg,P205,1,-0.1428790390491485,0.4643408954143524,0.4802470951077715
P205 (61).jpg,P205,1,1.3595257997512815,0.7956826090812683,0.6796588808745424
P205 (62).jpg,P205,1,0.89408940076828,0.7097333073616028,0.6212096733921535
P205 (63).jpg,P205,1,4.193007946014404,0.9851238131523132,0.9105139485821232
P205 (64).jpg,P205,1,2.0701301097869877,0.8879659175872803,0.7586643916206458
P205 (65).jpg,P205,1,-2.414743423461914,0.0820553302764892,0.2081620013535264
P205 (66).jpg,P205,1,-1.5546668767929075,0.1744132488965988,0.29730317270324613
P205 (67).jpg,P205,1,0.7230943441390991,0.673288106918335,0.5987061405050317
P205 (68).jpg,P205,1,1.1645349264144895,0.7621557712554932,0.6557291603860113
P205 (69).jpg,P205,1,0.5479755401611328,0.6336657404899597,0.5752212715498787
P205 (7).jpg,P205,1,0.4729636013507843,0.6160849928855896,0.5650500751675622
P205 (70).jpg,P205,1,2.5910520553588867,0.9302834868431092,0.8074599129661166
P205 (71).jpg,P205,1,0.5935125946998596,0.6441706418991089,0.5813654800196595
P205 (72).jpg,P205,1,0.6854386925697327,0.6649514436721802,0.593690421266251
P205 (8).jpg,P205,1,2.132427930831909,0.8940153121948242,0.7649189259003647
P205 (9).jpg,P205,1,0.6710548996925354,0.6617393493652344,0.5917692738062902
P041 (1).jpg,P041,1,2.436256170272827,0.9195505380630492,0.7937931082474419
P041 (10).jpg,P041,1,1.0844217538833618,0.747329831123352,0.6456548847612467
P041 (11).jpg,P041,1,1.9502300024032595,0.8754717111587524,0.7463107739113106
P041 (12).jpg,P041,1,0.7495148181915283,0.6790729761123657,0.602213105690307
P041 (13).jpg,P041,1,-0.5405524969100952,0.3680590689182281,0.4257825622196607
P041 (14).jpg,P041,1,0.7369660139083862,0.6763320565223694,0.6005487041035406
P041 (15).jpg,P041,1,0.1728736162185669,0.5431110858917236,0.5238938611337355
P041 (16).jpg,P041,1,1.0344018936157229,0.7377684116363525,0.6392980011594512
P041 (17).jpg,P041,1,1.4022825956344604,0.8025458455085754,0.684787439261564
P041 (18).jpg,P041,1,0.9883812069892884,0.7287680506706238,0.6334058605329426
P041 (19).jpg,P041,1,-1.4941190481185913,0.1833042800426483,0.3043490136219823
P041 (2).jpg,P041,1,2.255922317504883,0.9051601886749268,0.7769823871474322
P041 (20).jpg,P041,1,-0.9556477665901184,0.2777504324913025,0.3708096138105672
P041 (21).jpg,P041,1,-1.06625235080719,0.2561164498329162,0.3566484061845551
P041 (22).jpg,P041,1,0.1135215759277343,0.5283499360084534,0.5156972728937448
P041 (23).jpg,P041,1,-1.704799771308899,0.15383942425251,0.2802464735521127
P041 (24).jpg,P041,1,-1.1148796081542969,0.2469622939825058,0.3504991993531534
P041 (25).jpg,P041,1,0.2250118553638458,0.5560168027877808,0.5310837577117572
P041 (26).jpg,P041,1,-4.851544380187988,0.0077556753531098,0.0639070866165396
P041 (27).jpg,P041,1,-4.437292098999023,0.0116896592080593,0.0790674800282108
P041 (28).jpg,P041,1,-3.9256763458251953,0.0193470939993858,0.10229175798879556
P041 (29).jpg,P041,1,-3.3920791149139404,0.0325439311563968,0.13275860102586443
P041 (3).jpg,P041,1,1.3506742715835571,0.79423987865448,0.6785916659458225
P041 (30).jpg,P041,1,-0.8062067031860352,0.3086994290351867,0.39029753873722706
P041 (31).jpg,P041,1,-1.504652738571167,0.1817326098680496,0.30311648723702767
P041 (32).jpg,P041,1,-1.4054348468780518,0.1969550848007202,0.3148362136132268
P041 (33).jpg,P041,1,-1.460555911064148,0.1883823126554489,0.30829488225638024
P041 (34).jpg,P041,1,-2.243039846420288,0.095951534807682,0.22425513919441234
P041 (35).jpg,P041,1,-1.774685263633728,0.1449606269598007,0.2725137726821305
P041 (36).jpg,P041,1,-2.605233669281006,0.0688023492693901,0.19132315131296904
P041 (37).jpg,P041,1,-4.105139255523682,0.016220286488533,0.09352708581033166
P041 (38).jpg,P041,1,-4.684597492218018,0.0091519197449088,0.06966055061617968
P041 (39).jpg,P041,1,-3.396624088287353,0.0324011370539665,0.13246934565315588
P041 (4).jpg,P041,1,1.9437153339385984,0.8747597336769104,0.7456277312000053
P041 (5).jpg,P041,1,1.187589406967163,0.7663096785545349,0.6586029891787197
P041 (6).jpg,P041,1,1.6697922945022583,0.8415481448173523,0.7158300400403371
P041 (7).jpg,P041,1,1.6764870882034302,0.842438817024231,0.716582920902106
P041 (8).jpg,P041,1,0.2737124562263489,0.5680040717124939,0.5377880246487783
P041 (9).jpg,P041,1,0.2933751940727234,0.5728222131729126,0.5404911243128864
P100 (1).jpg,P100,1,3.4713075160980225,0.9698601961135864,0.8722076414089395
P100 (10).jpg,P100,1,3.7576208114624015,0.9771931171417236,0.8888485807948794
P100 (100).jpg,P100,1,1.357559323310852,0.7953627109527588,0.679421947727806
P100 (101).jpg,P100,1,2.238118886947632,0.9036207795143129,0.7752708529487166
P100 (102).jpg,P100,1,0.8155360817909241,0.6932879686355591,0.6109300932392425
P100 (103).jpg,P100,1,-0.1362376511096954,0.465993195772171,0.4811643712294271
P100 (104).jpg,P100,1,-0.13096384704113,0.4673057794570923,0.48189285408945304
P100 (105).jpg,P100,1,-0.2761847972869873,0.4313893616199493,0.4618719692437769
P100 (106).jpg,P100,1,-1.281784176826477,0.2172466665506363,0.32977754391708225
P100 (107).jpg,P100,1,-1.1781686544418335,0.2353816330432891,0.3425699506480236
P100 (108).jpg,P100,1,-0.7483729720115662,0.3211759328842163,0.3979382451510196
P100 (109).jpg,P100,1,-1.466616988182068,0.1874573528766632,0.30758021130749985
P100 (11).jpg,P100,1,3.25041127204895,0.962687849998474,0.8579543358880583
P100 (110).jpg,P100,1,0.7064273953437805,0.6696112751960754,0.5964885912990515
P100 (111).jpg,P100,1,-1.4512783288955688,0.1898049116134643,0.30939059640372957
P100 (112).jpg,P100,1,-2.1096694469451904,0.1081605404615402,0.23735287533811372
P100 (113).jpg,P100,1,-2.589843988418579,0.0697949081659317,0.1926440242092249
P100 (114).jpg,P100,1,-3.350594282150269,0.0338757112622261,0.13542360348262295
P100 (115).jpg,P100,1,-1.9501855373382568,0.1245331242680549,0.25369388400659654
P100 (116).jpg,P100,1,-2.6461181640625,0.0662286654114723,0.18784771457213176
P100 (117).jpg,P100,1,-2.660608053207397,0.0653381869196891,0.18662768830334783
P100 (118).jpg,P100,1,-1.3322967290878296,0.2087797224521637,0.32363004337123374
P100 (119).jpg,P100,1,-1.584680676460266,0.1701336055994033,0.2938456287231923
P100 (12).jpg,P100,1,3.0912652015686035,0.9565310478210448,0.8468815758178656
P100 (120).jpg,P100,1,0.2145938724279403,0.5534435510635376,0.5296480465186187
P100 (121).jpg,P100,1,0.7073377966880798,0.6698126792907715,0.5966098235770648
P100 (122).jpg,P100,1,0.9420703649520874,0.7195176482200623,0.6274360294734954
P100 (123).jpg,P100,1,-0.9002460837364197,0.2889999449253082,0.377989104887049
P100 (124).jpg,P100,1,-0.3441777527332306,0.4147949814796448,0.452536287364115
P100 (125).jpg,P100,1,-2.0506272315979004,0.1139890179038047,0.2433168069163354
P100 (126).jpg,P100,1,-2.1640119552612305,0.1030291020870208,0.2319533231257798
P100 (127).jpg,P100,1,-1.4673428535461426,0.1873468160629272,0.30749468516152256
P100 (128).jpg,P100,1,0.067333698272705,0.5168271064758301,0.5093125964368755
P100 (129).jpg,P100,1,-0.6037975549697876,0.3534753620624542,0.4172502104139959
P100 (13).jpg,P100,1,1.8168333768844604,0.8601857423782349,0.7320847941415729
P100 (130).jpg,P100,1,1.4150890111923218,0.8045673966407776,0.6863148834355854
P100 (131).jpg,P100,1,2.2943882942199707,0.9084112048149108,0.780648507559399
P100 (132).jpg,P100,1,1.5385617017745972,0.8232554793357849,0.7008318920305213
P100 (133).jpg,P100,1,-0.4252537190914154,0.3952602446079254,0.44144829126638
P100 (134).jpg,P100,1,2.3043458461761475,0.9092363119125366,0.7815904517220069
P100 (135).jpg,P100,1,0.779579222202301,0.6855894327163696,0.6061910072708344
P100 (14).jpg,P100,1,0.6128731966018677,0.648595929145813,0.5839702486788546
P100 (15).jpg,P100,1,2.412320852279663,0.9177619814872742,0.7916169780614926
P100 (16).jpg,P100,1,2.779939889907837,0.9415821433067322,0.82318802416637
P100 (17).jpg,P100,1,1.8011733293533323,0.8582916855812073,0.7303819620246668
P100 (18).jpg,P100,1,0.5513952374458313,0.6344592571258545,0.5756835162691534
P100 (19).jpg,P100,1,0.5636463761329651,0.6372957825660706,0.5773384259008447
P100 (2).jpg,P100,1,5.67521333694458,0.9965818524360656,0.9585131899811175
P100 (20).jpg,P100,1,1.9562419652938845,0.876125693321228,0.7469400344270253
P100 (21).jpg,P100,1,1.5020869970321655,0.8178855776786804,0.6965835602443667
P100 (22).jpg,P100,1,-2.507242202758789,0.0753520354628562,0.1998522045665107
P100 (23).jpg,P100,1,-1.105492353439331,0.2487121969461441,0.35168248672720864
P100 (24).jpg,P100,1,-2.806328058242798,0.0569831728935241,0.17469694657897114
P100 (25).jpg,P100,1,-2.231419801712036,0.0969642475247383,0.22537557441342998
P100 (26).jpg,P100,1,-2.5782415866851807,0.0705519542098045,0.1936444232662055
P100 (27).jpg,P100,1,-0.4895726442337036,0.3799942433834076,0.43269279393135524
P100 (28).jpg,P100,1,-0.9673354625701904,0.2754119038581848,0.3693021519937815
P100 (29).jpg,P100,1,-0.8211350440979004,0.3055227696895599,0.3883338256521405
P100 (3).jpg,P100,1,4.145229816436768,0.9844071865081788,0.9083365760777289
P100 (30).jpg,P100,1,0.1787275373935699,0.5445632934570312,0.5247016697942266
P100 (31).jpg,P100,1,-2.5515477657318115,0.0723225772380828,0.1959610305795063
P100 (32).jpg,P100,1,-3.229231834411621,0.0380803756415843,0.14347975159092613
P100 (33).jpg,P100,1,-3.897050142288208,0.0198977515101432,0.10375536106042206
P100 (34).jpg,P100,1,-3.416858434677124,0.0317727327346801,0.1311880477399332
P100 (35).jpg,P100,1,-2.9899709224700928,0.0478810183703899,0.16052800892332952
P100 (36).jpg,P100,1,-4.381927013397217,0.0123468935489654,0.08132697897052145
P100 (37).jpg,P100,1,-3.484748125076294,0.0297493208199739,0.12696576920190927
P100 (38).jpg,P100,1,-3.712469339370728,0.0238351672887802,0.11364360160011233
P100 (39).jpg,P100,1,-4.249545097351074,0.0140699353069067,0.08696983482959861
P100 (4).jpg,P100,1,2.9348161220550537,0.949540913105011,0.8353169307484153
P100 (40).jpg,P100,1,-4.188918590545654,0.0149362003430724,0.0896705736617546
P100 (41).jpg,P100,1,-3.0913732051849365,0.0434645116329193,0.15311067549790988
P100 (42).jpg,P100,1,-2.131119728088379,0.1061087399721145,0.2352112527982902
P100 (43).jpg,P100,1,-3.044067859649658,0.0454742722213268,0.15653541022873171
P100 (44).jpg,P100,1,-2.320641279220581,0.0894278213381767,0.21687436168071383
P100 (45).jpg,P100,1,-1.5056421756744385,0.1815855205059051,0.3030008601310271
P100 (46).jpg,P100,1,-3.841716289520264,0.0210060216486454,0.10663702241210765
P100 (47).jpg,P100,1,-3.2200968265533447,0.0384164080023765,0.14410200611450236
P100 (48).jpg,P100,1,-3.3235363960266118,0.0347725190222263,0.13718602115564388
P100 (49).jpg,P100,1,-4.087477207183838,0.0165045466274023,0.09435886273114133
P100 (5).jpg,P100,1,4.368021965026856,0.9874824285507202,0.918096366607383
P100 (50).jpg,P100,1,-3.992790937423706,0.0181139837950468,0.09893186628454971
P100 (51).jpg,P100,1,-4.4401702880859375,0.0116564538329839,0.07895160163846456
P100 (52).jpg,P100,1,-4.541806221008301,0.0105418311432003,0.0749580026207228
P100 (53).jpg,P100,1,-4.645788192749023,0.0095106363296508,0.071065069518287
P100 (54).jpg,P100,1,1.817379355430603,0.8602513670921326,0.7321440392378298
P100 (55).jpg,P100,1,2.9776082038879395,0.9515522718429564,0.8385480857691188
P100 (56).jpg,P100,1,0.7894669771194458,0.6877168416976929,0.6074962402363092
P100 (57).jpg,P100,1,2.058079481124878,0.8867614269256592,0.75744152983743
P100 (58).jpg,P100,1,1.8937675952911377,0.8691844940185547,0.7403507397294036
P100 (59).jpg,P100,1,0.7559916377067566,0.6804828643798828,0.603071232538783
P100 (6).jpg,P100,1,4.6311936378479,0.990350902080536,0.9284000147854725
P100 (60).jpg,P100,1,0.5114465951919556,0.6251455545425415,0.5702755540051868
P100 (61).jpg,P100,1,1.504886507987976,0.8183020949363708,0.6969108336575086
P100 (62).jpg,P100,1,0.8987768292427063,0.7106980681419373,0.6218197488168087
P100 (63).jpg,P100,1,1.0053168535232544,0.732102632522583,0.6355789228781108
P100 (64).jpg,P100,1,0.0138746760785579,0.5034685730934143,0.501919151504171
P100 (65).jpg,P100,1,-0.6362152695655823,0.3461025953292846,0.41289555413833157
P100 (66).jpg,P100,1,2.4315385818481445,0.9192008972167968,0.7933655335463705
P100 (67).jpg,P100,1,0.4890776574611664,0.6198891401290894,0.5672399783937768
P100 (68).jpg,P100,1,0.1933859437704086,0.5481963753700256,0.5267238723165497
P100 (69).jpg,P100,1,-0.8919067978858948,0.2907164990901947,0.3790745264725076
P100 (7).jpg,P100,1,4.0119805335998535,0.98222416639328,0.9020105845953438
P100 (70).jpg,P100,1,-1.006011128425598,0.2677612006664276,0.36433210983446246
P100 (71).jpg,P100,1,-1.6905092000961304,0.1557088941335678,0.2818440993720403
P100 (72).jpg,P100,1,-0.3019371926784515,0.4250839650630951,0.45833256498718694
P100 (73).jpg,P100,1,-1.0994044542312622,0.2498514950275421,0.3524508579491834
P100 (74).jpg,P100,1,-0.1337636709213256,0.466608852148056,0.4815060981023391
P100 (75).jpg,P100,1,-2.561718463897705,0.07164316624403,0.1950759097506084
P100 (76).jpg,P100,1,-0.9597325325012208,0.2769317328929901,0.37028247887571797
P100 (77).jpg,P100,1,-0.435931533575058,0.3927108347415924,0.4399920857833169
P100 (78).jpg,P100,1,-0.680121660232544,0.3362341523170471,0.4070194087180502
P100 (79).jpg,P100,1,-0.3341336846351623,0.4172351658344269,0.453913434610092
P100 (8).jpg,P100,1,3.943339347839356,0.980985164642334,0.8986021663769848
P100 (80).jpg,P100,1,0.2313163876533508,0.557572603225708,0.5319523424100893
P100 (81).jpg,P100,1,0.4013613760471344,0.5990146994590759,0.5552897350871503
P100 (82).jpg,P100,1,-0.2414184361696243,0.4399368166923523,0.46665628930766895
P100 (83).jpg,P100,1,-1.2879778146743774,0.2161952853202819,0.3290205703614232
P100 (84).jpg,P100,1,-0.6709309220314026,0.3382883965969085,0.4082472973497199
P100 (85).jpg,P100,1,-0.3452535569667816,0.4145339131355285,0.4523888260001335
P100 (86).jpg,P100,1,-0.3646676540374756,0.4098301231861114,0.4497291809698422
P100 (87).jpg,P100,1,-0.0590083338320255,0.4852522015571594,0.49183862528291056
P100 (88).jpg,P100,1,-0.5847951769828796,0.3578299582004547,0.4198088503530268
P100 (89).jpg,P100,1,0.7432909607887268,0.6777150630950928,0.6013879017396904
P100 (9).jpg,P100,1,3.3248908519744877,0.9652729630470276,0.8629026581663476
P100 (90).jpg,P100,1,-0.3948636949062347,0.4025470018386841,0.44559821712290876
P100 (91).jpg,P100,1,-0.7100050449371338,0.3295977115631103,0.40303506413851287
P100 (92).jpg,P100,1,1.246959567070007,0.7767730951309204,0.6659498965897254
P100 (93).jpg,P100,1,0.6010962128639221,0.6459070444107056,0.5823863263865301
P100 (94).jpg,P100,1,-0.1541329324245453,0.4615428745746612,0.4786930694499669
P100 (95).jpg,P100,1,-0.5709786415100098,0.3610110580921173,0.42167194352633264
P100 (96).jpg,P100,1,0.503503680229187,0.6232823729515076,0.5691982538825431
P100 (97).jpg,P100,1,0.0730046033859252,0.5182430744171143,0.5100967067996224
P100 (98).jpg,P100,1,0.2751471102237701,0.5683560371398926,0.5379853282336068
P100 (99).jpg,P100,1,0.7781047224998474,0.6852715015411377,0.6059962355320185
P114 (1).jpg,P114,1,-3.5878686904907227,0.0269128810614347,0.12077492181134973
P114 (10).jpg,P114,1,-3.869207620620728,0.0204480532556772,0.10519662880767028
P114 (11).jpg,P114,1,-3.52195405960083,0.0286939851939678,0.12470143145479742
P114 (12).jpg,P114,1,-3.1949212551116943,0.0393572896718978,0.1458285243533178
P114 (13).jpg,P114,1,-3.6687047481536874,0.0248749423772096,0.11610558691615927
P114 (14).jpg,P114,1,-3.1472768783569336,0.0411987118422985,0.1491428569119001
P114 (15).jpg,P114,1,-3.4569239616394043,0.0305630415678024,0.12868202165787923
P114 (16).jpg,P114,1,-3.2684695720672607,0.0366688482463359,0.14083237727349263
P114 (17).jpg,P114,1,-3.2393481731414795,0.0377115383744239,0.14279326314260143
P114 (18).jpg,P114,1,-3.108660697937012,0.042751420289278,0.15187452659889078
P114 (19).jpg,P114,1,-3.492006778717041,0.0295405201613903,0.12652126917150858
P114 (2).jpg,P114,1,-2.664612054824829,0.0650940984487533,0.18629163616431002
P114 (20).jpg,P114,1,-4.2236008644104,0.0144344074651598,0.08811645128732255
P114 (21).jpg,P114,1,-3.7129967212677,0.0238228999078273,0.11361421304988704
P114 (22).jpg,P114,1,-4.480794429779053,0.0111976070329546,0.07733252549805718
P114 (23).jpg,P114,1,-3.527567148208618,0.0285379569977521,0.12436284323389052
P114 (24).jpg,P114,1,-3.3038594722747803,0.035439021885395,0.13847976200872097
P114 (25).jpg,P114,1,-3.8720200061798096,0.0203917976468801,0.10505024736669483
P114 (26).jpg,P114,1,-4.29356050491333,0.0134722357615828,0.08505540595523196
P114 (27).jpg,P114,1,-2.985835313796997,0.0480699017643928,0.1608365992349696
P114 (28).jpg,P114,1,-1.7169376611709597,0.1522660255432129,0.2788938604402996
P114 (29).jpg,P114,1,-1.549605131149292,0.175143301486969,0.29788858616939895
P114 (3).jpg,P114,1,-3.819040775299072,0.0214774385094642,0.1078381372196432
P114 (30).jpg,P114,1,-3.927477121353149,0.0193129573017358,0.10220030205786677
P114 (31).jpg,P114,1,-4.283486843109131,0.0136067792773246,0.08549015342240855
P114 (32).jpg,P114,1,-3.607401132583618,0.0264060497283935,0.11963203959553649
P114 (33).jpg,P114,1,-3.315242052078247,0.035051979124546,0.13773012343567304
P114 (34).jpg,P114,1,-3.945819139480591,0.0189686063677072,0.10127288762651114
P114 (35).jpg,P114,1,-3.561471462249756,0.0276128854602575,0.12233443129383219
P114 (36).jpg,P114,1,-3.733787775039673,0.0233441516757011,0.1124608934673479
P114 (37).jpg,P114,1,-3.7399280071258554,0.0232045706361532,0.11212224390425217
P114 (38).jpg,P114,1,-3.781871795654297,0.022272640839219,0.10983269434132964
P114 (39).jpg,P114,1,-1.702093482017517,0.1541920453310012,0.2805486005635571
P114 (4).jpg,P114,1,-4.292036056518555,0.0134925125166773,0.08512106733049009
P114 (40).jpg,P114,1,-2.0502965450286865,0.1140224263072013,0.2433504946411054
P114 (41).jpg,P114,1,-1.6932882070541382,0.1553439050912857,0.2815329849750948
P114 (42).jpg,P114,1,-2.733267307281494,0.0610386356711387,0.18060195196634546
P114 (43).jpg,P114,1,-3.571763038635254,0.0273378919810056,0.12172436913483095
P114 (44).jpg,P114,1,-3.5395915508270264,0.028206480666995,0.1236401711402865
P114 (45).jpg,P114,1,-3.2321455478668213,0.0379737876355648,0.14328174757964476
P114 (46).jpg,P114,1,-3.968648433685303,0.0185484122484922,0.10012902325044218
P114 (47).jpg,P114,1,-3.5484251976013184,0.0279653500765562,0.12311156570821032
P114 (48).jpg,P114,1,-3.9817757606506343,0.0183109436184167,0.09947648848819965
P114 (49).jpg,P114,1,-4.41567850112915,0.0119420150294899,0.07994264058625447
P114 (5).jpg,P114,1,-3.794043779373169,0.0220091138035058,0.10917598699428693
P114 (50).jpg,P114,1,-3.3451101779937744,0.0340556539595127,0.13577926127313747
P114 (51).jpg,P114,1,-3.395587205886841,0.032433658838272,0.13253528882369117
P114 (52).jpg,P114,1,-3.257187604904175,0.0370694659650325,0.14158936202779185
P114 (53).jpg,P114,1,-3.362999200820923,0.0334720611572265,0.13462201192127823
P114 (54).jpg,P114,1,-3.3305037021636963,0.0345394276082515,0.13673036951736464
P114 (55).jpg,P114,1,-3.1958932876586914,0.039320558309555,0.14576154604740085
P114 (56).jpg,P114,1,-3.04236912727356,0.0455480627715587,0.15665954491034326
P114 (57).jpg,P114,1,-3.371515274047852,0.0331976413726806,0.13407403533448614
P114 (58).jpg,P114,1,-3.004056453704834,0.0472429543733596,0.1594805689495281
P114 (59).jpg,P114,1,-3.643224239349365,0.0255005434155464,0.11756024105047959
P114 (6).jpg,P114,1,-3.37004828453064,0.0332447551190853,0.13416829588458656
P114 (60).jpg,P114,1,-2.3456156253814697,0.0874148905277252,0.2145367105548003
P114 (61).jpg,P114,1,-3.1425046920776367,0.0413876324892044,0.14947822928902296
P114 (62).jpg,P114,1,-2.337578773498535,0.0880581587553024,0.21528697249462928
P114 (63).jpg,P114,1,-2.758828401565552,0.0595899857580661,0.17851851293183016
P114 (64).jpg,P114,1,-2.686663866043091,0.0637648925185203,0.18444920841978735
P114 (65).jpg,P114,1,-2.19400691986084,0.1002899631857872,0.22900993503099434
P114 (66).jpg,P114,1,-2.413285493850708,0.0821652039885521,0.2082949932283901
P114 (67).jpg,P114,1,-3.204719305038452,0.0389885120093822,0.14515455272113
P114 (68).jpg,P114,1,-1.6332015991210938,0.1633922457695007,0.2883060900291159
P114 (69).jpg,P114,1,-2.0423152446746826,0.1148311793804168,0.24416452565432115
P114 (7).jpg,P114,1,-3.217789888381958,0.0385017208755016,0.14425950366125623
P114 (70).jpg,P114,1,-2.264157056808472,0.0941352844238281,0.22222911547981758
P114 (71).jpg,P114,1,-1.9669755697250368,0.1227140948176384,0.25193906886408063
P114 (72).jpg,P114,1,0.028784479945898,0.5071956515312195,0.5039814177546461
P114 (73).jpg,P114,1,-1.1131312847137451,0.2472875863313675,0.3507194411845356
P114 (74).jpg,P114,1,-1.603049397468567,0.1675558537244796,0.2917412028355854
P114 (75).jpg,P114,1,0.4060367047786712,0.6001371741294861,0.5559284324634317
P114 (76).jpg,P114,1,-1.160080075263977,0.2386527508497238,0.34482747777650247
P114 (77).jpg,P114,1,-0.8917353749275208,0.2907518446445465,0.3790968512211035
P114 (78).jpg,P114,1,-0.6755014657974243,0.337266057729721,0.4076365255377936
P114 (79).jpg,P114,1,-0.2901429533958435,0.4279688894748688,0.4599530628755473
P114 (8).jpg,P114,1,-4.530576229095459,0.0106596145778894,0.07538997352626453
P114 (80).jpg,P114,1,-3.341154098510742,0.0341860353946685,0.1360363114214842
P114 (9).jpg,P114,1,-3.37086033821106,0.0332186706364154,0.13411611093431375
P185 (1).jpg,P185,1,4.446403980255127,0.9884151220321656,0.9212988400519978
P185 (10).jpg,P185,1,3.2427868843078613,0.9624130725860596,0.8574394614830921
P185 (11).jpg,P185,1,3.631208896636963,0.9741991758346558,0.8817483512803336
P185 (12).jpg,P185,1,2.564134359359741,0.9285173416137696,0.8051338915595326
P185 (13).jpg,P185,1,4.458817005157471,0.988556444644928,0.9217953767114062
P185 (14).jpg,P185,1,3.720997095108032,0.976362407207489,0.8868307986211262
P185 (15).jpg,P185,1,5.110945701599121,0.994005799293518,0.9441601073403343
P185 (16).jpg,P185,1,4.206848621368408,0.9853253960609436,0.911135937318308
P185 (17).jpg,P185,1,2.62158465385437,0.9322378635406494,0.8100726414310203
P185 (18).jpg,P185,1,3.714228391647339,0.9762057065963744,0.8864543964292927
P185 (19).jpg,P185,1,2.7361080646514893,0.9391239285469056,0.8196305260990794
P185 (2).jpg,P185,1,4.393498420715332,0.9877933859825134,0.9191500736476567
P185 (20).jpg,P185,1,3.5649399757385254,0.972480058670044,0.8778714680232403
P185 (21).jpg,P185,1,3.2417421340942383,0.9623752236366272,0.8573687884835755
P185 (22).jpg,P185,1,1.4563223123550415,0.8109695315361023,0.6912053820266502
P185 (23).jpg,P185,1,1.649994730949402,0.8388903141021729,0.7135966120367048
P185 (24).jpg,P185,1,1.194744110107422,0.7675884366035461,0.6594924983135791
P185 (25).jpg,P185,1,1.8081068992614744,0.8591328859329224,0.7311367417431073
P185 (26).jpg,P185,1,0.1429917812347412,0.5356871485710144,0.5197684751613234
P185 (27).jpg,P185,1,0.8985084891319275,0.71064293384552,0.6217848343561359
P185 (28).jpg,P185,1,0.7243578433990479,0.6735659241676331,0.5988740865443941
P185 (29).jpg,P185,1,0.707679808139801,0.6698883175849915,0.596655363989256
P185 (3).jpg,P185,1,4.190100193023682,0.985081136226654,0.9103827784915101
P185 (30).jpg,P185,1,1.9411871433258057,0.8744825124740601,0.7453623321681347
P185 (31).jpg,P185,1,-0.0996484160423278,0.4751084446907043,0.4862200085599243
P185 (32).jpg,P185,1,-0.5256666541099548,0.371528148651123,0.4277974427541639
P185 (33).jpg,P185,1,1.129757523536682,0.7557941675186157,0.6513724339001322
P185 (34).jpg,P185,1,-0.4955506324768066,0.378586858510971,0.43188107722716823
P185 (35).jpg,P185,1,1.3092931509017944,0.7873948812484741,0.6735777524586003
P185 (36).jpg,P185,1,2.219217300415039,0.9019619822502136,0.7734435619350599
P185 (37).jpg,P185,1,2.973358392715454,0.9513559937477112,0.8382294936765239
P185 (38).jpg,P185,1,5.073812007904053,0.9937804341316224,0.9430669747790185
P185 (39).jpg,P185,1,4.626002788543701,0.9903011322021484,0.9282088669439343
P185 (4).jpg,P185,1,2.4184019565582275,0.918219804763794,0.7921714532255149
P185 (40).jpg,P185,1,4.733966827392578,0.9912850260734558,0.9320890227906705
P185 (41).jpg,P185,1,3.7261576652526855,0.9764812588691713,0.8871170420502681
P185 (42).jpg,P185,1,3.1504275798797607,0.9589255452156068,0.8510782229819888
P185 (43).jpg,P185,1,2.873469114303589,0.9465191960334778,0.8305944388306714
P185 (44).jpg,P185,1,2.8116142749786377,0.943300187587738,0.8257243412818375
P185 (45).jpg,P185,1,3.3053672313690186,0.9646124839782716,0.8616197330008151
P185 (46).jpg,P185,1,4.126125812530518,0.984111189842224,0.9074527022764874
P185 (47).jpg,P185,1,2.32492995262146,0.9109208583831788,0.7835283732420593
P185 (48).jpg,P185,1,2.049422025680542,0.8858892321586609,0.7565604010170519
P185 (49).jpg,P185,1,2.094904899597168,0.8904069662094116,0.7611652304886584
P185 (5).jpg,P185,1,3.799484968185425,0.978107750415802,0.8911164621525275
P185 (50).jpg,P185,1,2.4681766033172607,0.921880543231964,0.796668976436548
P185 (51).jpg,P185,1,2.2756409645080566,0.9068394899368286,0.7788671698100399
P185 (52).jpg,P185,1,1.9986389875411987,0.8806540966033936,0.7513482702867774
P185 (53).jpg,P185,1,2.946584939956665,0.9501018524169922,0.8362107153493769
P185 (54).jpg,P185,1,1.9288910627365112,0.8731266260147095,0.7440689430605569
P185 (55).jpg,P185,1,3.4113872051239014,0.9680585861206056,0.8684665395367897
P185 (56).jpg,P185,1,2.3232693672180176,0.9107859134674072,0.783372497485503
P185 (57).jpg,P185,1,2.981661558151245,0.951738715171814,0.8388514780111681
P185 (58).jpg,P185,1,2.679142713546753,0.9357845783233644,0.814923989021234
P185 (59).jpg,P185,1,3.320232629776001,0.9651164412498474,0.8625974713797337
P185 (6).jpg,P185,1,4.1195244789123535,0.9840076565742492,0.9071455071910429
P185 (60).jpg,P185,1,4.973726272583008,0.9931301474571228,0.9400197662611866
P185 (61).jpg,P185,1,2.622534990310669,0.932297945022583,0.8101535261729713
P185 (62).jpg,P185,1,1.749428391456604,0.851880669593811,0.7247070449974887
P185 (63).jpg,P185,1,2.771282434463501,0.9411041140556335,0.8224897571451483
P185 (64).jpg,P185,1,2.3468191623687744,0.9126811027526855,0.7855754791279875
P185 (65).jpg,P185,1,3.3792898654937744,0.9670509696006776,0.8664245825106986
P185 (66).jpg,P185,1,3.78197979927063,0.9777296781539916,0.8901731479065645
P185 (67).jpg,P185,1,2.24430251121521,0.9041579365730286,0.7758663714275464
P185 (68).jpg,P185,1,4.16580057144165,0.9847198724746704,0.9092798183987932
P185 (69).jpg,P185,1,4.038722991943359,0.9826851487159728,0.9033106259149093
P185 (7).jpg,P185,1,4.532735824584961,0.989363133907318,0.9246932742797135
P185 (70).jpg,P185,1,4.628458499908447,0.9903247356414796,0.9282993546757683
P185 (71).jpg,P185,1,5.672006130218506,0.9965708255767822,0.9584425684698066
P185 (72).jpg,P185,1,4.469620704650879,0.9886780381202698,0.9222252031124601
P185 (73).jpg,P185,1,4.583174228668213,0.9898809790611268,0.9266136957787783
P185 (74).jpg,P185,1,5.183687686920166,0.994424045085907,0.9462444609075166
P185 (75).jpg,P185,1,2.779055118560791,0.9415334463119508,0.823116762001867
P185 (76).jpg,P185,1,4.129055023193359,0.9841569066047668,0.9075887214372484
P185 (77).jpg,P185,1,2.651177167892456,0.9340835213661194,0.8125789409298143
P185 (78).jpg,P185,1,4.988802433013916,0.9932323694229126,0.9404883538741363
P185 (79).jpg,P185,1,4.373603820800781,0.9875511527061462,0.9183282970852711
P185 (8).jpg,P185,1,2.193711519241333,0.8996833562850952,0.7709612059028456
P185 (80).jpg,P185,1,4.777176856994629,0.9916505217552184,0.9335867981631865
P185 (81).jpg,P185,1,2.801372766494751,0.9427499771118164,0.8249074101662048
P185 (82).jpg,P185,1,2.9346513748168945,0.9495330452919006,0.8353043912494076
P185 (83).jpg,P185,1,3.1242189407348637,0.9578807353973388,0.8492309560708777
P185 (9).jpg,P185,1,3.2164852619171143,0.9614499807357788,0.8556513645238252
