image_id,patient_id,label,logit,prob,prob_calibrated
P055 (1).jpg,P055,0,0.5824428796768188,0.6416293382644653,0.5775751044610817
P055 (10).jpg,P055,0,-0.0894437432289123,0.4776539206504822,0.48799237552393554
P055 (2).jpg,P055,0,0.5641703009605408,0.6374168992042542,0.5751788346030938
P055 (3).jpg,P055,0,-3.4024574756622314,0.0322187505662441,0.13854341744673815
P055 (4).jpg,P055,0,0.3021432757377624,0.5749664306640625,0.5404810674146584
P055 (5).jpg,P055,0,1.126979112625122,0.7552809715270996,0.6468665959395091
P055 (6).jpg,P055,0,0.591048538684845,0.6436057090759277,0.5787023960698656
P055 (7).jpg,P055,0,-0.9994234442710876,0.2690548002719879,0.3689358484976397
P055 (8).jpg,P055,0,1.285262107849121,0.7833442091941833,0.6660352383286499
P055 (9).jpg,P055,0,0.8408330082893372,0.6986406445503235,0.6110211757164485
P115 (1).jpg,P115,0,-0.966271996498108,0.2756241858005523,0.37309094082542765
P115 (10).jpg,P115,0,-0.9528246521949768,0.2783171236515045,0.3747817818454205
P115 (11).jpg,P115,0,-0.3512765765190124,0.4130728840827942,0.4529722452288332
P115 (12).jpg,P115,0,0.1218434572219848,0.5304232239723206,0.5163545237879129
P115 (13).jpg,P115,0,0.2679768204689026,0.5665961503982544,0.5359202257745946
P115 (14).jpg,P115,0,0.6866832375526428,0.6652286648750305,0.5911723026415016
P115 (15).jpg,P115,0,0.4815956354141235,0.6181246042251587,0.5643074331844379
P115 (16).jpg,P115,0,0.4718015789985657,0.6158100962638855,0.5630136690949614
P115 (17).jpg,P115,0,0.179594874382019,0.5447784066200256,0.5240961703608655
P115 (18).jpg,P115,0,0.3449173867702484,0.5853844881057739,0.5461813020352577
P115 (19).jpg,P115,0,-0.521206796169281,0.3725700974464416,0.4304691582309845
P115 (2).jpg,P115,0,-1.587901592254639,0.1696793287992477,0.29883470324306366
P115 (20).jpg,P115,0,0.5593460202217102,0.6363011598587036,0.5745455825405448
P115 (21).jpg,P115,0,0.2937862277030945,0.5729228258132935,0.5393660911644859
P115 (22).jpg,P115,0,0.7062573432922363,0.6695736646652222,0.5937107425207292
P115 (23).jpg,P115,0,1.3530998229980469,0.7946359515190125,0.6740899978731273
P115 (24).jpg,P115,0,1.1408993005752563,0.7578446865081787,0.6485725629407587
P115 (25).jpg,P115,0,0.712701141834259,0.670997679233551,0.5945453102184685
P115 (26).jpg,P115,0,0.3645127117633819,0.5901324152946472,0.5487886997463
P115 (27).jpg,P115,0,0.6901928782463074,0.666009783744812,0.5916278074018239
P115 (28).jpg,P115,0,-0.1461361646652221,0.4635308086872101,0.4803878380175803
P115 (29).jpg,P115,0,1.22703754901886,0.7732996940612793,0.6590435837377676
P115 (3).jpg,P115,0,-0.6266041398048401,0.3482809364795685,0.416648839764133
P115 (30).jpg,P115,0,1.2386869192123413,0.7753353714942932,0.6604481192191423
P115 (31).jpg,P115,0,1.569740653038025,0.8277466297149658,0.699117485437713
P115 (32).jpg,P115,0,0.9935283660888672,0.7297842502593994,0.6303266813181997
P115 (33).jpg,P115,0,0.7255896925926208,0.6738367080688477,0.5962129265128313
P115 (34).jpg,P115,0,2.7694122791290283,0.9410003423690796,0.8156930971983225
P115 (35).jpg,P115,0,1.6989092826843262,0.8453922271728516,0.7135062922441273
P115 (36).jpg,P115,0,1.0469050407409668,0.7401801347732544,0.6369815073279872
P115 (37).jpg,P115,0,0.6662778854370117,0.660669207572937,0.5885208801591285
P115 (38).jpg,P115,0,1.3775978088378906,0.7986049056053162,0.6769740072238135
P115 (39).jpg,P115,0,-0.9741750359535216,0.2740491032600403,0.3720986716606942
P115 (4).jpg,P115,0,-0.2908390164375305,0.4277984797954559,0.4610272128865968
P115 (40).jpg,P115,0,-2.2437283992767334,0.0958918109536171,0.23057026463200297
P115 (41).jpg,P115,0,-2.818182945251465,0.056349478662014,0.1804014041589075
P115 (42).jpg,P115,0,-2.4233243465423584,0.0814113020896911,0.21390360335113354
P115 (43).jpg,P115,0,-2.319477081298828,0.0895226821303367,0.22343181170894066
P115 (44).jpg,P115,0,-2.1895997524261475,0.1006883308291435,0.23576824247535708
P115 (45).jpg,P115,0,-1.8350343704223635,0.1376396268606186,0.27178466660437905
P115 (5).jpg,P115,0,-0.7046660780906677,0.3307785093784332,0.4064954335240571
P115 (6).jpg,P115,0,0.7817261815071106,0.6860520243644714,0.6034499313897274
P115 (7).jpg,P115,0,0.9549812078475952,0.7221158146858215,0.6254895859880659
P115 (8).jpg,P115,0,1.8908898830413816,0.8688569664955139,0.7341119906085363
P115 (9).jpg,P115,0,-0.5541305541992188,0.3649066388607025,0.4261392930611377
P167 (1).jpg,P167,0,1.3479748964309692,0.7937983870506287,0.6734849890052416
P167 (10).jpg,P167,0,1.2971704006195068,0.7853584289550781,0.6674563740630455
P167 (11).jpg,P167,0,1.6079968214035034,0.8331331014633179,0.7034218673391535
P167 (12).jpg,P167,0,1.7419016361236572,0.8509284853935242,0.7182030667319301
P167 (13).jpg,P167,0,1.198939085006714,0.7683359980583191,0.6556443454747347
P167 (14).jpg,P167,0,0.8991978168487549,0.7107846736907959,0.6184452047671604
P167 (15).jpg,P167,0,0.5158205032348633,0.6261699199676514,0.5688214486769606
P167 (16).jpg,P167,0,0.8445594310760498,0.6994246244430542,0.611496760932979
P167 (17).jpg,P167,0,1.3920323848724363,0.8009164929389954,0.6786670444240114
P167 (18).jpg,P167,0,-1.1744263172149658,0.236055850982666,0.34733419215250894
P167 (19).jpg,P167,0,-0.8507172465324402,0.299282431602478,0.38771781248907944
P167 (2).jpg,P167,0,2.0082991123199463,0.8816656470298767,0.7462377096250478
P167 (3).jpg,P167,0,1.2359862327575684,0.7748645544052124,0.6601227543498529
P167 (4).jpg,P167,0,1.5735812187194824,0.82829350233078,0.6995512104324665
P167 (5).jpg,P167,0,1.66227126121521,0.8405426144599915,0.7094669564794468
P167 (6).jpg,P167,0,1.1957345008850098,0.7677651047706604,0.6552556458686493
P167 (7).jpg,P167,0,1.3279776573181152,0.7905058860778809,0.671118755831425
P167 (8).jpg,P167,0,2.283010005950928,0.9074601531028748,0.7731513757452027
P167 (9).jpg,P167,0,2.051478147506714,0.8860968351364136,0.7506042299314689
P123 (1).jpg,P123,0,-0.7023537755012512,0.3312905430793762,0.4067950912057784
P123 (10).jpg,P123,0,-0.1323013603687286,0.4669727981090545,0.48224289075750254
P123 (11).jpg,P123,0,-0.3551198840141296,0.4121414422988891,0.4524608055606689
P123 (12).jpg,P123,0,0.5052189826965332,0.6236850619316101,0.5674243697150204
P123 (13).jpg,P123,0,-0.7690672874450684,0.316680908203125,0.3981782004480048
P123 (14).jpg,P123,0,-2.7006261348724365,0.0629364177584648,0.18992598044545236
P123 (15).jpg,P123,0,-2.363078117370605,0.0860318541526794,0.21939490578682
P123 (16).jpg,P123,0,-1.6501615047454834,0.1610871404409408,0.2918755126228517
P123 (17).jpg,P123,0,-0.6258559823036194,0.3484507799148559,0.4167465091488089
P123 (18).jpg,P123,0,-2.0442984104156494,0.1146297678351402,0.2501183379009464
P123 (19).jpg,P123,0,-1.6376266479492188,0.1627882570028305,0.29326894081154253
P123 (2).jpg,P123,0,-1.734439730644226,0.150020569562912,0.2826087598570986
P123 (20).jpg,P123,0,-1.5736970901489258,0.171689972281456,0.3004357094521167
P123 (21).jpg,P123,0,-3.2492945194244385,0.0373522453010082,0.14865643484049396
P123 (22).jpg,P123,0,-1.3819859027862549,0.2006902396678924,0.3225108178596563
P123 (23).jpg,P123,0,-0.6859472990036011,0.3349352180957794,0.40892323229537636
P123 (24).jpg,P123,0,-1.7462910413742063,0.1485156118869781,0.2813200453964372
P123 (25).jpg,P123,0,-2.4397709369659424,0.0801898017525672,0.21242203586785918
P123 (26).jpg,P123,0,-3.5111114978790283,0.0289977230131626,0.1317242798101514
P123 (27).jpg,P123,0,-6.145118713378906,0.0021393347997218,0.035553734375612954
P123 (28).jpg,P123,0,-3.4798009395599365,0.0298924539238214,0.13365959929612622
P123 (29).jpg,P123,0,-3.772692441940308,0.0224734153598546,0.1164699474235822
P123 (3).jpg,P123,0,-0.7695683240890503,0.3165724873542785,0.3981137162035421
P123 (30).jpg,P123,0,-1.2883155345916748,0.2161380648612976,0.33360007687867504
P123 (31).jpg,P123,0,-1.692030906677246,0.1555089503526687,0.2872494812194719
P123 (32).jpg,P123,0,-3.511549472808838,0.0289853923022747,0.13169737773685317
P123 (33).jpg,P123,0,-0.3575352430343628,0.4115563333034515,0.45213943827768543
P123 (34).jpg,P123,0,-0.987676441669464,0.2713712453842163,0.3704059925711757
P123 (35).jpg,P123,0,0.0130869168788194,0.5032716989517212,0.5017572202468571
P123 (36).jpg,P123,0,0.2492388188838958,0.5619891285896301,0.533416308047868
P123 (37).jpg,P123,0,0.4922245740890503,0.6206303238868713,0.5657104919820317
P123 (38).jpg,P123,0,-0.2008870244026184,0.4499464929103851,0.47305231275566706
P123 (39).jpg,P123,0,-3.590373992919922,0.0268473476171493,0.1269311274555833
P123 (4).jpg,P123,0,0.2419841885566711,0.5602025985717773,0.5324464285777973
P123 (40).jpg,P123,0,-4.185464382171631,0.014987108297646,0.09552302492805066
P123 (41).jpg,P123,0,-4.331268310546875,0.0129801565781235,0.08896810227171775
P123 (42).jpg,P123,0,-2.946058988571167,0.0499231033027172,0.17046832103539744
P123 (43).jpg,P123,0,-4.946364402770996,0.0070590246468782,0.06557942176987809
P123 (44).jpg,P123,0,-3.71774959564209,0.0237126220017671,0.11954114951077235
P123 (45).jpg,P123,0,-3.68180251121521,0.0245592072606086,0.1215882025508167
P123 (46).jpg,P123,0,1.0173598527908323,0.7344580292701721,0.6333042088317216
P123 (47).jpg,P123,0,0.2788547277450561,0.5692654252052307,0.537372994251628
P123 (48).jpg,P123,0,0.3934259414672851,0.5971071720123291,0.5526310303539959
P123 (49).jpg,P123,0,-0.688080906867981,0.3344601392745971,0.40864627963584643
P123 (5).jpg,P123,0,-0.1356898546218872,0.4661294817924499,0.48178849409014723
P123 (50).jpg,P123,0,0.3608315587043762,0.5892417430877686,0.54829907722002
P123 (51).jpg,P123,0,1.0599933862686155,0.742689311504364,0.63860545180237
P123 (52).jpg,P123,0,-1.4245507717132568,0.1939491629600525,0.3175360696826276
P123 (53).jpg,P123,0,-1.785698175430298,0.1436009556055069,0.27706072715141994
P123 (54).jpg,P123,0,-2.822164297103882,0.0561381429433822,0.18008544900437826
P123 (55).jpg,P123,0,-2.986665964126587,0.0480319075286388,0.16740635246382368
P123 (6).jpg,P123,0,-0.7895230650901794,0.3122710883617401,0.3955484042550365
P123 (7).jpg,P123,0,-0.5033451914787292,0.3767548501491546,0.43282267257252544
P123 (8).jpg,P123,0,-0.0226927381008863,0.4943270683288574,0.49695300201253756
P123 (9).jpg,P123,0,-1.1504464149475098,0.2404075562953949,0.35025959177606336
P124 (1).jpg,P124,0,-2.329998016357422,0.0886688232421875,0.2224528848793111
P124 (10).jpg,P124,0,-3.846136569976807,0.020915312692523,0.11247173135482395
P124 (11).jpg,P124,0,-5.018568992614746,0.0065705268643796,0.06324265037386324
P124 (12).jpg,P124,0,-4.59604549407959,0.0099908402189612,0.07809541720342483
P124 (13).jpg,P124,0,-4.257708549499512,0.0139571409672498,0.09222280967667346
P124 (14).jpg,P124,0,-5.800373077392578,0.003017293754965,0.042478587124608835
P124 (15).jpg,P124,0,-5.193092346191406,0.0055241174995899,0.05791162852633493
P124 (16).jpg,P124,0,-5.21887731552124,0.005384256131947,0.05716066831191976
P124 (17).jpg,P124,0,-4.766019344329834,0.0084423245862126,0.07177070803252995
P124 (18).jpg,P124,0,-3.823121309280396,0.0213918518275022,0.11371158946003632
P124 (19).jpg,P124,0,-2.875883817672729,0.0533586703240871,0.1758645025910788
P124 (2).jpg,P124,0,-2.9946939945220947,0.0476661548018455,0.16680622758690553
P124 (20).jpg,P124,0,-2.8480541706085205,0.0547819882631301,0.17804139138511174
P124 (3).jpg,P124,0,-2.765411138534546,0.0592221617698669,0.1846301966208125
P124 (4).jpg,P124,0,-3.401012659072876,0.0322638303041458,0.13863605870705814
P124 (5).jpg,P124,0,-5.095260620117188,0.0060884142294526,0.06084585035749395
P124 (6).jpg,P124,0,-4.994718551635742,0.0067280535586178,0.0640058091007929
P124 (7).jpg,P124,0,-4.192528247833252,0.0148831848055124,0.09519573534490047
P124 (8).jpg,P124,0,-3.740961790084839,0.0231811497360467,0.11823518120829929
P124 (9).jpg,P124,0,-3.665457010269165,0.0249538421630859,0.12252896688212703
P164 (1).jpg,P164,0,-0.6040708422660828,0.3534128665924072,0.419593319982615
P164 (10).jpg,P164,0,-1.2417058944702148,0.2241391837596893,0.3391883493479781
P164 (11).jpg,P164,0,-1.513455152511597,0.1804272979497909,0.30727961426551614
P164 (12).jpg,P164,0,-3.7980551719665527,0.0219229348003864,0.11507546807815885
P164 (13).jpg,P164,0,-4.327170848846436,0.0130327586084604,0.0891466384762558
P164 (14).jpg,P164,0,-4.107425689697266,0.0161838419735431,0.09920624258344905
P164 (15).jpg,P164,0,-4.623201370239258,0.0097257839515805,0.07705176920891438
P164 (16).jpg,P164,0,-3.80522346496582,0.0217697545886039,0.11468398617317324
P164 (17).jpg,P164,0,-2.939366102218628,0.0502415150403976,0.17097724749845364
P164 (18).jpg,P164,0,0.1645815968513488,0.5410528182983398,0.5220845854419551
P164 (19).jpg,P164,0,-0.8050735592842102,0.3089412748813629,0.39355325787776935
P164 (2).jpg,P164,0,-1.4602421522140503,0.1884302794933319,0.3133964820141757
P164 (20).jpg,P164,0,-1.4198102951049805,0.1946913301944732,0.3180880797285308
P164 (21).jpg,P164,0,-0.6690070033073425,0.3387192189693451,0.41112420334918204
P164 (22).jpg,P164,0,-1.881536602973938,0.1322124749422073,0.26686972522563074
P164 (23).jpg,P164,0,-1.5703986883163452,0.1721595525741577,0.30080817562310935
P164 (24).jpg,P164,0,-1.339215874671936,0.2076390385627746,0.3275503703276163
P164 (25).jpg,P164,0,-0.0801636576652526,0.4799697995185852,0.4892377993593072
P164 (26).jpg,P164,0,-0.8553114533424377,0.2983198463916778,0.3871322031078262
P164 (27).jpg,P164,0,-1.9687018394470213,0.1225283741950988,0.25781069623615693
P164 (28).jpg,P164,0,-2.74108624458313,0.0605920441448688,0.18660509990985424
P164 (29).jpg,P164,0,-2.207260847091675,0.0991003513336181,0.2340633844044507
P164 (3).jpg,P164,0,-1.799499750137329,0.141911968588829,0.2755784242548873
P164 (30).jpg,P164,0,-3.4735896587371826,0.0300730969756841,0.13404636789394572
P164 (31).jpg,P164,0,-3.3789985179901123,0.0329583026468753,0.14005403755332094
P164 (32).jpg,P164,0,-3.174678325653076,0.0401298217475414,0.153800090130257
P164 (33).jpg,P164,0,-4.180106163024902,0.0150664141401648,0.09577195778038043
P164 (34).jpg,P164,0,-3.990033864974976,0.0181630868464708,0.10498482169930652
P164 (35).jpg,P164,0,-4.809306621551514,0.0080875689163804,0.07023718057225725
P164 (36).jpg,P164,0,-4.688689708709717,0.0091148857027292,0.07458733495955376
P164 (37).jpg,P164,0,-3.987717390060425,0.0182044431567192,0.10510178472315775
P164 (38).jpg,P164,0,-3.8297836780548096,0.0212528202682733,0.11335145992143729
P164 (39).jpg,P164,0,-3.0779426097869877,0.0440263263881206,0.16068424205332651
P164 (4).jpg,P164,0,-2.07062029838562,0.1119853407144546,0.2474761285942502
P164 (40).jpg,P164,0,-3.325501680374145,0.0347066149115562,0.1435505117739518
P164 (41).jpg,P164,0,-3.4436144828796387,0.0309598594903945,0.13592619935567918
P164 (42).jpg,P164,0,-3.339510679244995,0.0342403352260589,0.14262794251422692
P164 (43).jpg,P164,0,-3.0379316806793213,0.0457413680851459,0.16360361433591766
P164 (44).jpg,P164,0,-2.4571964740753174,0.0789138749241828,0.21086047311733785
P164 (45).jpg,P164,0,-2.289207696914673,0.0920207276940345,0.22626533210727823
P164 (46).jpg,P164,0,-2.8425581455230717,0.0550672709941864,0.17847378860758392
P164 (47).jpg,P164,0,-3.332289934158325,0.0344799160957336,0.14310284930619155
P164 (48).jpg,P164,0,-2.820455551147461,0.0562287494540214,0.18022100004300698
P164 (49).jpg,P164,0,-4.037703990936279,0.0173322185873985,0.10260326955477467
P164 (5).jpg,P164,0,-1.6272571086883545,0.1642064452171325,0.29442459937487786
P164 (50).jpg,P164,0,-6.484947204589844,0.001523915445432,0.02979898626067815
P164 (51).jpg,P164,0,-6.19721794128418,0.0020309512037783,0.03460660484380631
P164 (52).jpg,P164,0,-6.177401065826416,0.0020715156570076,0.03496396127626604
P164 (53).jpg,P164,0,-6.669687271118164,0.0012671876465901,0.027060369363141483
P164 (54).jpg,P164,0,-2.3871123790740967,0.0841607302427291,0.2171921667131484
P164 (55).jpg,P164,0,-2.6310930252075195,0.0671639367938041,0.1957384242721236
P164 (56).jpg,P164,0,-2.5713870525360107,0.071002759039402,0.2008359854893159
P164 (57).jpg,P164,0,-2.193998098373413,0.100290760397911,0.23534286038461846
P164 (58).jpg,P164,0,-1.8989856243133545,0.1302233189344406,0.26504014622003014
P164 (59).jpg,P164,0,-3.2953414916992188,0.0357313491404056,0.1455535837441962
P164 (6).jpg,P164,0,-0.971507489681244,0.2745801210403442,0.37243347642801317
P164 (60).jpg,P164,0,-3.5352799892425537,0.028324905782938,0.13024671547868982
P164 (61).jpg,P164,0,-3.0117197036743164,0.0468992181122303,0.16553918888851657
P164 (62).jpg,P164,0,-2.7414438724517822,0.060571689158678,0.18657594707458525
P164 (63).jpg,P164,0,-3.5406274795532227,0.028178097680211,0.12992170135321573
P164 (64).jpg,P164,0,-2.770429372787476,0.0589431896805763,0.1842247910970953
P164 (65).jpg,P164,0,-3.257075548171997,0.0370734669268131,0.14812830783008216
P164 (66).jpg,P164,0,-1.625705599784851,0.1644195020198822,0.2945977391340191
P164 (67).jpg,P164,0,-2.642061471939087,0.0664799809455871,0.19481268183649242
P164 (68).jpg,P164,0,-1.3716959953308103,0.2023459672927856,0.32371956056311924
P164 (69).jpg,P164,0,-0.5735577344894409,0.3604162931442261,0.4235896466003931
P164 (7).jpg,P164,0,-1.8806350231170652,0.1323159486055374,0.2669644763382257
P164 (70).jpg,P164,0,-1.095081090927124,0.2506626844406128,0.35705670289201275
P164 (71).jpg,P164,0,-1.303314447402954,0.2136077284812927,0.33181158335503935
P164 (72).jpg,P164,0,-1.318702220916748,0.2110342979431152,0.3299817515347694
P164 (8).jpg,P164,0,-2.559111833572388,0.0718167200684547,0.2018962474831319
P164 (9).jpg,P164,0,-1.6020325422286987,0.1676977276802063,0.2972468557407683
P052 (1).jpg,P052,0,-3.440660238265991,0.0310486126691102,0.1361126663460937
P052 (10).jpg,P052,0,-2.758894681930542,0.0595862679183483,0.18515766773743186
P052 (11).jpg,P052,0,-2.709709882736206,0.0624028258025646,0.1891764877196829
P052 (12).jpg,P052,0,-2.799079179763794,0.0573739595711231,0.1819234698932344
P052 (13).jpg,P052,0,-3.292381048202514,0.0358334928750991,0.14575144460056846
P052 (14).jpg,P052,0,-2.638046979904175,0.0667295604944229,0.19515112137284693
P052 (15).jpg,P052,0,-1.5480917692184448,0.1753620356321334,0.30333403215549415
P052 (16).jpg,P052,0,-3.4134774208068848,0.0318769067525863,0.13783852969091615
P052 (17).jpg,P052,0,-2.7377700805664062,0.0607810728251934,0.18687559162026096
P052 (18).jpg,P052,0,-2.003557682037353,0.1188298910856247,0.2542448338669245
P052 (19).jpg,P052,0,-2.623398780822754,0.0676476135849952,0.19638980636149106
P052 (2).jpg,P052,0,-3.844028949737549,0.0209585148841142,0.11258477836497321
P052 (20).jpg,P052,0,-1.30210280418396,0.2138113379478454,0.33195588238018414
P052 (21).jpg,P052,0,-0.1897947788238525,0.452693223953247,0.4745376163321595
P052 (22).jpg,P052,0,-1.320341944694519,0.2107614129781723,0.3297870663822409
P052 (23).jpg,P052,0,-2.650465726852417,0.0659603103995323,0.19410560696650447
P052 (24).jpg,P052,0,-2.9000823497772217,0.0521494932472705,0.17398871074491498
P052 (25).jpg,P052,0,-2.452026605606079,0.079290471971035,0.21132288356546913
P052 (26).jpg,P052,0,0.7398583889007568,0.6769649386405945,0.598056525661587
P052 (27).jpg,P052,0,0.4841945767402649,0.6187378764152527,0.5646505989668745
P052 (3).jpg,P052,0,-3.3393471240997314,0.0342457443475723,0.14263868494148518
P052 (4).jpg,P052,0,-2.465160608291626,0.0783369317650795,0.21014958588107063
P052 (5).jpg,P052,0,-3.268593072891236,0.0366644896566867,0.14734941741094953
P052 (6).jpg,P052,0,-2.7994515895843506,0.0573538169264793,0.1818937034604317
P052 (7).jpg,P052,0,-2.476785182952881,0.0775017365813255,0.20911512407098048
P052 (8).jpg,P052,0,-2.5150420665740967,0.0748103782534599,0.20573715468510909
P052 (9).jpg,P052,0,-2.430684804916382,0.0808625519275665,0.21323961888279558
P049 (1).jpg,P049,0,-0.9098790287971495,0.287024587392807,0.3802019967214242
P049 (10).jpg,P049,0,-0.3510686755180359,0.4131232798099518,0.4529999140367748
P049 (11).jpg,P049,0,-2.703385353088379,0.0627738833427429,0.18969807948061485
P049 (12).jpg,P049,0,-2.0444934368133545,0.1146099716424942,0.2500986920460209
P049 (13).jpg,P049,0,-4.273272037506104,0.0137445628643035,0.09152538898153337
P049 (14).jpg,P049,0,-0.5071678757667542,0.3758576810359955,0.43231872207140054
P049 (15).jpg,P049,0,-3.2092854976654053,0.0388177819550037,0.15139656766157014
P049 (16).jpg,P049,0,-1.2736783027648926,0.218628242611885,0.33535007235852965
P049 (17).jpg,P049,0,-1.1232129335403442,0.2454157918691635,0.3535956083998442
P049 (18).jpg,P049,0,0.1025273650884628,0.5256093740463257,0.513763240966959
P049 (19).jpg,P049,0,-0.4305402934551239,0.393997311592102,0.44244603719097414
P049 (2).jpg,P049,0,-0.6945456862449646,0.3330226242542267,0.4078074745531431
P049 (20).jpg,P049,0,-3.050466299057007,0.0451973415911197,0.16268447211741555
P049 (21).jpg,P049,0,-3.2388195991516118,0.037730723619461,0.14936985945299072
P049 (22).jpg,P049,0,-3.562497854232788,0.0275853425264358,0.1285996202811388
P049 (23).jpg,P049,0,-2.9196903705596924,0.0511887334287166,0.17248037189307663
P049 (24).jpg,P049,0,-3.184526205062866,0.0397521965205669,0.15311297836421642
P049 (25).jpg,P049,0,-4.90204668045044,0.0073765399865806,0.06705319781939868
P049 (26).jpg,P049,0,-5.294429302215576,0.0049944086931645,0.055012649443790786
P049 (3).jpg,P049,0,-1.0051279067993164,0.2679344117641449,0.3682228066270156
P049 (4).jpg,P049,0,-0.99059396982193,0.2707947790622711,0.3700406367710571
P049 (5).jpg,P049,0,-2.852898120880127,0.0545317009091377,0.17766097661656188
P049 (6).jpg,P049,0,1.6063759326934814,0.8329076170921326,0.7032402172092829
P049 (7).jpg,P049,0,-5.361328601837158,0.0046727275475859,0.05317430963378096
P049 (8).jpg,P049,0,-5.114657402038574,0.0059721544384956,0.06025325006780998
P049 (9).jpg,P049,0,-6.584542274475098,0.0013796535786241,0.028290774102185633
P014 (1).jpg,P014,0,-1.2538868188858032,0.2220280319452285,0.33772350567122494
P014 (10).jpg,P014,0,-3.5378549098968506,0.0282541252672672,0.13009012864248343
P014 (11).jpg,P014,0,-1.4809792041778564,0.1852795630693435,0.3110048650000437
P014 (12).jpg,P014,0,-1.802095413208008,0.141596183180809,0.2753001970359305
P014 (13).jpg,P014,0,-2.9608848094940186,0.0492245815694332,0.1693452540730229
P014 (14).jpg,P014,0,-0.9631459712982178,0.2762487530708313,0.37348372574382804
P014 (15).jpg,P014,0,-3.0585148334503174,0.0448512844741344,0.16209648311530855
P014 (16).jpg,P014,0,-2.609983205795288,0.06849867105484,0.19752946173854719
P014 (17).jpg,P014,0,-0.2488347291946411,0.4381103217601776,0.4666377085708991
P014 (18).jpg,P014,0,-2.1219255924224854,0.1069839596748352,0.24238015052653755
P014 (19).jpg,P014,0,0.0535743236541748,0.5133903622627258,0.5071931211650503
P014 (2).jpg,P014,0,-1.3162131309509275,0.2114490419626236,0.3302773937456958
P014 (20).jpg,P014,0,-0.8947387933731079,0.2901328802108764,0.3821200855412805
P014 (21).jpg,P014,0,-2.225191831588745,0.0975109487771987,0.2323412506991211
P014 (22).jpg,P014,0,-2.472037076950073,0.0778418853878974,0.20953720118297212
P014 (23).jpg,P014,0,-2.164100408554077,0.1030209213495254,0.2382448528580233
P014 (24).jpg,P014,0,-1.564089059829712,0.1730606704950332,0.301521411608008
P014 (25).jpg,P014,0,-1.0759642124176023,0.2542705237865448,0.35941724379440826
P014 (26).jpg,P014,0,-1.1936832666397097,0.2326008379459381,0.3449932674145949
P014 (27).jpg,P014,0,0.2135665416717529,0.5531895756721497,0.5286449483354482
P014 (28).jpg,P014,0,-2.0479180812835693,0.1142629086971283,0.2497538803775366
P014 (29).jpg,P014,0,-0.44519704580307,0.390503317117691,0.44050498756897183
P014 (3).jpg,P014,0,-1.9671530723571775,0.1226949989795684,0.257969895056656
P014 (30).jpg,P014,0,0.3499492406845093,0.5866052508354187,0.5468510993580216
P014 (31).jpg,P014,0,-0.6079179644584656,0.3525342643260956,0.4190901956990232
P014 (32).jpg,P014,0,0.2913815379142761,0.572334349155426,0.5390451900253767
P014 (4).jpg,P014,0,-0.6593075394630432,0.3408951759338379,0.412386017096967
P014 (5).jpg,P014,0,-3.0865509510040283,0.0436654388904571,0.16006167346774683
P014 (6).jpg,P014,0,-3.5910627841949463,0.0268293563276529,0.12689013584584477
P014 (7).jpg,P014,0,-3.289494752883911,0.0359333418309688,0.14594456448633705
P014 (8).jpg,P014,0,0.1123256087303161,0.5280519127845764,0.5150777913228509
P014 (9).jpg,P014,0,-1.0493892431259155,0.2593424022197723,0.36271002209237463
P044 (1).jpg,P044,0,1.455275297164917,0.8108090162277222,0.6860292055138352
P044 (10).jpg,P044,0,-4.052731990814209,0.0170781128108501,0.10186246379690517
P044 (11).jpg,P044,0,-2.373264789581299,0.0852342396974563,0.21845934164931533
P044 (12).jpg,P044,0,0.2399330735206604,0.559697151184082,0.5321721679730959
P044 (13).jpg,P044,0,0.5750903487205505,0.6399369239807129,0.576611324336659
P044 (14).jpg,P044,0,-0.7851026654243469,0.3132211863994598,0.39611618524133985
P044 (15).jpg,P044,0,1.8951966762542725,0.8693468570709229,0.7345632543166232
P044 (16).jpg,P044,0,0.7725398540496826,0.6840700507164001,0.602268651873949
P044 (17).jpg,P044,0,-1.1743783950805664,0.2360644787549972,0.34734002696484717
P044 (18).jpg,P044,0,1.572707176208496,0.8281692266464233,0.6994525339093116
P044 (19).jpg,P044,0,2.21567177772522,0.9016480445861816,0.7667455230337491
P044 (2).jpg,P044,0,0.6070651412010193,0.6472710371017456,0.5807982870732095
P044 (20).jpg,P044,0,3.3561508655548096,0.966305673122406,0.8584614765503117
P044 (21).jpg,P044,0,3.0933470726013184,0.9566174149513244,0.8404284522528649
P044 (22).jpg,P044,0,0.0767156481742858,0.5191695094108582,0.5102994293891124
P044 (23).jpg,P044,0,2.122344493865967,0.8930560946464539,0.7576611623764015
P044 (24).jpg,P044,0,0.0857393741607666,0.5214217305183411,0.5115105006479619
P044 (25).jpg,P044,0,0.938310444355011,0.718758225440979,0.6233897979784467
P044 (26).jpg,P044,0,-3.115077495574951,0.0424895882606506,0.15801254108566867
P044 (27).jpg,P044,0,0.7576257586479187,0.6808380484580994,0.6003482981690064
P044 (28).jpg,P044,0,0.7282518744468689,0.6744215488433838,0.5965571039027728
P044 (29).jpg,P044,0,-2.133301258087158,0.1059019938111305,0.24125996113711046
P044 (3).jpg,P044,0,-0.3913564085960388,0.4033908545970917,0.44764379035135166
P044 (30).jpg,P044,0,-0.4051936268806457,0.400065153837204,0.44580691249215354
P044 (4).jpg,P044,0,-1.1773231029510498,0.2355338633060455,0.3469815760217412
P044 (5).jpg,P044,0,-1.0408689975738523,0.2609823644161224,0.363768475068442
P044 (6).jpg,P044,0,-0.8155292272567749,0.3067134916782379,0.3922137726608153
P044 (7).jpg,P044,0,-1.7220311164855957,0.1516097337007522,0.28396190276696137
P044 (8).jpg,P044,0,-0.7242712378501892,0.3264531195163727,0.40395756361334345
P044 (9).jpg,P044,0,-3.433622121810913,0.0312610566616058,0.13655776882643436
P038 (1).jpg,P038,0,-3.172528028488159,0.0402127318084239,0.1539504570528868
P038 (10).jpg,P038,0,-3.667801141738892,0.0248968694359064,0.12239366689492101
P038 (11).jpg,P038,0,-3.370924234390259,0.0332166142761707,0.1405771549861799
P038 (12).jpg,P038,0,-2.422073602676392,0.0815048888325691,0.21401658200104215
P038 (13).jpg,P038,0,-2.48012924194336,0.0772629827260971,0.20881823355577303
P038 (14).jpg,P038,0,-2.937568187713623,0.0503273718059062,0.1711141660871172
P038 (15).jpg,P038,0,-3.469724178314209,0.0301860552281141,0.13428754369672607
P038 (16).jpg,P038,0,-3.14828896522522,0.0411587506532669,0.15565378410650743
P038 (17).jpg,P038,0,-2.9621026515960693,0.0491676144301891,0.16925326393634407
P038 (18).jpg,P038,0,-2.9331445693969727,0.0505392178893089,0.17145141320746993
P038 (19).jpg,P038,0,-4.381099224090576,0.012356991879642,0.08682254434167948
P038 (2).jpg,P038,0,-3.24366307258606,0.0375552661716938,0.1490396305375203
P038 (20).jpg,P038,0,-2.7612483501434326,0.0594545230269432,0.18496701708933763
P038 (21).jpg,P038,0,-7.649985313415527,0.0004758246068377,0.01616254187038295
P038 (22).jpg,P038,0,-7.320117950439453,0.0006616460741497,0.01923513010587582
P038 (23).jpg,P038,0,-7.09724760055542,0.0008266950608231,0.021628193982731594
P038 (24).jpg,P038,0,-6.972091674804688,0.0009368110913783,0.02309729662145984
P038 (25).jpg,P038,0,-6.592453479766846,0.0013687966857105,0.02817419943125283
P038 (26).jpg,P038,0,-6.733829021453857,0.0011885534040629,0.0261679891692507
P038 (27).jpg,P038,0,-6.388430595397949,0.0016780716832727,0.03133478075464132
P038 (28).jpg,P038,0,-6.603263378143311,0.0013540997169911,0.028015665232447525
P038 (29).jpg,P038,0,-6.672447204589844,0.0012636996107175,0.02702136937972007
P038 (3).jpg,P038,0,-3.122783660888672,0.0421771742403507,0.15746265690946395
P038 (30).jpg,P038,0,-6.429230690002441,0.0016110920114442,0.030676429798764795
P038 (31).jpg,P038,0,-6.55036211013794,0.0014275569701567,0.028799836290941946
P038 (32).jpg,P038,0,-6.3985114097595215,0.0016612680628895,0.031170855855248234
P038 (33).jpg,P038,0,-6.753131866455078,0.0011658575385808,0.02590508694170805
P038 (34).jpg,P038,0,-7.288129329681396,0.0006831386708654,0.01956194178407446
P038 (35).jpg,P038,0,-7.200053691864014,0.0007459888001903,0.02049013808722774
P038 (36).jpg,P038,0,-7.646888256072998,0.0004772998217958,0.016189013609060384
P038 (37).jpg,P038,0,-7.4315314292907715,0.0005919291870668,0.018138135001240955
P038 (38).jpg,P038,0,-7.54376220703125,0.0005291220732033,0.0170952339367593
P038 (39).jpg,P038,0,-7.099531650543213,0.000824810587801,0.021602250661014146
P038 (4).jpg,P038,0,-2.9369633197784424,0.0503562912344932,0.1711602488256928
P038 (40).jpg,P038,0,-7.266660213470459,0.0006979532772675,0.01978432639150469
P038 (41).jpg,P038,0,-7.291300773620605,0.0006809770129621,0.019529299207861096
P038 (42).jpg,P038,0,-7.296891689300537,0.0006771829794161,0.01947188380853094
P038 (43).jpg,P038,0,-6.839242458343506,0.0010697686811909,0.024763265839648208
P038 (44).jpg,P038,0,-7.10471248626709,0.0008205519407056,0.02154351702621161
P038 (45).jpg,P038,0,-6.652823925018311,0.0012887101620435,0.0272998527115268
P038 (46).jpg,P038,0,-6.997293949127197,0.0009135176660493,0.022793836429629816
P038 (47).jpg,P038,0,-6.026540279388428,0.0024080181028693,0.03780335060830086
P038 (48).jpg,P038,0,-5.921520709991455,0.0026739507447928,0.03990940329023306
P038 (49).jpg,P038,0,-5.607674598693848,0.0036561756860464,0.04689336078889697
P038 (5).jpg,P038,0,-3.212393045425415,0.0387020036578178,0.15118226056911233
P038 (50).jpg,P038,0,-5.871437072753906,0.0028108961414545,0.04095295966586695
P038 (51).jpg,P038,0,-7.06747579574585,0.0008516560774296,0.021969155585884546
P038 (52).jpg,P038,0,-5.851779460906982,0.0028665382415056,0.04136964912482327
P038 (53).jpg,P038,0,-5.56134843826294,0.0038288733921945,0.0480180464862044
P038 (54).jpg,P038,0,-5.486617565155029,0.0041247457265853,0.04988647113070781
P038 (6).jpg,P038,0,-4.326297283172607,0.013043999671936,0.08918474359761538
P038 (7).jpg,P038,0,-4.202003479003906,0.0147448983043432,0.09475829596143028
P038 (8).jpg,P038,0,-3.216336727142334,0.0385555475950241,0.15091064988162567
P038 (9).jpg,P038,0,-3.4701569080352783,0.0301733911037445,0.13426052652764198
P047 (1).jpg,P047,0,3.1584808826446533,0.9592415690422058,0.8450642876342516
P047 (2).jpg,P047,0,1.9591143131256104,0.8764370679855347,0.7412027657476196
P047 (3).jpg,P047,0,0.6255854964256287,0.6514878273010254,0.583218178242737
P047 (4).jpg,P047,0,-0.3152437806129455,0.4218352735042572,0.45777191576292925
P047 (5).jpg,P047,0,-0.8419751524925232,0.3011189699172973,0.38883303546901504
P047 (6).jpg,P047,0,-0.5748499035835266,0.3601184785366058,0.4234202034391295
P047 (7).jpg,P047,0,-0.0458202362060546,0.4885469377040863,0.49384786229026456
P047 (8).jpg,P047,0,-0.3902005553245544,0.4036690294742584,0.4477972941926424
P047 (9).jpg,P047,0,-0.4551963210105896,0.388126015663147,0.43918178475057423
P096 (1).jpg,P096,0,-6.114107608795166,0.0022065686061978,0.036129298443326824
P096 (10).jpg,P096,0,-4.768682479858398,0.0084200613200664,0.07167547658279622
P096 (11).jpg,P096,0,-8.602447509765625,0.0001836220326367,0.009753511781879453
P096 (12).jpg,P096,0,-9.35177230834961,8.680389146320522e-05,0.0065430673066071525
P096 (13).jpg,P096,0,-7.828999042510986,0.0003978653112426,0.014702709201622222
P096 (14).jpg,P096,0,-7.6586222648620605,0.0004717345582321,0.0160889432471675
P096 (15).jpg,P096,0,-6.991726398468018,0.0009186131646856,0.02286053834247767
P096 (16).jpg,P096,0,-7.41309642791748,0.0006029359647072,0.018315313197734762
P096 (17).jpg,P096,0,-8.262044906616211,0.0002580639848019,0.011687279350230681
P096 (18).jpg,P096,0,-7.345517635345459,0.0006450628279708,0.018979452180380853
P096 (19).jpg,P096,0,-8.205857276916504,0.0002729750121943,0.012041043024472932
P096 (2).jpg,P096,0,-6.014901638031006,0.0024361391551792,0.03803138598201845
P096 (20).jpg,P096,0,-8.472757339477539,0.0002090438792947,0.010449769345465033
P096 (21).jpg,P096,0,-8.52676010131836,0.0001980565139092,0.010154064887434219
P096 (22).jpg,P096,0,-6.605006694793701,0.0013517444021999,0.02799017961267948
P096 (23).jpg,P096,0,-6.929636478424072,0.0009774002246558,0.023617440570555055
P096 (24).jpg,P096,0,-6.826221942901611,0.001083773560822,0.02493271552436624
P096 (25).jpg,P096,0,-7.426089763641357,0.0005951570929028,0.018190258944447917
P096 (26).jpg,P096,0,-6.028859615325928,0.0024024529848247,0.037758065189091514
P096 (27).jpg,P096,0,-6.496341228485107,0.0015066764317452,0.029622568727096683
P096 (28).jpg,P096,0,-4.821481704711914,0.0079904813319444,0.06981134543911387
P096 (29).jpg,P096,0,-5.091642379760742,0.0061103487387299,0.0609569944931957
P096 (3).jpg,P096,0,-7.030652523040772,0.0008835731423459,0.02239814850307928
P096 (30).jpg,P096,0,-6.147932529449463,0.0021333363838493,0.035501949279414226
P096 (31).jpg,P096,0,-4.235636234283447,0.0142641887068748,0.09322008614185612
P096 (32).jpg,P096,0,-3.5773603916168213,0.0271894484758377,0.12770772665065713
P096 (33).jpg,P096,0,-4.897855281829834,0.0074072936549782,0.06719416216467039
P096 (34).jpg,P096,0,-4.376254558563232,0.0124162584543228,0.08702906763461205
P096 (35).jpg,P096,0,-5.746760845184326,0.0031829436775296,0.04366534521896835
P096 (36).jpg,P096,0,-4.754365921020508,0.0085404375568032,0.07218879904255232
P096 (37).jpg,P096,0,-1.4360178709030151,0.1921627521514892,0.31620289265254037
P096 (38).jpg,P096,0,-3.706143617630005,0.0239827912300825,0.12019879016348703
P096 (39).jpg,P096,0,-1.9337754249572756,0.1263332813978195,0.2614163584553844
P096 (4).jpg,P096,0,-6.15911340713501,0.0021096665877848,0.035296894900121334
P096 (40).jpg,P096,0,-3.0755820274353027,0.0441257879137992,0.16085530473356224
P096 (41).jpg,P096,0,-4.443970203399658,0.0116127589717507,0.0841823831539994
P096 (42).jpg,P096,0,-3.6308188438415527,0.0258106421679258,0.1245432710354718
P096 (43).jpg,P096,0,-3.642961263656616,0.025507079437375,0.12383394289882119
P096 (44).jpg,P096,0,-2.0713565349578857,0.1119121387600898,0.24740249461927882
P096 (45).jpg,P096,0,-1.4321138858795166,0.1927695274353027,0.3166564363324315
P096 (46).jpg,P096,0,-0.847680926322937,0.2999195754528045,0.3881050211093103
P096 (47).jpg,P096,0,-1.4323444366455078,0.1927336454391479,0.31662964250405096
P096 (48).jpg,P096,0,-1.460338830947876,0.1884155124425888,0.3133853088155033
P096 (49).jpg,P096,0,-2.676994800567627,0.0643445625901222,0.19188642543702364
P096 (5).jpg,P096,0,-6.717028617858887,0.0012086658971384,0.02639892037729062
P096 (50).jpg,P096,0,-1.188800573348999,0.2334735095500946,0.3455861146378645
P096 (6).jpg,P096,0,-5.198535919189453,0.0054942932911217,0.057752323009121406
P096 (7).jpg,P096,0,-6.652182579040527,0.0012895357795059,0.02730900127723418
P096 (8).jpg,P096,0,-5.958681583404541,0.002576659200713,0.03915162906631048
P096 (9).jpg,P096,0,-5.910902500152588,0.0027024170849472,0.04012849666539897
P196 (1).jpg,P196,0,-6.2697062492370605,0.0018892086809501,0.033329197488065634
P196 (2).jpg,P196,0,-4.132416248321533,0.0157907176762819,0.09801320417305115
P043 (1).jpg,P043,0,-2.231236457824707,0.0969803035259246,0.2317627058791926
P043 (10).jpg,P043,0,-2.063030481338501,0.1127423271536827,0.24823607370822395
P043 (11).jpg,P043,0,-1.9653667211532595,0.1228874176740646,0.25815359493161116
P043 (12).jpg,P043,0,-1.821009635925293,0.1393127590417862,0.27327806339942784
P043 (13).jpg,P043,0,-1.92411744594574,0.1274031102657318,0.2624191396331198
P043 (14).jpg,P043,0,-2.636136770248413,0.0668486133217811,0.19531231686000644
P043 (15).jpg,P043,0,-2.8169333934783936,0.0564159527420997,0.18050065613320168
P043 (16).jpg,P043,0,-2.3911831378936768,0.0838475003838539,0.21682066852352247
P043 (17).jpg,P043,0,-1.7598401308059692,0.1468103528022766,0.2798511040038803
P043 (18).jpg,P043,0,-1.6708416938781738,0.1583119928836822,0.28958514515420847
P043 (19).jpg,P043,0,-1.4981987476348877,0.1826943308115005,0.3090265562908915
P043 (2).jpg,P043,0,-2.076643705368042,0.1113877370953559,0.24687413564282046
P043 (20).jpg,P043,0,-1.5811574459075928,0.1706316173076629,0.2995942336418362
P043 (21).jpg,P043,0,-1.702728033065796,0.154109314084053,0.2860746300971892
P043 (22).jpg,P043,0,-2.08595871925354,0.110469065606594,0.2459451120381964
P043 (23).jpg,P043,0,-1.11828351020813,0.2463298141956329,0.35420098555643914
P043 (24).jpg,P043,0,-0.8672875761985779,0.2958190143108368,0.3856071804450736
P043 (25).jpg,P043,0,-1.0433926582336426,0.2604959011077881,0.3634548277475855
P043 (26).jpg,P043,0,-1.4384074211120603,0.1917921006679535,0.31592546011137573
P043 (27).jpg,P043,0,-1.6559083461761477,0.1603120267391204,0.29123797197806794
P043 (28).jpg,P043,0,-1.3462259769439695,0.2064880579710006,0.32672160716658194
P043 (29).jpg,P043,0,-1.7610740661621094,0.14665587246418,0.2797175585862496
P043 (3).jpg,P043,0,-2.3518025875091557,0.086922600865364,0.22043382751899532
P043 (30).jpg,P043,0,-1.958681583404541,0.1236098036170005,0.258841819210779
P043 (31).jpg,P043,0,-4.245611667633057,0.0141246048733592,0.0927681810053383
P043 (32).jpg,P043,0,-4.668216228485107,0.0093016689643263,0.07534989632907792
P043 (33).jpg,P043,0,-4.1596293449401855,0.0153733137995004,0.09672862323224243
P043 (34).jpg,P043,0,-3.506296396255493,0.0291336085647344,0.1320203489672564
P043 (35).jpg,P043,0,-3.698134660720825,0.0241709779947996,0.12065442893886906
P043 (36).jpg,P043,0,-3.624828577041626,0.0259616933763027,0.12489448866734858
P043 (37).jpg,P043,0,-3.4968912601470947,0.0294008124619722,0.13260027585422504
P043 (38).jpg,P043,0,-2.674265146255493,0.0645091012120246,0.19211386765681454
P043 (39).jpg,P043,0,-3.1502938270568848,0.0410797037184238,0.15551231738741883
P043 (4).jpg,P043,0,-2.54163122177124,0.0729907229542732,0.20341332886492738
P043 (40).jpg,P043,0,-2.74821400642395,0.0601875931024551,0.18602472650920743
P043 (41).jpg,P043,0,-2.3271849155426025,0.0888964012265205,0.2227143313372349
P043 (42).jpg,P043,0,-1.0691778659820557,0.2555594742298126,0.360256864087547
P043 (43).jpg,P043,0,-2.0719778537750244,0.1118504106998443,0.24734036547401544
P043 (44).jpg,P043,0,-2.599942445755005,0.0691421180963516,0.19838568324709802
P043 (45).jpg,P043,0,-2.0545248985290527,0.1135959550738334,0.24908956700506715
P043 (46).jpg,P043,0,-1.3223598003387451,0.2104259580373764,0.3295475655642569
P043 (47).jpg,P043,0,-2.2147157192230225,0.0984367728233337,0.23334632625967458
P043 (48).jpg,P043,0,-1.5550942420959473,0.1743517220020294,0.30253983892528286
P043 (49).jpg,P043,0,-1.351757287979126,0.2055832296609878,0.32606843537676256
P043 (5).jpg,P043,0,-2.051963806152344,0.1138541027903556,0.24934694380865802
P043 (50).jpg,P043,0,-0.5610031485557556,0.3633154034614563,0.42523686927571186
P043 (51).jpg,P043,0,-0.948931872844696,0.2790996730327606,0.37527182471568565
P043 (52).jpg,P043,0,-0.4620667099952698,0.3864956498146057,0.4382731267734372
P043 (53).jpg,P043,0,-0.83939129114151,0.3016630113124847,0.3891628803914595
P043 (54).jpg,P043,0,-1.5217864513397217,0.179198607802391,0.3063279582863063
P043 (55).jpg,P043,0,-0.587645947933197,0.357175201177597,0.42174322628457045
P043 (56).jpg,P043,0,-0.7474654316902161,0.3213738203048706,0.4009617283201389
P043 (57).jpg,P043,0,-1.0165655612945557,0.2656969130039215,0.36679486832581826
P043 (58).jpg,P043,0,-1.364525556564331,0.2035057693719864,0.3245632576229046
P043 (59).jpg,P043,0,-0.1941927075386047,0.4516038298606872,0.4739486577237313
P043 (6).jpg,P043,0,-2.3501667976379395,0.0870525166392326,0.22058484110907248
P043 (60).jpg,P043,0,-0.2275106310844421,0.4433664083480835,0.4694892827355864
P043 (61).jpg,P043,0,-0.5385950207710266,0.3685144484043121,0.4281810314268621
P043 (62).jpg,P043,0,-1.6681811809539795,0.1586668342351913,0.28987920440525305
P043 (63).jpg,P043,0,-1.475132703781128,0.1861637234687805,0.3116781321343078
P043 (64).jpg,P043,0,-1.2580103874206543,0.2213165760040283,0.33722831979903106
P043 (65).jpg,P043,0,-0.3465750813484192,0.4142132103443146,0.4535980212653649
P043 (66).jpg,P043,0,-0.9822681546211244,0.272441953420639,0.37108365306642455
P043 (67).jpg,P043,0,-1.799914836883545,0.1418614238500595,0.27553391971049085
P043 (68).jpg,P043,0,-1.014390230178833,0.2661215662956238,0.3670662691914357
P043 (69).jpg,P043,0,-1.6245002746582031,0.1645851582288742,0.29473228762724635
P043 (7).jpg,P043,0,-2.223483800888061,0.0976613759994506,0.23250491254839964
P043 (70).jpg,P043,0,-1.7486306428909302,0.1482199877500534,0.2810660596423116
P043 (71).jpg,P043,0,-0.9992703795433044,0.2690849006175995,0.3689549890648418
P043 (8).jpg,P043,0,-2.548574209213257,0.0725223273038864,0.20280975712639485
P043 (9).jpg,P043,0,-2.423804998397827,0.0813753604888916,0.21386019801875294
P070 (1).jpg,P070,0,-6.499674320220947,0.0015016704564914,0.029571153040619042
P070 (10).jpg,P070,0,-5.979689121246338,0.0025232299230992,0.03872937531020754
P070 (11).jpg,P070,0,-7.91173505783081,0.0003662840463221,0.01407266087754732
P070 (12).jpg,P070,0,-7.920111656188965,0.0003632297739386,0.01401037489650132
P070 (13).jpg,P070,0,-7.253489971160889,0.0007071997388266,0.019921972282795932
P070 (14).jpg,P070,0,-7.031562328338623,0.0008827704004943,0.022387451259676543
P070 (15).jpg,P070,0,-8.105777740478516,0.0003016993578057,0.0126975429188059
P070 (16).jpg,P070,0,-7.165070056915283,0.0007725275936536,0.020870666415600897
P070 (17).jpg,P070,0,-7.805963039398193,0.0004071331932209,0.014883024410448172
P070 (18).jpg,P070,0,-7.840243339538574,0.0003934184205718,0.014615477307799968
P070 (19).jpg,P070,0,-7.457596302032471,0.0005767087568528,0.017890494071965666
P070 (2).jpg,P070,0,-6.252090930938721,0.001922718132846,0.03363536780357828
P070 (20).jpg,P070,0,-5.76040506362915,0.0031399452127516,0.04336034915161007
P070 (21).jpg,P070,0,-5.411487102508545,0.0044451477006077,0.05183418697172876
P070 (22).jpg,P070,0,-6.217166900634766,0.0019909171387553,0.034250424574464394
P070 (23).jpg,P070,0,-6.434893608093262,0.0016020089387893,0.030586117962685747
P070 (24).jpg,P070,0,-7.174787998199463,0.0007650622283108,0.020764272798273895
P070 (25).jpg,P070,0,-6.392255783081055,0.0016716755926609,0.031272481101276686
P070 (26).jpg,P070,0,-6.866817951202393,0.0010407025692984,0.024408094507148825
P070 (27).jpg,P070,0,-4.182522773742676,0.0150305945426225,0.09565961483475953
P070 (28).jpg,P070,0,-5.452143669128418,0.0042688036337494,0.05077142663120104
P070 (29).jpg,P070,0,-3.916632413864136,0.0195194296538829,0.10874727825726009
P070 (3).jpg,P070,0,-4.8901214599609375,0.0074643730185925,0.0674549867003076
P070 (30).jpg,P070,0,-4.526378631591797,0.0107039725407958,0.0808322464169173
P070 (31).jpg,P070,0,-4.817863941192627,0.008019208908081,0.06993763018458701
P070 (32).jpg,P070,0,-6.6907267570495605,0.0012408379698172,0.026764441435953332
P070 (33).jpg,P070,0,-5.881434917449951,0.0027830111794173,0.040742576023230316
P070 (34).jpg,P070,0,-8.601611137390137,0.0001837756426539,0.009757851387701771
P070 (35).jpg,P070,0,-5.438655853271484,0.0043265200220048,0.05112169116277305
P070 (36).jpg,P070,0,-7.446075439453125,0.0005833875038661,0.01799954114425313
P070 (37).jpg,P070,0,-6.1606621742248535,0.0021064088214188,0.035268581041963294
P070 (38).jpg,P070,0,-5.9784111976623535,0.0025264481082558,0.03875493638932335
P070 (39).jpg,P070,0,-8.502435684204102,0.0002029321913141,0.010286219595053395
P070 (4).jpg,P070,0,-5.219743728637695,0.0053796181455254,0.057135594454821935
P070 (40).jpg,P070,0,-7.275534152984619,0.0006917913560755,0.019692108259379767
P070 (41).jpg,P070,0,-6.383816719055176,0.001685818657279,0.03141008533776456
P070 (42).jpg,P070,0,-8.285750389099121,0.0002520199050195,0.011541125702374302
P070 (43).jpg,P070,0,-5.952159404754639,0.0025934758596122,0.03928362156516586
P070 (44).jpg,P070,0,-6.082852840423584,0.0022764638997614,0.0367184540103874
P070 (45).jpg,P070,0,-6.788397789001465,0.001125504495576,0.025431394088207552
P070 (46).jpg,P070,0,-5.160854816436768,0.0057040704414248,0.058863538788489954
P070 (47).jpg,P070,0,-5.402968883514404,0.0044830036349594,0.05205950225438921
P070 (48).jpg,P070,0,-6.8854522705078125,0.0010215089423581,0.024170902349521385
P070 (49).jpg,P070,0,-6.355179309844971,0.0017347091343253,0.03188141660751695
P070 (5).jpg,P070,0,-5.076049327850342,0.0062057781033217,0.061438152885413946
P070 (50).jpg,P070,0,-6.524150848388672,0.0014654141850769,0.02919622438856002
P070 (51).jpg,P070,0,-6.31374979019165,0.0018079542787745,0.032575411204362636
P070 (52).jpg,P070,0,-6.434889316558838,0.0016020158072933,0.030586186306198644
P070 (53).jpg,P070,0,-6.170361042022705,0.0020861199591308,0.03509176771406032
P070 (54).jpg,P070,0,-4.708297252655029,0.0089394878596067,0.07386368416693037
P070 (55).jpg,P070,0,-5.420403957366943,0.0044058612547814,0.05159931513911242
P070 (56).jpg,P070,0,-6.356081485748291,0.0017331475391983,0.03186646425537785
P070 (57).jpg,P070,0,-6.4850850105285645,0.0015237057814374,0.029796846492780544
P070 (58).jpg,P070,0,-5.981898307800293,0.0025176757480949,0.03868522522911
P070 (59).jpg,P070,0,-5.069899082183838,0.0062438240274786,0.06162890675667079
P070 (6).jpg,P070,0,-5.714717388153076,0.0032862473744899,0.04438969821615664
P070 (60).jpg,P070,0,-4.688473224639893,0.0091168414801359,0.07459536094907752
P070 (61).jpg,P070,0,-5.462773323059082,0.0042238589376211,0.050496987306637216
P070 (62).jpg,P070,0,-6.072076797485352,0.0023010710719972,0.036923717837875215
P070 (63).jpg,P070,0,-7.35029935836792,0.0006419876008294,0.018931692610883715
P070 (64).jpg,P070,0,-6.125624179840088,0.0021813574712723,0.035914512215765276
P070 (65).jpg,P070,0,-4.334755420684815,0.0129355583339929,0.08881641474168459
P070 (66).jpg,P070,0,-5.64438009262085,0.003524872008711,0.04602007090983049
P070 (67).jpg,P070,0,-6.154652118682861,0.0021190796978771,0.03537857659872959
P070 (68).jpg,P070,0,-6.180970668792725,0.0020641495939344,0.03489932928377973
P070 (69).jpg,P070,0,-4.415569305419922,0.0119433039799332,0.08536588212890124
P070 (7).jpg,P070,0,-5.576716899871826,0.003770699724555,0.04764212727066306
P070 (70).jpg,P070,0,-4.431646347045898,0.0117550650611519,0.084694091911816
P070 (71).jpg,P070,0,-5.925952911376953,0.0026621569413691,0.03981828995091718
P070 (72).jpg,P070,0,-5.377645969390869,0.0045974473468959,0.05273479585612999
P070 (73).jpg,P070,0,-5.740789413452148,0.0032019461505115,0.0437994707977462
P070 (74).jpg,P070,0,-5.604268550872803,0.0036686044186353,0.04697519110778742
P070 (8).jpg,P070,0,-4.809543132781982,0.0080856718122959,0.0702288855427068
P070 (9).jpg,P070,0,-5.3910088539123535,0.0045366981066763,0.052377419384015425
P072 (1).jpg,P072,0,-7.705475330352783,0.0004501518269535,0.01569539975723676
P072 (10).jpg,P072,0,-6.684642791748047,0.0012484007747843,0.02684968963828211
P072 (11).jpg,P072,0,-7.791409969329834,0.0004130990710109,0.014998059926098343
P072 (12).jpg,P072,0,-7.06745195388794,0.0008516762754879,0.0219694307294139
P072 (13).jpg,P072,0,-5.830078125,0.0029292416293174,0.04183437085765521
P072 (14).jpg,P072,0,-5.520975589752197,0.0039859903044998,0.04901904508468845
P072 (15).jpg,P072,0,-3.817538738250733,0.0215090289711952,0.1140141189203731
P072 (16).jpg,P072,0,-6.776637554168701,0.0011388036655262,0.025588412845831177
P072 (17).jpg,P072,0,-6.186465740203857,0.0020528612658381,0.03480005937633544
P072 (18).jpg,P072,0,-6.449929714202881,0.0015781389083713,0.030347570937330707
P072 (19).jpg,P072,0,-6.510775089263916,0.0014851177111268,0.029400537737249204
P072 (2).jpg,P072,0,-7.258641719818115,0.0007035683956928,0.019868018550857652
P072 (20).jpg,P072,0,-5.3908305168151855,0.004537503235042,0.052382173726304944
P072 (21).jpg,P072,0,-6.116936206817627,0.0022003496997058,0.03607643028985544
P072 (22).jpg,P072,0,-6.958109855651856,0.0009499888401478,0.0232673490631284
P072 (23).jpg,P072,0,-4.958856105804443,0.0069720037281513,0.0651694851899559
P072 (24).jpg,P072,0,-6.036219596862793,0.0023848777636885,0.037614705197182505
P072 (25).jpg,P072,0,-5.559135913848877,0.0038373218849301,0.04807239719129274
P072 (26).jpg,P072,0,-5.193288326263428,0.0055230408906936,0.05790588604280222
P072 (27).jpg,P072,0,-5.551655292510986,0.0038660233840346,0.048256591712813136
P072 (28).jpg,P072,0,-5.586384296417236,0.0037345578894019,0.047407092752708366
P072 (29).jpg,P072,0,-4.432037353515625,0.0117505248636007,0.08467781334820315
P072 (3).jpg,P072,0,-7.5889177322387695,0.0005057724774815,0.016692451826913472
P072 (30).jpg,P072,0,-3.1219403743743896,0.042211253196001,0.15752275489279902
P072 (31).jpg,P072,0,-5.30044412612915,0.0049646068364381,0.05484494759060214
P072 (32).jpg,P072,0,-4.934987545013428,0.0071392157115042,0.06595485780403434
P072 (33).jpg,P072,0,-8.583992958068848,0.0001870415144367,0.009849710740559162
P072 (34).jpg,P072,0,-8.365846633911133,0.0002326258399989,0.01106053800911226
P072 (35).jpg,P072,0,-6.460031986236572,0.001562301069498,0.030188312165874618
P072 (36).jpg,P072,0,-5.214672565460205,0.0054068197496235,0.057282499975029655
P072 (37).jpg,P072,0,-5.215723514556885,0.0054011712782084,0.057252026125306235
P072 (38).jpg,P072,0,-6.119461536407471,0.0021948120556771,0.03602929332618064
P072 (39).jpg,P072,0,-5.891861438751221,0.0027542242314666,0.040524274341029926
P072 (4).jpg,P072,0,-6.327460765838623,0.0017833785386756,0.03234413458885326
P072 (40).jpg,P072,0,-5.862574100494385,0.0028358490671962,0.04114033156348052
P072 (41).jpg,P072,0,-0.3958171010017395,0.4023177325725555,0.44705147902749937
P072 (42).jpg,P072,0,-1.131727695465088,0.2438424080610275,0.35255102560794455
P072 (43).jpg,P072,0,-1.2785722017288208,0.2177933752536773,0.33476446188434517
P072 (44).jpg,P072,0,-3.037787437438965,0.0457476638257503,0.16361421571742513
P072 (45).jpg,P072,0,-2.7081964015960693,0.0624914318323135,0.18930120621408028
P072 (46).jpg,P072,0,-2.0754170417785645,0.1115092113614082,0.24699665132436138
P072 (47).jpg,P072,0,-1.3804943561553955,0.2009296119213104,0.3226858814588702
P072 (48).jpg,P072,0,-1.826977014541626,0.1385987848043441,0.2726420131458408
P072 (49).jpg,P072,0,-1.4367610216140747,0.19204743206501,0.31611659703031164
P072 (5).jpg,P072,0,-4.624906063079834,0.0097093805670738,0.07698668306344793
P072 (50).jpg,P072,0,-2.8781673908233643,0.0532434396445751,0.17568680984597088
P072 (6).jpg,P072,0,-4.718580722808838,0.0088488385081291,0.07348674251015772
P072 (7).jpg,P072,0,-7.415158748626709,0.0006016945699229,0.018295408228737528
P072 (8).jpg,P072,0,-5.625708103179932,0.0035910680890083,0.04646235962555198
P072 (9).jpg,P072,0,-2.918046712875366,0.0512686222791671,0.1726064110679376
P078 (1).jpg,P078,0,-1.75287663936615,0.1476847380399704,0.2806054736909425
P078 (10).jpg,P078,0,-1.0767860412597656,0.2541147172451019,0.3593156237897694
P078 (11).jpg,P078,0,1.5770838260650637,0.8287911415100098,0.6999464577460113
P078 (12).jpg,P078,0,0.7014610171318054,0.6685116291046143,0.5930891951941792
P078 (13).jpg,P078,0,0.3639172911643982,0.5899883508682251,0.548709510467181
P078 (14).jpg,P078,0,-0.3268771767616272,0.4190006852149963,0.4562214138092512
P078 (15).jpg,P078,0,-1.1890363693237305,0.233431339263916,0.34555747369455164
P078 (16).jpg,P078,0,0.0018481630831956,0.5004620552062988,0.5002481594957465
P078 (17).jpg,P078,0,0.25820392370224,0.5641947388648987,0.5346145130748671
P078 (18).jpg,P078,0,0.6587340235710144,0.6589758992195129,0.5875393373635979
P078 (19).jpg,P078,0,0.7323972582817078,0.6753311157226562,0.597092846209937
P078 (2).jpg,P078,0,-1.4358993768692017,0.1921811550855636,0.31621665350365086
P078 (20).jpg,P078,0,0.7396404147148132,0.6769171953201294,0.59802838282304
P078 (21).jpg,P078,0,0.243063747882843,0.5604684948921204,0.532590771755488
P078 (22).jpg,P078,0,1.132811188697815,0.7563573122024536,0.647581795497656
P078 (23).jpg,P078,0,0.8833467364311218,0.7075152397155762,0.6164342459460325
P078 (24).jpg,P078,0,0.1236109137535095,0.5308634638786316,0.5165915889389734
P078 (3).jpg,P078,0,-1.341919183731079,0.2071946412324905,0.32723064622011716
P078 (4).jpg,P078,0,-1.3515485525131226,0.2056173086166381,0.32609307192757053
P078 (5).jpg,P078,0,-1.1513822078704834,0.2402366995811462,0.3501452176967105
P078 (6).jpg,P078,0,2.5066020488739014,0.9246033430099488,0.7935211083487815
P078 (7).jpg,P078,0,2.8116390705108643,0.943301558494568,0.8190783430790285
P078 (8).jpg,P078,0,1.5753679275512695,0.8285475373268127,0.6997528664556696
P078 (9).jpg,P078,0,-0.0637000203132629,0.4840804040431976,0.4914476029770478
P080 (1).jpg,P080,0,-3.919411659240722,0.0194663107395172,0.10860268663055295
P080 (10).jpg,P080,0,-4.120919704437256,0.0159703884273767,0.09856044771792427
P080 (11).jpg,P080,0,-6.433463096618652,0.001604298595339,0.03060890732709369
P080 (12).jpg,P080,0,-4.981059551239014,0.006819951813668,0.0644467206475981
P080 (13).jpg,P080,0,-5.810850143432617,0.0029859400819987,0.042250294935104966
P080 (14).jpg,P080,0,-3.4013831615448,0.032252263277769,0.13861229723161944
P080 (15).jpg,P080,0,-3.913616180419922,0.0195772405713796,0.1089043905302027
P080 (16).jpg,P080,0,-2.4190011024475098,0.08173518627882,0.21429430271594554
P080 (17).jpg,P080,0,-1.2702770233154297,0.2192098349332809,0.33575737276437123
P080 (18).jpg,P080,0,-1.0275909900665283,0.2635513842105865,0.36542060456596814
P080 (19).jpg,P080,0,-1.0162906646728516,0.2657505571842193,0.36682916059736936
P080 (2).jpg,P080,0,-5.245103359222412,0.0052456152625381,0.05640625272781566
P080 (20).jpg,P080,0,-3.5920066833496094,0.0268047228455543,0.12683398053460743
P080 (21).jpg,P080,0,-7.174438953399658,0.0007653291104361,0.020768084990582195
P080 (22).jpg,P080,0,-7.330665111541748,0.0006547088269144,0.019128553001963016
P080 (23).jpg,P080,0,-5.799271106719971,0.0030206104274839,0.04250266714410974
P080 (24).jpg,P080,0,-4.766829490661621,0.008435545489192,0.07174172554344616
P080 (25).jpg,P080,0,-4.825706005096436,0.0079570664092898,0.06966415533656856
P080 (26).jpg,P080,0,-6.6272807121276855,0.0013220078544691,0.027666530134583565
P080 (27).jpg,P080,0,-7.464491367340088,0.0005727482493966,0.01782554154153931
P080 (28).jpg,P080,0,-7.554100036621094,0.0005236830911599,0.017002186915538575
P080 (29).jpg,P080,0,-7.385104656219482,0.0006200410425662,0.01858759313716999
P080 (3).jpg,P080,0,-6.127600193023682,0.0021770605817437,0.03587778296277621
P080 (30).jpg,P080,0,-7.491302490234375,0.0005576047115027,0.01757517026153972
P080 (31).jpg,P080,0,-8.537981033325195,0.0001958469802048,0.010093669248959556
P080 (32).jpg,P080,0,-5.728081226348877,0.0032427639234811,0.04408622170437513
P080 (33).jpg,P080,0,-7.212399005889893,0.000736842630431,0.020357482280302184
P080 (34).jpg,P080,0,-6.658323764801025,0.0012816509697586,0.027221521715445913
P080 (35).jpg,P080,0,-7.562700271606445,0.0005192009266465,0.016925158729115097
P080 (36).jpg,P080,0,-6.760855197906494,0.001156898215413,0.02580061786379365
P080 (37).jpg,P080,0,-6.082824230194092,0.0022765290923416,0.036718997526839936
P080 (38).jpg,P080,0,-4.451042652130127,0.0115318614989519,0.08388999168494563
P080 (39).jpg,P080,0,-5.996563911437988,0.0024811127223074,0.0383933589944998
P080 (4).jpg,P080,0,-4.768826961517334,0.0084188543260097,0.07167031337824303
P080 (40).jpg,P080,0,-7.78273344039917,0.0004166974104009,0.01506706018558157
P080 (41).jpg,P080,0,-6.9005045890808105,0.0010062634246423,0.02398094729816501
P080 (42).jpg,P080,0,-6.312644958496094,0.0018099491717293,0.032594116916678594
P080 (43).jpg,P080,0,-4.75164270401001,0.008563526906073,0.07228682341500667
P080 (44).jpg,P080,0,-5.105746746063232,0.0060252859257161,0.06052481003997382
P080 (45).jpg,P080,0,-4.590744495391846,0.0100434087216854,0.07830064753981268
P080 (46).jpg,P080,0,-5.380162239074707,0.004585946444422,0.05266732531872064
P080 (47).jpg,P080,0,-5.104438781738281,0.0060331248678267,0.060564767637345966
P080 (48).jpg,P080,0,-5.968801975250244,0.0025507800746709,0.038947659652462344
P080 (49).jpg,P080,0,-5.457320690155029,0.0042468546889722,0.05063758897783247
P080 (5).jpg,P080,0,-6.445935726165772,0.001584444544278,0.030410758996049052
P080 (50).jpg,P080,0,-4.236649036407471,0.0142499553039669,0.0931741144454804
P080 (51).jpg,P080,0,-4.7911376953125,0.0082346331328153,0.07087712293190634
P080 (52).jpg,P080,0,-3.828945875167847,0.0212702546268701,0.11339669201269152
P080 (53).jpg,P080,0,-4.109570503234863,0.016149727627635,0.09910334527163503
P080 (54).jpg,P080,0,-4.747721195220947,0.0085968859493732,0.07242819689403178
P080 (55).jpg,P080,0,-6.2132344245910645,0.0019987463019788,0.03432035633720816
P080 (56).jpg,P080,0,-5.1609649658203125,0.0057034459896385,0.058860261457252025
P080 (57).jpg,P080,0,-6.505505084991455,0.0014929530443623,0.029481416688030598
P080 (58).jpg,P080,0,-5.363247394561768,0.0046638119965791,0.053122447472513955
P080 (59).jpg,P080,0,-5.915988445281982,0.0026887445710599,0.04002341116299974
P080 (6).jpg,P080,0,-3.770473003387451,0.0225222241133451,0.11659267086146477
P080 (60).jpg,P080,0,-5.17834997177124,0.0056056990288197,0.05834513553138244
P080 (61).jpg,P080,0,-5.486662864685059,0.0041245594620704,0.049885317948693504
P080 (62).jpg,P080,0,-5.512251377105713,0.0040207761339843,0.04923793787480088
P080 (63).jpg,P080,0,-6.31985330581665,0.0017969725886359,0.03247226045752061
P080 (64).jpg,P080,0,-6.010919094085693,0.002445836784318,0.03810971874787558
P080 (65).jpg,P080,0,-6.103116512298584,0.0022309005726128,0.03633543716502059
P080 (66).jpg,P080,0,-6.254817008972168,0.0019174936460331,0.03358780914481621
P080 (67).jpg,P080,0,-5.901851654052734,0.002726920414716,0.04031615890778605
P080 (68).jpg,P080,0,-5.85947322845459,0.0028446312062442,0.04120608057653514
P080 (69).jpg,P080,0,-6.211386203765869,0.00200243643485,0.03435327105445235
P080 (7).jpg,P080,0,-3.561406373977661,0.0276146326214075,0.12866532831972788
P080 (70).jpg,P080,0,-6.542993068695068,0.0014381003566086,0.02891074624474486
P080 (71).jpg,P080,0,-7.053493976593018,0.0008636369602754,0.02213109032182324
P080 (72).jpg,P080,0,-5.193300724029541,0.0055229729041457,0.057905522789311624
P080 (73).jpg,P080,0,-5.480000972747803,0.0041520143859088,0.05005518006855042
P080 (74).jpg,P080,0,-6.026480197906494,0.0024081624578684,0.03780452440229212
P080 (75).jpg,P080,0,-6.504347801208496,0.0014946792507544,0.02949920643310135
P080 (76).jpg,P080,0,-5.210883617401123,0.0054272338747978,0.0573924927396966
P080 (77).jpg,P080,0,-5.9749836921691895,0.0025351005606353,0.038823573459830535
P080 (78).jpg,P080,0,-6.342271327972412,0.0017572062788531,0.032096093422419265
P080 (79).jpg,P080,0,-6.440642833709717,0.0015928394859656,0.030494693127872334
P080 (8).jpg,P080,0,-3.320101261138916,0.0348879992961883,0.14390748327940567
P080 (80).jpg,P080,0,-6.963573932647705,0.0009448171476833,0.023200747786091335
P080 (81).jpg,P080,0,-4.856919765472412,0.0077144186943769,0.06858542274044402
P080 (82).jpg,P080,0,-6.398086071014404,0.0016619737725704,0.031177755520418113
P080 (83).jpg,P080,0,-5.039137363433838,0.0064376234076917,0.06259133264040878
P080 (84).jpg,P080,0,-4.880357265472412,0.0075370613485574,0.06778562730956342
P080 (85).jpg,P080,0,-5.826632022857666,0.0029393238946795,0.0419086250413846
P080 (86).jpg,P080,0,-6.155200481414795,0.0021179204341024,0.03536852682241235
P080 (87).jpg,P080,0,-6.734611034393311,0.0011876253411173,0.026157287967768252
P080 (88).jpg,P080,0,-9.031744003295898,0.000119539516163,0.007760642529459962
P080 (9).jpg,P080,0,-2.9739673137664795,0.0486158952116966,0.16835914383973022
P143 (1).jpg,P143,0,-5.554914951324463,0.003853490576148,0.048176247268994984
P143 (10).jpg,P143,0,-3.2623403072357178,0.0368859767913818,0.1477718491491765
P143 (11).jpg,P143,0,-3.596337080001831,0.0266919899731874,0.12657662483238816
P143 (12).jpg,P143,0,-3.264324903488159,0.0368155390024185,0.14763766311422633
P143 (13).jpg,P143,0,-6.058549404144287,0.0023323369678109,0.037182952209068004
P143 (14).jpg,P143,0,-4.957839488983154,0.0069790459237992,0.06520275790265749
P143 (15).jpg,P143,0,-6.545894145965576,0.0014339404879137,0.02886703334419475
P143 (16).jpg,P143,0,-6.762283802032471,0.0011552486103028,0.025781338953646427
P143 (17).jpg,P143,0,-3.948010206222534,0.018927875906229,0.10712461703860782
P143 (18).jpg,P143,0,-3.9607937335968018,0.0186919458210468,0.10646966446637499
P143 (19).jpg,P143,0,-3.4081177711486816,0.0320427231490612,0.138180981117999
P143 (2).jpg,P143,0,-6.004371166229248,0.0024618650786578,0.038238847036124075
P143 (20).jpg,P143,0,-4.092036724090576,0.0164306983351707,0.09994731905188685
P143 (21).jpg,P143,0,-4.820998191833496,0.0079943146556615,0.0698282111341953
P143 (22).jpg,P143,0,-6.0181565284729,0.0024282417725771,0.03796748031729561
P143 (23).jpg,P143,0,-7.54266881942749,0.0005297005991451,0.017105104329514585
P143 (24).jpg,P143,0,-7.20330810546875,0.0007435667794197,0.020455086061836953
P143 (25).jpg,P143,0,-7.085085868835449,0.0008368020644411,0.021766846533593846
P143 (26).jpg,P143,0,-5.454063892364502,0.0042606494389474,0.05072174551779632
P143 (27).jpg,P143,0,-6.201632022857666,0.0020220244769006,0.034527486863831856
P143 (28).jpg,P143,0,-3.92516016960144,0.0193568896502256,0.10830415318237581
P143 (29).jpg,P143,0,-5.522710800170898,0.0039791068993508,0.04897561837562941
P143 (3).jpg,P143,0,-5.584166049957275,0.0037428201176226,0.047460925344647374
P143 (30).jpg,P143,0,-5.3079047203063965,0.0049278880469501,0.054637604689037264
P143 (31).jpg,P143,0,-6.091657638549805,0.0022565531544387,0.03655155397887243
P143 (32).jpg,P143,0,-5.055004119873047,0.0063369278796017,0.062093178804437404
P143 (33).jpg,P143,0,-6.338816165924072,0.0017632774543017,0.03215379406039275
P143 (34).jpg,P143,0,-4.086445331573486,0.0165213029831647,0.10021779673800389
P143 (35).jpg,P143,0,-4.318751335144043,0.0131415016949176,0.08951451152177986
P143 (36).jpg,P143,0,-3.157539129257202,0.0407952368259429,0.15500195001406458
P143 (37).jpg,P143,0,-3.893124103546143,0.0199744626879692,0.10997708327216646
P143 (38).jpg,P143,0,-3.1947736740112305,0.0393628738820552,0.15240065816334916
P143 (39).jpg,P143,0,-5.309935569763184,0.0049179391935467,0.05458129185621045
P143 (4).jpg,P143,0,-6.390288829803467,0.0016749614151194,0.03130450127777565
P143 (40).jpg,P143,0,-5.565968036651611,0.0038112935144454,0.04790475400880132
P143 (41).jpg,P143,0,-5.548245906829834,0.0038791755214333,0.04834076272927731
P143 (42).jpg,P143,0,-6.461390972137451,0.0015601825434714,0.0301669501167137
P143 (43).jpg,P143,0,-5.090373992919922,0.0061180563643574,0.060996001379786946
P143 (44).jpg,P143,0,-3.741506814956665,0.0231688115745782,0.11820466588965306
P143 (45).jpg,P143,0,-4.539062023162842,0.0105704935267567,0.08032755554366967
P143 (46).jpg,P143,0,-4.381141185760498,0.0123564805835485,0.08682075749601413
P143 (47).jpg,P143,0,-3.3784048557281494,0.0329772271215915,0.14009244422869904
P143 (48).jpg,P143,0,-6.900111675262451,0.0010066585382446,0.023985887175838667
P143 (49).jpg,P143,0,-6.845403671264648,0.0010632048361003,0.024683475194114346
P143 (5).jpg,P143,0,-4.302520275115967,0.0133536709472537,0.09022755846379883
P143 (50).jpg,P143,0,-7.073619365692139,0.0008464443380944,0.0218983687548857
P143 (51).jpg,P143,0,-5.631684303283691,0.0035697473213076,0.046320361461975504
P143 (52).jpg,P143,0,-7.497460842132568,0.0005541832651942,0.01751815105488691
P143 (53).jpg,P143,0,-6.568828105926514,0.001401474350132,0.028523718936177205
P143 (54).jpg,P143,0,-5.462936878204346,0.0042231711558997,0.05049277558643462
P143 (55).jpg,P143,0,-5.512413501739502,0.0040201270021498,0.049233861685959814
P143 (56).jpg,P143,0,-6.469962596893311,0.0015468872152268,0.030032548950305903
P143 (57).jpg,P143,0,-8.018804550170898,0.0003291050088591,0.013296678840164345
P143 (6).jpg,P143,0,-6.868350028991699,0.0010391110554337,0.024388507703825606
P143 (7).jpg,P143,0,-4.842201232910156,0.007827908731997,0.0690921466458014
P143 (8).jpg,P143,0,-5.377625465393066,0.0045975409448146,0.052735345979599786
P143 (9).jpg,P143,0,-3.910832405090332,0.0196307431906461,0.10904957108576711
P168 (1).jpg,P168,0,-1.9442306756973269,0.1251838058233261,0.2603335916508179
P168 (10).jpg,P168,0,0.8792252540588379,0.7066616415977478,0.6159107149053991
P168 (11).jpg,P168,0,1.933081865310669,0.8735901117324829,0.7385117123015809
P168 (12).jpg,P168,0,0.8733696341514587,0.7054463624954224,0.615166443295738
P168 (13).jpg,P168,0,1.9689390659332275,0.8774970769882202,0.7422136827719097
P168 (14).jpg,P168,0,-0.2589874863624573,0.4356126189231872,0.4652807809144995
P168 (15).jpg,P168,0,-0.8279058337211609,0.3040880560874939,0.3906302902181717
P168 (16).jpg,P168,0,1.2795790433883667,0.7823781371116638,0.6653559551107462
P168 (17).jpg,P168,0,0.4934119284152984,0.6209098696708679,0.5658671621576957
P168 (18).jpg,P168,0,0.2565850913524627,0.5637966394424438,0.5343981818885755
P168 (19).jpg,P168,0,0.3256096243858337,0.5806907415390015,0.5436096871270389
P168 (2).jpg,P168,0,-1.9236249923706052,0.1274578720331192,0.2624703370869921
P168 (20).jpg,P168,0,-0.212589293718338,0.4470519423484802,0.47148584155489787
P168 (21).jpg,P168,0,0.0415346920490264,0.5103821754455566,0.5055767814797049
P168 (22).jpg,P168,0,1.2269456386566162,0.7732835412025452,0.6590324911844424
P168 (23).jpg,P168,0,0.6919705271720886,0.6664051413536072,0.591858462651833
P168 (24).jpg,P168,0,0.6037355065345764,0.6465104818344116,0.5803628170789986
P168 (25).jpg,P168,0,1.2120566368103027,0.7706626057624817,0.6572332624045889
P168 (26).jpg,P168,0,0.1677606701850891,0.5418420433998108,0.5225106021258588
P168 (27).jpg,P168,0,0.2516154646873474,0.5625740885734558,0.5337339898645109
P168 (28).jpg,P168,0,0.1099359393119812,0.5274563431739807,0.5147572074257636
P168 (29).jpg,P168,0,0.1290926337242126,0.532228410243988,0.5173267923029752
P168 (3).jpg,P168,0,-1.4739052057266235,0.1863497495651245,0.3118195887471039
P168 (30).jpg,P168,0,-0.7539228200912476,0.319967120885849,0.40012897676941706
P168 (31).jpg,P168,0,-3.143470525741577,0.0413493290543556,0.1559942112967904
P168 (32).jpg,P168,0,-3.0326719284057617,0.0459715016186237,0.16399054539195185
P168 (33).jpg,P168,0,-2.526902914047241,0.0739935785531997,0.20469812366852644
P168 (34).jpg,P168,0,-2.3933913707733154,0.0836780294775962,0.21661933712296536
P168 (35).jpg,P168,0,-1.852921485900879,0.1355302482843399,0.2698874311040924
P168 (36).jpg,P168,0,-1.581569790840149,0.170573279261589,0.29954776337332295
P168 (37).jpg,P168,0,-1.3930823802947998,0.1989161223173141,0.3212099835577768
P168 (38).jpg,P168,0,-3.190685987472534,0.0395177341997623,0.15268447428026408
P168 (39).jpg,P168,0,-1.947041630744934,0.1248762905597686,0.2600429797179379
P168 (4).jpg,P168,0,-3.069594144821167,0.0443790331482887,0.16128988472379907
P168 (40).jpg,P168,0,-1.7511829137802124,0.1478980630636215,0.2807891459659479
P168 (41).jpg,P168,0,-1.417349100112915,0.1950774937868118,0.3183748781235799
P168 (42).jpg,P168,0,0.4145768284797668,0.6021848320960999,0.5554378602477154
P168 (43).jpg,P168,0,-1.4026055335998535,0.1974029839038849,0.32009579685140355
P168 (44).jpg,P168,0,-5.012458324432373,0.0066105346195399,0.06343736523449482
P168 (45).jpg,P168,0,-3.541128873825073,0.0281643718481063,0.12989126260730743
P168 (46).jpg,P168,0,-4.229925632476807,0.0143447080627083,0.09347967482045266
P168 (47).jpg,P168,0,-5.8446221351623535,0.002887069247663,0.041522370649731334
P168 (48).jpg,P168,0,-4.769320011138916,0.0084147397428751,0.07165269631371127
P168 (49).jpg,P168,0,-5.1546549797058105,0.0057393414899706,0.05904828173788907
P168 (5).jpg,P168,0,-1.6647756099700928,0.1591219753026962,0.2902558706375494
P168 (50).jpg,P168,0,0.1674701571464538,0.5417699813842773,0.5224716728229157
P168 (51).jpg,P168,0,-0.3198497891426086,0.4207123517990112,0.4571579262737803
P168 (52).jpg,P168,0,1.035607099533081,0.7380015254020691,0.6355771897725642
P168 (53).jpg,P168,0,1.5956183671951294,0.8314051032066345,0.7020330082403388
P168 (54).jpg,P168,0,0.7598296999931335,0.6813167929649353,0.6006322757016536
P168 (55).jpg,P168,0,0.4813041388988495,0.6180558204650879,0.5642689399597691
P168 (56).jpg,P168,0,0.6110778450965881,0.6481866240501404,0.581322925787385
P168 (57).jpg,P168,0,1.1751492023468018,0.7640745043754578,0.6527538179605228
P168 (58).jpg,P168,0,0.1118936240673065,0.5279442667961121,0.5150198397298271
P168 (59).jpg,P168,0,1.0300228595733645,0.7369202971458435,0.6348822216740134
P168 (6).jpg,P168,0,-0.2496559917926788,0.4379082024097442,0.4665279272582552
P168 (60).jpg,P168,0,0.2594192624092102,0.5644935369491577,0.5347769152028956
P168 (61).jpg,P168,0,0.6078368425369263,0.6474471688270569,0.5808991969582455
P168 (62).jpg,P168,0,0.5176562070846558,0.6265995502471924,0.5690632489922838
P168 (63).jpg,P168,0,0.2826961278915405,0.5702070593833923,0.5378858714133392
P168 (64).jpg,P168,0,0.6785867214202881,0.6634231805801392,0.5901208862494474
P168 (65).jpg,P168,0,1.7385764122009275,0.8505061864852905,0.7178414702380606
P168 (66).jpg,P168,0,0.199601411819458,0.5497353076934814,0.5267755616371925
P168 (67).jpg,P168,0,1.1569823026657104,0.7607839703559875,0.6505388742819389
P168 (68).jpg,P168,0,1.1674188375473022,0.7626780867576599,0.6518121182734613
P168 (69).jpg,P168,0,0.1277320384979248,0.5318896174430847,0.5171443173668951
P168 (7).jpg,P168,0,-0.8903422951698303,0.2910391986370086,0.38267776183129865
P168 (70).jpg,P168,0,0.4872363209724426,0.619455099105835,0.5650521540310101
P168 (71).jpg,P168,0,0.2656496167182922,0.5660246014595032,0.5356093425601485
P168 (72).jpg,P168,0,0.1585168838500976,0.5395464301109314,0.5212717855154831
P168 (73).jpg,P168,0,0.1273421049118042,0.5317925810813904,0.5170920209493709
P168 (74).jpg,P168,0,0.3713929057121277,0.5917955040931702,0.5497035661024579
P168 (75).jpg,P168,0,0.7550386190414429,0.6802756190299988,0.6000148595178144
P168 (76).jpg,P168,0,1.175834894180298,0.7641980648040771,0.6528372902018726
P168 (77).jpg,P168,0,1.4230002164840698,0.8058083057403564,0.6822834305631215
P168 (78).jpg,P168,0,0.4789461493492126,0.6174989938735962,0.5639575300229537
P168 (79).jpg,P168,0,0.7005143761634827,0.6683017611503601,0.5929664863938916
P168 (8).jpg,P168,0,-1.539067625999451,0.1766708493232727,0.30435924883852716
P168 (9).jpg,P168,0,1.231155276298523,0.7740206718444824,0.6595403685471655
P184 (1).jpg,P184,0,-0.360118418931961,0.410930871963501,0.4517957868631778
P184 (10).jpg,P184,0,0.9013301730155944,0.711222767829895,0.6187154198372656
P184 (11).jpg,P184,0,1.0214440822601318,0.7352537512779236,0.6338134833151303
P184 (12).jpg,P184,0,1.1513066291809082,0.7597494721412659,0.6498455455966243
P184 (13).jpg,P184,0,1.131117820739746,0.7560451030731201,0.6473742022587564
P184 (14).jpg,P184,0,1.209162712097168,0.7701507210731506,0.6568830253186672
P184 (15).jpg,P184,0,0.6710218191146851,0.6617318987846375,0.5891377602350047
P184 (16).jpg,P184,0,1.994833707809448,0.8802535533905029,0.7448657336167991
P184 (17).jpg,P184,0,1.7352029085159302,0.8500767350196838,0.7174743360032035
P184 (18).jpg,P184,0,0.9876722693443298,0.7286279201507568,0.6295934848311243
P184 (19).jpg,P184,0,2.253577947616577,0.904958724975586,0.7703669080799621
P184 (2).jpg,P184,0,0.021911920979619,0.505477786064148,0.502942158620408
P184 (20).jpg,P184,0,1.067018985748291,0.7440296411514282,0.6394758553286434
P184 (21).jpg,P184,0,0.8001378178596497,0.6900039911270142,0.605813861894884
P184 (22).jpg,P184,0,0.4465794563293457,0.6098256707191467,0.5596779974398614
P184 (23).jpg,P184,0,-0.4113688766956329,0.3985839486122131,0.4449876282231909
P184 (24).jpg,P184,0,-0.1437990963459015,0.4641120433807373,0.48070116946728325
P184 (25).jpg,P184,0,0.2903015315532684,0.5720699429512024,0.5389010547448275
P184 (26).jpg,P184,0,-0.09568452835083,0.4760971069335937,0.48715492059602755
P184 (27).jpg,P184,0,0.0487042367458343,0.5121736526489258,0.5065393204591395
P184 (28).jpg,P184,0,1.3526087999343872,0.7945557832717896,0.6740320565997924
P184 (29).jpg,P184,0,0.7869872450828552,0.6871840953826904,0.6041259151044951
P184 (3).jpg,P184,0,0.3361874520778656,0.5832641124725342,0.5450188525302414
P184 (30).jpg,P184,0,1.4325330257415771,0.8072956800460815,0.6833922737766018
P184 (31).jpg,P184,0,1.684747338294983,0.8435320854187012,0.7119489280646213
P184 (32).jpg,P184,0,1.205368995666504,0.7694785594940186,0.656423632245789
P184 (33).jpg,P184,0,1.5005550384521484,0.8176572322845459,0.6912436103200921
P184 (34).jpg,P184,0,0.4640848338603973,0.6139827370643616,0.5619937061390194
P184 (35).jpg,P184,0,0.8298913836479187,0.6963319778442383,0.6096235307713027
P184 (36).jpg,P184,0,1.1187210083007812,0.7537513971328735,0.6458527620416114
P184 (37).jpg,P184,0,1.8232355117797847,0.8609539270401001,0.7269592962345
P184 (38).jpg,P184,0,1.1997445821762085,0.7684792876243591,0.6557420154194568
P184 (39).jpg,P184,0,-0.0737476348876953,0.4815714061260223,0.49009893380506975
P184 (4).jpg,P184,0,-0.6267392039299011,0.3482502698898315,0.4166312083047833
P184 (40).jpg,P184,0,0.0511135756969451,0.5127755999565125,0.5068627729619586
P184 (41).jpg,P184,0,-0.2205844521522522,0.4450764060020447,0.47041592686802763
P184 (42).jpg,P184,0,-0.6186010241508484,0.3500997126102447,0.4176939568006741
P184 (43).jpg,P184,0,-0.7784808278083801,0.314647376537323,0.3969672550179462
P184 (44).jpg,P184,0,0.2785260081291199,0.5691848397254944,0.5373291021943326
P184 (45).jpg,P184,0,1.06931471824646,0.7444666028022766,0.6397600760159707
P184 (46).jpg,P184,0,0.8877458572387695,0.7084248065948486,0.6169927462885152
P184 (47).jpg,P184,0,1.0968265533447266,0.7496650815010071,0.6431584824939759
P184 (48).jpg,P184,0,0.7997669577598572,0.6899246573448181,0.6057662943812603
P184 (49).jpg,P184,0,-0.0982571244239807,0.4754554629325866,0.48680972301334285
P184 (5).jpg,P184,0,-0.3939264416694641,0.402772456407547,0.447302511247963
P184 (50).jpg,P184,0,0.1563358902931213,0.5390045642852783,0.5209794584469488
P184 (51).jpg,P184,0,0.3596249222755432,0.5889496207237244,0.5481385646167036
P184 (52).jpg,P184,0,0.2614380717277527,0.5649898052215576,0.535046666427124
P184 (53).jpg,P184,0,0.3234437108039856,0.580163300037384,0.543321059866453
P184 (54).jpg,P184,0,0.715054452419281,0.671517014503479,0.5948499630472036
P184 (55).jpg,P184,0,1.0975935459136963,0.7498089671134949,0.6432530211779278
P184 (56).jpg,P184,0,-0.5467426776885986,0.3666204512119293,0.4271099260834418
P184 (57).jpg,P184,0,0.301054298877716,0.5747001767158508,0.5403358015910376
P184 (58).jpg,P184,0,0.3637318611145019,0.589943528175354,0.5486848482836949
P184 (59).jpg,P184,0,2.2586796283721924,0.905396580696106,0.7708512745982068
P184 (6).jpg,P184,0,-0.5487673878669739,0.3661504089832306,0.4268438597061271
P184 (60).jpg,P184,0,0.7969820499420166,0.6893285512924194,0.6054090306368544
P184 (61).jpg,P184,0,-0.1311374306678772,0.4672625660896301,0.4823989804036815
P184 (62).jpg,P184,0,0.5545365810394287,0.6351874470710754,0.5739140350805849
P184 (63).jpg,P184,0,0.37746262550354,0.5932609438896179,0.5505103841212833
P184 (64).jpg,P184,0,1.2903894186019895,0.7842130661010742,0.6666475031702348
P184 (65).jpg,P184,0,0.631139874458313,0.6527478694915771,0.5839431444498558
P184 (66).jpg,P184,0,0.2311353683471679,0.5575279593467712,0.5309955825349717
P184 (67).jpg,P184,0,-0.0607348084449768,0.4848209023475647,0.49184564150740906
P184 (68).jpg,P184,0,1.4141954183578491,0.8044268488883972,0.6812574279949318
P184 (69).jpg,P184,0,1.9455026388168333,0.874955415725708,0.7397979369318589
P184 (7).jpg,P184,0,-0.3068911135196686,0.4238737821578979,0.4588856678025914
P184 (70).jpg,P184,0,1.1568310260772705,0.7607564330101013,0.6505204028827963
P184 (71).jpg,P184,0,0.1400197744369506,0.5349478125572205,0.5187921036948613
P184 (72).jpg,P184,0,0.013506831601262,0.5033766627311707,0.5018136029906018
P184 (73).jpg,P184,0,1.4054415225982666,0.803045928478241,0.6802356117655307
P184 (74).jpg,P184,0,0.6106348037719727,0.6480855941772461,0.5812650096080465
P184 (75).jpg,P184,0,1.0184414386749268,0.7346689105033875,0.6334391039714167
P184 (76).jpg,P184,0,0.0940362215042114,0.5234917402267456,0.5126238988744861
P184 (77).jpg,P184,0,-0.2432897090911865,0.439475804567337,0.4673790166446629
P184 (78).jpg,P184,0,-0.6148892641067505,0.3509447276592254,0.41817892262818374
P184 (79).jpg,P184,0,-0.9561128616333008,0.277657151222229,0.37436804513491206
P184 (8).jpg,P184,0,1.006653070449829,0.7323646545410156,0.6319677371659257
P184 (80).jpg,P184,0,-1.5834500789642334,0.1703074276447296,0.2993359117968494
P184 (81).jpg,P184,0,-1.07486891746521,0.254478245973587,0.35955269777719273
P184 (82).jpg,P184,0,-1.458119511604309,0.1887551099061966,0.3136418509606491
P184 (83).jpg,P184,0,-1.1931089162826538,0.2327033579349517,0.3450629789545672
P184 (84).jpg,P184,0,-0.1212438344955444,0.4697261452674866,0.4837259039989997
P184 (85).jpg,P184,0,0.3219416737556457,0.5797973871231079,0.5431208829674455
P184 (86).jpg,P184,0,0.4097906351089477,0.6010376811027527,0.5548030111817164
P184 (87).jpg,P184,0,0.5366560816764832,0.6310341954231262,0.5715639726560285
P184 (9).jpg,P184,0,0.5481420755386353,0.633704423904419,0.5730739727549318
P191 (1).jpg,P191,0,-3.7079365253448486,0.0239408612251281,0.12009699330383883
P191 (10).jpg,P191,0,-5.635798931121826,0.0035551416222006,0.04622283549630402
P191 (11).jpg,P191,0,-6.316808223724365,0.0018024430610239,0.03252368349135676
P191 (12).jpg,P191,0,-6.068339347839356,0.0023096676450222,0.036995166786222985
P191 (13).jpg,P191,0,-5.284199237823486,0.0050455047748982,0.05529898785269569
P191 (14).jpg,P191,0,-5.889878749847412,0.0027596752624958,0.04056569976444754
P191 (15).jpg,P191,0,-5.820174217224121,0.0029583105351775,0.042048112799962005
P191 (16).jpg,P191,0,-5.047008514404297,0.0063874730840325,0.06234374494803715
P191 (17).jpg,P191,0,-8.21934700012207,0.0002693183778319,0.011955157079349412
P191 (18).jpg,P191,0,-7.707986354827881,0.0004490234423428,0.015674577882052603
P191 (19).jpg,P191,0,-8.14450740814209,0.0002902413543779,0.012439394960186678
P191 (2).jpg,P191,0,-3.0776443481445312,0.0440388806164264,0.16070584785130823
P191 (20).jpg,P191,0,-6.901684284210205,0.0010050783166661,0.023966121637061303
P191 (21).jpg,P191,0,-7.226541042327881,0.0007265030872076,0.02020655322273597
P191 (22).jpg,P191,0,-7.166340351104736,0.0007715475512668,0.020856728771784232
P191 (23).jpg,P191,0,-7.064013957977295,0.0008546068565919,0.022009141710698656
P191 (24).jpg,P191,0,-6.934783458709717,0.0009723873808979,0.02355377800260961
P191 (25).jpg,P191,0,-6.848259449005127,0.0010601761750876,0.024646576556422203
P191 (26).jpg,P191,0,-6.791844367980957,0.0011216363636776,0.02538555457750972
P191 (27).jpg,P191,0,-5.694484233856201,0.0033531901426613,0.044852962217363464
P191 (28).jpg,P191,0,-5.975165843963623,0.0025346397887915,0.038819922869397866
P191 (29).jpg,P191,0,-6.118815898895264,0.002196226734668,0.036041338937489106
P191 (3).jpg,P191,0,-3.4968531131744385,0.0294019021093845,0.1326026324098117
P191 (30).jpg,P191,0,-5.398981094360352,0.0045008356682956,0.05216530102227904
P191 (31).jpg,P191,0,-6.7730021476745605,0.0011429464211687,0.02563714232206546
P191 (32).jpg,P191,0,-7.615888118743896,0.0004923205124214,0.0164563442867702
P191 (33).jpg,P191,0,-7.369116306304932,0.0006300279055722,0.018744891933521454
P191 (34).jpg,P191,0,-7.036048412322998,0.0008788224658928,0.022334778053650712
P191 (35).jpg,P191,0,-7.412674903869629,0.0006031900411471,0.01831938425037354
P191 (36).jpg,P191,0,-6.594449996948242,0.0013660703552886,0.02814485376466874
P191 (37).jpg,P191,0,-6.654147624969482,0.0012870077043771,0.027280980033684118
P191 (38).jpg,P191,0,-5.095498085021973,0.0060869771987199,0.060838562605419685
P191 (39).jpg,P191,0,-5.739525318145752,0.0032059834338724,0.04382791428327777
P191 (4).jpg,P191,0,-3.3632094860076904,0.0334652587771415,0.14107850460848315
P191 (40).jpg,P191,0,-4.429366111755371,0.0117815844714641,0.0847890803120759
P191 (41).jpg,P191,0,-3.119015455245972,0.0423296652734279,0.15773134783325996
P191 (42).jpg,P191,0,-2.3031821250915527,0.0908597633242607,0.22495403422715157
P191 (43).jpg,P191,0,-3.016276836395264,0.0466959327459335,0.16520136256880638
P191 (44).jpg,P191,0,-3.601041316986084,0.0265700481832027,0.12629755791594804
P191 (45).jpg,P191,0,-3.7332398891448975,0.0233566481620073,0.11866825499785466
P191 (46).jpg,P191,0,-4.39279317855835,0.0122150871902704,0.08632586884498995
P191 (47).jpg,P191,0,-3.167432308197021,0.0404098629951477,0.15430727298314975
P191 (48).jpg,P191,0,-4.447807788848877,0.0115687930956482,0.08402361379498448
P191 (49).jpg,P191,0,-4.20289945602417,0.0147318867966532,0.09471702499792349
P191 (5).jpg,P191,0,-3.2545204162597656,0.0371647924184799,0.14830156288218518
P191 (50).jpg,P191,0,-1.838493585586548,0.1372295469045639,0.271417106174427
P191 (51).jpg,P191,0,-3.7835326194763184,0.0222365036606788,0.11587215236992354
P191 (52).jpg,P191,0,-3.4892165660858154,0.0296206139028072,0.13307510023064542
P191 (53).jpg,P191,0,-2.555264949798584,0.0720735788345336,0.20222937823051176
P191 (54).jpg,P191,0,-5.0608649253845215,0.0063001299276947,0.06191011059466429
P191 (55).jpg,P191,0,-6.791654109954834,0.0011218495201319,0.02538808290998702
P191 (56).jpg,P191,0,-7.11538028717041,0.0008118519908748,0.02142307070598154
P191 (57).jpg,P191,0,-6.135559558868408,0.0021598387975245,0.035730203710962215
P191 (58).jpg,P191,0,-5.138340950012207,0.0058331899344921,0.05953700715832803
P191 (59).jpg,P191,0,-4.132871150970459,0.0157836508005857,0.09799160628866127
P191 (6).jpg,P191,0,-4.365865230560303,0.0125442994758486,0.08747345344781163
P191 (60).jpg,P191,0,-5.252343654632568,0.005207969341427,0.05619963377368064
P191 (61).jpg,P191,0,-4.110655307769775,0.0161325018852949,0.09905133801181334
P191 (62).jpg,P191,0,-4.814294338226318,0.0080476542934775,0.07006244083116155
P191 (63).jpg,P191,0,-6.22075891494751,0.0019837929867208,0.03418666741145488
P191 (64).jpg,P191,0,-5.908796787261963,0.002708098385483,0.040172082128726534
P191 (65).jpg,P191,0,-6.80426025390625,0.0011078115785494,0.025221089427500898
P191 (66).jpg,P191,0,-6.465645790100098,0.0015535686397925,0.030100162834539795
P191 (67).jpg,P191,0,-6.031261444091797,0.0023967034649103,0.0377112240188774
P191 (68).jpg,P191,0,-6.598137378692627,0.0013610492460429,0.02809073305638137
P191 (69).jpg,P191,0,-5.911717891693115,0.0027002205606549,0.040111631315327925
P191 (7).jpg,P191,0,-4.30819845199585,0.0132790654897689,0.08997753037394043
P191 (70).jpg,P191,0,-6.326354026794434,0.0017853496829047,0.03236274401863574
P191 (71).jpg,P191,0,-3.447638750076294,0.0308393575251102,0.13567254071148124
P191 (72).jpg,P191,0,-4.132833957672119,0.015784228220582,0.09799337199416626
P191 (73).jpg,P191,0,-3.816754102706909,0.0215255506336689,0.11405669588447458
P191 (74).jpg,P191,0,-3.668736219406128,0.0248741786926984,0.12233973140210679
P191 (75).jpg,P191,0,-4.404598712921143,0.0120734591037034,0.08582706537517404
P191 (8).jpg,P191,0,-3.2420308589935303,0.0376143045723438,0.14915084783468843
P191 (9).jpg,P191,0,-4.692495822906494,0.0090805739164352,0.07444635567330607
P013 (1).jpg,P013,1,2.184985876083374,0.8988931179046631,0.7637849595315629
P013 (10).jpg,P013,1,0.0922080874443054,0.5230357050895691,0.5123785821817158
P013 (11).jpg,P013,1,-0.1105076670646667,0.4724011719226837,0.48516609184972825
P013 (12).jpg,P013,1,0.0911046862602233,0.5227604508399963,0.512230514255658
P013 (13).jpg,P013,1,-0.384947121143341,0.4049342274665832,0.44849510487035454
P013 (14).jpg,P013,1,0.1252371668815612,0.5312684178352356,0.5168097081865972
P013 (15).jpg,P013,1,-0.0742265582084655,0.4814518988132477,0.49003465242554667
P013 (16).jpg,P013,1,-0.0451512932777404,0.4887140691280365,0.4939376702664729
P013 (17).jpg,P013,1,0.12260502576828,0.5306128859519958,0.5164566722512438
P013 (18).jpg,P013,1,-0.30606609582901,0.4240752458572387,0.4589956988712275
P013 (19).jpg,P013,1,-0.0472630858421325,0.4881864190101623,0.4936541559350297
P013 (2).jpg,P013,1,0.4659152626991272,0.6144164800643921,0.5622356913269834
P013 (20).jpg,P013,1,-0.5407962203025818,0.3680023550987243,0.42789159105775776
P013 (21).jpg,P013,1,-2.036834716796875,0.1153894364833831,0.25087096070769616
P013 (22).jpg,P013,1,-1.0187726020812988,0.2652665376663208,0.3665195975864036
P013 (23).jpg,P013,1,-1.7004624605178833,0.154404878616333,0.28632321444532016
P013 (24).jpg,P013,1,-1.2313320636749268,0.2259483635425567,0.3404383107109361
P013 (25).jpg,P013,1,-1.1974644660949707,0.2319265753030777,0.3445344923953881
P013 (26).jpg,P013,1,-1.5089561939239502,0.181093543767929,0.3077941984404481
P013 (27).jpg,P013,1,-0.9665985703468324,0.2755590081214905,0.3730499164838422
P013 (28).jpg,P013,1,-0.804402768611908,0.3090845346450805,0.39363924837873016
P013 (29).jpg,P013,1,-1.613350749015808,0.1661239117383957,0.29597858480524003
P013 (3).jpg,P013,1,0.4229629635810852,0.6041920185089111,0.556549774451382
P013 (30).jpg,P013,1,-1.59498929977417,0.1686830967664718,0.298037672836696
P013 (31).jpg,P013,1,-1.322581768035889,0.2103890776634216,0.3295212254493953
P013 (32).jpg,P013,1,-1.006962776184082,0.267574667930603,0.36799357529139465
P013 (33).jpg,P013,1,-1.0262885093688965,0.2638042867183685,0.36558283853730317
P013 (34).jpg,P013,1,-0.7933289408683777,0.3114543259143829,0.39505978166628936
P013 (35).jpg,P013,1,-0.1008139252662658,0.4748178422451019,0.48646665734167344
P013 (36).jpg,P013,1,-0.4756911993026733,0.3832700848579407,0.4364724206211501
P013 (37).jpg,P013,1,0.219606876373291,0.5546821355819702,0.529453268014426
P013 (38).jpg,P013,1,0.2487255334854126,0.5618627667427063,0.5333476945774004
P013 (39).jpg,P013,1,-0.3222429156303406,0.4201292395591736,0.45683896932479007
P013 (4).jpg,P013,1,0.8421109318733215,0.69890958070755,0.6111842947465072
P013 (40).jpg,P013,1,-0.3468456864356994,0.4141475260257721,0.4535619993272318
P013 (41).jpg,P013,1,-0.3286665081977844,0.4185651540756225,0.45598300577431994
P013 (42).jpg,P013,1,0.1365846395492553,0.5340931415557861,0.5183314914635455
P013 (43).jpg,P013,1,0.1627792716026306,0.5406051874160767,0.521843047722986
P013 (44).jpg,P013,1,0.467492401599884,0.6147900819778442,0.5624441674966704
P013 (45).jpg,P013,1,1.0428221225738523,0.7393941879272461,0.6364742746959453
P013 (46).jpg,P013,1,0.7099657654762268,0.6703935861587524,0.5941911047521949
P013 (47).jpg,P013,1,0.9942163825035096,0.729919970035553,0.6304127831341322
P013 (48).jpg,P013,1,1.9284178018569944,0.8730742335319519,0.7380276691876368
P013 (49).jpg,P013,1,1.909136414527893,0.8709220290184021,0.736020495540511
P013 (5).jpg,P013,1,0.8014866709709167,0.6902924180030823,0.6059868525073802
P013 (50).jpg,P013,1,2.497465848922729,0.9239639639854432,0.7927159608089956
P013 (51).jpg,P013,1,2.4998905658721924,0.9241341948509216,0.792929870057894
P013 (52).jpg,P013,1,1.93664813041687,0.8739833831787109,0.7388814343850764
P013 (53).jpg,P013,1,1.9490610361099243,0.8753441572189331,0.7401656675541295
P013 (54).jpg,P013,1,1.5719794034957886,0.8280656337738037,0.6993703566647506
P013 (55).jpg,P013,1,1.9895756244659424,0.8796982169151306,0.744328670873316
P013 (56).jpg,P013,1,1.4576337337493896,0.8111705183982849,0.6863019803533977
P013 (57).jpg,P013,1,1.6591408252716064,0.840122640132904,0.7091202706913983
P013 (58).jpg,P013,1,1.285944938659668,0.7834600210189819,0.6661168092082599
P013 (59).jpg,P013,1,1.1100406646728516,0.7521367073059082,0.6447856757001105
P013 (6).jpg,P013,1,0.8408293128013611,0.6986398696899414,0.6110207039742311
P013 (60).jpg,P013,1,1.7828047275543213,0.8560428619384766,0.7226278908591789
P013 (7).jpg,P013,1,0.761344850063324,0.6816456317901611,0.6008274633473382
P013 (8).jpg,P013,1,0.2694334387779236,0.5669538378715515,0.5361147962593664
P013 (9).jpg,P013,1,0.0417463183403015,0.5104350447654724,0.5056051937513002
P026 (1).jpg,P026,1,-0.184978187084198,0.453886866569519,0.47518272237838
P026 (10).jpg,P026,1,0.1608992218971252,0.5401382446289062,0.5215910829166008
P026 (11).jpg,P026,1,0.3228784203529358,0.5800255537033081,0.5432457250879101
P026 (12).jpg,P026,1,0.3099792599678039,0.576880156993866,0.5415261568471681
P026 (13).jpg,P026,1,0.1383306384086609,0.534527599811554,0.5185656138490471
P026 (14).jpg,P026,1,0.2686485648155212,0.5667610764503479,0.5360099566304343
P026 (2).jpg,P026,1,-0.0319134593009948,0.4920222759246826,0.4957149697459183
P026 (3).jpg,P026,1,-0.2052035927772522,0.4488783478736877,0.47247443150390506
P026 (4).jpg,P026,1,0.2551566958427429,0.5634453296661377,0.534207288806723
P026 (5).jpg,P026,1,0.8088846206665039,0.6918717622756958,0.6069351672390062
P026 (6).jpg,P026,1,0.3716304898262024,0.5918529033660889,0.5497351519357825
P026 (7).jpg,P026,1,-0.5697967410087585,0.3612837195396423,0.4240829308112345
P026 (8).jpg,P026,1,0.4532752633094787,0.6114177107810974,0.5605640684242815
P026 (9).jpg,P026,1,0.3810102343559265,0.594116747379303,0.5509818275811995
P156 (1).jpg,P156,1,1.3076255321502686,0.7871155142784119,0.6687015832543188
P156 (10).jpg,P156,1,0.7036046385765076,0.6689864993095398,0.593367020224032
P156 (11).jpg,P156,1,0.7810620665550232,0.6859089732170105,0.6033645724160177
P156 (12).jpg,P156,1,0.7094754576683044,0.6702852845191956,0.5941276041386211
P156 (13).jpg,P156,1,0.8140264749526978,0.692966878414154,0.607593807657833
P156 (14).jpg,P156,1,0.5483721494674683,0.6337578892707825,0.5731042054899226
P156 (15).jpg,P156,1,0.1880532205104828,0.5468752384185791,0.5252291392585828
P156 (16).jpg,P156,1,0.5244284868240356,0.6281827688217163,0.569955013189244
P156 (17).jpg,P156,1,-0.0042002480477094,0.4989499449729919,0.4994360178003014
P156 (18).jpg,P156,1,-0.0828306376934051,0.479304164648056,0.48887986583088555
P156 (19).jpg,P156,1,0.1249027848243713,0.5311851501464844,0.5167648601151426
P156 (2).jpg,P156,1,1.071158766746521,0.7448171973228455,0.639988305528516
P156 (20).jpg,P156,1,-0.060681939125061,0.4848341345787048,0.49185273857498646
P156 (21).jpg,P156,1,0.4462011456489563,0.6097356081008911,0.5596279233433178
P156 (22).jpg,P156,1,1.2060776948928833,0.7696042060852051,0.656509473137795
P156 (23).jpg,P156,1,0.1623934507369995,0.5405093431472778,0.5217913408009919
P156 (24).jpg,P156,1,0.1252607703208923,0.5312743186950684,0.5168128739225941
P156 (25).jpg,P156,1,0.1305026412010193,0.5325794816017151,0.5175158892398092
P156 (26).jpg,P156,1,0.2372829616069793,0.5590439438819885,0.5318177849765834
P156 (27).jpg,P156,1,-0.6053358912467957,0.3531238734722137,0.41942785915202563
P156 (28).jpg,P156,1,-0.0291706603020429,0.4927078783512115,0.49608323045878644
P156 (29).jpg,P156,1,-0.3747279644012451,0.4073990881443023,0.44985308830359816
P156 (3).jpg,P156,1,1.0999773740768433,0.7502558827400208,0.6435467780341313
P156 (30).jpg,P156,1,0.2824910283088684,0.5701568126678467,0.5378584899530234
P156 (31).jpg,P156,1,1.0578362941741943,0.7422768473625183,0.6383380260434048
P156 (32).jpg,P156,1,-0.0544759482145309,0.4863843619823456,0.4926858399366191
P156 (33).jpg,P156,1,-1.4260399341583252,0.1937164515256881,0.31736276827974375
P156 (34).jpg,P156,1,-0.9888096451759338,0.2711472511291504,0.3702640662759733
P156 (35).jpg,P156,1,-0.9629613161087036,0.2762856781482696,0.37350693288475795
P156 (36).jpg,P156,1,-0.983550488948822,0.2721878588199615,0.3709229300655172
P156 (37).jpg,P156,1,-0.9649122357368468,0.2758957743644714,0.3732617741618528
P156 (38).jpg,P156,1,-0.5940770506858826,0.3556999266147613,0.42090108081141375
P156 (39).jpg,P156,1,0.1084944307804107,0.5270970463752747,0.5145638172888015
P156 (4).jpg,P156,1,0.7245872616767883,0.673616349697113,0.5960833037205541
P156 (40).jpg,P156,1,-0.2393016517162323,0.4404584467411041,0.4679122652088191
P156 (41).jpg,P156,1,-0.7820874452590942,0.3138701617717743,0.39650363787353027
P156 (42).jpg,P156,1,-1.1319423913955688,0.2438028305768966,0.3525247050802797
P156 (43).jpg,P156,1,-0.3018289804458618,0.4251104295253753,0.4595608578073547
P156 (44).jpg,P156,1,1.2554724216461182,0.778245747089386,0.6624669463633563
P156 (45).jpg,P156,1,-0.1374441236257553,0.4656929969787597,0.4815532586159109
P156 (46).jpg,P156,1,0.022608520463109,0.5056518912315369,0.5030356902001953
P156 (47).jpg,P156,1,-0.1200981885194778,0.4700114727020263,0.48387957258075187
P156 (48).jpg,P156,1,0.0251845736056566,0.5062958002090454,0.5033815718789559
P156 (49).jpg,P156,1,-0.3408281207084656,0.415608286857605,0.4543631493331824
P156 (5).jpg,P156,1,0.6806644797325134,0.6638870239257812,0.5903907836592748
P156 (50).jpg,P156,1,-0.7161073684692383,0.3282507359981537,0.4050137531022793
P156 (51).jpg,P156,1,-0.4944304227828979,0.3788504302501678,0.43399845904921625
P156 (52).jpg,P156,1,-0.8838316798210144,0.2923844158649444,0.38350417186982405
P156 (53).jpg,P156,1,-0.4209350943565368,0.3962929844856262,0.4437190483956353
P156 (54).jpg,P156,1,0.2566346526145935,0.563808798789978,0.534404805155125
P156 (55).jpg,P156,1,-0.4100490808486938,0.3989003598690033,0.4451627035355778
P156 (56).jpg,P156,1,0.3103640675544739,0.576974093914032,0.5415774695076822
P156 (6).jpg,P156,1,0.7812723517417908,0.6859542727470398,0.6033916011406123
P156 (7).jpg,P156,1,1.2196404933929443,0.7720003128051758,0.6581502855480892
P156 (8).jpg,P156,1,0.2569091916084289,0.5638763308525085,0.5344414937696431
P156 (9).jpg,P156,1,0.1137126684188842,0.5283975601196289,0.5152638653620484
P157 (1).jpg,P157,1,2.4339733123779297,0.9193814992904664,0.7870565502702687
P157 (2).jpg,P157,1,0.628879964351654,0.6522355079650879,0.5836482210419094
P157 (3).jpg,P157,1,3.8873276710510254,0.979911744594574,0.8897178167989463
P157 (4).jpg,P157,1,4.341723918914795,0.9871531128883362,0.9114860122864985
P157 (5).jpg,P157,1,4.052604675292969,0.9829198122024536,0.8981312801441238
P205 (1).jpg,P205,1,-0.2663720250129699,0.4337979555130005,0.4642941504055387
P205 (10).jpg,P205,1,2.4068777561187744,0.9173502922058104,0.7846073218194949
P205 (11).jpg,P205,1,1.5980029106140137,0.8317391276359558,0.702300844356895
P205 (12).jpg,P205,1,1.6072783470153809,0.8330331444740295,0.7033413571208957
P205 (13).jpg,P205,1,1.8480507135391235,0.8638980984687805,0.7295967678445846
P205 (14).jpg,P205,1,2.002224922180176,0.8810304403305054,0.7456194200420708
P205 (15).jpg,P205,1,0.7432079315185547,0.677696943283081,0.5984889066949877
P205 (16).jpg,P205,1,1.8856894969940183,0.8682632446289062,0.7335664449760794
P205 (17).jpg,P205,1,0.5512190461158752,0.6344183683395386,0.5734782550768771
P205 (18).jpg,P205,1,0.5861554741859436,0.6424825191497803,0.5780615327284704
P205 (19).jpg,P205,1,0.6565701961517334,0.658489465713501,0.5872576697755442
P205 (2).jpg,P205,1,0.4723597168922424,0.615942120552063,0.5630874205728412
P205 (20).jpg,P205,1,1.3344242572784424,0.7915714979171753,0.6718825250769649
P205 (21).jpg,P205,1,2.396498441696167,0.916559875011444,0.7836637150146112
P205 (22).jpg,P205,1,0.8604187369346619,0.7027481198310852,0.6135184237644363
P205 (23).jpg,P205,1,2.1870832443237305,0.8990835547447205,0.7639881366950662
P205 (24).jpg,P205,1,2.15449857711792,0.8960884213447571,0.7608179535300611
P205 (25).jpg,P205,1,0.6085830330848694,0.647617518901825,0.5809967645442969
P205 (26).jpg,P205,1,0.9802069067955016,0.7271493077278137,0.6286579380176844
P205 (27).jpg,P205,1,2.517816066741944,0.925381362438202,0.794506202207111
P205 (28).jpg,P205,1,3.0496175289154053,0.954766035079956,0.8372534205675144
P205 (29).jpg,P205,1,1.9652941226959229,0.8771047592163086,0.7418389375844803
P205 (3).jpg,P205,1,0.68002849817276,0.6637450456619263,0.5903081764687975
P205 (30).jpg,P205,1,1.2452516555786133,0.7764768004417419,0.6612383732180217
P205 (31).jpg,P205,1,2.311432123184204,0.9098194241523744,0.7758175725798232
P205 (32).jpg,P205,1,4.001496315002441,0.9820402264595032,0.89559224865909
P205 (33).jpg,P205,1,3.457885980606079,0.969465434551239,0.8649715638235684
P205 (34).jpg,P205,1,2.622120141983032,0.9322717189788818,0.8035017876060783
P205 (35).jpg,P205,1,2.861005544662476,0.9458848237991332,0.822974305479049
P205 (36).jpg,P205,1,2.1025662422180176,0.8911523818969727,0.7557053697157048
P205 (37).jpg,P205,1,2.672908306121826,0.9354089498519896,0.8077730003030056
P205 (38).jpg,P205,1,2.537760972976685,0.9267470240592957,0.7962496403018694
P205 (39).jpg,P205,1,1.5661362409591677,0.8272320628166199,0.6987101056381355
P205 (4).jpg,P205,1,1.2957963943481443,0.7851267457008362,0.6672925549710347
P205 (40).jpg,P205,1,0.5730262398719788,0.6394612193107605,0.5763406528689994
P205 (41).jpg,P205,1,1.0716499090194702,0.7449105978012085,0.6400490813106772
P205 (42).jpg,P205,1,0.979914367198944,0.7270912528038025,0.6286212577396567
P205 (43).jpg,P205,1,0.2834011912345886,0.5703798532485962,0.5379799979149358
P205 (44).jpg,P205,1,1.6042306423187256,0.8326088190078735,0.7029996994616099
P205 (45).jpg,P205,1,0.5613054633140564,0.6367545127868652,0.5748028155542384
P205 (46).jpg,P205,1,1.247671365737915,0.7768964767456055,0.6615294282978428
P205 (47).jpg,P205,1,1.0919532775878906,0.748749315738678,0.6425575474724644
P205 (48).jpg,P205,1,0.7452148795127869,0.6781351566314697,0.5987479034130662
P205 (49).jpg,P205,1,0.7653733491897583,0.6825191974639893,0.6013462746550284
P205 (5).jpg,P205,1,1.1525444984436035,0.7599753737449646,0.6499968152927593
P205 (50).jpg,P205,1,0.5058337450027466,0.6238293051719666,0.5675054132220047
P205 (51).jpg,P205,1,0.7762110829353333,0.6848629117012024,0.6027408828465265
P205 (52).jpg,P205,1,0.0264021772891283,0.5066002011299133,0.5035450560670627
P205 (53).jpg,P205,1,0.3829495906829834,0.5945842862129211,0.5512395109189514
P205 (54).jpg,P205,1,0.1873072981834411,0.5466904044151306,0.5251292355769637
P205 (55).jpg,P205,1,-0.4153938293457031,0.3976194858551025,0.4444537893489301
P205 (56).jpg,P205,1,-0.4962789416313171,0.3784155249595642,0.4337545927290811
P205 (57).jpg,P205,1,-0.7372542023658752,0.3236048519611358,0.4022797453543003
P205 (58).jpg,P205,1,0.4024854302406311,0.5992846488952637,0.5538336917964441
P205 (59).jpg,P205,1,0.191849410533905,0.5478157997131348,0.525737543255214
P205 (6).jpg,P205,1,0.9314451813697816,0.7173683643341064,0.6225237205327555
P205 (60).jpg,P205,1,-0.7173712849617004,0.3279721140861511,0.40485017781435123
P205 (61).jpg,P205,1,-0.4644021391868591,0.3859420418739319,0.4379643435475544
P205 (62).jpg,P205,1,-0.4622116684913635,0.3864613175392151,0.4382539594149891
P205 (63).jpg,P205,1,-1.0221474170684814,0.2646093368530273,0.3660988459573358
P205 (64).jpg,P205,1,-0.2283173203468322,0.4431673288345337,0.4693813704211671
P205 (65).jpg,P205,1,-1.1109533309936523,0.2476932108402252,0.3551020610321216
P205 (66).jpg,P205,1,-0.9996073842048644,0.2690186500549316,0.36891284756729653
P205 (67).jpg,P205,1,1.521727442741394,0.8207926750183105,0.6936653071506105
P205 (68).jpg,P205,1,0.1464886665344238,0.5365568399429321,0.519659420680779
P205 (69).jpg,P205,1,0.2937545776367187,0.5729150772094727,0.5393618677364919
P205 (7).jpg,P205,1,1.3313345909118652,0.7910613417625427,0.6715165860599973
P205 (70).jpg,P205,1,-0.9838412404060364,0.2721302509307861,0.37088649233527665
P205 (71).jpg,P205,1,-0.5765261650085449,0.3597323298454284,0.4232004207863872
P205 (72).jpg,P205,1,-0.3920858800411224,0.4032152593135834,0.4475469175583665
P205 (8).jpg,P205,1,0.8571596145629883,0.7020668387413025,0.6131032844134914
P205 (9).jpg,P205,1,0.0904991924762725,0.5226093530654907,0.5121492607475173
P041 (1).jpg,P041,1,-2.4735703468322754,0.0777318924665451,0.20940083461252165
P041 (10).jpg,P041,1,-0.8974916338920593,0.2895662188529968,0.3817710578660944
P041 (11).jpg,P041,1,-0.7024418711662292,0.3312710523605346,0.40678367337251675
P041 (12).jpg,P041,1,-1.5219473838806152,0.1791749447584152,0.3063095917162881
P041 (13).jpg,P041,1,-1.8522250652313232,0.1356118619441986,0.2699611420777638
P041 (14).jpg,P041,1,-2.9294116497039795,0.050718642771244,0.17173641287729202
P041 (15).jpg,P041,1,-2.843038320541382,0.0550422891974449,0.17843597831398528
P041 (16).jpg,P041,1,-0.8740950226783752,0.294402927160263,0.3847413277261909
P041 (17).jpg,P041,1,-0.8858454823493958,0.291967898607254,0.38324848231350084
P041 (18).jpg,P041,1,-2.8110616207122803,0.0567293502390384,0.18096762155899743
P041 (19).jpg,P041,1,-1.6983054876327517,0.1546867042779922,0.2865600031178414
P041 (2).jpg,P041,1,-2.045123815536499,0.1145460158586502,0.2500351982980823
P041 (20).jpg,P041,1,-2.725351095199585,0.0614939145743846,0.18789126185908953
P041 (21).jpg,P041,1,-2.02820086479187,0.1162736639380455,0.2517434568052
P041 (22).jpg,P041,1,-2.637802124023437,0.0667448043823242,0.1951717782172581
P041 (23).jpg,P041,1,-1.6725670099258425,0.1580822318792343,0.2893945451494037
P041 (24).jpg,P041,1,-1.5520272254943848,0.1747936755418777,0.3028875431169787
P041 (25).jpg,P041,1,-2.494642496109009,0.0762346163392067,0.20753332180158918
P041 (26).jpg,P041,1,-4.728098392486572,0.0087657533586025,0.07313945025629436
P041 (27).jpg,P041,1,-5.85545015335083,0.002856065519154,0.04129153330504947
P041 (28).jpg,P041,1,-5.802904605865479,0.0030096881091594,0.042423318092322714
P041 (29).jpg,P041,1,-5.439830303192139,0.0043214638717472,0.051091101273752104
P041 (3).jpg,P041,1,-1.6628663539886477,0.1593776047229766,0.2904671665016297
P041 (30).jpg,P041,1,-4.411828517913818,0.0119875278323888,0.08552288485845451
P041 (31).jpg,P041,1,-3.92609453201294,0.0193391609936952,0.10825569774944653
P041 (32).jpg,P041,1,-5.9781670570373535,0.002527063479647,0.03875982154157827
P041 (33).jpg,P041,1,-5.918807506561279,0.002681195968762,0.03996527753193719
P041 (34).jpg,P041,1,-4.9715423583984375,0.0068847192451357,0.06475560498707933
P041 (35).jpg,P041,1,-4.772059440612793,0.0083919130265712,0.0715548870310593
P041 (36).jpg,P041,1,-5.3982930183410645,0.0045039202086627,0.05218357669008803
P041 (37).jpg,P041,1,-5.613288402557373,0.0036357829812914,0.046758784832646734
P041 (38).jpg,P041,1,-5.789860248565674,0.0030490839853882,0.04270884315362791
P041 (39).jpg,P041,1,-6.106596946716309,0.0022231668699532,0.03627003923771166
P041 (4).jpg,P041,1,-0.504513680934906,0.3764805197715759,0.43266861396345874
P041 (5).jpg,P041,1,-1.4342124462127686,0.1924431920051574,0.3164125936442039
P041 (6).jpg,P041,1,-0.9931825995445251,0.2702839076519012,0.36971659276849417
P041 (7).jpg,P041,1,-1.0637681484222412,0.2565900087356567,0.3609267782977979
P041 (8).jpg,P041,1,-1.7951161861419678,0.1424466073513031,0.27604869060584947
P041 (9).jpg,P041,1,-0.5468141436576843,0.3666038513183594,0.4271005340491803
P100 (1).jpg,P100,1,-1.598621487617493,0.1681743711233139,0.2976296986456534
P100 (10).jpg,P100,1,-1.7816805839538574,0.1440957486629486,0.27749314339603876
P100 (100).jpg,P100,1,0.1412338614463806,0.5352498888969421,0.5189548912540599
P100 (101).jpg,P100,1,-0.2957736849784851,0.4265909790992737,0.4603687111745613
P100 (102).jpg,P100,1,-1.291832447052002,0.2155428379774093,0.33318028246042697
P100 (103).jpg,P100,1,-2.1636483669281006,0.103062704205513,0.23828891804174887
P100 (104).jpg,P100,1,-2.7110705375671387,0.06232326105237,0.18906441667100335
P100 (105).jpg,P100,1,-2.8897321224212646,0.0526634790003299,0.17478908709560437
P100 (106).jpg,P100,1,-1.1527817249298096,0.2399813681840896,0.3499741986774388
P100 (107).jpg,P100,1,-2.0959911346435547,0.1094870716333389,0.244947177324591
P100 (108).jpg,P100,1,-1.2531919479370115,0.2221480756998062,0.337806985532193
P100 (109).jpg,P100,1,-3.0865960121154785,0.0436635501682758,0.16005841972125903
P100 (11).jpg,P100,1,-0.6762486696243286,0.3370990753173828,0.4101828877724445
P100 (110).jpg,P100,1,-1.6308727264404297,0.1637108325958252,0.29402134676195796
P100 (111).jpg,P100,1,-3.7606709003448486,0.0227390304207801,0.11713601958866397
P100 (112).jpg,P100,1,-3.1469969749450684,0.0412097685039043,0.1557450049101942
P100 (113).jpg,P100,1,-2.751157522201538,0.0600213110446929,0.18578545924828718
P100 (114).jpg,P100,1,-2.4173591136932373,0.0818585157394409,0.21444282812326954
P100 (115).jpg,P100,1,-2.156347274780273,0.1037395894527435,0.23900140670297204
P100 (116).jpg,P100,1,-2.639653444290161,0.0666295811533927,0.19501563585182638
P100 (117).jpg,P100,1,-1.5393264293670654,0.176633208990097,0.3043298195159615
P100 (118).jpg,P100,1,-2.750335931777954,0.0600676797330379,0.18585221931939683
P100 (119).jpg,P100,1,-2.291966676712036,0.0917904675006866,0.2260060138932815
P100 (12).jpg,P100,1,-1.1956026554107666,0.2322583794593811,0.344760350763914
P100 (120).jpg,P100,1,-1.532160401344299,0.1776778101921081,0.30514528143941144
P100 (121).jpg,P100,1,-0.8021371960639954,0.3095685541629791,0.3939297270448905
P100 (122).jpg,P100,1,-1.0646687746047974,0.2564182579517364,0.3608152113109802
P100 (123).jpg,P100,1,-2.303119421005249,0.0908649340271949,0.2249599060338055
P100 (124).jpg,P100,1,-1.64667546749115,0.1615587770938873,0.29226264462397544
P100 (125).jpg,P100,1,-2.7658140659332275,0.059199720621109,0.1845976200663005
P100 (126).jpg,P100,1,-1.048354148864746,0.2595412731170654,0.36283853901481805
P100 (127).jpg,P100,1,-2.546892642974853,0.0726355165243148,0.20295581735900445
P100 (128).jpg,P100,1,-1.3077579736709597,0.2128622680902481,0.33128265801285056
P100 (129).jpg,P100,1,-2.854864835739136,0.054430391639471,0.17750670462374296
P100 (13).jpg,P100,1,-0.7313329577445984,0.3249022960662842,0.40304468012031214
P100 (130).jpg,P100,1,-1.421310544013977,0.1944562196731567,0.3179133262004618
P100 (131).jpg,P100,1,-1.8228042125701904,0.1390977352857589,0.2730866859518417
P100 (132).jpg,P100,1,-2.812410593032837,0.0566571988165378,0.18086025841307388
P100 (133).jpg,P100,1,-2.453350782394409,0.0791938602924346,0.21120437405644213
P100 (134).jpg,P100,1,-1.8362168073654173,0.1374993324279785,0.27165899115697734
P100 (135).jpg,P100,1,-2.5714476108551025,0.070998765528202,0.20083076516275297
P100 (14).jpg,P100,1,0.5940594673156738,0.6442960500717163,0.579096617291656
P100 (15).jpg,P100,1,-0.3179483413696289,0.4211758375167846,0.4574113771250828
P100 (16).jpg,P100,1,-0.4561020135879516,0.387910932302475,0.43906197697195387
P100 (17).jpg,P100,1,-0.6557938456535339,0.3416850864887237,0.4128434024839764
P100 (18).jpg,P100,1,-1.2894258499145508,0.2159500271081924,0.3334675161321564
P100 (19).jpg,P100,1,-0.6278212070465088,0.3480047583580017,0.4164899698091133
P100 (2).jpg,P100,1,-2.603667974472046,0.0689027234911918,0.19806766490332672
P100 (20).jpg,P100,1,-0.6417645812034607,0.3448477685451507,0.41467111581926186
P100 (21).jpg,P100,1,-0.4230310320854187,0.3957916498184204,0.44344120267581194
P100 (22).jpg,P100,1,-1.612864971160889,0.1661912351846695,0.29603295459103884
P100 (23).jpg,P100,1,-1.351476788520813,0.2056290358304977,0.3261015422828981
P100 (24).jpg,P100,1,-1.9375649690628047,0.1259156018495559,0.26102356969384327
P100 (25).jpg,P100,1,-0.857461154460907,0.2978700399398803,0.38685829923231146
P100 (26).jpg,P100,1,-1.8032636642456052,0.1414542496204376,0.27517502992342197
P100 (27).jpg,P100,1,-1.1195800304412842,0.2460892051458358,0.3540417159277586
P100 (28).jpg,P100,1,-2.00172758102417,0.1190216541290283,0.25443124806618206
P100 (29).jpg,P100,1,-2.182908535003662,0.1012958437204361,0.23641639661170732
P100 (3).jpg,P100,1,-2.173553943634033,0.1021506190299987,0.23732460237899725
P100 (30).jpg,P100,1,-1.2883601188659668,0.2161305099725723,0.3335947534469834
P100 (31).jpg,P100,1,-0.8905081152915955,0.2910049855709076,0.38265672266759276
P100 (32).jpg,P100,1,-1.6367937326431274,0.1629018187522888,0.29336166902330263
P100 (33).jpg,P100,1,-0.9746285080909728,0.2739588916301727,0.37204176838959385
P100 (34).jpg,P100,1,-0.4212966561317444,0.3962065279483795,0.44367111583195273
P100 (35).jpg,P100,1,-1.4808839559555054,0.1852939426898956,0.31101582713261505
P100 (36).jpg,P100,1,-1.3585116863250732,0.2044822871685028,0.325271748909228
P100 (37).jpg,P100,1,-0.5197237133979797,0.3729168474674225,0.43066445692691857
P100 (38).jpg,P100,1,-0.4211277365684509,0.3962469398975372,0.44369350951709957
P100 (39).jpg,P100,1,-2.108168840408325,0.1083053797483444,0.24373952907516
P100 (4).jpg,P100,1,-2.917762041091919,0.0512824729084968,0.17262824771070168
P100 (40).jpg,P100,1,-1.782886981964111,0.1439470201730728,0.27736325425304165
P100 (41).jpg,P100,1,-2.549103021621704,0.0724867731332779,0.20276384087435464
P100 (42).jpg,P100,1,-2.065608263015747,0.1124847158789634,0.24797779314971385
P100 (43).jpg,P100,1,-2.969557046890259,0.048820286989212,0.1686910605583669
P100 (44).jpg,P100,1,-2.5798604488372803,0.0704458728432655,0.20010653811359605
P100 (45).jpg,P100,1,-3.991999864578247,0.0181280598044395,0.10488564496008185
P100 (46).jpg,P100,1,-2.2697296142578125,0.0936611667275428,0.22810207517990308
P100 (47).jpg,P100,1,-1.433962106704712,0.1924820989370346,0.3164416766012622
P100 (48).jpg,P100,1,-2.989575147628784,0.0478990636765956,0.167188681222867
P100 (49).jpg,P100,1,-3.2910618782043457,0.0358790978789329,0.14583968297939937
P100 (5).jpg,P100,1,-1.9019806385040283,0.1298844665288925,0.2647269182107611
P100 (50).jpg,P100,1,0.3117312788963318,0.5773078203201294,0.5417597749150239
P100 (51).jpg,P100,1,-0.9091712832450868,0.2871694564819336,0.38029157694066784
P100 (52).jpg,P100,1,-1.1057627201080322,0.2486616820096969,0.3557407486224383
P100 (53).jpg,P100,1,-0.9861254096031188,0.2716780602931976,0.3706002854412325
P100 (54).jpg,P100,1,0.6758690476417542,0.662816047668457,0.5897677829397324
P100 (55).jpg,P100,1,-0.685093879699707,0.3351253569126129,0.40903402646167886
P100 (56).jpg,P100,1,-1.0187278985977173,0.2652752697467804,0.36652517231563525
P100 (57).jpg,P100,1,-1.601912260055542,0.1677145212888717,0.29726035088887354
P100 (58).jpg,P100,1,-1.6025534868240356,0.1676250398159027,0.2971884120548769
P100 (59).jpg,P100,1,-2.0085341930389404,0.1183097884058952,0.25373838153974787
P100 (6).jpg,P100,1,-0.7593324780464172,0.3187912404537201,0.3994317853732994
P100 (60).jpg,P100,1,-1.6932697296142578,0.1553463190793991,0.28711327555228794
P100 (61).jpg,P100,1,-1.4187753200531006,0.1948536336421966,0.3182086666197902
P100 (62).jpg,P100,1,-1.7249122858047483,0.1512394994497299,0.2836473667583785
P100 (63).jpg,P100,1,-1.8184951543807983,0.139614537358284,0.2735463537537554
P100 (64).jpg,P100,1,-1.367141604423523,0.2030820548534393,0.3242553125623175
P100 (65).jpg,P100,1,-1.4221761226654053,0.1943206638097763,0.3178125243051353
P100 (66).jpg,P100,1,-1.8259825706481931,0.1387175619602203,0.2727479445288111
P100 (67).jpg,P100,1,-2.1567816734313965,0.1036991998553276,0.23895897436458247
P100 (68).jpg,P100,1,0.8418013453483582,0.6988444328308105,0.6111447802278366
P100 (69).jpg,P100,1,-0.3720642924308777,0.408042311668396,0.45020717682200334
P100 (7).jpg,P100,1,-2.5540130138397217,0.0721573457121849,0.2023378812893425
P100 (70).jpg,P100,1,0.4767259955406189,0.6169744729995728,0.5636642773638865
P100 (71).jpg,P100,1,0.0163601655513048,0.5040899515151978,0.5021967242401736
P100 (72).jpg,P100,1,-1.932838797569275,0.1264366954565048,0.26151349933919615
P100 (73).jpg,P100,1,-0.1325474977493286,0.4669115841388702,0.48220988276643034
P100 (74).jpg,P100,1,-2.328675985336304,0.0887757092714309,0.22257572567326694
P100 (75).jpg,P100,1,-1.2310645580291748,0.2259951680898666,0.3404705724214855
P100 (76).jpg,P100,1,-1.0153591632843018,0.2659323513507843,0.36694537175437414
P100 (77).jpg,P100,1,-1.9408080577850344,0.1255591064691543,0.26068772466531476
P100 (78).jpg,P100,1,-1.114154815673828,0.2470970898866653,0.35470838593339693
P100 (79).jpg,P100,1,-3.31400203704834,0.0350939482450485,0.14431153393721516
P100 (8).jpg,P100,1,-1.7069765329360962,0.1535562872886657,0.285608822820746
P100 (80).jpg,P100,1,-2.884928703308105,0.0529036410152912,0.17516151711616987
P100 (81).jpg,P100,1,-2.7049448490142822,0.0626822039484977,0.18956936370039076
P100 (82).jpg,P100,1,-1.9291199445724487,0.1268480271100998,0.2618994245038211
P100 (83).jpg,P100,1,-1.814087152481079,0.1401448845863342,0.2740170751548919
P100 (84).jpg,P100,1,-1.8487375974655151,0.1360211819410324,0.27033045551925955
P100 (85).jpg,P100,1,-3.1501500606536865,0.0410853661596775,0.15552245831558265
P100 (86).jpg,P100,1,-1.7058682441711426,0.1537003815174102,0.28573029216319135
P100 (87).jpg,P100,1,-3.0011684894561768,0.0473731122910976,0.1663234896136136
P100 (88).jpg,P100,1,-2.996099710464477,0.0476023852825164,0.16670132233735716
P100 (89).jpg,P100,1,-3.228480100631714,0.0381079204380512,0.15007682653294532
P100 (9).jpg,P100,1,-1.4147071838378906,0.195492684841156,0.31868288891423224
P100 (90).jpg,P100,1,-2.444345474243164,0.0798530355095863,0.2120112798262545
P100 (91).jpg,P100,1,-1.2012194395065308,0.2312583476305008,0.3440791859944545
P100 (92).jpg,P100,1,-1.9597487449646,0.1234942376613617,0.25873187658127783
P100 (93).jpg,P100,1,-2.5891788005828857,0.0698381066322326,0.1993066469427955
P100 (94).jpg,P100,1,-2.9294919967651367,0.0507147759199142,0.17173027461511062
P100 (95).jpg,P100,1,-2.476551055908203,0.0775184705853462,0.20913592184318655
P100 (96).jpg,P100,1,-3.0541603565216064,0.0450381971895694,0.16241438813394832
P100 (97).jpg,P100,1,-2.12637996673584,0.1065591499209404,0.24194109652141052
P100 (98).jpg,P100,1,-0.5961407423019409,0.3552271425724029,0.4206309400557335
P100 (99).jpg,P100,1,-1.000260591506958,0.2688901722431183,0.36883117150216094
P114 (1).jpg,P114,1,-2.826664686203003,0.0559001564979553,0.17972882382442817
P114 (10).jpg,P114,1,-3.774897575378418,0.0224250219762325,0.11634812606604257
P114 (11).jpg,P114,1,-2.3853847980499268,0.0842939913272857,0.21734996501556705
P114 (12).jpg,P114,1,-3.159902334213257,0.0407028645277023,0.1548357792182108
P114 (13).jpg,P114,1,-3.954926252365112,0.0187998749315738,0.10676984056064283
P114 (14).jpg,P114,1,-2.739445924758911,0.0606854781508445,0.18673885921990935
P114 (15).jpg,P114,1,-2.134070634841919,0.1058291718363761,0.2411843263632228
P114 (16).jpg,P114,1,-1.8638174533843996,0.1342587172985077,0.2687358269384746
P114 (17).jpg,P114,1,-2.548454999923706,0.0725303441286087,0.20282010902040973
P114 (18).jpg,P114,1,-2.462300539016724,0.0785436779260635,0.21040467615557193
P114 (19).jpg,P114,1,-3.863964796066284,0.0205533299595117,0.11151943426127552
P114 (2).jpg,P114,1,-3.40995192527771,0.0319858863949775,0.13806370866664053
P114 (20).jpg,P114,1,-1.972095727920532,0.1221639588475227,0.25746206040732095
P114 (21).jpg,P114,1,-3.339548110961914,0.0342390984296798,0.14262548406522252
P114 (22).jpg,P114,1,-2.0212666988372803,0.1169880703091621,0.25244564707026856
P114 (23).jpg,P114,1,-2.6407904624938965,0.0665589049458503,0.19491978542817304
P114 (24).jpg,P114,1,-3.668291330337525,0.0248849727213382,0.12236539015360648
P114 (25).jpg,P114,1,-2.8527209758758545,0.0545408390462398,0.17767487728892165
P114 (26).jpg,P114,1,-2.124868392944336,0.1067031398415565,0.2420900269907925
P114 (27).jpg,P114,1,-3.144871950149536,0.0412938110530376,0.1558951368262149
P114 (28).jpg,P114,1,-3.0558841228485107,0.0449641197919845,0.1622884819709794
P114 (29).jpg,P114,1,-2.0056021213531494,0.118615984916687,0.2540366936311827
P114 (3).jpg,P114,1,-4.301660060882568,0.0133650097995996,0.09026549096344266
P114 (30).jpg,P114,1,-1.6918504238128662,0.1555326431989669,0.2872693281047932
P114 (31).jpg,P114,1,-3.7515690326690674,0.0229421742260456,0.11764251808030803
P114 (32).jpg,P114,1,-3.7030646800994873,0.0240549687296152,0.12037377842501068
P114 (33).jpg,P114,1,-2.779016494750977,0.0584686733782291,0.18353266690052175
P114 (34).jpg,P114,1,-2.650449514389038,0.0659613087773323,0.19410696909166072
P114 (35).jpg,P114,1,-3.0331413745880127,0.0459509156644344,0.16395598094197356
P114 (36).jpg,P114,1,-2.8802785873413086,0.0531371161341667,0.17552265603289285
P114 (37).jpg,P114,1,-0.9887986779212952,0.2711494266986847,0.3702654397452047
P114 (38).jpg,P114,1,-1.0972963571548462,0.2502468228340149,0.3567836086670289
P114 (39).jpg,P114,1,1.4796310663223269,0.8145168423652649,0.6888399578779979
P114 (4).jpg,P114,1,-3.642057657241821,0.0255295485258102,0.12388660950691176
P114 (40).jpg,P114,1,0.3494021296501159,0.5864725708961487,0.5467782807950644
P114 (41).jpg,P114,1,-0.9525689482688904,0.2783684730529785,0.3748139632943853
P114 (42).jpg,P114,1,-1.2852487564086914,0.2166581004858017,0.33396635673172154
P114 (43).jpg,P114,1,0.7360283732414246,0.6761267781257629,0.597561935063345
P114 (44).jpg,P114,1,1.00715172290802,0.7324623465538025,0.6320300265513079
P114 (45).jpg,P114,1,-0.0677953362464904,0.4830577075481415,0.4908978815983554
P114 (46).jpg,P114,1,1.0086567401885986,0.7327572107315063,0.632217999711194
P114 (47).jpg,P114,1,1.1928787231445312,0.7672555446624756,0.6549090795765258
P114 (48).jpg,P114,1,1.294152021408081,0.7848491072654724,0.6670964476091022
P114 (49).jpg,P114,1,1.808477640151977,0.8591777682304382,0.7253831679704397
P114 (5).jpg,P114,1,-2.9011778831481934,0.0520953647792339,0.17390416339796025
P114 (50).jpg,P114,1,0.4549162983894348,0.6118074655532837,0.5607811715669969
P114 (51).jpg,P114,1,-0.1350846886634826,0.466280072927475,0.48186964458391535
P114 (52).jpg,P114,1,0.1183027029037475,0.5295412540435791,0.5158795879737912
P114 (53).jpg,P114,1,0.6067633032798767,0.6472021341323853,0.5807588160396903
P114 (54).jpg,P114,1,0.0238561052829027,0.5059637427330017,0.5032032013870169
P114 (55).jpg,P114,1,1.3759973049163818,0.7983474135398865,0.6767859963844614
P114 (56).jpg,P114,1,2.539699077606201,0.9268784523010254,0.7964184671606694
P114 (57).jpg,P114,1,0.804935872554779,0.6910293102264404,0.6064290922195275
P114 (58).jpg,P114,1,2.0732994079589844,0.8882808089256287,0.752791749284345
P114 (59).jpg,P114,1,2.540321350097656,0.9269205927848816,0.7964726507675395
P114 (6).jpg,P114,1,-2.552308797836304,0.0722715333104133,0.20248565247285266
P114 (60).jpg,P114,1,0.4868793487548828,0.6193709969520569,0.5650050328479448
P114 (61).jpg,P114,1,0.5208905935287476,0.6273559927940369,0.5694892046624473
P114 (62).jpg,P114,1,0.4781413674354553,0.6173089146614075,0.5638512342407616
P114 (63).jpg,P114,1,1.2154958248138428,0.7712699174880981,0.6576492673724635
P114 (64).jpg,P114,1,1.091468334197998,0.7486581206321716,0.6424977234016558
P114 (65).jpg,P114,1,-0.0761913657188415,0.4809613823890686,0.4897709382383027
P114 (66).jpg,P114,1,0.1381524205207824,0.5344832539558411,0.5185417168415772
P114 (67).jpg,P114,1,0.3955838680267334,0.5976262092590332,0.5529175549301989
P114 (68).jpg,P114,1,0.8859859108924866,0.7080610990524292,0.6167693452860477
P114 (69).jpg,P114,1,0.0756128430366516,0.5188941955566406,0.5101514137024888
P114 (7).jpg,P114,1,-2.8746113777160645,0.0534229762852191,0.17596357687448572
P114 (70).jpg,P114,1,0.4653982520103454,0.6142939925193787,0.5621673448047964
P114 (71).jpg,P114,1,0.6773682236671448,0.6631510853767395,0.5899625801162739
P114 (72).jpg,P114,1,0.8223164677619934,0.6947278380393982,0.6086548806428833
P114 (73).jpg,P114,1,1.23466157913208,0.7746334075927734,0.6599631115927602
P114 (74).jpg,P114,1,0.7247040867805481,0.6736420392990112,0.5960984108849036
P114 (75).jpg,P114,1,2.0085818767547607,0.8816951513290405,0.7462664679411951
P114 (76).jpg,P114,1,0.5962042212486267,0.6447873711585999,0.579377368694118
P114 (77).jpg,P114,1,0.8644582629203796,0.7035912871360779,0.6140327401079808
P114 (78).jpg,P114,1,2.151404857635498,0.895799994468689,0.7605154509720269
P114 (79).jpg,P114,1,0.7698288559913635,0.6834838390350342,0.6019198132858011
P114 (8).jpg,P114,1,-2.483734607696533,0.0770063400268554,0.20849849154131023
P114 (80).jpg,P114,1,1.6216373443603516,0.8350207805633545,0.7049479847643049
P114 (9).jpg,P114,1,-2.525026559829712,0.074122242629528,0.20486223575186316
P185 (1).jpg,P185,1,0.6114117503166199,0.6482627391815186,0.5813665737662913
P185 (10).jpg,P185,1,-0.5294362902641296,0.3706483542919159,0.42938585783119304
P185 (11).jpg,P185,1,-0.1635567545890808,0.4592016637325287,0.4780527570231377
P185 (12).jpg,P185,1,0.3138613104820251,0.5778274536132812,0.5420437732854525
P185 (13).jpg,P185,1,1.0539336204528809,0.7415295839309692,0.6378539738028788
P185 (14).jpg,P185,1,1.3974041938781738,0.8017716407775879,0.67929591186585
P185 (15).jpg,P185,1,1.359392166137695,0.7956608533859253,0.6748320300675495
P185 (16).jpg,P185,1,1.3861093521118164,0.7999703884124756,0.6779728943947914
P185 (17).jpg,P185,1,3.0363690853118896,0.9541903734207152,0.8362815108526559
P185 (18).jpg,P185,1,1.7438008785247805,0.851169228553772,0.7184094706113379
P185 (19).jpg,P185,1,2.4505226612091064,0.920599639415741,0.7885424592778992
P185 (2).jpg,P185,1,1.0057483911514282,0.7321872711181641,0.6318547175241293
P185 (20).jpg,P185,1,2.0011444091796875,0.8809171915054321,0.7455093311015688
P185 (21).jpg,P185,1,2.0342776775360107,0.8843492269515991,0.7488708468027304
P185 (22).jpg,P185,1,2.0347466468811035,0.8843972682952881,0.7489182133708867
P185 (23).jpg,P185,1,1.1892229318618774,0.7666020393371582,0.6544651863185762
P185 (24).jpg,P185,1,1.351837396621704,0.7944298386573792,0.6739410194007557
P185 (25).jpg,P185,1,1.1794850826263428,0.7648552656173706,0.6532814852297196
P185 (26).jpg,P185,1,1.2151859998703003,0.7712152600288391,0.6576118007962773
P185 (27).jpg,P185,1,1.5013364553451538,0.817773699760437,0.6913331768297546
P185 (28).jpg,P185,1,1.2062079906463623,0.7696272730827332,0.6565252540426008
P185 (29).jpg,P185,1,1.5660889148712158,0.827225387096405,0.6987047546372384
P185 (3).jpg,P185,1,0.1982048749923706,0.5493896007537842,0.5265885776088779
P185 (30).jpg,P185,1,1.8300093412399288,0.8617628216743469,0.7276808412741069
P185 (31).jpg,P185,1,2.050586223602295,0.8860068321228027,0.7505145426911944
P185 (32).jpg,P185,1,1.9173617362976076,0.8718439936637878,0.7368779485825059
P185 (33).jpg,P185,1,1.7065521478652954,0.846388578414917,0.7143446678951563
P185 (34).jpg,P185,1,1.2987523078918457,0.7856249809265137,0.6676449304976697
P185 (35).jpg,P185,1,2.121347188949585,0.8929607272148132,0.7575627982875527
P185 (36).jpg,P185,1,1.329683542251587,0.7907882928848267,0.6713209509821169
P185 (37).jpg,P185,1,1.9017925262451167,0.8700942397117615,0.7352534153911264
P185 (38).jpg,P185,1,1.8806695938110352,0.867688000202179,0.7330391572469889
P185 (39).jpg,P185,1,1.3394919633865356,0.7924063801765442,0.6724822904135513
P185 (4).jpg,P185,1,2.0218255519866943,0.883069634437561,0.7476109933837018
P185 (40).jpg,P185,1,1.6302647590637207,0.8362059593200684,0.7059108687142597
P185 (41).jpg,P185,1,2.4538795948028564,0.9208447337150574,0.7888429393316573
P185 (42).jpg,P185,1,3.148345232009888,0.958843469619751,0.8443501876119719
P185 (43).jpg,P185,1,2.2389957904815674,0.9036970734596252,0.7689784816430578
P185 (44).jpg,P185,1,2.431139707565308,0.9191712737083436,0.7868013683926531
P185 (45).jpg,P185,1,2.1443114280700684,0.8951360583305359,0.7598208695376099
P185 (46).jpg,P185,1,2.654608726501465,0.9342945218086244,0.8062422382659393
P185 (47).jpg,P185,1,3.166872978210449,0.959568440914154,0.8456535200875261
P185 (48).jpg,P185,1,1.7342264652252195,0.8499522805213928,0.7173680168619189
P185 (49).jpg,P185,1,1.2223931550979614,0.7724844813346863,0.6584828395346971
P185 (5).jpg,P185,1,0.489568293094635,0.6200047135353088,0.5653599509491561
P185 (50).jpg,P185,1,1.7860596179962158,0.8564435243606567,0.7229781547882017
P185 (51).jpg,P185,1,2.511173248291016,0.9249213933944702,0.7939230859639013
P185 (52).jpg,P185,1,1.8334473371505735,0.8621718287467957,0.7280465981140736
P185 (53).jpg,P185,1,2.679258108139038,0.9357916116714478,0.8083020037518812
P185 (54).jpg,P185,1,2.3131353855133057,0.909959077835083,0.7759766409226585
P185 (55).jpg,P185,1,2.289246797561645,0.9079825282096864,0.7737383444569252
P185 (56).jpg,P185,1,2.767035007476806,0.9408681988716124,0.8155010655247816
P185 (57).jpg,P185,1,2.33760404586792,0.9119439125061036,0.7782529135038845
P185 (58).jpg,P185,1,1.819290399551392,0.8604809641838074,0.7265385151322298
P185 (59).jpg,P185,1,4.107065200805664,0.9838104248046876,0.9007764536522512
P185 (6).jpg,P185,1,-0.1687399744987487,0.4579148590564728,0.47735817124007557
P185 (60).jpg,P185,1,5.499415874481201,0.9959275126457214,0.950438330476586
P185 (61).jpg,P185,1,3.944900751113892,0.9810143113136292,0.892715537612807
P185 (62).jpg,P185,1,4.464149951934815,0.9886166453361512,0.9166494562250647
P185 (63).jpg,P185,1,3.658604621887207,0.9748789072036744,0.8770747848008189
P185 (64).jpg,P185,1,3.5004162788391118,0.9706995487213136,0.8676173315415994
P185 (65).jpg,P185,1,3.687934160232544,0.9755871891975404,0.8787630959048891
P185 (66).jpg,P185,1,4.206030368804932,0.9853134751319884,0.9054270663892394
P185 (67).jpg,P185,1,3.943464517593384,0.980987548828125,0.8926416354449593
P185 (68).jpg,P185,1,3.839773178100586,0.978954017162323,0.8871866511947669
P185 (69).jpg,P185,1,4.233885288238525,0.98571115732193,0.9067003893620241
P185 (7).jpg,P185,1,0.7692227959632874,0.6833527684211731,0.6018418141336965
P185 (70).jpg,P185,1,3.2571980953216557,0.9629308581352234,0.8518799974835731
P185 (71).jpg,P185,1,2.519218683242798,0.9254781603813172,0.7946291693902475
P185 (72).jpg,P185,1,1.978231430053711,0.8784924745559692,0.7431674449312816
P185 (73).jpg,P185,1,1.2348061800003052,0.7746586203575134,0.6599805401659214
P185 (74).jpg,P185,1,1.4103496074676514,0.8038210868835449,0.680808731830125
P185 (75).jpg,P185,1,1.5009427070617676,0.8177149891853333,0.6912880469444048
P185 (76).jpg,P185,1,2.38020396232605,0.9153052568435668,0.7821763178795197
P185 (77).jpg,P185,1,2.2567970752716064,0.9052351713180542,0.7706726238559398
P185 (78).jpg,P185,1,3.029402494430542,0.9538848996162416,0.8357685697974503
P185 (79).jpg,P185,1,1.6583760976791382,0.8400198817253113,0.7090355424777888
P185 (8).jpg,P185,1,0.7899855971336365,0.6878282427787781,0.6045109897146904
P185 (80).jpg,P185,1,2.4489028453826904,0.9204811453819276,0.7883973572308992
P185 (81).jpg,P185,1,1.8901457786560056,0.8687722086906433,0.7340339741560061
P185 (82).jpg,P185,1,1.1890583038330078,0.7665725946426392,0.6544451905222896
P185 (83).jpg,P185,1,1.4034682512283323,0.8027337193489075,0.6800050380306191
P185 (9).jpg,P185,1,-0.1173891425132751,0.4706863462924957,0.48424295629622605
