image_id,patient_id,label,logit,prob,prob_calibrated
P055 (1).jpg,P055,0,-0.5725863575935364,0.3606402575969696,0.34962679734395713
P055 (10).jpg,P055,0,-0.5179575085639954,0.3733299672603607,0.3632090798393619
P055 (2).jpg,P055,0,-0.7222726345062256,0.3268927335739136,0.31368679719056886
P055 (3).jpg,P055,0,-2.091370105743408,0.1099384352564811,0.09389039058960578
P055 (4).jpg,P055,0,-2.5508852005004883,0.0723670348525047,0.05923706408365624
P055 (5).jpg,P055,0,-2.439786672592163,0.0801886394619941,0.06631558020582114
P055 (6).jpg,P055,0,-0.9488221406936646,0.2791217565536499,0.26337165329039214
P055 (7).jpg,P055,0,-2.153937101364136,0.1039638817310333,0.08827717273442025
P055 (8).jpg,P055,0,-0.5778385996818542,0.3594300746917724,0.3483332984596703
P055 (9).jpg,P055,0,-1.115038275718689,0.2469328194856643,0.2299321111468272
P115 (1).jpg,P115,0,0.5043039321899414,0.6234702467918396,0.6333608817349482
P115 (10).jpg,P115,0,2.34393048286438,0.9124505519866944,0.9269534283704894
P115 (11).jpg,P115,0,2.136781454086304,0.8944270610809326,0.9102145868414803
P115 (12).jpg,P115,0,2.261091947555542,0.9056029915809632,0.9206352540252123
P115 (13).jpg,P115,0,1.8840786218643188,0.8680789470672607,0.8851702651690305
P115 (14).jpg,P115,0,1.0390106439590454,0.7386590242385864,0.7551519364862419
P115 (15).jpg,P115,0,1.6609607934951782,0.8403668999671936,0.8582062853198942
P115 (16).jpg,P115,0,1.630697250366211,0.8362650871276855,0.8541671397202243
P115 (17).jpg,P115,0,1.5909358263015747,0.8307477235794067,0.8487158489829594
P115 (18).jpg,P115,0,2.141855239868164,0.8949052095413208,0.9106630519674919
P115 (19).jpg,P115,0,5.258313179016113,0.9948228597640992,0.9966651225769834
P115 (2).jpg,P115,0,0.7668453454971313,0.6828380227088928,0.6966203549998904
P115 (20).jpg,P115,0,1.0513672828674316,0.7410373687744141,0.7576200774939137
P115 (21).jpg,P115,0,1.507991075515747,0.818763256072998,0.8368060540421377
P115 (22).jpg,P115,0,0.9044755101203918,0.7118683457374573,0.7271966735020476
P115 (23).jpg,P115,0,1.0840760469436646,0.747264564037323,0.7640713448951092
P115 (24).jpg,P115,0,1.2504302263259888,0.7773743271827698,0.7950206126192063
P115 (25).jpg,P115,0,1.267588496208191,0.780329704284668,0.7980350055736227
P115 (26).jpg,P115,0,1.5729882717132568,0.8282092213630676,0.8462008926364655
P115 (27).jpg,P115,0,1.5201669931411743,0.8205630779266357,0.8386004767569109
P115 (28).jpg,P115,0,4.938242435455322,0.992883801460266,0.9952884900843417
P115 (29).jpg,P115,0,1.5816653966903689,0.8294402956962585,0.8474210471715649
P115 (3).jpg,P115,0,0.3715664446353912,0.591837465763092,0.599354374493898
P115 (30).jpg,P115,0,0.825258195400238,0.6953513622283936,0.7098333416118883
P115 (31).jpg,P115,0,0.6851571202278137,0.6648887395858765,0.6775873162384628
P115 (32).jpg,P115,0,5.039486408233643,0.9935645461082458,0.9957761356656216
P115 (33).jpg,P115,0,4.698039531707764,0.9909692406654358,0.9938957419332393
P115 (34).jpg,P115,0,3.5377566814422607,0.9717431664466858,0.9788534739261875
P115 (35).jpg,P115,0,3.1641440391540527,0.9594624638557434,0.9686264097939068
P115 (36).jpg,P115,0,1.4666942358016968,0.8125544190406799,0.8306002694047748
P115 (37).jpg,P115,0,2.185421705245972,0.898932695388794,0.9144313631652002
P115 (38).jpg,P115,0,2.1470272541046143,0.8953906893730164,0.911118119084094
P115 (39).jpg,P115,0,3.12630295753479,0.9579647779464722,0.9673556062077135
P115 (4).jpg,P115,0,-0.0183185115456581,0.4954204559326172,0.49503587486192846
P115 (40).jpg,P115,0,3.977038145065308,0.981603741645813,0.9867586988030957
P115 (41).jpg,P115,0,3.908936262130737,0.9803327322006226,0.9857586618582274
P115 (42).jpg,P115,0,3.1143157482147217,0.9574793577194214,0.9669427688909913
P115 (43).jpg,P115,0,3.1443936824798584,0.95868718624115,0.9679692291388621
P115 (44).jpg,P115,0,3.637984275817871,0.974368929862976,0.9809891664628231
P115 (45).jpg,P115,0,3.281552791595459,0.963790476322174,0.9722717310864334
P115 (5).jpg,P115,0,0.4870679080486297,0.6194154620170593,0.629011527922031
P115 (6).jpg,P115,0,2.37943959236145,0.9152459502220154,0.929517276750219
P115 (7).jpg,P115,0,2.896421432495117,0.947669267654419,0.9585010640722202
P115 (8).jpg,P115,0,3.356102228164673,0.9663041234016418,0.9743691621969343
P115 (9).jpg,P115,0,2.358621835708618,0.9136170744895936,0.9280244402480575
P167 (1).jpg,P167,0,1.4681884050369265,0.8127818703651428,0.830828040595061
P167 (10).jpg,P167,0,1.419577956199646,0.8052722215652466,0.823292207172861
P167 (11).jpg,P167,0,1.2528414726257324,0.7777913212776184,0.7954462325368693
P167 (12).jpg,P167,0,1.5682817697525024,0.8275384902954102,0.8455357433236652
P167 (13).jpg,P167,0,1.0000988245010376,0.7310779690742493,0.7472692612887369
P167 (14).jpg,P167,0,0.5759310126304626,0.6401305794715881,0.6511971667712638
P167 (15).jpg,P167,0,-0.0607839301228523,0.4848086833953857,0.4835336059485322
P167 (16).jpg,P167,0,0.7698217034339905,0.68348228931427,0.6973017811030696
P167 (17).jpg,P167,0,0.3539345562458038,0.5875713229179382,0.5947562370075119
P167 (18).jpg,P167,0,0.6283227801322937,0.6521090269088745,0.6639837156529048
P167 (19).jpg,P167,0,1.9299049377441408,0.8732389211654663,0.8901236745872627
P167 (2).jpg,P167,0,1.511475682258606,0.8192797899246216,0.8373212313782173
P167 (3).jpg,P167,0,1.6824873685836792,0.8432336449623108,0.8610221763775865
P167 (4).jpg,P167,0,0.7148993015289307,0.6714828014373779,0.6845899296240648
P167 (5).jpg,P167,0,1.148699164390564,0.7592732310295105,0.7764648629602985
P167 (6).jpg,P167,0,0.9924717545509338,0.7295758724212646,0.7457046516816144
P167 (7).jpg,P167,0,0.7723405361175537,0.6840269565582275,0.6978777812486091
P167 (8).jpg,P167,0,0.8010050058364868,0.6901894211769104,0.7043886051209894
P167 (9).jpg,P167,0,1.6709706783294678,0.8417052030563354,0.8595215573219551
P123 (1).jpg,P123,0,-1.6958913803100586,0.1550026386976242,0.13724823962111132
P123 (10).jpg,P123,0,-0.8558911681175232,0.2981985211372375,0.283375174528668
P123 (11).jpg,P123,0,-0.909184455871582,0.2871667444705963,0.2717918688024525
P123 (12).jpg,P123,0,0.0877516493201255,0.5219238996505737,0.5237626462223492
P123 (13).jpg,P123,0,-1.8485726118087769,0.1360405832529068,0.11880020423596224
P123 (14).jpg,P123,0,-2.005855083465576,0.1185895353555679,0.10207905371698248
P123 (15).jpg,P123,0,-1.7829967737197876,0.1439334750175476,0.1264456855791239
P123 (16).jpg,P123,0,-1.870129466056824,0.1335267424583435,0.11637564531123798
P123 (17).jpg,P123,0,-1.395447850227356,0.198539450764656,0.1805453858195005
P123 (18).jpg,P123,0,-1.0262054204940796,0.2638204395771026,0.24742366609944935
P123 (19).jpg,P123,0,-1.4900494813919067,0.183914303779602,0.16586730361819912
P123 (2).jpg,P123,0,-2.351146697998047,0.0869746655225753,0.072518681198534
P123 (20).jpg,P123,0,-1.820650696754456,0.1393558084964752,0.12200551387532549
P123 (21).jpg,P123,0,-1.3615156412124634,0.2039941102266311,0.1860513576846145
P123 (22).jpg,P123,0,-0.7120084762573242,0.3291551768779754,0.3160870968220478
P123 (23).jpg,P123,0,-1.0006924867630005,0.2688052952289581,0.25260922303427435
P123 (24).jpg,P123,0,-1.3924051523208618,0.1990240514278412,0.18103387435317586
P123 (25).jpg,P123,0,-2.0896897315979004,0.1101029738783836,0.0940454706401693
P123 (26).jpg,P123,0,-1.3336191177368164,0.208561360836029,0.19067427449224802
P123 (27).jpg,P123,0,-1.715868592262268,0.1524040848016739,0.13470411005339578
P123 (28).jpg,P123,0,-1.8559685945510864,0.1351736336946487,0.11796347162088924
P123 (29).jpg,P123,0,-0.3949737846851349,0.4025205075740814,0.3945683874756129
P123 (3).jpg,P123,0,-1.5057239532470703,0.1815733611583709,0.16352983048839656
P123 (30).jpg,P123,0,-1.448339343070984,0.190257266163826,0.17221769276584445
P123 (31).jpg,P123,0,-0.8610751032829285,0.2971147894859314,0.2822354220962568
P123 (32).jpg,P123,0,-0.7988452315330505,0.310272604227066,0.29609912135072286
P123 (33).jpg,P123,0,-0.9787535071372986,0.2731391787528991,0.25712551736145256
P123 (34).jpg,P123,0,-0.8189908862113953,0.3059779107570648,0.29156795380228084
P123 (35).jpg,P123,0,0.3123450577259063,0.5774575471878052,0.5838455728257199
P123 (36).jpg,P123,0,-0.3949686586856842,0.4025217592716217,0.394569714848646
P123 (37).jpg,P123,0,-0.958122193813324,0.2772543132305145,0.2614205006677396
P123 (38).jpg,P123,0,-0.9719735980033876,0.2744872868061065,0.25853184085636993
P123 (39).jpg,P123,0,-2.385117292404175,0.0843146443367004,0.07008057009967678
P123 (4).jpg,P123,0,-1.7315328121185305,0.1503916233778,0.1327371967765993
P123 (40).jpg,P123,0,-2.046858072280884,0.1143702417612075,0.098076539888302
P123 (41).jpg,P123,0,-2.151582956314087,0.1041833907365799,0.08848277484323352
P123 (42).jpg,P123,0,-1.622010350227356,0.1649277955293655,0.14700975460540464
P123 (43).jpg,P123,0,-0.6491325497627258,0.3431850373744964,0.33100221947894
P123 (44).jpg,P123,0,-1.4918334484100342,0.1836466938257217,0.16559992363795395
P123 (45).jpg,P123,0,-1.359666347503662,0.2042945325374603,0.18635512133404206
P123 (46).jpg,P123,0,0.4374148249626159,0.6076428294181824,0.6163667070327178
P123 (47).jpg,P123,0,0.5262826681137085,0.62861567735672,0.6388755751645079
P123 (48).jpg,P123,0,0.067461185157299,0.5168588757514954,0.5182737339684961
P123 (49).jpg,P123,0,-0.0809625163674354,0.4797704517841339,0.47807335551032315
P123 (5).jpg,P123,0,-1.7589126825332642,0.1469265669584274,0.12935762460463182
P123 (50).jpg,P123,0,0.4430319964885711,0.6089812517166138,0.6178054757755511
P123 (51).jpg,P123,0,-0.1226700916886329,0.4693709015846252,0.46680549282670203
P123 (52).jpg,P123,0,0.2452966868877411,0.5610185265541077,0.5660861071787522
P123 (53).jpg,P123,0,0.7432047724723816,0.6776962280273438,0.6911773680076861
P123 (54).jpg,P123,0,-0.7653746008872986,0.3174805045127868,0.30371668599705465
P123 (55).jpg,P123,0,-1.0245953798294067,0.2641332447528839,0.24774878844160533
P123 (6).jpg,P123,0,-1.4901320934295654,0.1839019060134887,0.1658549141384881
P123 (7).jpg,P123,0,-1.408456563949585,0.1964776068925857,0.17846849676476384
P123 (8).jpg,P123,0,-1.9073739051818848,0.1292761713266372,0.11228788755349021
P123 (9).jpg,P123,0,-1.0291203260421753,0.263254702091217,0.24683577584801242
P124 (1).jpg,P124,0,-1.151787281036377,0.2401628047227859,0.22295465878093101
P124 (10).jpg,P124,0,-0.6045274138450623,0.3533085584640503,0.3417952969584727
P124 (11).jpg,P124,0,-0.8750611543655396,0.2942022681236267,0.27917433486782856
P124 (12).jpg,P124,0,-1.0193356275558472,0.2651568353176117,0.24881290795565403
P124 (13).jpg,P124,0,-0.9616517424583436,0.2765476107597351,0.26068245015410213
P124 (14).jpg,P124,0,-1.9012027978897093,0.1299723982810974,0.11295641796823944
P124 (15).jpg,P124,0,-1.8471506834030151,0.1362077891826629,0.11896165915119798
P124 (16).jpg,P124,0,-1.7771085500717163,0.1446605324745178,0.1271523940250269
P124 (17).jpg,P124,0,-0.5581120848655701,0.3639844059944153,0.35320288239105846
P124 (18).jpg,P124,0,-1.142222881317139,0.2419124990701675,0.22475598663261218
P124 (19).jpg,P124,0,-0.7604781985282898,0.3185424506664276,0.304840282049325
P124 (2).jpg,P124,0,0.0468770489096641,0.5117171406745911,0.5127008748397489
P124 (20).jpg,P124,0,-1.176092267036438,0.2357555329799652,0.21842357934279194
P124 (3).jpg,P124,0,-0.4748380482196808,0.3834717869758606,0.37408734912204644
P124 (4).jpg,P124,0,-0.1379494965076446,0.4655672311782837,0.4626854072899714
P124 (5).jpg,P124,0,-0.3845736086368561,0.4050242602825165,0.3972646785789371
P124 (6).jpg,P124,0,-0.4065863788127899,0.3997309505939483,0.39156534344563965
P124 (7).jpg,P124,0,-0.2710074484348297,0.4326598048210144,0.42708106356615594
P124 (8).jpg,P124,0,-0.3371948301792145,0.4164910614490509,0.40962468915115013
P124 (9).jpg,P124,0,-0.2285185158252716,0.4431177079677582,0.4383865724607961
P164 (1).jpg,P164,0,-1.568959355354309,0.1723648011684417,0.15436835179523098
P164 (10).jpg,P164,0,-0.1181917563080787,0.4704864025115967,0.46801395809911017
P164 (11).jpg,P164,0,-2.742382287979126,0.0605183206498622,0.04867336962933395
P164 (12).jpg,P164,0,-0.9345975518226624,0.2819929122924804,0.2663740137662472
P164 (13).jpg,P164,0,-0.6451759338378906,0.3440774381160736,0.33195265030035304
P164 (14).jpg,P164,0,-0.1980701386928558,0.4506436884403229,0.44652855663990804
P164 (15).jpg,P164,0,0.1470794081687927,0.5367037057876587,0.5397740762308932
P164 (16).jpg,P164,0,-0.1319060623645782,0.4670712053775787,0.46431443943480616
P164 (17).jpg,P164,0,0.2194810807704925,0.5546510815620422,0.5592000489355854
P164 (18).jpg,P164,0,0.277292400598526,0.5688822865486145,0.5745850894827482
P164 (19).jpg,P164,0,-0.4158730804920196,0.3975047171115875,0.3891696623194384
P164 (2).jpg,P164,0,-1.0428484678268433,0.260600745677948,0.24407967391357932
P164 (20).jpg,P164,0,0.3718789517879486,0.5919129252433777,0.5994357167521525
P164 (21).jpg,P164,0,0.2758137881755829,0.5685195922851562,0.5741932573591346
P164 (22).jpg,P164,0,-1.4465601444244385,0.1905315369367599,0.17249281117238893
P164 (23).jpg,P164,0,-0.845364511013031,0.3004061579704284,0.28569813088314683
P164 (24).jpg,P164,0,0.4797433316707611,0.6176872253417969,0.6271568387594071
P164 (25).jpg,P164,0,0.6247782111167908,0.6513044834136963,0.6631259252580728
P164 (26).jpg,P164,0,0.5673033595085144,0.6381407380104065,0.6490698931328254
P164 (27).jpg,P164,0,0.2835746705532074,0.570422351360321,0.576248840159785
P164 (28).jpg,P164,0,0.1311875283718109,0.5327499508857727,0.5354918254711994
P164 (29).jpg,P164,0,0.6577576994895935,0.6587564945220947,0.6710648743747125
P164 (3).jpg,P164,0,-1.0811370611190796,0.2532908916473388,0.23650343828296091
P164 (30).jpg,P164,0,1.0157394409179688,0.7341418266296387,0.7504577773557563
P164 (31).jpg,P164,0,0.6934985518455505,0.6667447686195374,0.6795594892647281
P164 (32).jpg,P164,0,0.0236545428633689,0.5059133768081665,0.5064099932740742
P164 (33).jpg,P164,0,-0.6803290843963623,0.336187869310379,0.32355708285657725
P164 (34).jpg,P164,0,-0.2991611063480377,0.4257625639438629,0.4196308949962993
P164 (35).jpg,P164,0,-0.0492840781807899,0.4876814782619476,0.4866472668248825
P164 (36).jpg,P164,0,-0.6572245955467224,0.3413633406162262,0.3290626979225639
P164 (37).jpg,P164,0,-0.9368897676467896,0.2815290093421936,0.2658887290559386
P164 (38).jpg,P164,0,-0.6755050420761108,0.337265282869339,0.32470264822185885
P164 (39).jpg,P164,0,-0.4230149090290069,0.3957955539226532,0.3873309187931824
P164 (4).jpg,P164,0,-1.4057486057281494,0.1969054788351059,0.17889928548898437
P164 (40).jpg,P164,0,-0.9303607940673828,0.2828515172004699,0.26727246075716155
P164 (41).jpg,P164,0,-0.9412135481834412,0.2806552648544311,0.2649748784763529
P164 (42).jpg,P164,0,-0.8358582854270935,0.3024078011512756,0.2878056929299227
P164 (43).jpg,P164,0,-1.5326460599899292,0.1776068657636642,0.1595769919151163
P164 (44).jpg,P164,0,-0.3703539669513702,0.408455491065979,0.4009612722336927
P164 (45).jpg,P164,0,0.5673136115074158,0.6381431221961975,0.6490724244509275
P164 (46).jpg,P164,0,0.0778199657797813,0.5194451212882996,0.5210765932492819
P164 (47).jpg,P164,0,-0.0054143145680427,0.4986464083194732,0.4985327333509097
P164 (48).jpg,P164,0,-0.4030797779560089,0.4005726277828216,0.39247130515653594
P164 (49).jpg,P164,0,-1.293561935424805,0.2152505367994308,0.19746515712290497
P164 (5).jpg,P164,0,-1.3284815549850464,0.2094106376171112,0.19153516327742565
P164 (50).jpg,P164,0,-0.1489581763744354,0.4628291428089142,0.45972004346034084
P164 (51).jpg,P164,0,-0.5253902077674866,0.3715926706790924,0.3613476520780063
P164 (52).jpg,P164,0,-1.0069133043289185,0.267584353685379,0.2513382227233071
P164 (53).jpg,P164,0,-0.9872185587882996,0.2714618146419525,0.25537668900943084
P164 (54).jpg,P164,0,-0.6544287204742432,0.3419921994209289,0.3297321659964121
P164 (55).jpg,P164,0,-1.2371426820755005,0.2249337136745453,0.20733661743817697
P164 (56).jpg,P164,0,-1.548885703086853,0.1752472519874572,0.15723024901612562
P164 (57).jpg,P164,0,-2.25756311416626,0.0946990773081779,0.07964469052031149
P164 (58).jpg,P164,0,-2.090177297592163,0.1100552082061767,0.09400045003667903
P164 (59).jpg,P164,0,-2.019289255142212,0.1171924993395805,0.10075197880838263
P164 (6).jpg,P164,0,-2.1636483669281006,0.103062704205513,0.08743358232197315
P164 (60).jpg,P164,0,-0.9928379654884338,0.2703518867492676,0.2542200784744849
P164 (61).jpg,P164,0,-1.5150896310806274,0.1801857352256775,0.16214585392042757
P164 (62).jpg,P164,0,-2.103938341140747,0.1087146177887916,0.09273773365039684
P164 (63).jpg,P164,0,-3.14241361618042,0.0413912460207939,0.032097385817720425
P164 (64).jpg,P164,0,-2.461919069290161,0.0785712823271751,0.06484545283756507
P164 (65).jpg,P164,0,-2.7807164192199707,0.0583751574158668,0.046784931958943114
P164 (66).jpg,P164,0,-0.0833946242928505,0.4791633784770965,0.47741556395365664
P164 (67).jpg,P164,0,-1.086719036102295,0.2522366046905517,0.23541258578223404
P164 (68).jpg,P164,0,-0.0294347181916236,0.4926418662071228,0.49202391363230574
P164 (69).jpg,P164,0,0.6088259220123291,0.6476729512214661,0.6592521952622828
P164 (7).jpg,P164,0,-1.0692442655563354,0.2555468380451202,0.23883919194641992
P164 (70).jpg,P164,0,1.1453213691711426,0.758655309677124,0.7758287018934349
P164 (71).jpg,P164,0,1.121185064315796,0.7542084455490112,0.7712455526110314
P164 (72).jpg,P164,0,0.896626353263855,0.7102557420730591,0.7255054964762042
P164 (8).jpg,P164,0,-1.1387794017791748,0.2425445467233657,0.22540704498904265
P164 (9).jpg,P164,0,-1.320834755897522,0.2106794416904449,0.19282200609724312
P052 (1).jpg,P052,0,-1.9580808877944944,0.1236748844385147,0.10692455692659367
P052 (10).jpg,P052,0,-1.779521107673645,0.1443622857332229,0.12686243011386505
P052 (11).jpg,P052,0,-1.7671406269073486,0.1458982676267624,0.12835644083981526
P052 (12).jpg,P052,0,-1.4519325494766235,0.1897043287754058,0.17166313319413676
P052 (13).jpg,P052,0,-1.7946531772613523,0.1425031721591949,0.125056582450827
P052 (14).jpg,P052,0,-1.453633189201355,0.1894430518150329,0.1714011579640487
P052 (15).jpg,P052,0,-1.487191081047058,0.1843437105417251,0.1662964399632044
P052 (16).jpg,P052,0,-1.3215276002883911,0.2105642557144165,0.19270514008812833
P052 (17).jpg,P052,0,-1.6689151525497437,0.158568874001503,0.14074769784650815
P052 (18).jpg,P052,0,-2.794100046157837,0.0576438307762146,0.04614217948662426
P052 (19).jpg,P052,0,-3.0018043518066406,0.0473444238305091,0.03718566283530858
P052 (2).jpg,P052,0,-2.3091180324554443,0.0903706178069114,0.07564326686693436
P052 (20).jpg,P052,0,-2.1773345470428467,0.1018043980002403,0.08625707727714663
P052 (21).jpg,P052,0,-1.1025340557098389,0.2492653876543045,0.23234089640026456
P052 (22).jpg,P052,0,-1.8181266784667969,0.1396588087081909,0.12229890005552474
P052 (23).jpg,P052,0,-2.674782514572144,0.0644778832793235,0.05218087336229723
P052 (24).jpg,P052,0,-2.5091609954833984,0.0752184465527534,0.0618083967030638
P052 (25).jpg,P052,0,-1.449579119682312,0.1900663375854492,0.17202619098772634
P052 (26).jpg,P052,0,-1.7437678575515747,0.1488349735736847,0.13121784218577753
P052 (27).jpg,P052,0,-1.3183199167251587,0.2110979557037353,0.193246651554868
P052 (3).jpg,P052,0,-2.0055599212646484,0.1186203882098198,0.10210838408893996
P052 (4).jpg,P052,0,-1.1239622831344604,0.2452770620584488,0.2282237532414537
P052 (5).jpg,P052,0,-1.0098904371261597,0.2670013010501861,0.2507314578117285
P052 (6).jpg,P052,0,-1.1466978788375854,0.2410927414894104,0.2239118962218198
P052 (7).jpg,P052,0,-1.2364217042922974,0.2250594645738601,0.20746509071794084
P052 (8).jpg,P052,0,-1.308517575263977,0.2127350121736526,0.1949086214768448
P052 (9).jpg,P052,0,-0.924651563167572,0.2840110659599304,0.26848620088397507
P049 (1).jpg,P049,0,-1.164397358894348,0.2378691881895065,0.22059548910967758
P049 (10).jpg,P049,0,-1.163750410079956,0.2379864901304245,0.22071608745554933
P049 (11).jpg,P049,0,-0.7734610438346863,0.3157308995723724,0.3018661837931734
P049 (12).jpg,P049,0,-1.0207470655441284,0.2648819088935852,0.2485270550128462
P049 (13).jpg,P049,0,-2.335440397262573,0.0882300287485122,0.07367218121634407
P049 (14).jpg,P049,0,-0.6554479598999023,0.341762900352478,0.32948803047586656
P049 (15).jpg,P049,0,-0.0364869013428688,0.4908792972564697,0.49011339504618423
P049 (16).jpg,P049,0,-0.0782701149582862,0.480442464351654,0.47880163503789525
P049 (17).jpg,P049,0,-0.073290504515171,0.4816855490207672,0.48014882699385714
P049 (18).jpg,P049,0,0.1939364373683929,0.5483327507972717,0.5523637649444536
P049 (19).jpg,P049,0,0.3714934289455414,0.5918197631835938,0.5993353685040854
P049 (2).jpg,P049,0,-1.7845855951309204,0.1437378227710724,0.12625557057825612
P049 (20).jpg,P049,0,-3.00498104095459,0.0472013540565967,0.037062571472611765
P049 (21).jpg,P049,0,-2.714353322982788,0.0621316954493522,0.050099691825791416
P049 (22).jpg,P049,0,-2.256102561950684,0.0948243662714958,0.07976082074742555
P049 (23).jpg,P049,0,-2.3568849563598637,0.086520068347454,0.07210142067536549
P049 (24).jpg,P049,0,-2.747724771499634,0.0602152720093727,0.048405911255700686
P049 (25).jpg,P049,0,-2.971416711807251,0.0487340055406093,0.03838315816425036
P049 (26).jpg,P049,0,-3.1054580211639404,0.042882677167654,0.033365524704740475
P049 (3).jpg,P049,0,-1.7303210496902466,0.15054652094841,0.1328884822200388
P049 (4).jpg,P049,0,-1.619789481163025,0.1652339100837707,0.1473118951297132
P049 (5).jpg,P049,0,-1.1860913038253784,0.233958750963211,0.2165788686832046
P049 (6).jpg,P049,0,-1.7427834272384644,0.1489597260951995,0.1313395410330935
P049 (7).jpg,P049,0,-1.791283369064331,0.1429154425859451,0.1254568157747282
P049 (8).jpg,P049,0,-2.5015485286712646,0.0757496953010559,0.06228864072729209
P049 (9).jpg,P049,0,-1.3061920404434204,0.2131247669458389,0.1953044980333676
P014 (1).jpg,P014,0,-0.2278666198253631,0.4432785212993622,0.4385605602354084
P014 (10).jpg,P014,0,0.1296374499797821,0.532364010810852,0.5350738483918842
P014 (11).jpg,P014,0,0.9524583220481871,0.7216092348098755,0.7373923308722155
P014 (12).jpg,P014,0,0.4463555514812469,0.6097723841667175,0.6186557932992311
P014 (13).jpg,P014,0,-0.1145800724625587,0.4713862538337707,0.468988834154575
P014 (14).jpg,P014,0,0.0803339108824729,0.5200726985931396,0.5217566184473188
P014 (15).jpg,P014,0,-0.3844956457614898,0.4050430357456207,0.39728491459492626
P014 (16).jpg,P014,0,-0.3380849063396454,0.416274756193161,0.40939138074888004
P014 (17).jpg,P014,0,0.8630913496017456,0.7033061385154724,0.7182071225629939
P014 (18).jpg,P014,0,1.2760189771652222,0.7817713022232056,0.7995039079590508
P014 (19).jpg,P014,0,0.1551414430141449,0.5387077331542969,0.5419442818160798
P014 (2).jpg,P014,0,0.1579006612300872,0.5393933653831482,0.5426866698979624
P014 (20).jpg,P014,0,0.5016365647315979,0.622843861579895,0.6326891948344924
P014 (21).jpg,P014,0,-0.8882171511650085,0.2914778888225555,0.27631356170866694
P014 (22).jpg,P014,0,-0.0628165379166603,0.4843010306358337,0.4829833899867338
P014 (23).jpg,P014,0,-0.1686296761035919,0.4579421877861023,0.45442844038712665
P014 (24).jpg,P014,0,0.6788816452026367,0.6634891033172607,0.6760994150791448
P014 (25).jpg,P014,0,-2.290890693664551,0.0918802097439765,0.07703643146729106
P014 (26).jpg,P014,0,-0.4804047048091888,0.3821565806865692,0.3726755372838414
P014 (27).jpg,P014,0,-1.1994681358337402,0.2315698415040969,0.214128662195598
P014 (28).jpg,P014,0,-2.734381437301636,0.0609748102724552,0.04907653627297104
P014 (29).jpg,P014,0,-0.3060192167758941,0.4240866899490356,0.41782146572255685
P014 (3).jpg,P014,0,-0.2741601169109344,0.431886076927185,0.42624507572314585
P014 (30).jpg,P014,0,-1.1722813844680786,0.2364428639411926,0.2191296175032854
P014 (31).jpg,P014,0,-0.8821516633033752,0.2927321195602417,0.27763024948858844
P014 (32).jpg,P014,0,-1.323395013809204,0.2102539986371994,0.19239042137303564
P014 (4).jpg,P014,0,0.4263688623905182,0.6050062775611877,0.6135314908587248
P014 (5).jpg,P014,0,0.1011837944388389,0.525274395942688,0.5273931947554157
P014 (6).jpg,P014,0,0.7663474082946777,0.6827302575111389,0.6965062696032952
P014 (7).jpg,P014,0,0.996044099330902,0.7302801012992859,0.7464382728817499
P014 (8).jpg,P014,0,-0.8053539395332336,0.3088814318180084,0.29463072232717386
P014 (9).jpg,P014,0,0.5999031066894531,0.645634114742279,0.6570760923133773
P044 (1).jpg,P044,0,0.5412744879722595,0.6321088671684265,0.6426163857958773
P044 (10).jpg,P044,0,-0.9562007784843444,0.2776395082473755,0.2618228475545965
P044 (11).jpg,P044,0,0.6964297294616699,0.6673957109451294,0.6802509949577854
P044 (12).jpg,P044,0,0.2620151937007904,0.5651316046714783,0.5705322011670829
P044 (13).jpg,P044,0,-0.2168798148632049,0.4459916055202484,0.441495123433657
P044 (14).jpg,P044,0,-2.8125159740448,0.0566515736281871,0.04527147503901285
P044 (15).jpg,P044,0,2.249907732009888,0.9046425819396972,0.9197449002233601
P044 (16).jpg,P044,0,-0.7371760010719299,0.3236219882965088,0.3102193078713484
P044 (17).jpg,P044,0,0.9857421517372132,0.7282460927963257,0.744318857640753
P044 (18).jpg,P044,0,4.781821250915527,0.991688907146454,0.9944227389752762
P044 (19).jpg,P044,0,2.1120476722717285,0.8920686841011047,0.9079992305067472
P044 (2).jpg,P044,0,-0.5189474821090698,0.3730983734130859,0.3629609150515454
P044 (20).jpg,P044,0,3.282959222793579,0.963839590549469,0.972312802820595
P044 (21).jpg,P044,0,2.328052282333374,0.9111738204956056,0.9257794007777999
P044 (22).jpg,P044,0,1.7766038179397583,0.8552770018577576,0.872786870936387
P044 (23).jpg,P044,0,3.0679099559783936,0.955549418926239,0.9652965208123802
P044 (24).jpg,P044,0,3.8936784267425537,0.980036437511444,0.9855245979638798
P044 (25).jpg,P044,0,4.922523021697998,0.9927719235420228,0.9952079072644864
P044 (26).jpg,P044,0,1.0621588230133057,0.7431028485298157,0.7597617180166972
P044 (27).jpg,P044,0,2.336020946502685,0.9118167161941528,0.9263707543878433
P044 (28).jpg,P044,0,2.7524654865264893,0.9400524497032166,0.9518302524379179
P044 (29).jpg,P044,0,1.790127873420715,0.8569430112838745,0.8744056931952532
P044 (3).jpg,P044,0,1.3335065841674805,0.7914201021194458,0.8093069002587753
P044 (30).jpg,P044,0,1.3169902563095093,0.7886805534362793,0.8065285401776614
P044 (4).jpg,P044,0,1.702260136604309,0.8458296656608582,0.8635671892630987
P044 (5).jpg,P044,0,0.2195771634578704,0.5546748042106628,0.5592257220172021
P044 (6).jpg,P044,0,0.3647297322750091,0.5901848673820496,0.5975734885875041
P044 (7).jpg,P044,0,0.3781018555164337,0.5934152603149414,0.6010543254454057
P044 (8).jpg,P044,0,2.8782601356506348,0.946761190891266,0.9577108823619273
P044 (9).jpg,P044,0,-0.7515009641647339,0.3204943239688873,0.30690636834687907
P038 (1).jpg,P038,0,-1.0024001598358154,0.2684697806835174,0.25225989816500527
P038 (10).jpg,P038,0,-1.7130520343780518,0.1527682691812515,0.13506037678390856
P038 (11).jpg,P038,0,-1.822923302650452,0.1390834748744964,0.12174186997032192
P038 (12).jpg,P038,0,-1.2618322372436523,0.2206586301326751,0.20297255728374128
P038 (13).jpg,P038,0,-2.01171350479126,0.1179785653948783,0.10149844358688997
P038 (14).jpg,P038,0,-1.4124068021774292,0.1958547234535217,0.17784153986973594
P038 (15).jpg,P038,0,-1.220016360282898,0.2279335707426071,0.21040429157901555
P038 (16).jpg,P038,0,-1.064626932144165,0.2564262449741363,0.2397502943646726
P038 (17).jpg,P038,0,-1.1938774585723877,0.2325661778450012,0.21515023469067077
P038 (18).jpg,P038,0,-1.0005483627319336,0.2688336074352264,0.2526387199713976
P038 (19).jpg,P038,0,-2.188823938369751,0.1007585972547531,0.08528050395195738
P038 (2).jpg,P038,0,-1.2031280994415283,0.23091921210289,0.21346179865964507
P038 (20).jpg,P038,0,-0.4475788176059723,0.3899365961551666,0.3810314219321918
P038 (21).jpg,P038,0,-2.0220518112182617,0.1169069930911064,0.10048098976784475
P038 (22).jpg,P038,0,-2.554405689239502,0.0721310675144195,0.059024752801461564
P038 (23).jpg,P038,0,-2.1113531589508057,0.1079982444643974,0.09206367920837283
P038 (24).jpg,P038,0,-2.3515570163726807,0.086942084133625,0.07248877093362756
P038 (25).jpg,P038,0,-2.1576106548309326,0.1036221757531166,0.08795720043495829
P038 (26).jpg,P038,0,-2.5807993412017822,0.0703844055533409,0.05745560306756268
P038 (27).jpg,P038,0,-2.6407148838043213,0.0665635988116264,0.05403781212589673
P038 (28).jpg,P038,0,-2.811559200286865,0.0567027293145656,0.04531632328140862
P038 (29).jpg,P038,0,-2.5512914657592773,0.0723397731781005,0.05921252683230741
P038 (3).jpg,P038,0,-1.0820518732070925,0.2531179189682007,0.2363244231528726
P038 (30).jpg,P038,0,-2.5344364643096924,0.0734790414571762,0.06023855737124457
P038 (31).jpg,P038,0,-3.2623181343078613,0.0368867628276348,0.028295948743799728
P038 (32).jpg,P038,0,-3.534250974655152,0.0283532403409481,0.021225330316420404
P038 (33).jpg,P038,0,-3.276538610458374,0.0363848805427551,0.027875179269725003
P038 (34).jpg,P038,0,-3.4282829761505127,0.0314231477677822,0.023747650609466688
P038 (35).jpg,P038,0,-3.3296148777008057,0.0345690809190273,0.02635774205787344
P038 (36).jpg,P038,0,-3.345102548599243,0.0340559035539627,0.0259303064864829
P038 (37).jpg,P038,0,-2.966428756713867,0.0489657595753669,0.038583225579152766
P038 (38).jpg,P038,0,-2.961678266525269,0.0491874553263187,0.03877469861847696
P038 (39).jpg,P038,0,-3.332149744033813,0.0344845801591873,0.026287317463011592
P038 (4).jpg,P038,0,-1.2312041521072388,0.2259707450866699,0.20839657389476823
P038 (40).jpg,P038,0,-3.5184485912323,0.0287918467074632,0.021584130217380364
P038 (41).jpg,P038,0,-2.7956666946411133,0.0575587898492813,0.04606749242047303
P038 (42).jpg,P038,0,-2.4316775798797607,0.0807887986302375,0.06686192991290471
P038 (43).jpg,P038,0,-2.873944997787476,0.0534566864371299,0.042478969359965715
P038 (44).jpg,P038,0,-2.68970799446106,0.0635834038257598,0.05138645870091156
P038 (45).jpg,P038,0,-2.991192102432251,0.0478253774344921,0.037599725320484736
P038 (46).jpg,P038,0,-3.352898359298706,0.0338003784418106,0.025717714540970514
P038 (47).jpg,P038,0,-2.97676944732666,0.0484864525496959,0.038169567407927374
P038 (48).jpg,P038,0,-2.449248075485229,0.0794935524463653,0.06568336227140678
P038 (49).jpg,P038,0,-2.737959146499634,0.0607702881097793,0.0488958638205541
P038 (5).jpg,P038,0,-1.516793131828308,0.1799342334270477,0.16189514348292733
P038 (50).jpg,P038,0,-2.732525110244751,0.0610811822116375,0.049170529131864454
P038 (51).jpg,P038,0,-2.442641019821167,0.0799783542752265,0.06612425747511584
P038 (52).jpg,P038,0,-1.2857669591903689,0.2165701687335968,0.19880762838676203
P038 (53).jpg,P038,0,-1.6818958520889282,0.1568445861339569,0.13905456931920998
P038 (54).jpg,P038,0,-1.7862967252731323,0.1435273438692093,0.1260510939293214
P038 (6).jpg,P038,0,-0.368964821100235,0.4087912142276764,0.4013230123425115
P038 (7).jpg,P038,0,-1.2515097856521606,0.2224388867616653,0.2047887483014958
P038 (8).jpg,P038,0,-1.6724902391433716,0.1580924540758133,0.1402796711708304
P038 (9).jpg,P038,0,-1.7060500383377075,0.1536767482757568,0.13594950615437496
P047 (1).jpg,P047,0,0.5449567437171936,0.6329647302627563,0.6435325629285136
P047 (2).jpg,P047,0,-0.5517350435256958,0.3654619753360748,0.3547836846379168
P047 (3).jpg,P047,0,0.2216950356960296,0.5551978945732117,0.5597915321255401
P047 (4).jpg,P047,0,0.0748813077807426,0.5187115669250488,0.5202815838455606
P047 (5).jpg,P047,0,-0.3797846138477325,0.4061788618564605,0.3985083580493219
P047 (6).jpg,P047,0,0.0287240371108055,0.5071805119514465,0.5077835407316965
P047 (7).jpg,P047,0,0.6272693276405334,0.65187007188797,0.6637288913799327
P047 (8).jpg,P047,0,-0.037453569471836,0.490637719631195,0.48985153464068604
P047 (9).jpg,P047,0,-0.1947928667068481,0.4514551758766174,0.44740670074704997
P096 (1).jpg,P096,0,-2.0608246326446533,0.1129631847143173,0.09674544759664035
P096 (10).jpg,P096,0,-1.4757152795791626,0.1860754638910293,0.1680282705014684
P096 (11).jpg,P096,0,-2.2128822803497314,0.0985996052622795,0.08326801297985592
P096 (12).jpg,P096,0,-2.141077995300293,0.1051678955554962,0.08940551636493549
P096 (13).jpg,P096,0,-3.414644718170166,0.0318409018218517,0.024092817459817374
P096 (14).jpg,P096,0,-3.614691019058228,0.0262192822992801,0.019487490302110673
P096 (15).jpg,P096,0,-3.0430173873901367,0.045519895851612,0.03561883678873376
P096 (16).jpg,P096,0,-3.258890390396118,0.0370087325572967,0.028398290953969455
P096 (17).jpg,P096,0,-3.5611701011657715,0.0276209786534309,0.02062751211161176
P096 (18).jpg,P096,0,-3.640230894088745,0.0255750343203544,0.018965469382392585
P096 (19).jpg,P096,0,-3.632609605789185,0.0257656518369913,0.019119792127155352
P096 (2).jpg,P096,0,-2.283010721206665,0.0925398096442222,0.07764597041819356
P096 (20).jpg,P096,0,-4.131912708282471,0.0157985445111989,0.011217850012322856
P096 (21).jpg,P096,0,-3.910337209701538,0.0196402762085199,0.014220034701352571
P096 (22).jpg,P096,0,-4.391108989715576,0.0122354244813323,0.008493410750279238
P096 (23).jpg,P096,0,-4.684423923492432,0.0091534946113824,0.006194458165920807
P096 (24).jpg,P096,0,-3.99383807182312,0.0180953703820705,0.013005453774194976
P096 (25).jpg,P096,0,-2.82827377319336,0.0558153055608272,0.04453889323251046
P096 (26).jpg,P096,0,-3.3407251834869385,0.034200195223093,0.026050426251212965
P096 (27).jpg,P096,0,-3.5876643657684326,0.0269182287156581,0.020055235949222722
P096 (28).jpg,P096,0,-4.217553615570068,0.0145206907764077,0.0102335042319976
P096 (29).jpg,P096,0,-3.0867812633514404,0.0436558201909065,0.03402469243795202
P096 (3).jpg,P096,0,-2.1075167655944824,0.1083683669567108,0.09241188052295472
P096 (30).jpg,P096,0,-4.225027561187744,0.0144141279160976,0.0101517685592001
P096 (31).jpg,P096,0,-3.9224255084991455,0.01940886862576,0.014037514591784815
P096 (32).jpg,P096,0,-3.878271579742432,0.0202672891318798,0.01471559728865071
P096 (33).jpg,P096,0,-2.980053663253784,0.0483351610600948,0.038039082483451614
P096 (34).jpg,P096,0,-3.264361619949341,0.0368142388761043,0.02823510682025613
P096 (35).jpg,P096,0,-3.036890745162964,0.0457868240773677,0.035847669250735105
P096 (36).jpg,P096,0,-3.1404032707214355,0.0414710864424705,0.03216515647575611
P096 (37).jpg,P096,0,-2.6440114974975586,0.0663590654730796,0.05385543331983654
P096 (38).jpg,P096,0,-2.512725591659546,0.0749708712100982,0.06158470962139158
P096 (39).jpg,P096,0,-2.4551432132720947,0.07906324416399,0.06529228275567368
P096 (4).jpg,P096,0,-1.8286566734313965,0.1383983641862869,0.12107892448479489
P096 (40).jpg,P096,0,-2.4134016036987305,0.0821564495563507,0.06810862600651667
P096 (41).jpg,P096,0,-2.4577748775482178,0.0788718461990356,0.0651184000299369
P096 (42).jpg,P096,0,-2.093713998794556,0.1097092926502227,0.09367445792049425
P096 (43).jpg,P096,0,-2.4654312133789062,0.0783173963427543,0.06461496786233971
P096 (44).jpg,P096,0,-2.5002713203430176,0.0758391618728637,0.0623695558630908
P096 (45).jpg,P096,0,-3.034456729888916,0.0458932891488075,0.03593897299946458
P096 (46).jpg,P096,0,-2.516395092010498,0.0747167915105819,0.06135522983739981
P096 (47).jpg,P096,0,-2.8086867332458496,0.0568565614521503,0.045451222974190596
P096 (48).jpg,P096,0,-2.619860410690308,0.0678711235523223,0.055205103889649755
P096 (49).jpg,P096,0,-2.111253499984741,0.1080078408122062,0.09207270958851438
P096 (5).jpg,P096,0,-1.8187655210494995,0.1395820677280426,0.12222458509451703
P096 (50).jpg,P096,0,-2.9507339000701904,0.0497018359601497,0.03921929797386567
P096 (6).jpg,P096,0,-1.5746216773986816,0.1715585440397262,0.15356881374206965
P096 (7).jpg,P096,0,-2.5026488304138184,0.0756727010011673,0.06221901176736062
P096 (8).jpg,P096,0,-3.041331052780152,0.0455932132899761,0.03568168135064435
P096 (9).jpg,P096,0,-3.323105573654175,0.0347869805991649,0.026539427875981004
P196 (1).jpg,P196,0,-2.304603576660156,0.0907424092292785,0.07598614835405502
P196 (2).jpg,P196,0,-1.1547667980194092,0.2396194636821746,0.22239561377827075
P043 (1).jpg,P043,0,-2.6905038356781006,0.0635360330343246,0.05134442252850448
P043 (10).jpg,P043,0,-2.23172378540039,0.0969376340508461,0.08172216347439096
P043 (11).jpg,P043,0,-1.7043497562408447,0.1538980156183242,0.13616615476904262
P043 (12).jpg,P043,0,-2.1186864376068115,0.1072938218712806,0.0914013706265695
P043 (13).jpg,P043,0,-2.069058656692505,0.1121407374739646,0.09596827692178274
P043 (14).jpg,P043,0,-2.1128926277160645,0.1078500300645828,0.09192428467237869
P043 (15).jpg,P043,0,-2.3702738285064697,0.0854677334427833,0.07113643959844838
P043 (16).jpg,P043,0,-2.5354278087615967,0.0734115839004516,0.06017775250518162
P043 (17).jpg,P043,0,-2.053363800048828,0.1137129291892051,0.09745448819937616
P043 (18).jpg,P043,0,-2.278458833694458,0.0929227769374847,0.07800008190744086
P043 (19).jpg,P043,0,-1.9824508428573608,0.1210578233003616,0.10442803287909981
P043 (2).jpg,P043,0,-3.024023532867432,0.0463522933423519,0.03633288123190911
P043 (20).jpg,P043,0,-1.895657658576965,0.1306007206439972,0.11356009600368355
P043 (21).jpg,P043,0,-2.0746963024139404,0.1115806475281715,0.09543938905792985
P043 (22).jpg,P043,0,-2.006320714950561,0.11854088306427,0.10203279893383355
P043 (23).jpg,P043,0,-2.22139048576355,0.0978459864854812,0.08256669286530008
P043 (24).jpg,P043,0,-2.007192611694336,0.1184498071670532,0.10194623663598447
P043 (25).jpg,P043,0,-1.8435875177383425,0.1366275548934936,0.1193670778120212
P043 (26).jpg,P043,0,-1.7767714262008667,0.1447022408246994,0.12719295780744344
P043 (27).jpg,P043,0,-1.899585962295532,0.1301553398370742,0.113132146840715
P043 (28).jpg,P043,0,-3.3342926502227783,0.0344133004546165,0.02622792528774912
P043 (29).jpg,P043,0,-3.325812101364136,0.0346962213516235,0.026463736562181685
P043 (3).jpg,P043,0,-2.4863619804382324,0.0768197998404502,0.06325712981626402
P043 (30).jpg,P043,0,-2.224873304367065,0.097538985311985,0.08228116227598761
P043 (31).jpg,P043,0,-0.8645946383476257,0.2963802814483642,0.2814631960488827
P043 (32).jpg,P043,0,-1.1515719890594482,0.2402020841836929,0.22299509268129025
P043 (33).jpg,P043,0,-1.3533620834350586,0.2053212672472,0.18739352828700012
P043 (34).jpg,P043,0,-0.9530973434448242,0.2782623469829559,0.2624735543006488
P043 (35).jpg,P043,0,-1.4177131652832031,0.1950203329324722,0.17700206582414024
P043 (36).jpg,P043,0,-1.349044919013977,0.2060265690088272,0.18810719471549506
P043 (37).jpg,P043,0,-0.6213586926460266,0.3494724929332733,0.33770262247819954
P043 (38).jpg,P043,0,-1.1588939428329468,0.238868311047554,0.22162289464235502
P043 (39).jpg,P043,0,-0.8737940192222595,0.2944654822349548,0.2794508297827933
P043 (4).jpg,P043,0,-2.1646902561187744,0.1029664278030395,0.08734351054565291
P043 (40).jpg,P043,0,-1.4340392351150513,0.1924701035022735,0.1744387695325567
P043 (41).jpg,P043,0,-1.4756654500961304,0.1860830038785934,0.1680358216305645
P043 (42).jpg,P043,0,-2.177088975906372,0.1018268540501594,0.08627806042866468
P043 (43).jpg,P043,0,-1.3077818155288696,0.2128582596778869,0.19503380429049827
P043 (44).jpg,P043,0,-0.6739501357078552,0.3376129269599914,0.32507234030836335
P043 (45).jpg,P043,0,-1.3992407321929932,0.1979366242885589,0.17993789911670205
P043 (46).jpg,P043,0,-1.35619056224823,0.2048601359128952,0.18692708569846198
P043 (47).jpg,P043,0,-2.43363356590271,0.0806436538696289,0.06672976428023325
P043 (48).jpg,P043,0,-2.1117842197418213,0.1079567223787307,0.09202462873931025
P043 (49).jpg,P043,0,-2.562156915664673,0.0716140046715736,0.05855980855218585
P043 (5).jpg,P043,0,-1.7092877626419067,0.1532561182975769,0.1355377610597625
P043 (50).jpg,P043,0,-2.3757097721099854,0.0850437954068183,0.07074806714204006
P043 (51).jpg,P043,0,-0.6899365782737732,0.3340471982955932,0.3212818924184851
P043 (52).jpg,P043,0,-0.3331432640552521,0.4174760282039642,0.4106872058339543
P043 (53).jpg,P043,0,-1.21349835395813,0.2290826439857483,0.21158051188911747
P043 (54).jpg,P043,0,0.0381990894675254,0.5095486044883728,0.5103504152247095
P043 (55).jpg,P043,0,-1.3462679386138916,0.2064811885356903,0.18856735732027988
P043 (56).jpg,P043,0,-0.8026778101921082,0.309453010559082,0.2952339579451005
P043 (57).jpg,P043,0,-0.9229918122291564,0.2843486964702606,0.268839705453894
P043 (58).jpg,P043,0,-0.4255114495754242,0.39519864320755,0.3866889101299418
P043 (59).jpg,P043,0,-0.8789891004562378,0.2933873236179352,0.2783183043608188
P043 (6).jpg,P043,0,-1.9158347845077517,0.1283267587423324,0.11137692033627
P043 (60).jpg,P043,0,-1.2868318557739258,0.2163895368576049,0.19862382518738697
P043 (61).jpg,P043,0,-1.2875759601593018,0.216263398528099,0.19849546721507136
P043 (62).jpg,P043,0,-0.4693240821361542,0.38477623462677,0.37548791427754796
P043 (63).jpg,P043,0,-1.710997223854065,0.1530344039201736,0.13532079137752606
P043 (64).jpg,P043,0,-1.9160181283950808,0.1283062398433685,0.11135725177987692
P043 (65).jpg,P043,0,-1.9358618259429927,0.1261031776666641,0.109246374717982
P043 (66).jpg,P043,0,-1.128278732299805,0.2444788962602615,0.22740065253593486
P043 (67).jpg,P043,0,-1.0986168384552002,0.2499991655349731,0.2330991103077292
P043 (68).jpg,P043,0,-1.7124106884002686,0.1528512984514236,0.13514161176932782
P043 (69).jpg,P043,0,-0.6458050608634949,0.3439354598522186,0.3318014339535973
P043 (7).jpg,P043,0,-1.8919990062713623,0.1310167163610458,0.11395993811273158
P043 (70).jpg,P043,0,-1.2515709400177002,0.2224283069372177,0.20477795301000795
P043 (71).jpg,P043,0,-1.3234319686889648,0.2102478891611099,0.19238419725029013
P043 (8).jpg,P043,0,-2.0349929332733154,0.1155775561928749,0.09922015348774854
P043 (9).jpg,P043,0,-1.9958981275558472,0.1196342632174491,0.10307261153193663
P070 (1).jpg,P070,0,-2.003790140151977,0.1188055649399757,0.10228440455953888
P070 (10).jpg,P070,0,-2.314300775527954,0.0899454727768898,0.07525137967195202
P070 (11).jpg,P070,0,-2.434480905532837,0.080580860376358,0.06667258502488389
P070 (12).jpg,P070,0,-2.0149428844451904,0.1176429167389869,0.10117964362777494
P070 (13).jpg,P070,0,-1.98393189907074,0.1209003254771232,0.10427798145695258
P070 (14).jpg,P070,0,-2.174015760421753,0.1021082699298858,0.08654104654181878
P070 (15).jpg,P070,0,-3.120924234390259,0.0422523543238639,0.03282901625933585
P070 (16).jpg,P070,0,-2.7736401557922363,0.0587653443217277,0.04712820364764935
P070 (17).jpg,P070,0,-2.6347830295562744,0.0669331178069114,0.05436744799810665
P070 (18).jpg,P070,0,-2.375239372253418,0.0850804150104522,0.07078159741525492
P070 (19).jpg,P070,0,-2.2398531436920166,0.0962283164262771,0.08106329855702792
P070 (2).jpg,P070,0,-1.9743469953536987,0.1219227313995361,0.10525244545456611
P070 (20).jpg,P070,0,-2.840155839920044,0.0551924109458923,0.043993983004256144
P070 (21).jpg,P070,0,-2.556957483291626,0.0719604641199112,0.0588713069706351
P070 (22).jpg,P070,0,-2.45045018196106,0.0794056355953216,0.06560343897000265
P070 (23).jpg,P070,0,-2.2846474647521973,0.0924024581909179,0.07751900116118145
P070 (24).jpg,P070,0,-1.8477420806884768,0.1361382156610489,0.1188944850507523
P070 (25).jpg,P070,0,-2.5657427310943604,0.0713759660720825,0.05834588332065467
P070 (26).jpg,P070,0,-2.2468130588531494,0.0956247150897979,0.08050306636057208
P070 (27).jpg,P070,0,-1.6572707891464231,0.1601286977529525,0.14228115839411723
P070 (28).jpg,P070,0,-1.891469359397888,0.1310770213603973,0.11401792302860198
P070 (29).jpg,P070,0,-1.9179929494857788,0.1280855536460876,0.1111455917131899
P070 (3).jpg,P070,0,-1.9928771257400515,0.1199527978897094,0.10337575124991072
P070 (30).jpg,P070,0,-2.301683187484741,0.0909836590290069,0.07620871671207588
P070 (31).jpg,P070,0,-1.9058412313461304,0.1294487863779068,0.11245360237025039
P070 (32).jpg,P070,0,-2.188990831375122,0.1007434874773025,0.08526639255382776
P070 (33).jpg,P070,0,-1.6667425632476809,0.1588589698076248,0.1410327562425106
P070 (34).jpg,P070,0,-2.4187400341033936,0.0817547887563705,0.06774225380208708
P070 (35).jpg,P070,0,-2.772718667984009,0.0588163360953331,0.047173081102799816
P070 (36).jpg,P070,0,-2.962085962295532,0.0491683930158615,0.03875823034356402
P070 (37).jpg,P070,0,-2.027651309967041,0.1163301467895507,0.09993370044096636
P070 (38).jpg,P070,0,-3.29438591003418,0.0357642881572246,0.027355689742562868
P070 (39).jpg,P070,0,-3.2500154972076416,0.0373263284564018,0.028664941149211934
P070 (4).jpg,P070,0,-2.040485620498657,0.1150172799825668,0.09868927657331948
P070 (40).jpg,P070,0,-3.294356107711792,0.0357653126120567,0.027356549320499284
P070 (41).jpg,P070,0,-1.9289506673812864,0.1268667727708816,0.10997753647247618
P070 (42).jpg,P070,0,-3.1016299724578857,0.043040070682764,0.033499617556006216
P070 (43).jpg,P070,0,-1.9642351865768437,0.1230094358325004,0.10628917915069143
P070 (44).jpg,P070,0,-2.620745658874512,0.0678151398897171,0.05515507472492021
P070 (45).jpg,P070,0,-2.3366634845733643,0.0881316810846328,0.07358175236317671
P070 (46).jpg,P070,0,-2.3288729190826416,0.0887597799301147,0.07415949865519823
P070 (47).jpg,P070,0,-2.8468308448791504,0.0548453629016876,0.04369066386582382
P070 (48).jpg,P070,0,-1.6460269689559937,0.1616466492414474,0.1437750713061446
P070 (49).jpg,P070,0,-2.22724986076355,0.0973299890756607,0.0820868422101865
P070 (5).jpg,P070,0,-2.0482208728790283,0.1142322793602943,0.09794594202533549
P070 (50).jpg,P070,0,-2.6456058025360107,0.0662603601813316,0.05376743985727532
P070 (51).jpg,P070,0,-2.959861993789673,0.0492724701762199,0.03884814592911224
P070 (52).jpg,P070,0,-2.227729797363281,0.0972878411412239,0.08204765075481818
P070 (53).jpg,P070,0,-2.156100988388061,0.1037624776363372,0.08808856773157024
P070 (54).jpg,P070,0,-2.323198080062866,0.0892198383808136,0.07458296712905348
P070 (55).jpg,P070,0,-1.998927474021912,0.1193155720829963,0.10276942478077988
P070 (56).jpg,P070,0,-3.30794358253479,0.0352996811270713,0.026967360911965475
P070 (57).jpg,P070,0,-3.43320631980896,0.0312736481428146,0.023624236100291757
P070 (58).jpg,P070,0,-3.5635316371917725,0.0275576226413249,0.02057586057157644
P070 (59).jpg,P070,0,-2.9464120864868164,0.0499063618481159,0.0393962088911824
P070 (6).jpg,P070,0,-1.9363518953323364,0.1260491907596588,0.10919469039202538
P070 (60).jpg,P070,0,-2.5598747730255127,0.0717658847570419,0.05869634112555106
P070 (61).jpg,P070,0,-3.2798421382904053,0.0362692326307296,0.027778304568936783
P070 (62).jpg,P070,0,-1.6787985563278198,0.157254621386528,0.13945700509407277
P070 (63).jpg,P070,0,-2.038511037826538,0.1152184307575225,0.09887983127523535
P070 (64).jpg,P070,0,-2.7336699962615967,0.0610155574977397,0.04911253906751894
P070 (65).jpg,P070,0,-3.270101308822632,0.0366112552583217,0.028064894296187918
P070 (66).jpg,P070,0,-1.7025209665298462,0.1541363000869751,0.13639950227848205
P070 (67).jpg,P070,0,-2.6926162242889404,0.0634104683995246,0.051233004280005025
P070 (68).jpg,P070,0,-3.824551582336426,0.0213619265705347,0.015584208755594221
P070 (69).jpg,P070,0,-3.67245364189148,0.0247841700911521,0.01832638622725203
P070 (7).jpg,P070,0,-1.852245211601257,0.1356094926595688,0.11838407059320602
P070 (70).jpg,P070,0,-2.8289713859558105,0.0557785481214523,0.04450672374998422
P070 (71).jpg,P070,0,-3.6614859104156494,0.0250506475567817,0.018541504149087285
P070 (72).jpg,P070,0,-2.568873167037964,0.0711687505245208,0.058159725003227476
P070 (73).jpg,P070,0,-2.3634355068206787,0.0860037580132484,0.07162780120520515
P070 (74).jpg,P070,0,-2.46291446685791,0.0784992575645446,0.06478005213976365
P070 (8).jpg,P070,0,-2.2783195972442627,0.0929345116019249,0.07801093699535389
P070 (9).jpg,P070,0,-1.856128811836243,0.135154902935028,0.11794540231503911
P072 (1).jpg,P072,0,-0.9376142621040344,0.2813825011253357,0.26573546376172724
P072 (10).jpg,P072,0,-2.468674898147583,0.0780835747718811,0.06440277820947411
P072 (11).jpg,P072,0,-2.413799524307251,0.0821264535188674,0.06808125380446117
P072 (12).jpg,P072,0,-2.4767637252807617,0.0775032639503479,0.06387646106820243
P072 (13).jpg,P072,0,-1.9557316303253172,0.1239297315478324,0.10716797775378178
P072 (14).jpg,P072,0,-2.76996111869812,0.0589691698551178,0.04730761950600466
P072 (15).jpg,P072,0,-1.716794729232788,0.152284488081932,0.1345871363519788
P072 (16).jpg,P072,0,-1.6065831184387207,0.1670635491609573,0.14911918940097552
P072 (17).jpg,P072,0,0.7465630173683167,0.678429365158081,0.6919538567658551
P072 (18).jpg,P072,0,-1.706873893737793,0.1535696238279342,0.13584463565231122
P072 (19).jpg,P072,0,-2.354518175125122,0.0867073163390159,0.07227325346611477
P072 (2).jpg,P072,0,-0.3606980144977569,0.4107906222343445,0.40347793901348555
P072 (20).jpg,P072,0,-0.986733853816986,0.2715576887130737,0.2554766148860606
P072 (21).jpg,P072,0,-0.1127113476395607,0.4718519747257232,0.46949333911981456
P072 (22).jpg,P072,0,0.3253038823604584,0.580616295337677,0.5872545695026699
P072 (23).jpg,P072,0,0.4788410365581512,0.6174741387367249,0.6269281042297115
P072 (24).jpg,P072,0,-3.0517709255218506,0.045141078531742,0.0352943282276513
P072 (25).jpg,P072,0,-2.053572177886963,0.1136919185519218,0.09743462222849716
P072 (26).jpg,P072,0,-2.8559510707855225,0.0543745085597038,0.04327945626676367
P072 (27).jpg,P072,0,-3.337435483932495,0.0343090258538723,0.026141055526506637
P072 (28).jpg,P072,0,-2.502713680267334,0.0756681635975837,0.06221491022721456
P072 (29).jpg,P072,0,0.2490420043468475,0.5619406700134277,0.5670830824436343
P072 (3).jpg,P072,0,-0.6937703490257263,0.3331948816776275,0.3203763567463205
P072 (30).jpg,P072,0,-1.3370620012283323,0.2079936414957046,0.19009901605153462
P072 (31).jpg,P072,0,-2.1535255908966064,0.1040022224187851,0.08831308135258208
P072 (32).jpg,P072,0,-2.347546339035034,0.0872609987854957,0.07278161854971067
P072 (33).jpg,P072,0,-3.801123857498169,0.0218572318553924,0.015978641018879122
P072 (34).jpg,P072,0,-2.8061299324035645,0.0569938234984874,0.04557161967700153
P072 (35).jpg,P072,0,-2.616446256637573,0.0680874362587928,0.05539845278270676
P072 (36).jpg,P072,0,-3.1762807369232178,0.0400681383907794,0.03097624104355137
P072 (37).jpg,P072,0,-2.9442451000213623,0.0500092096626758,0.03948520103506904
P072 (38).jpg,P072,0,-2.765493154525757,0.059217594563961,0.04752638189325727
P072 (39).jpg,P072,0,-2.878268003463745,0.0532383695244789,0.04228877222228352
P072 (4).jpg,P072,0,0.1705838143825531,0.5425428152084351,0.5460966780105913
P072 (40).jpg,P072,0,-2.218162775039673,0.098131276667118,0.08283211376365507
P072 (41).jpg,P072,0,-2.1133878231048584,0.1078023985028266,0.09187948647078563
P072 (42).jpg,P072,0,-2.093528509140014,0.1097274124622345,0.09369153003763032
P072 (43).jpg,P072,0,-2.0331361293792725,0.1157675087451934,0.09940019046915964
P072 (44).jpg,P072,0,-2.446151733398437,0.0797204226255416,0.0658896428491919
P072 (45).jpg,P072,0,-2.035698175430298,0.1155054941773414,0.09915184879263082
P072 (46).jpg,P072,0,-1.947097420692444,0.1248701959848404,0.1080668142675175
P072 (47).jpg,P072,0,-1.1226252317428589,0.2455246448516845,0.228479139883463
P072 (48).jpg,P072,0,-1.0457817316055298,0.2600359320640564,0.24349349264745573
P072 (49).jpg,P072,0,-1.3142808675765991,0.2117713689804077,0.19393015651789192
P072 (5).jpg,P072,0,-0.6148948669433594,0.3509434461593628,0.3392715261422897
P072 (50).jpg,P072,0,-1.1918432712554932,0.2329294383525848,0.21552281405021603
P072 (6).jpg,P072,0,-1.6719759702682495,0.1581609100103378,0.1403469155615049
P072 (7).jpg,P072,0,-2.2989542484283447,0.0912096053361892,0.07641723474457975
P072 (8).jpg,P072,0,-2.1670236587524414,0.102751113474369,0.08714209120307541
P072 (9).jpg,P072,0,-2.4731924533843994,0.0777589902281761,0.0641083377306698
P078 (1).jpg,P078,0,-2.8652231693267822,0.0538997277617454,0.04286519049779402
P078 (10).jpg,P078,0,-1.483948826789856,0.1848317086696624,0.1667842802715168
P078 (11).jpg,P078,0,-1.4033828973770142,0.1972798556089401,0.17927629348485566
P078 (12).jpg,P078,0,-2.218256711959839,0.0981229692697525,0.08282437819486335
P078 (13).jpg,P078,0,-2.543245792388916,0.0728815495967865,0.05970023983537276
P078 (14).jpg,P078,0,-3.2704036235809326,0.0366005934774875,0.028055956721929752
P078 (15).jpg,P078,0,-2.6490137577056885,0.0660498291254043,0.0535798012967717
P078 (16).jpg,P078,0,-2.0609045028686523,0.1129551753401756,0.09673788210358697
P078 (17).jpg,P078,0,-1.3828843832015991,0.2005461454391479,0.1825690311935711
P078 (18).jpg,P078,0,-2.8216006755828857,0.0561680160462856,0.044847736408394706
P078 (19).jpg,P078,0,-2.9427950382232666,0.0500781461596488,0.03954485868199047
P078 (2).jpg,P078,0,-2.8229610919952397,0.0560959428548812,0.0447846086573079
P078 (20).jpg,P078,0,-2.532287359237671,0.0736254826188087,0.06037057185733069
P078 (21).jpg,P078,0,-2.8464391231536865,0.0548656769096851,0.04370840885130864
P078 (22).jpg,P078,0,-2.881962537765503,0.0530524589121341,0.04212687096659271
P078 (23).jpg,P078,0,-2.640986680984497,0.0665467232465744,0.054022753469692104
P078 (24).jpg,P078,0,-2.473428964614868,0.0777420252561569,0.06409295724219718
P078 (3).jpg,P078,0,-3.038621425628662,0.0457112677395343,0.03578288459773983
P078 (4).jpg,P078,0,-3.0785415172576904,0.0440011247992515,0.034319480080827254
P078 (5).jpg,P078,0,-2.549518346786499,0.0724588483572006,0.059319688079716625
P078 (6).jpg,P078,0,-1.999433636665344,0.1192623972892761,0.10271884345316735
P078 (7).jpg,P078,0,-1.8099204301834104,0.1406477391719818,0.12325697480222121
P078 (8).jpg,P078,0,-2.0320591926574707,0.1158777847886085,0.09950474410795056
P078 (9).jpg,P078,0,-2.354017972946167,0.0867469310760498,0.0723096173937426
P080 (1).jpg,P080,0,0.2418259680271148,0.5601635575294495,0.5651617501073705
P080 (10).jpg,P080,0,-2.673499822616577,0.0645552948117256,0.05224968413193653
P080 (11).jpg,P080,0,-1.315141201019287,0.2116278111934662,0.19378441353702477
P080 (12).jpg,P080,0,-2.4819130897521973,0.0771359130740165,0.06354349700473501
P080 (13).jpg,P080,0,-2.549002885818481,0.0724934935569763,0.059350874852593875
P080 (14).jpg,P080,0,-4.007856845855713,0.0178479626774787,0.012811826451354815
P080 (15).jpg,P080,0,-3.942428827285767,0.01903179846704,0.013740546179254999
P080 (16).jpg,P080,0,-3.5515716075897217,0.0278799477964639,0.020838759941052155
P080 (17).jpg,P080,0,-2.7725579738616943,0.0588252320885658,0.04718091123887876
P080 (18).jpg,P080,0,-2.957962274551392,0.0493615381419658,0.038925110524734415
P080 (19).jpg,P080,0,-2.5177907943725586,0.0746203437447547,0.06126815668601363
P080 (2).jpg,P080,0,-1.0169408321380615,0.2656237185001373,0.24929841918545712
P080 (20).jpg,P080,0,-3.162094116210937,0.0406173728406429,0.031441188722568056
P080 (21).jpg,P080,0,-0.7804043889045715,0.314232736825943,0.3002823869372129
P080 (22).jpg,P080,0,-0.5316587090492249,0.3701300919055938,0.3597810105884069
P080 (23).jpg,P080,0,-0.7921636700630188,0.3117042779922485,0.29761091785234717
P080 (24).jpg,P080,0,-0.9391509294509888,0.2810718715190887,0.2654105716300308
P080 (25).jpg,P080,0,-2.014456033706665,0.1176934614777565,0.10122764792162699
P080 (26).jpg,P080,0,-1.2162665128707886,0.2285941541194915,0.21108039121431962
P080 (27).jpg,P080,0,-0.992038905620575,0.2705095410346985,0.254384333661536
P080 (28).jpg,P080,0,-2.7023866176605225,0.0628326684236526,0.05072063282383175
P080 (29).jpg,P080,0,-2.372531652450561,0.0852914154529571,0.07097489029162649
P080 (3).jpg,P080,0,-0.9890885949134828,0.2710921168327331,0.25499140656221725
P080 (30).jpg,P080,0,-2.2915942668914795,0.091821514070034,0.07698222180189784
P080 (31).jpg,P080,0,-2.290085554122925,0.0919474139809608,0.07709850964967989
P080 (32).jpg,P080,0,-3.055574655532837,0.0449774116277694,0.03515420689068471
P080 (33).jpg,P080,0,-3.140988111495972,0.0414478443562984,0.032145426681239785
P080 (34).jpg,P080,0,-2.866785764694214,0.0538200996816158,0.042795749660766075
P080 (35).jpg,P080,0,-1.3784233331680298,0.2012623399496078,0.18329181498694666
P080 (36).jpg,P080,0,-2.8603203296661377,0.05415029078722,0.043083769148976644
P080 (37).jpg,P080,0,-2.3480541706085205,0.0872205644845962,0.07274447801900068
P080 (38).jpg,P080,0,-2.3155620098114014,0.0898423045873642,0.0751562954329088
P080 (39).jpg,P080,0,-2.4539663791656494,0.0791489779949188,0.06537017972699981
P080 (4).jpg,P080,0,0.2705136835575104,0.5672190189361572,0.5727879677609952
P080 (40).jpg,P080,0,-2.396923065185547,0.0834076255559921,0.06925114838332963
P080 (41).jpg,P080,0,-1.3907662630081177,0.1992854624986648,0.18129741539562985
P080 (42).jpg,P080,0,-2.434173345565796,0.0806036442518234,0.06669333419179935
P080 (43).jpg,P080,0,-3.2509520053863525,0.0372926965355873,0.028636689051340702
P080 (44).jpg,P080,0,-2.7320985794067383,0.0611056499183177,0.049192150107108715
P080 (45).jpg,P080,0,-2.066104888916016,0.1124351546168327,0.09624642517403569
P080 (46).jpg,P080,0,-2.848926305770874,0.0547368451952934,0.04359585623301571
P080 (47).jpg,P080,0,-3.1502485275268555,0.0410814881324768,0.031834578658840304
P080 (48).jpg,P080,0,-2.418752431869507,0.0817538574337959,0.06774140508419425
P080 (49).jpg,P080,0,-1.368950366973877,0.2027894854545593,0.184833989905941
P080 (5).jpg,P080,0,-0.897671639919281,0.2895292043685913,0.27426891055291386
P080 (50).jpg,P080,0,-2.369401693344116,0.085535928606987,0.07119893250608807
P080 (51).jpg,P080,0,-1.983230829238892,0.1209748461842536,0.10434898574045805
P080 (52).jpg,P080,0,-3.0416176319122314,0.0455807484686374,0.03567099389197108
P080 (53).jpg,P080,0,-1.4344295263290403,0.1924094557762146,0.17437785119285792
P080 (54).jpg,P080,0,-2.4473376274108887,0.0796334594488143,0.0658105666718078
P080 (55).jpg,P080,0,-1.7865339517593384,0.1434981971979141,0.12602276821471603
P080 (56).jpg,P080,0,-2.296922206878662,0.0913781821727752,0.07657284268224414
P080 (57).jpg,P080,0,-2.0158090591430664,0.1175530329346656,0.1010942873026101
P080 (58).jpg,P080,0,-1.9481103420257568,0.1247595399618148,0.10796102532141777
P080 (59).jpg,P080,0,-2.3151023387908936,0.0898798927664756,0.07519093716282595
P080 (6).jpg,P080,0,-1.4215819835662842,0.1944137066602707,0.1763919761324992
P080 (60).jpg,P080,0,-2.46026873588562,0.0786908566951751,0.06495402025536104
P080 (61).jpg,P080,0,-2.42142105102539,0.0815537571907043,0.0675589478949575
P080 (62).jpg,P080,0,-2.311373472213745,0.0901853814721107,0.07547249459618287
P080 (63).jpg,P080,0,-3.000380039215088,0.0474087074398994,0.037240980080432605
P080 (64).jpg,P080,0,-2.8479714393615723,0.0547862760722637,0.043639034106660556
P080 (65).jpg,P080,0,-3.389894485473633,0.0326127856969833,0.02473175241908578
P080 (66).jpg,P080,0,-2.6243042945861816,0.067590519785881,0.0549543914436172
P080 (67).jpg,P080,0,-3.4058268070220947,0.0321138575673103,0.02431858703119206
P080 (68).jpg,P080,0,-2.3686811923980717,0.0855922996997833,0.0712505982862227
P080 (69).jpg,P080,0,-2.2918813228607178,0.0917975828051567,0.07696011445002554
P080 (7).jpg,P080,0,-1.3092470169067385,0.2126128524541854,0.1947845737530026
P080 (70).jpg,P080,0,-2.5136096477508545,0.0749095827341079,0.061529350124390224
P080 (71).jpg,P080,0,-2.9192183017730717,0.0512116663157939,0.04052704688244336
P080 (72).jpg,P080,0,-2.673669576644897,0.0645450502634048,0.05224057265638922
P080 (73).jpg,P080,0,-2.1899163722991943,0.1006596684455871,0.08518817319626808
P080 (74).jpg,P080,0,-3.048686981201172,0.0452741906046867,0.035408329021694634
P080 (75).jpg,P080,0,-2.9038002490997314,0.0519660227000713,0.04118194198206487
P080 (76).jpg,P080,0,-2.439627170562744,0.0802004039287567,0.06632628655155319
P080 (77).jpg,P080,0,-2.3884434700012207,0.0840581879019737,0.06984596252265464
P080 (78).jpg,P080,0,-2.6566641330718994,0.0655794516205787,0.05316082706684674
P080 (79).jpg,P080,0,-3.13090443611145,0.0418503247201442,0.03248724652395665
P080 (8).jpg,P080,0,-1.5179225206375122,0.1797676533460617,0.16172909967839028
P080 (80).jpg,P080,0,-2.5266268253326416,0.0740124955773353,0.0607195818383369
P080 (81).jpg,P080,0,-3.415122985839844,0.0318261608481407,0.024080630741336085
P080 (82).jpg,P080,0,-4.2463059425354,0.0141149405390024,0.00992258828391912
P080 (83).jpg,P080,0,-3.1828341484069824,0.0398168414831161,0.030763715592333648
P080 (84).jpg,P080,0,-3.136739492416382,0.0416169688105583,0.03228902187627885
P080 (85).jpg,P080,0,-2.3803646564483643,0.0846822932362556,0.0704170555636033
P080 (86).jpg,P080,0,-3.2185962200164795,0.0384718813002109,0.029628611912157144
P080 (87).jpg,P080,0,-3.29415225982666,0.0357723459601402,0.027362429537464726
P080 (88).jpg,P080,0,-3.830810785293579,0.0212314669042825,0.015480460110562652
P080 (9).jpg,P080,0,-1.9193614721298216,0.1279327869415283,0.1109991208878893
P143 (1).jpg,P143,0,-2.542109727859497,0.0729583576321601,0.05976940822982139
P143 (10).jpg,P143,0,-3.348018884658813,0.0339601002633571,0.025850578405688187
P143 (11).jpg,P143,0,-3.529076337814331,0.0284961462020874,0.021342175445860374
P143 (12).jpg,P143,0,-3.415442705154419,0.0318163111805915,0.02407248734003048
P143 (13).jpg,P143,0,-3.145639181137085,0.0412634499371051,0.031988937319432316
P143 (14).jpg,P143,0,-2.085986614227295,0.110466331243515,0.09438803822512631
P143 (15).jpg,P143,0,-2.335609436035156,0.0882164239883422,0.07365967726029025
P143 (16).jpg,P143,0,-1.5973566770553589,0.1683513820171356,0.15039265262638452
P143 (17).jpg,P143,0,-2.925222635269165,0.0509207099676132,0.040274715695741904
P143 (18).jpg,P143,0,-3.439862012863159,0.0310726389288902,0.02345839090464262
P143 (19).jpg,P143,0,-3.0757436752319336,0.0441189706325531,0.03442013560845113
P143 (2).jpg,P143,0,-2.665580987930298,0.065035156905651,0.052676396688083285
P143 (20).jpg,P143,0,-3.366085290908813,0.0333723612129688,0.02536196368291709
P143 (21).jpg,P143,0,-3.5145514011383057,0.0289010219275951,0.021673525461826316
P143 (22).jpg,P143,0,-2.4518911838531494,0.0793003588914871,0.06550775162333923
P143 (23).jpg,P143,0,-2.889091730117798,0.0526954382658004,0.04181613025415653
P143 (24).jpg,P143,0,-3.0046517848968506,0.0472161620855331,0.037075311370538565
P143 (25).jpg,P143,0,-2.138557195663452,0.1054053604602813,0.08962822739326672
P143 (26).jpg,P143,0,-2.0759220123291016,0.111459195613861,0.09532474636549386
P143 (27).jpg,P143,0,-1.9645323753356931,0.1229773685336113,0.10625858135335925
P143 (28).jpg,P143,0,-1.8959206342697144,0.1305708736181259,0.11353140342281294
P143 (29).jpg,P143,0,-1.9356011152267456,0.1261319071054458,0.10927387887091629
P143 (3).jpg,P143,0,-2.9144461154937744,0.0514440424740314,0.040728676533933465
P143 (30).jpg,P143,0,-2.946136713027954,0.0499194152653217,0.03940750704075587
P143 (31).jpg,P143,0,-2.313822031021118,0.0899846702814102,0.07528750106517652
P143 (32).jpg,P143,0,-2.6324737071990967,0.067077487707138,0.054496289933836296
P143 (33).jpg,P143,0,-1.599932312965393,0.1679910719394683,0.15003625716665944
P143 (34).jpg,P143,0,-2.151813745498657,0.1041618511080741,0.08846259948962383
P143 (35).jpg,P143,0,-2.7411210536956787,0.06059006229043,0.04873671452522406
P143 (36).jpg,P143,0,-2.670195817947388,0.0647551044821739,0.052427324473552854
P143 (37).jpg,P143,0,-3.2995970249176025,0.0355850160121917,0.027205790290147365
P143 (38).jpg,P143,0,-3.423766851425171,0.0315608903765678,0.023861410280519548
P143 (39).jpg,P143,0,-2.281658411026001,0.0926534384489059,0.07775101860915277
P143 (4).jpg,P143,0,-3.653078317642212,0.0252568088471889,0.018708083891682336
P143 (40).jpg,P143,0,-2.5267558097839355,0.0740036591887474,0.06071160810832266
P143 (41).jpg,P143,0,-2.402352333068848,0.0829934924840927,0.06887276964114657
P143 (42).jpg,P143,0,-1.8848720788955688,0.1318302601575851,0.1147423396446266
P143 (43).jpg,P143,0,-0.3026231825351715,0.4249163269996643,0.4187171948765099
P143 (44).jpg,P143,0,-0.2793662846088409,0.4306091368198395,0.42486548942734503
P143 (45).jpg,P143,0,-0.0843730345368385,0.4789192676544189,0.477150963617293
P143 (46).jpg,P143,0,-2.9343574047088623,0.050481054931879,0.03989371325143779
P143 (47).jpg,P143,0,-2.743516206741333,0.0604538843035697,0.04861648579088366
P143 (48).jpg,P143,0,-1.933437943458557,0.1263705343008041,0.10950232102027149
P143 (49).jpg,P143,0,-1.6289054155349731,0.1639803498983383,0.14607497530994115
P143 (5).jpg,P143,0,-1.8064815998077397,0.1410638839006424,0.1236603704560532
P143 (50).jpg,P143,0,-1.5000027418136597,0.1824251115322113,0.16437992661797743
P143 (51).jpg,P143,0,-1.1074858903884888,0.248339906334877,0.23138488637899682
P143 (52).jpg,P143,0,-0.5489416122436523,0.3661099970340729,0.35547714948725756
P143 (53).jpg,P143,0,-0.5174347758293152,0.3734522759914398,0.36334014694489974
P143 (54).jpg,P143,0,-1.1663142442703247,0.2375218272209167,0.22023843810130167
P143 (55).jpg,P143,0,-0.730148196220398,0.3251622319221496,0.31185180562130416
P143 (56).jpg,P143,0,-1.0144835710525513,0.2661033272743225,0.24979725176711817
P143 (57).jpg,P143,0,-1.023386001586914,0.2643683850765228,0.24799319168490608
P143 (6).jpg,P143,0,-1.9909907579422,0.1201520711183548,0.10356543693001435
P143 (7).jpg,P143,0,-1.356831669807434,0.2047557234764099,0.1868214854527581
P143 (8).jpg,P143,0,-1.839697241783142,0.1370870918035507,0.11981107856654503
P143 (9).jpg,P143,0,-1.88298773765564,0.1320460736751556,0.11494998465102838
P168 (1).jpg,P168,0,1.822985053062439,0.8609239459037781,0.8782652868120335
P168 (10).jpg,P168,0,1.2881540060043335,0.7838345766067505,0.801604202589301
P168 (11).jpg,P168,0,0.9169953465461732,0.714429497718811,0.7298806784906398
P168 (12).jpg,P168,0,2.391944408416748,0.9162110090255736,0.9304001867485445
P168 (13).jpg,P168,0,1.589929461479187,0.8306061625480652,0.8485757279948988
P168 (14).jpg,P168,0,-0.892765462398529,0.2905394434928894,0.27532875718866023
P168 (15).jpg,P168,0,-0.4469421803951263,0.3900880515575409,0.3811941954889749
P168 (16).jpg,P168,0,1.929126858711243,0.8731527328491211,0.8900411567398018
P168 (17).jpg,P168,0,2.0747499465942383,0.8884246945381165,0.9045656309513441
P168 (18).jpg,P168,0,1.5047038793563845,0.818274974822998,0.836318859577519
P168 (19).jpg,P168,0,1.1569894552230835,0.7607852220535278,0.7780207698236836
P168 (2).jpg,P168,0,1.4330739974975586,0.8073798418045044,0.825410499923649
P168 (20).jpg,P168,0,1.917081475257873,0.871812641620636,0.8887567608339747
P168 (21).jpg,P168,0,0.8733102679252625,0.7054340243339539,0.7204435691789403
P168 (22).jpg,P168,0,0.1168235763907432,0.5291727185249329,0.5316167671808656
P168 (23).jpg,P168,0,-0.0033253505825996,0.4991686344146728,0.4990988361190286
P168 (24).jpg,P168,0,-0.1827621459960937,0.4544362723827362,0.4506331018721614
P168 (25).jpg,P168,0,0.8214637041091919,0.6945469975471497,0.7089854142566009
P168 (26).jpg,P168,0,0.8622901439666748,0.7031388878822327,0.7180313169246323
P168 (27).jpg,P168,0,0.8042542338371277,0.6908837556838989,0.7051214760601415
P168 (28).jpg,P168,0,1.0873740911483765,0.7478869557380676,0.764715199199204
P168 (29).jpg,P168,0,0.3258789479732513,0.5807563066482544,0.5874056572485324
P168 (3).jpg,P168,0,0.9384778141975404,0.7187920212745667,0.7344471452276154
P168 (30).jpg,P168,0,0.8832715153694153,0.7074996829032898,0.7226131370309591
P168 (31).jpg,P168,0,-0.6808573603630066,0.3360700011253357,0.323431761286435
P168 (32).jpg,P168,0,-0.2603782117366791,0.4352707266807556,0.42990264506032577
P168 (33).jpg,P168,0,-0.1560085713863372,0.4610767960548401,0.45782239065081093
P168 (34).jpg,P168,0,-0.6486032605171204,0.3433043658733368,0.3311292820247414
P168 (35).jpg,P168,0,-1.1092736721038818,0.2480063438415527,0.23104041031892725
P168 (36).jpg,P168,0,-0.2233480513095855,0.4443939626216888,0.43976695656828374
P168 (37).jpg,P168,0,-0.4676382839679718,0.3851753771305084,0.37591652979923257
P168 (38).jpg,P168,0,-0.9847517609596252,0.2719499468803406,0.25588550664140425
P168 (39).jpg,P168,0,-1.5963610410690308,0.1684908270835876,0.15053060720537675
P168 (4).jpg,P168,0,2.4042112827301025,0.9171478748321532,0.931256344474269
P168 (40).jpg,P168,0,-1.7577487230300903,0.1470725089311599,0.12949979186368404
P168 (41).jpg,P168,0,-1.4689836502075195,0.1870971322059631,0.1690508316965938
P168 (42).jpg,P168,0,-1.79680335521698,0.1422406435012817,0.12480177732292538
P168 (43).jpg,P168,0,-0.960581123828888,0.2767618596553802,0.2609061805514809
P168 (44).jpg,P168,0,-3.704801797866821,0.0240142215043306,0.017706085122030025
P168 (45).jpg,P168,0,-3.348046064376831,0.0339592061936855,0.025849836478098305
P168 (46).jpg,P168,0,-3.3299946784973145,0.0345564074814319,0.02634717861217027
P168 (47).jpg,P168,0,-4.226541996002197,0.0143926283344626,0.010135285473842456
P168 (48).jpg,P168,0,-3.627368211746216,0.0258975457400083,0.019226638497806592
P168 (49).jpg,P168,0,-2.4488556385040283,0.0795222744345665,0.06570947344695745
P168 (5).jpg,P168,0,1.4371638298034668,0.8080150485038757,0.826048460164853
P168 (50).jpg,P168,0,0.1277475655078888,0.5318935513496399,0.5345641763488094
P168 (51).jpg,P168,0,-0.4248474240303039,0.3953574001789093,0.3868596321440898
P168 (52).jpg,P168,0,0.295980840921402,0.5734596848487854,0.5795292934947753
P168 (53).jpg,P168,0,-0.3977856934070587,0.4018444716930389,0.393840481108033
P168 (54).jpg,P168,0,2.206993818283081,0.9008758068084716,0.9162434420320958
P168 (55).jpg,P168,0,-0.5272075533866882,0.3711684048175812,0.3608931505691292
P168 (56).jpg,P168,0,1.379147171974182,0.7988540530204773,0.816825612755252
P168 (57).jpg,P168,0,-0.6491324305534363,0.3431850671768188,0.33100224809385703
P168 (58).jpg,P168,0,-0.7155523896217346,0.3283731341361999,0.31525722656437516
P168 (59).jpg,P168,0,-0.4511637985706329,0.3890841007232666,0.38011532429414335
P168 (6).jpg,P168,0,1.2688878774642944,0.7805522680282593,0.7982619288763789
P168 (60).jpg,P168,0,-1.474528193473816,0.1862553358078003,0.16820823442339036
P168 (61).jpg,P168,0,-0.901433765888214,0.2887559533119201,0.27345792665493923
P168 (62).jpg,P168,0,0.1306544244289398,0.5326172113418579,0.5353480801238988
P168 (63).jpg,P168,0,-1.6309223175048828,0.163704052567482,0.14580247245477398
P168 (64).jpg,P168,0,-1.752041935920715,0.1477898210287094,0.13019875063722058
P168 (65).jpg,P168,0,0.8659746646881104,0.7039073705673218,0.7188392464181004
P168 (66).jpg,P168,0,0.7835192680358887,0.6864380836486816,0.7004265824528113
P168 (67).jpg,P168,0,-0.0971460118889808,0.4757325947284698,0.4736978827443167
P168 (68).jpg,P168,0,-0.1284545361995697,0.4679304659366607,0.4652451562956474
P168 (69).jpg,P168,0,0.5770217776298523,0.6403818130493164,0.651465684407914
P168 (7).jpg,P168,0,1.9153156280517576,0.8716151118278503,0.888567369705499
P168 (70).jpg,P168,0,0.9059138894081116,0.7121632695198059,0.7275058794638172
P168 (71).jpg,P168,0,1.0036444664001465,0.7317745089530945,0.7479944378818469
P168 (72).jpg,P168,0,0.653377115726471,0.657771110534668,0.6700158498173362
P168 (73).jpg,P168,0,0.2443797886371612,0.5607926845550537,0.5658419539414484
P168 (74).jpg,P168,0,0.07102020829916,0.5177475810050964,0.5192368663463025
P168 (75).jpg,P168,0,1.0819429159164429,0.7468615174293518,0.7636542604340272
P168 (76).jpg,P168,0,1.523914098739624,0.8211141228675842,0.8391494897158914
P168 (77).jpg,P168,0,1.109013915061951,0.7519452571868896,0.7689095610657495
P168 (78).jpg,P168,0,0.4606708586215973,0.6131733059883118,0.6223099409577107
P168 (79).jpg,P168,0,1.9836729764938357,0.8790721893310547,0.8956957998631001
P168 (8).jpg,P168,0,0.8378686308860779,0.6980161666870117,0.7126407792694562
P168 (9).jpg,P168,0,1.6422150135040283,0.8378361463546753,0.8557154978963585
P184 (1).jpg,P184,0,-0.1162816658616066,0.4709622859954834,0.4685295052411175
P184 (10).jpg,P184,0,-0.2465239465236663,0.4386792480945587,0.43358714623559036
P184 (11).jpg,P184,0,-0.6581229567527771,0.3411614000797272,0.3288477337617748
P184 (12).jpg,P184,0,-0.1399095356464386,0.4650795459747314,0.46215724013789405
P184 (13).jpg,P184,0,0.0945168957114219,0.5236116051673889,0.5255915496575873
P184 (14).jpg,P184,0,-0.1484461426734924,0.4629564583301544,0.45985790633812423
P184 (15).jpg,P184,0,1.1533194780349731,0.7601167559623718,0.7773329515146987
P184 (16).jpg,P184,0,0.4898460209369659,0.6200701594352722,0.6297139961469906
P184 (17).jpg,P184,0,-0.0731419697403907,0.4817226231098175,0.48018901636673683
P184 (18).jpg,P184,0,-0.1770683825016021,0.455848217010498,0.452161522071844
P184 (19).jpg,P184,0,0.368498295545578,0.5910961031913757,0.5985554780748177
P184 (2).jpg,P184,0,-0.2768727242946625,0.4312206208705902,0.4255261151899551
P184 (20).jpg,P184,0,0.1562506258487701,0.5389834046363831,0.5422427382414685
P184 (21).jpg,P184,0,-0.0442564263939857,0.4889376759529114,0.48800887668711757
P184 (22).jpg,P184,0,-0.1820344626903534,0.4546166360378265,0.4508283881279673
P184 (23).jpg,P184,0,0.3555841147899627,0.5879710912704468,0.5951871366996786
P184 (24).jpg,P184,0,0.752970814704895,0.6798256635665894,0.6934324478000787
P184 (25).jpg,P184,0,1.143767476081848,0.7583706974983215,0.7755356156022747
P184 (26).jpg,P184,0,0.4098533689975738,0.6010527014732361,0.6092780410720251
P184 (27).jpg,P184,0,0.9114921689033508,0.7133054137229919,0.7287029571888216
P184 (28).jpg,P184,0,-0.1219494715332984,0.4695504009723663,0.46699992407674756
P184 (29).jpg,P184,0,-2.1501197814941406,0.1043200269341468,0.08861078077522616
P184 (3).jpg,P184,0,-0.951022744178772,0.2786791920661926,0.262909122367013
P184 (30).jpg,P184,0,-1.6730111837387085,0.1580231189727783,0.14021158137231526
P184 (31).jpg,P184,0,-0.6212925314903259,0.3494875431060791,0.3377186631445728
P184 (32).jpg,P184,0,-0.556309700012207,0.3644017279148102,0.3536493511578178
P184 (33).jpg,P184,0,-0.8177142143249512,0.3062490820884704,0.29185389010884333
P184 (34).jpg,P184,0,-0.3855165541172027,0.4047970771789551,0.39701995583264005
P184 (35).jpg,P184,0,-1.2445945739746094,0.2236372381448745,0.2060121834993952
P184 (36).jpg,P184,0,-1.9030929803848269,0.1297588050365448,0.11275128192146472
P184 (37).jpg,P184,0,-1.819764494895935,0.1394621282815933,0.12210845487882174
P184 (38).jpg,P184,0,-1.1806292533874512,0.2349390536546707,0.2175851559888524
P184 (39).jpg,P184,0,-1.8286974430084229,0.1383935064077377,0.12107422149359769
P184 (4).jpg,P184,0,-0.9086483120918274,0.2872765064239502,0.27190691112660387
P184 (40).jpg,P184,0,-1.867047905921936,0.1338836699724197,0.1167195861201198
P184 (41).jpg,P184,0,-1.6120734214782717,0.1663009375333786,0.1483656288933912
P184 (42).jpg,P184,0,-1.4308520555496216,0.19296595454216,0.17493686657461055
P184 (43).jpg,P184,0,-1.5233746767044067,0.1789651215076446,0.16092945142202325
P184 (44).jpg,P184,0,-1.479987859725952,0.1854292452335357,0.1673818130442706
P184 (45).jpg,P184,0,-1.3697164058685305,0.2026656717061996,0.18470890875943063
P184 (46).jpg,P184,0,-1.0520013570785522,0.258840948343277,0.24225372868340664
P184 (47).jpg,P184,0,-2.2569985389709477,0.0947474911808967,0.07968956223544332
P184 (48).jpg,P184,0,-3.077113151550293,0.0440612509846687,0.03437083163019294
P184 (49).jpg,P184,0,-1.1605662107467651,0.2385644167661667,0.2213103456414952
P184 (5).jpg,P184,0,-0.9122408032417296,0.2865415215492248,0.27113664016985806
P184 (50).jpg,P184,0,-1.0034890174865725,0.2682559788227081,0.25203732655305666
P184 (51).jpg,P184,0,-0.6896857619285583,0.3341029584407806,0.3213411821413735
P184 (52).jpg,P184,0,-2.033520221710205,0.1157281771302223,0.09936292478780212
P184 (53).jpg,P184,0,-1.6496702432632446,0.1611535251140594,0.14328958272924122
P184 (54).jpg,P184,0,-1.2492077350616455,0.2228373289108276,0.2051954257559836
P184 (55).jpg,P184,0,-1.609444260597229,0.1666657775640487,0.14872609596546094
P184 (56).jpg,P184,0,-1.1018115282058716,0.2494006305932998,0.23248061887821334
P184 (57).jpg,P184,0,-1.896345615386963,0.1305226385593414,0.11348504822123799
P184 (58).jpg,P184,0,-1.322734832763672,0.2103636711835861,0.19250163816237192
P184 (59).jpg,P184,0,1.02094304561615,0.7351562976837158,0.7515126186714663
P184 (6).jpg,P184,0,-1.089018940925598,0.2518030703067779,0.23496414316486344
P184 (60).jpg,P184,0,0.7839113473892212,0.6865224838256836,0.700515754690938
P184 (61).jpg,P184,0,0.482975035905838,0.6184501051902771,0.6279756181340418
P184 (62).jpg,P184,0,0.59857177734375,0.645329475402832,0.6567508372110564
P184 (63).jpg,P184,0,0.5447245836257935,0.6329107284545898,0.6434748304181738
P184 (64).jpg,P184,0,0.4777838885784149,0.617224395275116,0.6266600417793647
P184 (65).jpg,P184,0,0.6269171833992004,0.6517901420593262,0.6636436883955306
P184 (66).jpg,P184,0,1.8880538940429688,0.8685334920883179,0.8856075394634272
P184 (67).jpg,P184,0,1.875343441963196,0.8670753240585327,0.8842042957008617
P184 (68).jpg,P184,0,0.6731931567192078,0.6622177958488464,0.674747602618016
P184 (69).jpg,P184,0,0.5926452875137329,0.643971860408783,0.6553011626116392
P184 (7).jpg,P184,0,-0.6463963985443115,0.3438020646572113,0.331659332240047
P184 (70).jpg,P184,0,0.71811443567276,0.6721916794776917,0.6853419891467588
P184 (71).jpg,P184,0,0.3975999653339386,0.5981108546257019,0.606111454780696
P184 (72).jpg,P184,0,0.3017800152301788,0.5748775601387024,0.5810603302005265
P184 (73).jpg,P184,0,1.2849435806274414,0.7832901477813721,0.8010501672434872
P184 (74).jpg,P184,0,0.5117571353912354,0.6252183318138123,0.6352349687787806
P184 (75).jpg,P184,0,0.2776782810688019,0.5689769387245178,0.5746873323694822
P184 (76).jpg,P184,0,1.4361391067504885,0.8078560829162598,0.8258887897759408
P184 (77).jpg,P184,0,1.323812484741211,0.7898153066635132,0.8076798822148411
P184 (78).jpg,P184,0,1.0890021324157717,0.7481938004493713,0.7650325816074867
P184 (79).jpg,P184,0,0.2143861949443817,0.553392231464386,0.5578382565345282
P184 (8).jpg,P184,0,-0.0337188020348548,0.4915711283683777,0.49086327406007163
P184 (80).jpg,P184,0,-0.5368223190307617,0.3689271211624145,0.3584927457167492
P184 (81).jpg,P184,0,-0.1911729276180267,0.4523518085479736,0.4483770436658051
P184 (82).jpg,P184,0,-0.798648476600647,0.3103146851062774,0.29614357628162746
P184 (83).jpg,P184,0,-0.1693781316280365,0.4577564299106598,0.4542273024721665
P184 (84).jpg,P184,0,0.8389802575111389,0.698250412940979,0.7128874798828475
P184 (85).jpg,P184,0,1.0160473585128784,0.7342019081115723,0.7505202795549634
P184 (86).jpg,P184,0,1.3600378036499023,0.7957658767700195,0.8137059244570491
P184 (87).jpg,P184,0,1.5689750909805298,0.8276374340057373,0.8456338748332801
P184 (9).jpg,P184,0,0.2030067145824432,0.5505781173706055,0.554793566139319
P191 (1).jpg,P191,0,-2.209714651107788,0.0988814979791641,0.08353049719513256
P191 (10).jpg,P191,0,-1.8061872720718384,0.1410995572805404,0.12369494951180669
P191 (11).jpg,P191,0,-2.2417261600494385,0.0960655435919761,0.08091218311592972
P191 (12).jpg,P191,0,-3.360536336898804,0.0335518270730972,0.025511072907724884
P191 (13).jpg,P191,0,-3.26196551322937,0.0368992947041988,0.028306460412129787
P191 (14).jpg,P191,0,-2.265920877456665,0.0939849838614463,0.07898312103154675
P191 (15).jpg,P191,0,-3.340505838394165,0.0342074446380138,0.026056459551893608
P191 (16).jpg,P191,0,-3.5968708992004395,0.0266781244426965,0.01986003877916814
P191 (17).jpg,P191,0,-3.0586817264556885,0.0448441356420517,0.03504014689279016
P191 (18).jpg,P191,0,-2.8051106929779053,0.0570486262440681,0.04561969905960165
P191 (19).jpg,P191,0,-2.999162435531616,0.0474637225270271,0.03728833190621535
P191 (2).jpg,P191,0,-2.9573028087615967,0.0493924915790557,0.03895186209659857
P191 (20).jpg,P191,0,-3.0026068687438965,0.0473082400858402,0.037154529601164776
P191 (21).jpg,P191,0,-2.47825288772583,0.0773968622088432,0.06378000331230288
P191 (22).jpg,P191,0,-2.844832181930542,0.0549490600824356,0.04378127525560677
P191 (23).jpg,P191,0,-3.2453181743621826,0.0374954864382743,0.028807056155032814
P191 (24).jpg,P191,0,-2.9109737873077397,0.0516137480735778,0.04087598924477407
P191 (25).jpg,P191,0,-2.864231824874878,0.0539503023028373,0.042909301061087445
P191 (26).jpg,P191,0,-2.1616804599761963,0.1032447516918182,0.08760393789085641
P191 (27).jpg,P191,0,-2.145315408706665,0.1047698035836219,0.08903226801323146
P191 (28).jpg,P191,0,-2.5576107501983643,0.0719168484210968,0.05883208454140826
P191 (29).jpg,P191,0,-2.7598392963409424,0.0595333576202392,0.04780458634147567
P191 (3).jpg,P191,0,-2.84539008140564,0.0549201034009456,0.04375596429754894
P191 (30).jpg,P191,0,-2.697361469268799,0.0631292313337326,0.05098354910624184
P191 (31).jpg,P191,0,-3.24333119392395,0.0375672578811645,0.028867376748531844
P191 (32).jpg,P191,0,-4.85580587387085,0.0077229505404829,0.005149650475990331
P191 (33).jpg,P191,0,-3.5232045650482178,0.028659151867032,0.021475524299531625
P191 (34).jpg,P191,0,-3.3616597652435303,0.0335154198110103,0.025480815836956473
P191 (35).jpg,P191,0,-3.8123629093170166,0.0216182321310043,0.015788208090994453
P191 (36).jpg,P191,0,-3.0755460262298584,0.044127307832241,0.03442725701082566
P191 (37).jpg,P191,0,-3.659992456436157,0.0250871460884809,0.018570987312878668
P191 (38).jpg,P191,0,-2.2709503173828125,0.0935575887560844,0.07858743426738422
P191 (39).jpg,P191,0,-2.8637053966522217,0.0539771802723407,0.04293274247391195
P191 (4).jpg,P191,0,-3.1259028911590576,0.0420513413846492,0.03265809130261788
P191 (40).jpg,P191,0,-2.2129485607147217,0.0985937118530273,0.08326252870421719
P191 (41).jpg,P191,0,-1.7240654230117798,0.1513482481241226,0.13367180495874825
P191 (42).jpg,P191,0,-1.3756712675094604,0.2017051130533218,0.18373881318077892
P191 (43).jpg,P191,0,-1.3306784629821775,0.2090471684932708,0.1911666703087322
P191 (44).jpg,P191,0,-2.115952014923096,0.1075560078024864,0.09164782879651241
P191 (45).jpg,P191,0,-1.829345464706421,0.1383162587881088,0.12099948983288411
P191 (46).jpg,P191,0,-2.275056838989258,0.0932099223136901,0.07826570282242234
P191 (47).jpg,P191,0,-2.195708036422729,0.1001365706324577,0.08470018391483856
P191 (48).jpg,P191,0,-0.6905460953712463,0.3339115977287292,0.3211378345175104
P191 (49).jpg,P191,0,-2.000551462173462,0.1191450282931327,0.10260721615450605
P191 (5).jpg,P191,0,-2.664814710617065,0.0650817602872848,0.05271786234584297
P191 (50).jpg,P191,0,-3.84274172782898,0.0209849458187818,0.015284579790963485
P191 (51).jpg,P191,0,-1.2200005054473877,0.2279363423585891,0.2104071468680338
P191 (52).jpg,P191,0,-0.433806449174881,0.3932177424430847,0.3845586113449301
P191 (53).jpg,P191,0,-1.9440613985061648,0.1252023428678512,0.1083844406454867
P191 (54).jpg,P191,0,-2.6182124614715576,0.0679754540324211,0.05529835037947432
P191 (55).jpg,P191,0,-2.759197473526001,0.0595693066716194,0.04783626554372098
P191 (56).jpg,P191,0,-3.994649648666382,0.0180809572339057,0.012994165939102614
P191 (57).jpg,P191,0,-3.893344640731812,0.0199701450765132,0.014480564646256598
P191 (58).jpg,P191,0,-1.8181092739105225,0.139660894870758,0.12230092522812841
P191 (59).jpg,P191,0,-2.0119144916534424,0.1179576441645622,0.10147857646390458
P191 (6).jpg,P191,0,-2.801950693130493,0.0572188533842563,0.04576906920376105
P191 (60).jpg,P191,0,-2.575338125228882,0.0707425773143768,0.05777703450746767
P191 (61).jpg,P191,0,-2.4021244049072266,0.0830108448863029,0.06888861593204335
P191 (62).jpg,P191,0,-2.7648050785064697,0.0592559389770031,0.04756015706015663
P191 (63).jpg,P191,0,-2.3127400875091557,0.0900733172893524,0.07536919265121364
P191 (64).jpg,P191,0,-2.1340949535369877,0.1058268696069717,0.09002369015867828
P191 (65).jpg,P191,0,-2.329841136932373,0.0886814966797828,0.07408746942952259
P191 (66).jpg,P191,0,-1.8591784238815308,0.1347988396883011,0.11760192400009824
P191 (67).jpg,P191,0,-1.6870933771133425,0.1561584621667862,0.13838143637095923
P191 (68).jpg,P191,0,-1.7628132104873655,0.1464383453130722,0.12888217847320638
P191 (69).jpg,P191,0,-2.101153612136841,0.1089847460389137,0.09299202581188454
P191 (7).jpg,P191,0,-2.594172239303589,0.0695144310593605,0.05667559013875439
P191 (70).jpg,P191,0,-0.8015211224555969,0.3097002208232879,0.29549491297353914
P191 (71).jpg,P191,0,-1.0483893156051636,0.2595345079898834,0.24297319713786156
P191 (72).jpg,P191,0,-2.438538789749145,0.0802807286381721,0.06639938542835877
P191 (73).jpg,P191,0,-1.63789165019989,0.1627521514892578,0.1448640928160341
P191 (74).jpg,P191,0,-2.4571757316589355,0.0789153799414634,0.06515794965609162
P191 (75).jpg,P191,0,-1.3214402198791504,0.2105787843465805,0.19271987606737284
P191 (8).jpg,P191,0,-2.7064058780670166,0.0625964105129242,0.05051126897787088
P191 (9).jpg,P191,0,-2.778636693954468,0.0584895834326744,0.046885572611502675
P013 (1).jpg,P013,1,1.916240096092224,0.8717185854911804,0.8886665561519169
P013 (10).jpg,P013,1,0.2806795835494995,0.5697128176689148,0.5754823387442148
P013 (11).jpg,P013,1,0.2112337052822113,0.5526129603385925,0.5569952026117084
P013 (12).jpg,P013,1,0.7307732701301575,0.6749749183654785,0.6882935838744924
P013 (13).jpg,P013,1,0.1831281185150146,0.5456545352935791,0.5494651073659365
P013 (14).jpg,P013,1,0.0099391266703605,0.5024847388267517,0.5026934618771973
P013 (15).jpg,P013,1,0.7565129399299622,0.6805961728096008,0.6942480869956569
P013 (16).jpg,P013,1,0.3319950103759765,0.5822446942329407,0.5890115144350949
P013 (17).jpg,P013,1,0.1655441224575042,0.5412917733192444,0.5447421999196124
P013 (18).jpg,P013,1,1.1016157865524292,0.7505627274513245,0.7674815184891962
P013 (19).jpg,P013,1,0.4710954129695892,0.6156429648399353,0.6249622378859238
P013 (2).jpg,P013,1,0.0533476993441581,0.513333797454834,0.5144531163331026
P013 (20).jpg,P013,1,-0.2440360188484192,0.4392919838428497,0.4342495939100742
P013 (21).jpg,P013,1,0.1577704548835754,0.5393610000610352,0.5426516411525046
P013 (22).jpg,P013,1,0.5165635943412781,0.626343846321106,0.6364413727418847
P013 (23).jpg,P013,1,-0.248607188463211,0.4381663501262665,0.4330326345582483
P013 (24).jpg,P013,1,0.0396142974495887,0.50990229845047,0.5107337638861872
P013 (25).jpg,P013,1,0.2550705373287201,0.5634241700172424,0.5686866889158942
P013 (26).jpg,P013,1,0.4082167446613312,0.6006602048873901,0.6088556222698487
P013 (27).jpg,P013,1,0.4082852900028229,0.6006766557693481,0.6088733173544817
P013 (28).jpg,P013,1,0.4962480366230011,0.6215772032737732,0.6313307044431872
P013 (29).jpg,P013,1,0.626183032989502,0.6516234278678894,0.6634660229644351
P013 (3).jpg,P013,1,0.199099451303482,0.5496110320091248,0.5537471788036706
P013 (30).jpg,P013,1,0.3282186388969421,0.581325888633728,0.58802019729328
P013 (31).jpg,P013,1,0.4219772517681122,0.6039562821388245,0.6124021226439879
P013 (32).jpg,P013,1,0.7582560777664185,0.6809749603271484,0.6946490302398882
P013 (33).jpg,P013,1,0.827866792678833,0.6959036588668823,0.7104154178087733
P013 (34).jpg,P013,1,0.5164634585380554,0.626320481300354,0.6364162564526376
P013 (35).jpg,P013,1,0.3125917017459869,0.5775177478790283,0.583910531950167
P013 (36).jpg,P013,1,0.5679636001586914,0.6382931470870972,0.6492328958345362
P013 (37).jpg,P013,1,0.8956074118614197,0.7100459933280945,0.7252854783252661
P013 (38).jpg,P013,1,0.9855592846870422,0.728209912776947,0.7442811316189429
P013 (39).jpg,P013,1,1.0191022157669067,0.7347976565361023,0.7511397988977171
P013 (4).jpg,P013,1,0.2450511157512664,0.5609580278396606,0.5660207192155715
P013 (40).jpg,P013,1,0.3309208154678345,0.5819833874702454,0.5887296058543706
P013 (41).jpg,P013,1,0.8505683541297913,0.7006863355636597,0.7154516480448196
P013 (42).jpg,P013,1,1.7376463413238523,0.8503878116607666,0.868023838588901
P013 (43).jpg,P013,1,1.6365158557891846,0.837060272693634,0.8549510628122162
P013 (44).jpg,P013,1,1.6257030963897705,0.8355801701545715,0.8534914934179891
P013 (45).jpg,P013,1,1.465086817741394,0.8123095035552979,0.8303549620536043
P013 (46).jpg,P013,1,1.3688151836395264,0.7971886396408081,0.8151439301528753
P013 (47).jpg,P013,1,1.1244088411331177,0.7548056244850159,0.7718614978178837
P013 (48).jpg,P013,1,1.0370510816574097,0.7382805943489075,0.7547589730256395
P013 (49).jpg,P013,1,1.7688573598861694,0.8543155193328857,0.8718516178029359
P013 (5).jpg,P013,1,0.3924377262592315,0.5968694090843201,0.6047747128367859
P013 (50).jpg,P013,1,1.2655011415481567,0.7799715995788574,0.7976700719557541
P013 (51).jpg,P013,1,1.687177062034607,0.8438525199890137,0.86162937927958
P013 (52).jpg,P013,1,1.429040551185608,0.8067517280578613,0.8247795297372955
P013 (53).jpg,P013,1,2.1132805347442627,0.8921872973442078,0.9081108092771716
P013 (54).jpg,P013,1,2.2524259090423584,0.9048595428466796,0.9199461593104789
P013 (55).jpg,P013,1,2.37713360786438,0.9150669574737548,0.9293533349761243
P013 (56).jpg,P013,1,2.360026597976685,0.9137279391288756,0.9281260864238539
P013 (57).jpg,P013,1,2.146785259246826,0.8953680396080017,0.9110968735480207
P013 (58).jpg,P013,1,2.317397117614746,0.9103076457977296,0.9249818558979319
P013 (59).jpg,P013,1,2.083700656890869,0.8893088102340698,0.9053999350849671
P013 (6).jpg,P013,1,-0.2627829015254974,0.4346797466278076,0.42926390315558277
P013 (60).jpg,P013,1,2.0694680213928223,0.8879000544548035,0.9040702150974212
P013 (7).jpg,P013,1,0.3444161117076874,0.5852628350257874,0.5922669837519781
P013 (8).jpg,P013,1,-0.3590784966945648,0.4111826419830322,0.40390054175995027
P013 (9).jpg,P013,1,0.0318785235285759,0.5079689621925354,0.5086381709235194
P026 (1).jpg,P026,1,1.4597119092941284,0.8114886283874512,0.8295326468712274
P026 (10).jpg,P026,1,2.502359390258789,0.9243070483207704,0.9377626790158266
P026 (11).jpg,P026,1,2.83784294128418,0.9446868896484376,0.9559004486086897
P026 (12).jpg,P026,1,1.6368368864059448,0.837104082107544,0.8549942122771498
P026 (13).jpg,P026,1,1.88050639629364,0.8676693439483643,0.8847760852134303
P026 (14).jpg,P026,1,2.603049993515014,0.9310575723648072,0.9438367221964709
P026 (2).jpg,P026,1,0.8637584447860718,0.703445315361023,0.7183534500059062
P026 (3).jpg,P026,1,0.9712769389152528,0.7253739237785339,0.7413233710561358
P026 (4).jpg,P026,1,1.1367112398147583,0.757075309753418,0.7742012856241091
P026 (5).jpg,P026,1,0.2534423768520355,0.5630236268043518,0.5682537342038909
P026 (6).jpg,P026,1,0.6841269135475159,0.6646591424942017,0.6773433022970048
P026 (7).jpg,P026,1,0.7450956702232361,0.6781091094017029,0.6916147120076273
P026 (8).jpg,P026,1,0.7471901178359985,0.6785660982131958,0.6920987340020879
P026 (9).jpg,P026,1,2.949502468109131,0.9502399563789368,0.9607303718498751
P156 (1).jpg,P156,1,1.5017608404159546,0.8178369998931885,0.8358816806776926
P156 (10).jpg,P156,1,1.858531355857849,0.8651256561279297,0.8823252691564547
P156 (11).jpg,P156,1,2.015216588973999,0.8823855519294739,0.8988473352225758
P156 (12).jpg,P156,1,1.680734634399414,0.8430017828941345,0.8607946663383584
P156 (13).jpg,P156,1,1.6762670278549194,0.842409610748291,0.860213345612073
P156 (14).jpg,P156,1,2.0910398960113525,0.8900293111801147,0.9060791527920142
P156 (15).jpg,P156,1,1.759771466255188,0.853181004524231,0.8707471829488842
P156 (16).jpg,P156,1,1.6186188459396362,0.8346045613288879,0.8525286378934107
P156 (17).jpg,P156,1,2.3371307849884038,0.911905825138092,0.9264527704665173
P156 (18).jpg,P156,1,2.411048173904419,0.9176658987998962,0.931729277361467
P156 (19).jpg,P156,1,2.1564438343048096,0.8962693810462952,0.9119412813866977
P156 (2).jpg,P156,1,1.785658359527588,0.8563941717147827,0.8738726557955612
P156 (20).jpg,P156,1,2.1144707202911377,0.8923017382621765,0.9082184102199071
P156 (21).jpg,P156,1,1.8398284912109373,0.8629283905029297,0.880203924277776
P156 (22).jpg,P156,1,2.033499002456665,0.884269654750824,0.9006350167869908
P156 (23).jpg,P156,1,2.8084559440612797,0.9431310892105104,0.9545379218880743
P156 (24).jpg,P156,1,1.9618550539016724,0.8767336010932922,0.8934654882997787
P156 (25).jpg,P156,1,2.4194023609161377,0.9182948470115662,0.9323030735136216
P156 (26).jpg,P156,1,2.079573154449463,0.8889018893241882,0.9050160212525127
P156 (27).jpg,P156,1,2.228555679321289,0.9027846455574036,0.9180197505908209
P156 (28).jpg,P156,1,2.401768445968628,0.9169620275497437,0.9310866299165446
P156 (29).jpg,P156,1,1.6533337831497192,0.8393410444259644,0.8571972290059104
P156 (3).jpg,P156,1,1.3714162111282349,0.7976088523864746,0.8155684067477474
P156 (30).jpg,P156,1,1.8973274230957031,0.8695887327194214,0.8866219802430857
P156 (31).jpg,P156,1,1.4707571268081665,0.813172459602356,0.8312190464227521
P156 (32).jpg,P156,1,1.9496244192123413,0.8754056692123413,0.892196934341529
P156 (33).jpg,P156,1,1.4576668739318848,0.811175525188446,0.8292189432610151
P156 (34).jpg,P156,1,1.2054429054260254,0.7694916129112244,0.786959188657026
P156 (35).jpg,P156,1,1.187895894050598,0.766364574432373,0.7837528545657599
P156 (36).jpg,P156,1,1.70953106880188,0.8467754125595093,0.8644931379450599
P156 (37).jpg,P156,1,2.0484559535980225,0.885791540145874,0.9020765701948069
P156 (38).jpg,P156,1,1.5032200813293457,0.8180542588233948,0.8360985633698491
P156 (39).jpg,P156,1,1.903899312019348,0.8703321814537048,0.8873361279265907
P156 (4).jpg,P156,1,1.4075138568878174,0.8033735156059265,0.8213816272575327
P156 (40).jpg,P156,1,1.478912353515625,0.8144083023071289,0.8324556461990346
P156 (41).jpg,P156,1,1.9122369289398196,0.8712702393531799,0.888236497773387
P156 (42).jpg,P156,1,2.4571001529693604,0.9210790991783142,0.934837059806926
P156 (43).jpg,P156,1,1.9276622533798216,0.8729904294013977,0.8898856831643238
P156 (44).jpg,P156,1,1.7697166204452517,0.854422390460968,0.8719556474098961
P156 (45).jpg,P156,1,1.9630650281906128,0.8768642544746399,0.8935902688544609
P156 (46).jpg,P156,1,1.698214769363403,0.8453013896942139,0.8630497111775189
P156 (47).jpg,P156,1,1.7589943408966064,0.8530836701393127,0.8706523442452372
P156 (48).jpg,P156,1,1.5963382720947266,0.8315059542655945,0.8494662367250991
P156 (49).jpg,P156,1,1.895922303199768,0.869429349899292,0.8864687786495352
P156 (5).jpg,P156,1,1.3011926412582395,0.7860355973243713,0.8038423918591814
P156 (50).jpg,P156,1,1.9178167581558228,0.8718947768211365,0.8888355385231713
P156 (51).jpg,P156,1,2.089442491531372,0.8898727297782898,0.9059316924579007
P156 (52).jpg,P156,1,1.45365571975708,0.810560405254364,0.8286023106285411
P156 (53).jpg,P156,1,1.9522281885147093,0.8756893873214722,0.8924681035476905
P156 (54).jpg,P156,1,1.667089581489563,0.8411873579025269,0.8590128072553039
P156 (55).jpg,P156,1,2.5672495365142822,0.9287238121032716,0.9417437918734769
P156 (56).jpg,P156,1,2.7528440952301025,0.9400737285614014,0.9518490659872021
P156 (6).jpg,P156,1,1.8705685138702397,0.8665240406990051,0.8836732862536378
P156 (7).jpg,P156,1,1.5554953813552856,0.8257060050964355,0.8437168274277007
P156 (8).jpg,P156,1,1.8442723751068115,0.8634532690048218,0.8807109381896344
P156 (9).jpg,P156,1,1.6593339443206787,0.8401485681533813,0.8579915531672931
P157 (1).jpg,P157,1,1.755288004875183,0.8526184558868408,0.870199215563618
P157 (2).jpg,P157,1,1.88708770275116,0.8684231638908386,0.8855013933695036
P157 (3).jpg,P157,1,2.995535135269165,0.9523720145225524,0.9625702614550391
P157 (4).jpg,P157,1,2.7449817657470703,0.9396292567253112,0.9514569415639568
P157 (5).jpg,P157,1,3.62819504737854,0.9741232991218568,0.9807902554394049
P205 (1).jpg,P205,1,2.840339422225952,0.9448171257972716,0.9560143859678143
P205 (10).jpg,P205,1,2.205115795135498,0.900708019733429,0.9160870821058186
P205 (11).jpg,P205,1,1.8423084020614624,0.8632215261459351,0.8804870927175856
P205 (12).jpg,P205,1,2.118961811065674,0.892732560634613,0.908623416186699
P205 (13).jpg,P205,1,1.318833351135254,0.7889875769615173,0.8068401026182777
P205 (14).jpg,P205,1,1.894010186195373,0.8692121505737305,0.8862600087462611
P205 (15).jpg,P205,1,1.226931929588318,0.7732811570167542,0.7908384198088932
P205 (16).jpg,P205,1,1.6745078563690186,0.8421759605407715,0.8599838865827367
P205 (17).jpg,P205,1,2.5320708751678467,0.9263597130775452,0.9396161150348781
P205 (18).jpg,P205,1,1.3621710538864136,0.7961122989654541,0.814056208212895
P205 (19).jpg,P205,1,0.9974531531333924,0.7305575609207153,0.7467272533228719
P205 (2).jpg,P205,1,2.460401773452759,0.9213188290596008,0.935054737904152
P205 (20).jpg,P205,1,0.9572234749794006,0.7225655317306519,0.7383913561644081
P205 (21).jpg,P205,1,0.8410984873771667,0.6986965537071228,0.7133572231610821
P205 (22).jpg,P205,1,1.159101486206055,0.7611693739891052,0.7784159126325342
P205 (23).jpg,P205,1,-0.0531063750386238,0.4867265224456787,0.4856122277815031
P205 (24).jpg,P205,1,0.5053403973579407,0.623713493347168,0.6336217411011752
P205 (25).jpg,P205,1,1.118082046508789,0.7536327838897705,0.7706515760640873
P205 (26).jpg,P205,1,2.459244966506958,0.9212348461151124,0.9349785459466128
P205 (27).jpg,P205,1,2.008655548095703,0.8817028403282166,0.8981988580922532
P205 (28).jpg,P205,1,1.7936371564865112,0.8573727011680603,0.8748228597680232
P205 (29).jpg,P205,1,1.887797474861145,0.8685042262077332,0.8855793775236792
P205 (3).jpg,P205,1,1.4046424627304075,0.8029195666313171,0.8209245127271223
P205 (30).jpg,P205,1,1.3536192178726196,0.7947207093238831,0.8126489125623719
P205 (31).jpg,P205,1,2.4678993225097656,0.9218606352806092,0.9355465456498593
P205 (32).jpg,P205,1,2.892789363861084,0.9474889039993286,0.9583441743354806
P205 (33).jpg,P205,1,3.8649961948394775,0.9794674515724182,0.985074291420312
P205 (34).jpg,P205,1,3.34207534790039,0.965844452381134,0.9739866814061177
P205 (35).jpg,P205,1,1.665040373802185,0.8409134745597839,0.8587435679996642
P205 (36).jpg,P205,1,2.055647134780884,0.8865170478820801,0.9027629994621461
P205 (37).jpg,P205,1,2.475538492202759,0.9224091172218324,0.9360440748090487
P205 (38).jpg,P205,1,2.807105541229248,0.9430586099624634,0.9544743563696256
P205 (39).jpg,P205,1,2.7364697456359863,0.9391446113586426,0.9510289989952693
P205 (4).jpg,P205,1,2.2154886722564697,0.901631772518158,0.9169474019398182
P205 (40).jpg,P205,1,0.9934479594230652,0.7297684550285339,0.7459052651536286
P205 (41).jpg,P205,1,0.7913443446159363,0.6881198883056641,0.7022033924119342
P205 (42).jpg,P205,1,0.7465659379959106,0.6784299612045288,0.6919545315977954
P205 (43).jpg,P205,1,0.8769236207008362,0.7061843276023865,0.7212317597549532
P205 (44).jpg,P205,1,0.6223064064979553,0.6507429480552673,0.662527108231573
P205 (45).jpg,P205,1,0.9049302339553832,0.7119616270065308,0.7272944484113083
P205 (46).jpg,P205,1,0.5269158482551575,0.6287634968757629,0.6390339134076053
P205 (47).jpg,P205,1,0.8868809342384338,0.7082460522651672,0.7233967058929417
P205 (48).jpg,P205,1,1.1229819059371948,0.7545413970947266,0.7715890071761807
P205 (49).jpg,P205,1,1.1392580270767212,0.7575433850288391,0.7746835286046863
P205 (5).jpg,P205,1,1.3436998128890991,0.793097734451294,0.8110063199618527
P205 (50).jpg,P205,1,0.4475462734699249,0.6100556254386902,0.6189602579253333
P205 (51).jpg,P205,1,0.6120081543922424,0.648398756980896,0.6600266649057857
P205 (52).jpg,P205,1,0.4831244051456451,0.6184853911399841,0.628013444372527
P205 (53).jpg,P205,1,3.4691684246063232,0.9697976112365724,0.977258440512151
P205 (54).jpg,P205,1,2.307664632797241,0.909509778022766,0.9242465000129552
P205 (55).jpg,P205,1,2.7096636295318604,0.937594473361969,0.9496578271160246
P205 (56).jpg,P205,1,2.405916452407837,0.9172773957252502,0.9313745805733034
P205 (57).jpg,P205,1,2.500598669052124,0.92418372631073,0.9376511920463036
P205 (58).jpg,P205,1,2.436427593231201,0.9195632338523864,0.9334586069590284
P205 (59).jpg,P205,1,2.153372049331665,0.8959833979606628,0.9116735171513891
P205 (6).jpg,P205,1,2.034083366394043,0.8843293786048889,0.9006916905672613
P205 (60).jpg,P205,1,1.4236005544662476,0.8059022426605225,0.8239256839303487
P205 (61).jpg,P205,1,1.185315489768982,0.7659021615982056,0.7832784065613967
P205 (62).jpg,P205,1,2.296990394592285,0.9086275100708008,0.9234323836467964
P205 (63).jpg,P205,1,2.6266815662384038,0.9325591325759888,0.9451792874225636
P205 (64).jpg,P205,1,3.5172319412231445,0.9711741209030152,0.9783880005796993
P205 (65).jpg,P205,1,1.6577757596969604,0.8399391770362854,0.8577856298693918
P205 (66).jpg,P205,1,1.9681586027145384,0.8774132132530212,0.8941141410731847
P205 (67).jpg,P205,1,1.4675174951553345,0.8126797676086426,0.8307257972623017
P205 (68).jpg,P205,1,0.9003366827964783,0.7110186219215393,0.7263057347903469
P205 (69).jpg,P205,1,1.2291418313980105,0.7736683487892151,0.7912343939012698
P205 (7).jpg,P205,1,2.33821964263916,0.9119932651519777,0.9265331543367058
P205 (70).jpg,P205,1,1.3486732244491575,0.7939126491546631,0.8118312632734943
P205 (71).jpg,P205,1,0.6203145980834961,0.6502900719642639,0.6620441949322282
P205 (72).jpg,P205,1,0.2634999454021454,0.5654964447021484,0.5709265149950661
P205 (8).jpg,P205,1,1.8817671537399288,0.8678139448165894,0.8849153386622501
P205 (9).jpg,P205,1,1.8034406900405884,0.8585672378540039,0.8759819681803935
P041 (1).jpg,P041,1,-2.036895990371704,0.1153831779956817,0.09903593292395863
P041 (10).jpg,P041,1,-0.8308702111244202,0.3034610748291015,0.28891526394583955
P041 (11).jpg,P041,1,-0.9101274013519288,0.286973774433136,0.27158961158123374
P041 (12).jpg,P041,1,-2.3278555870056152,0.0888420939445495,0.0742352510646471
P041 (13).jpg,P041,1,-0.5470672249794006,0.3665451109409332,0.3559428036935325
P041 (14).jpg,P041,1,-0.9343956112861632,0.2820338010787964,0.26641679359835313
P041 (15).jpg,P041,1,-0.885089099407196,0.2921243011951446,0.27699211267714907
P041 (16).jpg,P041,1,-1.365481734275818,0.2033508121967315,0.18540117845431867
P041 (17).jpg,P041,1,-1.279802680015564,0.2175838202238083,0.19983943810943522
P041 (18).jpg,P041,1,-1.606883883476257,0.1670216917991638,0.14907782690568547
P041 (19).jpg,P041,1,-1.592175841331482,0.16907799243927,0.1511116443406689
P041 (2).jpg,P041,1,-2.0320193767547607,0.1158818677067756,0.09950861148120627
P041 (20).jpg,P041,1,-1.8742996454238887,0.1330450028181076,0.11591160245097155
P041 (21).jpg,P041,1,-1.2601968050003052,0.2209400087594986,0.2032595022343533
P041 (22).jpg,P041,1,-1.018204689025879,0.2653772532939911,0.24904211107592325
P041 (23).jpg,P041,1,-1.1057478189468384,0.2486644834280014,0.23172012809065196
P041 (24).jpg,P041,1,-1.903107762336731,0.1297571361064911,0.11274967896119369
P041 (25).jpg,P041,1,-1.9844385385513303,0.1208464875817298,0.10422669563617415
P041 (26).jpg,P041,1,-2.7303619384765625,0.0612053610384464,0.04928027406372485
P041 (27).jpg,P041,1,-1.730934500694275,0.1504680812358856,0.13281187619040707
P041 (28).jpg,P041,1,-2.507802963256836,0.075312964618206,0.0618938160121233
P041 (29).jpg,P041,1,-1.717966914176941,0.1521332263946533,0.13443920910347407
P041 (3).jpg,P041,1,-2.149510622024536,0.1043769642710685,0.08866412239833556
P041 (30).jpg,P041,1,-1.6876240968704224,0.1560885459184646,0.1383128568283518
P041 (31).jpg,P041,1,-1.8644276857376096,0.1341878026723861,0.1170127292220546
P041 (32).jpg,P041,1,-1.9223970174789429,0.1275945007801056,0.11067483405399237
P041 (33).jpg,P041,1,-2.341670274734497,0.0877301469445228,0.07321264014465598
P041 (34).jpg,P041,1,-2.224261999130249,0.0975928083062172,0.08233121355667
P041 (35).jpg,P041,1,-2.339439868927002,0.087908811867237,0.07337685975204697
P041 (36).jpg,P041,1,-3.064936399459839,0.0445769876241683,0.03481161964986814
P041 (37).jpg,P041,1,-2.683453321456909,0.0639568269252777,0.05171796418550171
P041 (38).jpg,P041,1,-1.9382981061935425,0.1258349418640136,0.10898964834366869
P041 (39).jpg,P041,1,-1.5575332641601562,0.1740008890628814,0.15599211082759903
P041 (4).jpg,P041,1,-2.161857843399048,0.1032283380627632,0.08758857006525218
P041 (5).jpg,P041,1,-2.110195636749268,0.1081098020076751,0.09216861463744144
P041 (6).jpg,P041,1,-1.7417206764221191,0.1490945070981979,0.1314710296724869
P041 (7).jpg,P041,1,-2.2543609142303467,0.0949739664793014,0.07989950336150534
P041 (8).jpg,P041,1,-2.2782909870147705,0.0929369255900383,0.07801316766413127
P041 (9).jpg,P041,1,-1.897815465927124,0.1303559243679046,0.11332485017214523
P100 (1).jpg,P100,1,0.1906817853450775,0.5475265383720398,0.551491272718659
P100 (10).jpg,P100,1,1.237810492515564,0.7751826643943787,0.7927823293694078
P100 (100).jpg,P100,1,0.5109549760818481,0.6250302791595459,0.6350334636671372
P100 (101).jpg,P100,1,0.5932062268257141,0.6441004872322083,0.6554384979847496
P100 (102).jpg,P100,1,-0.0099228993058204,0.4975192844867706,0.49731093558605083
P100 (103).jpg,P100,1,-0.4536223113536834,0.3884998559951782,0.379487574527681
P100 (104).jpg,P100,1,-1.252432942390442,0.2222792655229568,0.2046258327523834
P100 (105).jpg,P100,1,-0.8352088332176208,0.3025448024272918,0.28795001632626976
P100 (106).jpg,P100,1,-0.1558206975460052,0.4611234366893768,0.4578729423139887
P100 (107).jpg,P100,1,-0.8744476437568665,0.2943296730518341,0.2793081848681256
P100 (108).jpg,P100,1,-2.064744710922241,0.1125709637999534,0.09637475148668992
P100 (109).jpg,P100,1,0.9833160042762756,0.727765679359436,0.7438180388618976
P100 (11).jpg,P100,1,0.6330525875091553,0.6531813144683838,0.6651266520780015
P100 (110).jpg,P100,1,0.9738438725471495,0.7258849740028381,0.7418566009846891
P100 (111).jpg,P100,1,1.010836482048035,0.7331838011741638,0.7494611499758014
P100 (112).jpg,P100,1,-0.1550072729587555,0.4613255858421325,0.45809182240623925
P100 (113).jpg,P100,1,0.2273836433887481,0.5566022396087646,0.5613105260290628
P100 (114).jpg,P100,1,0.2486774623394012,0.5618509650230408,0.5669860678348984
P100 (115).jpg,P100,1,1.415095567703247,0.8045684099197388,0.8225842159254744
P100 (116).jpg,P100,1,1.9068127870559688,0.870660662651062,0.8876514683442467
P100 (117).jpg,P100,1,0.5026529431343079,0.6230825781822205,0.6329451965176403
P100 (118).jpg,P100,1,-0.2937481701374054,0.4270865321159363,0.42106056252310353
P100 (119).jpg,P100,1,-0.2927097380161285,0.4273405969142914,0.42133498593585644
P100 (12).jpg,P100,1,0.211808294057846,0.5527549982070923,0.5571488865179575
P100 (120).jpg,P100,1,-1.1056731939315796,0.2486784309148788,0.23173452946278647
P100 (121).jpg,P100,1,-0.2485541999340057,0.4381794035434723,0.4330467368282083
P100 (122).jpg,P100,1,0.028130255639553,0.5070320963859558,0.5076226650672677
P100 (123).jpg,P100,1,-0.0568424835801124,0.4857932031154632,0.4846006468464343
P100 (124).jpg,P100,1,-0.8845059275627136,0.2922449111938476,0.2771187305462563
P100 (125).jpg,P100,1,-1.420547604560852,0.1945757716894149,0.17655492954434795
P100 (126).jpg,P100,1,-0.7799525260925293,0.314330130815506,0.3003853137545893
P100 (127).jpg,P100,1,-1.5876086950302124,0.1697205901145935,0.15174780986776254
P100 (128).jpg,P100,1,-1.426021695137024,0.1937192976474762,0.17569389762172993
P100 (129).jpg,P100,1,-0.9705504775047302,0.2747707962989807,0.25882766712654054
P100 (13).jpg,P100,1,0.2950110137462616,0.5732224583625793,0.5792730997282335
P100 (130).jpg,P100,1,0.6396340131759644,0.6546707153320312,0.666713804204807
P100 (131).jpg,P100,1,0.7016769051551819,0.6685594320297241,0.6814868985399312
P100 (132).jpg,P100,1,0.957073986530304,0.7225356101989746,0.7383600528801
P100 (133).jpg,P100,1,0.5281136631965637,0.6290430426597595,0.6393333662079203
P100 (134).jpg,P100,1,0.0333403572440147,0.5083343386650085,0.5090342018510535
P100 (135).jpg,P100,1,0.8533980250358582,0.7012794613838196,0.7160756871952233
P100 (14).jpg,P100,1,0.2698553502559662,0.5670573711395264,0.5726133322628637
P100 (15).jpg,P100,1,0.0222435817122459,0.5055606961250305,0.5060276841571857
P100 (16).jpg,P100,1,0.4754984676837921,0.6166843771934509,0.6260802586878614
P100 (17).jpg,P100,1,0.626058042049408,0.6515951156616211,0.66343577037474
P100 (18).jpg,P100,1,0.1860500872135162,0.5463787913322449,0.5502490828972452
P100 (19).jpg,P100,1,0.4781247079372406,0.6173049807548523,0.6267464723152724
P100 (2).jpg,P100,1,0.335903137922287,0.5831949710845947,0.5900366577475289
P100 (20).jpg,P100,1,1.0886609554290771,0.7481294274330139,0.7649660946175659
P100 (21).jpg,P100,1,-0.2192052900791168,0.445417046546936,0.44087364348544894
P100 (22).jpg,P100,1,-1.2837871313095093,0.2169062495231628,0.19914969031195567
P100 (23).jpg,P100,1,0.1891421973705291,0.5471450686454773,0.5510784362316953
P100 (24).jpg,P100,1,-1.8908584117889404,0.1311466097831726,0.11408484054971167
P100 (25).jpg,P100,1,-1.5538697242736816,0.1745280623435974,0.1565156751052476
P100 (26).jpg,P100,1,-1.6802574396133425,0.1570613831281662,0.13926732899263108
P100 (27).jpg,P100,1,-0.7486878037452698,0.3211072981357574,0.3075554129910501
P100 (28).jpg,P100,1,-0.3776759207248688,0.4066875874996185,0.3990563924085553
P100 (29).jpg,P100,1,-0.1852398216724395,0.4538220465183258,0.449968289649912
P100 (3).jpg,P100,1,0.1723024547100067,0.5429693460464478,0.5465584284033616
P100 (30).jpg,P100,1,0.023141823709011,0.5057851672172546,0.5062710695221974
P100 (31).jpg,P100,1,-1.8082343339920044,0.1408516615629196,0.12345462260900246
P100 (32).jpg,P100,1,-0.1748029291629791,0.4564102292060852,0.4527699075798847
P100 (33).jpg,P100,1,0.367701381444931,0.5909034013748169,0.5983478886593233
P100 (34).jpg,P100,1,0.9696105122566224,0.7250418663024902,0.7409768200754627
P100 (35).jpg,P100,1,0.1624973118305206,0.5405351519584656,0.54392301025688
P100 (36).jpg,P100,1,-0.5523093342781067,0.3653287887573242,0.35464119334394395
P100 (37).jpg,P100,1,-0.2333506643772125,0.4419256150722503,0.43709737134671994
P100 (38).jpg,P100,1,-0.2022894918918609,0.4495993852615356,0.4453984740599159
P100 (39).jpg,P100,1,0.4762792289257049,0.6168688535690308,0.6262783690012184
P100 (4).jpg,P100,1,-0.0166534557938575,0.4958367645740509,0.4954870618339034
P100 (40).jpg,P100,1,0.2918045222759247,0.5724378824234009,0.5784257556968109
P100 (41).jpg,P100,1,-1.757524013519287,0.1471007019281387,0.12952725343589022
P100 (42).jpg,P100,1,-0.9524076581001282,0.2784008681774139,0.26261830412824383
P100 (43).jpg,P100,1,-1.5498393774032593,0.1751094609498977,0.1570933128938395
P100 (44).jpg,P100,1,-1.257300615310669,0.221438929438591,0.2037683946455133
P100 (45).jpg,P100,1,0.8322939276695251,0.6968396902084351,0.7114016932625624
P100 (46).jpg,P100,1,-0.5523504614830017,0.3653192520141601,0.35463098997476394
P100 (47).jpg,P100,1,0.230828583240509,0.5574523210525513,0.5622298507067622
P100 (48).jpg,P100,1,-0.576301097869873,0.3597841560840606,0.34871171721268257
P100 (49).jpg,P100,1,-1.1423957347869873,0.2418807744979858,0.22472334046599599
P100 (5).jpg,P100,1,1.731458067893982,0.8495988845825195,0.8672534758207509
P100 (50).jpg,P100,1,0.1058793887495994,0.5264451503753662,0.5286616944659656
P100 (51).jpg,P100,1,0.824954092502594,0.6952869892120361,0.7097654398100699
P100 (52).jpg,P100,1,-0.0991627350449562,0.4752295613288879,0.47315289780407643
P100 (53).jpg,P100,1,-0.3374058902263641,0.4164397716522217,0.40956936201879107
P100 (54).jpg,P100,1,0.305966705083847,0.5759004354476929,0.582164688039828
P100 (55).jpg,P100,1,-0.0513773337006568,0.4871584773063659,0.4860804198053104
P100 (56).jpg,P100,1,-1.1052550077438354,0.248756542801857,0.23181524392515268
P100 (57).jpg,P100,1,0.1329408586025238,0.5331863760948181,0.5359645490904488
P100 (58).jpg,P100,1,-0.4174526035785675,0.3971264958381653,0.3887627228235641
P100 (59).jpg,P100,1,-0.5228646397590637,0.3721826374530792,0.3619796857713282
P100 (6).jpg,P100,1,1.4037333726882937,0.8027756214141846,0.8207795987085439
P100 (60).jpg,P100,1,-1.1469165086746216,0.2410527318716049,0.2238707153053375
P100 (61).jpg,P100,1,-0.1233598366379737,0.4691990911960602,0.4666194014904255
P100 (62).jpg,P100,1,0.1221134290099144,0.530490517616272,0.5330443143382089
P100 (63).jpg,P100,1,-0.1772244274616241,0.455809473991394,0.45211962157575997
P100 (64).jpg,P100,1,0.1136244162917137,0.5283755660057068,0.5307531724800157
P100 (65).jpg,P100,1,-0.7215060591697693,0.3270614147186279,0.31386572071860885
P100 (66).jpg,P100,1,-0.0202542915940284,0.4949365854263305,0.49451133883303694
P100 (67).jpg,P100,1,-0.5514987111091614,0.3655167520046234,0.3548423302104526
P100 (68).jpg,P100,1,-1.148003101348877,0.2408540099859237,0.2236661256588347
P100 (69).jpg,P100,1,-0.9589833617210388,0.2770817875862121,0.2612403006690874
P100 (7).jpg,P100,1,0.3612819612026214,0.5893507599830627,0.5966744030265886
P100 (70).jpg,P100,1,-0.7015199661254883,0.3314753174781799,0.3185500294767034
P100 (71).jpg,P100,1,0.4913892447948456,0.6204336285591125,0.6301039758841578
P100 (72).jpg,P100,1,-0.4065081775188446,0.3997496962547302,0.391585539332108
P100 (73).jpg,P100,1,0.0082693323493003,0.5020673274993896,0.5022409612516681
P100 (74).jpg,P100,1,-0.9266651272773744,0.2836017906665802,0.26805773408195405
P100 (75).jpg,P100,1,-0.6671590209007263,0.3391332626342773,0.32668953672141876
P100 (76).jpg,P100,1,-0.695878267288208,0.3327266871929168,0.3198790422694339
P100 (77).jpg,P100,1,-0.9502487778663636,0.2788347899913788,0.2630717378598049
P100 (78).jpg,P100,1,-0.2889114916324615,0.4282703697681427,0.4223391501774319
P100 (79).jpg,P100,1,-0.7975253462791443,0.3105551302433014,0.2963974110415215
P100 (8).jpg,P100,1,0.3938910067081451,0.5972189903259277,0.6051511936182611
P100 (80).jpg,P100,1,-1.2448662519454956,0.223590075969696,0.2059640164141938
P100 (81).jpg,P100,1,-1.304775357246399,0.2133624106645584,0.1955459587784187
P100 (82).jpg,P100,1,-1.4140503406524658,0.1955960094928741,0.17758119674840625
P100 (83).jpg,P100,1,-1.1589787006378174,0.2388529181480407,0.22160704570792344
P100 (84).jpg,P100,1,-0.3938929140567779,0.4027805030345917,0.39484831235379875
P100 (85).jpg,P100,1,-0.7255557179450989,0.3261707425117492,0.31292113185032894
P100 (86).jpg,P100,1,-0.8055908679962158,0.3088308572769165,0.29457735005417
P100 (87).jpg,P100,1,-1.047810196876526,0.2596458196640014,0.2430886844037859
P100 (88).jpg,P100,1,-0.7329687476158142,0.3245435953140259,0.3111960516060737
P100 (89).jpg,P100,1,-1.2555415630340576,0.2217423319816589,0.20407794195483497
P100 (9).jpg,P100,1,1.1514335870742798,0.7597727179527283,0.7769789113362756
P100 (90).jpg,P100,1,-0.5638391375541687,0.3626596331596374,0.3517859364074134
P100 (91).jpg,P100,1,-0.3056357800960541,0.4241803586483001,0.4179225729543385
P100 (92).jpg,P100,1,-1.2892879247665403,0.2159733772277832,0.19820039038772755
P100 (93).jpg,P100,1,-1.275218844413757,0.2183651626110077,0.20063516034387796
P100 (94).jpg,P100,1,-0.7951512336730957,0.311063677072525,0.29693439007414807
P100 (95).jpg,P100,1,-1.7718607187271118,0.1453110724687576,0.12778508344640932
P100 (96).jpg,P100,1,-1.1816800832748413,0.2347502261400222,0.2173912970524972
P100 (97).jpg,P100,1,-0.9930102229118348,0.2703179121017456,0.2541846783043167
P100 (98).jpg,P100,1,-0.7604886293411255,0.3185402154922485,0.304837885971349
P100 (99).jpg,P100,1,-1.2727288007736206,0.2187905013561248,0.20106840842716905
P114 (1).jpg,P114,1,-0.8143518567085266,0.3069639205932617,0.29260774573783604
P114 (10).jpg,P114,1,0.300180047750473,0.5744865536689758,0.5806380782935971
P114 (11).jpg,P114,1,0.7437593340873718,0.6778173446655273,0.691305667610914
P114 (12).jpg,P114,1,0.3579862415790558,0.5885528922080994,0.5958143607350044
P114 (13).jpg,P114,1,0.3000277578830719,0.5744493007659912,0.580597880881347
P114 (14).jpg,P114,1,0.851921558380127,0.7009701132774353,0.7157501788869342
P114 (15).jpg,P114,1,0.5730535387992859,0.6394674181938171,0.6504883480137083
P114 (16).jpg,P114,1,1.696564793586731,0.8450855016708374,0.8628381747763036
P114 (17).jpg,P114,1,0.831703245639801,0.6967149376869202,0.7112702168012367
P114 (18).jpg,P114,1,1.2627142667770386,0.779492974281311,0.7971820739330829
P114 (19).jpg,P114,1,0.6566572189331055,0.6585091352462769,0.6708015006078609
P114 (2).jpg,P114,1,-0.5722582936286926,0.3607158958911896,0.3497076651945308
P114 (20).jpg,P114,1,-0.4951272904872894,0.3786864578723907,0.36895210712817467
P114 (21).jpg,P114,1,-0.532764732837677,0.3698722720146179,0.35950489876713465
P114 (22).jpg,P114,1,-1.7113116979599,0.1529936641454696,0.1352809093484323
P114 (23).jpg,P114,1,-0.2941677868366241,0.4269838333129883,0.42094968547302586
P114 (24).jpg,P114,1,-0.0734670534729957,0.4816414713859558,0.4801010580975345
P114 (25).jpg,P114,1,-0.0347545519471168,0.4913122355937958,0.49058268407271655
P114 (26).jpg,P114,1,-0.2237392961978912,0.4442973732948303,0.4396624711488848
P114 (27).jpg,P114,1,-0.1159855499863624,0.4710360765457153,0.46860943508761044
P114 (28).jpg,P114,1,-0.0058753862977027,0.4985311329364776,0.4984077847966284
P114 (29).jpg,P114,1,0.1236360892653465,0.530869722366333,0.5334551281248072
P114 (3).jpg,P114,1,-0.4103157818317413,0.3988364040851593,0.39060263810847395
P114 (30).jpg,P114,1,0.9751120209693908,0.7261372804641724,0.7421197692028279
P114 (31).jpg,P114,1,0.0487860068678855,0.5121940970420837,0.5132178519145851
P114 (32).jpg,P114,1,-0.2658496797084808,0.4339263141155243,0.428449637040654
P114 (33).jpg,P114,1,0.5034995079040527,0.6232813596725464,0.6331583689299887
P114 (34).jpg,P114,1,-0.7002930045127869,0.3317472338676452,0.31883881416289905
P114 (35).jpg,P114,1,-0.3430734574794769,0.4150631129741668,0.4080845302544952
P114 (36).jpg,P114,1,-0.6120048761367798,0.3516020178794861,0.33997413249411507
P114 (37).jpg,P114,1,0.8077163100242615,0.6916226148605347,0.705901190915813
P114 (38).jpg,P114,1,1.0884841680526731,0.7480961680412292,0.7649316379870884
P114 (39).jpg,P114,1,3.702223539352417,0.9759253263473512,0.9822452402356204
P114 (4).jpg,P114,1,-0.194458931684494,0.4515379071235657,0.4474961970573686
P114 (40).jpg,P114,1,1.3147131204605105,0.7883007526397705,0.8061430787769657
P114 (41).jpg,P114,1,1.6778922080993652,0.8426252007484436,0.8604250474363409
P114 (42).jpg,P114,1,0.8453385233879089,0.6995883584022522,0.7142961202109462
P114 (43).jpg,P114,1,1.2650588750839231,0.7798957228660583,0.7975926870590619
P114 (44).jpg,P114,1,0.6076066493988037,0.6473946571350098,0.6589552313834289
P114 (45).jpg,P114,1,1.0516263246536257,0.7410870790481567,0.7576716375433313
P114 (46).jpg,P114,1,1.3059502840042114,0.7868346571922302,0.8046543127676253
P114 (47).jpg,P114,1,1.462372660636902,0.8118953108787537,0.8299401143105933
P114 (48).jpg,P114,1,1.704532504081726,0.8461257815361023,0.8638571447599513
P114 (49).jpg,P114,1,1.528568983078003,0.8217968344688416,0.8398294037067234
P114 (5).jpg,P114,1,-0.301898330450058,0.4250935018062591,0.4189084496044287
P114 (50).jpg,P114,1,2.345925092697144,0.9126098155975342,0.9270996937732572
P114 (51).jpg,P114,1,1.7234567403793335,0.8485735654830933,0.8662517683707944
P114 (52).jpg,P114,1,1.1536459922790527,0.7601762413978577,0.7773942076128351
P114 (53).jpg,P114,1,2.3449785709381104,0.912534236907959,0.9270303186911939
P114 (54).jpg,P114,1,2.4955203533172607,0.9238272309303284,0.9373285934800953
P114 (55).jpg,P114,1,1.4203840494155884,0.8053985834121704,0.8234192935728664
P114 (56).jpg,P114,1,1.857685685157776,0.8650270104408264,0.8822300570394694
P114 (57).jpg,P114,1,1.3879541158676147,0.8002654314041138,0.8182496824281317
P114 (58).jpg,P114,1,1.8741960525512693,0.8669430613517761,0.8840768895979144
P114 (59).jpg,P114,1,1.6527986526489258,0.8392689228057861,0.8571262068449884
P114 (6).jpg,P114,1,-0.4655239582061767,0.3856762051582336,0.37645437356601225
P114 (60).jpg,P114,1,2.168801069259644,0.8974126577377319,0.9130110528881255
P114 (61).jpg,P114,1,1.0686171054840088,0.744333803653717,0.7610371950068577
P114 (62).jpg,P114,1,1.3013654947280884,0.7860646843910217,0.8038719349710503
P114 (63).jpg,P114,1,1.533313870429993,0.8224906921386719,0.8405200682847708
P114 (64).jpg,P114,1,1.105818271636963,0.7513486742973328,0.7682934675193263
P114 (65).jpg,P114,1,1.2691032886505127,0.7805891633033752,0.7982995297630096
P114 (66).jpg,P114,1,1.402677059173584,0.8026083707809448,0.8206111013353723
P114 (67).jpg,P114,1,1.753740310668945,0.8524239659309387,0.8700095983874988
P114 (68).jpg,P114,1,1.1650452613830566,0.7622482776641846,0.7795252396554161
P114 (69).jpg,P114,1,0.7353207468986511,0.6759717464447021,0.68935018959141
P114 (7).jpg,P114,1,-0.0550807490944862,0.4862333238124847,0.48507763517686575
P114 (70).jpg,P114,1,1.1301010847091677,0.755857527256012,0.7729462210769623
P114 (71).jpg,P114,1,2.2467472553253174,0.9043696522712708,0.9194916534235243
P114 (72).jpg,P114,1,1.9043530225753784,0.8703833818435669,0.8873852861056356
P114 (73).jpg,P114,1,1.6560145616531372,0.8397022485733032,0.8575525773186596
P114 (74).jpg,P114,1,1.7544559240341189,0.8525139689445496,0.8700973016836056
P114 (75).jpg,P114,1,2.870983123779297,0.9463931918144226,0.9573902469094195
P114 (76).jpg,P114,1,1.1473941802978516,0.7590346336364746,0.7762192397343485
P114 (77).jpg,P114,1,1.3874996900558472,0.8001927733421326,0.8181764136590685
P114 (78).jpg,P114,1,3.3306925296783447,0.9654669165611268,0.9736722200713696
P114 (79).jpg,P114,1,2.757729768753052,0.9403483867645264,0.9520912162829295
P114 (8).jpg,P114,1,-0.2304820120334625,0.4426332414150238,0.4378626168689258
P114 (80).jpg,P114,1,1.7360035181045532,0.8501787185668945,0.8678196979903654
P114 (9).jpg,P114,1,0.3678363859653473,0.5909360647201538,0.5983830586842347
P185 (1).jpg,P185,1,0.7591672539710999,0.6811729073524475,0.6948584947177315
P185 (10).jpg,P185,1,1.3917964696884155,0.8008788824081421,0.8188682814914643
P185 (11).jpg,P185,1,1.88838791847229,0.8685715794563293,0.8856442155593641
P185 (12).jpg,P185,1,2.38504409790039,0.9156797528266908,0.9299142590373055
P185 (13).jpg,P185,1,2.303729295730591,0.9091854095458984,0.9239472836872847
P185 (14).jpg,P185,1,2.2628591060638428,0.9057539701461792,0.9207751056791792
P185 (15).jpg,P185,1,2.287499189376831,0.907836377620697,0.9227017651602742
P185 (16).jpg,P185,1,1.7575749158859253,0.8529056906700134,0.87047896773644
P185 (17).jpg,P185,1,1.9841402769088743,0.8791218400001526,0.8957431147984113
P185 (18).jpg,P185,1,1.6816397905349731,0.8431215286254883,0.8609121972194467
P185 (19).jpg,P185,1,1.0087144374847412,0.7327684760093689,0.7490289799956764
P185 (2).jpg,P185,1,1.2974756956100464,0.7854098677635193,0.8032062990514884
P185 (20).jpg,P185,1,2.023707628250122,0.883263885974884,0.8996811247691909
P185 (21).jpg,P185,1,0.8366891741752625,0.6977674961090088,0.7123788870236263
P185 (22).jpg,P185,1,1.3205426931381226,0.7892719507217407,0.8071287138541118
P185 (23).jpg,P185,1,1.027675986289978,0.7364650368690491,0.7528730411373016
P185 (24).jpg,P185,1,1.5257153511047363,0.8213785886764526,0.8394128652970352
P185 (25).jpg,P185,1,1.604096531867981,0.8325901627540588,0.8505384818876515
P185 (26).jpg,P185,1,0.9041425585746764,0.7118000984191895,0.7271250682316601
P185 (27).jpg,P185,1,0.2038277983665466,0.55078125,0.5550133956101639
P185 (28).jpg,P185,1,1.455342411994934,0.8108192682266235,0.8288618198413283
P185 (29).jpg,P185,1,2.1498265266418457,0.8956525921821594,0.9113635437045492
P185 (3).jpg,P185,1,1.0022605657577517,0.7315028309822083,0.7477115582207357
P185 (30).jpg,P185,1,1.2570475339889526,0.7785174250602722,0.7961870911698572
P185 (31).jpg,P185,1,0.418966144323349,0.6032357811927795,0.6116270719517369
P185 (32).jpg,P185,1,0.5496032238006592,0.6340435743331909,0.6446871494900482
P185 (33).jpg,P185,1,3.242445468902588,0.9624007344245912,0.9711056950071678
P185 (34).jpg,P185,1,2.282000780105591,0.9073753356933594,0.92227558910399
P185 (35).jpg,P185,1,2.9835364818573,0.9518247842788696,0.9620988249966319
P185 (36).jpg,P185,1,1.2864185571670532,0.7835403680801392,0.8013048538584845
P185 (37).jpg,P185,1,2.06550931930542,0.8875054121017456,0.9036974044710115
P185 (38).jpg,P185,1,2.0674195289611816,0.8876959681510925,0.9038774597359384
P185 (39).jpg,P185,1,1.947683811187744,0.8751938343048096,0.891994439132032
P185 (4).jpg,P185,1,0.9059481024742126,0.7121702432632446,0.7275132315192946
P185 (40).jpg,P185,1,2.803912401199341,0.9428868889808656,0.954323713558262
P185 (41).jpg,P185,1,2.776463747024536,0.9413906931877136,0.9530090557450929
P185 (42).jpg,P185,1,2.9803638458251958,0.9516791105270386,0.9619732191900365
P185 (43).jpg,P185,1,3.717402219772339,0.976279318332672,0.9825299179345409
P185 (44).jpg,P185,1,3.4672601222991943,0.969741702079773,0.9772124220117282
P185 (45).jpg,P185,1,2.3953914642333984,0.916475236415863,0.9306417631962512
P185 (46).jpg,P185,1,1.8018852472305296,0.8583782911300659,0.8757986792868537
P185 (47).jpg,P185,1,2.541929006576538,0.9270294308662416,0.9402195817810881
P185 (48).jpg,P185,1,3.3839330673217773,0.9671985507011414,0.975111900519143
P185 (49).jpg,P185,1,3.017467975616455,0.9533571004867554,0.9634174899148645
P185 (5).jpg,P185,1,1.1321542263031006,0.7562362551689148,0.7733365761205363
P185 (50).jpg,P185,1,2.7834103107452397,0.941772758960724,0.9533451236553483
P185 (51).jpg,P185,1,2.1642603874206543,0.89699387550354,0.9126193372898513
P185 (52).jpg,P185,1,3.8704450130462646,0.9795767068862916,0.9851608857173314
P185 (53).jpg,P185,1,3.568598508834839,0.9725778102874756,0.9795345351740296
P185 (54).jpg,P185,1,3.445749044418335,0.9691041111946106,0.9766873535224281
P185 (55).jpg,P185,1,2.3081130981445312,0.9095467925071716,0.924280529596949
P185 (56).jpg,P185,1,3.1146318912506104,0.9574922919273376,0.9669537212625482
P185 (57).jpg,P185,1,2.6298835277557373,0.9327602982521056,0.9453588561899151
P185 (58).jpg,P185,1,2.974790334701538,0.9514220952987672,0.9617515931757195
P185 (59).jpg,P185,1,2.659444570541382,0.934590756893158,0.946990676567859
P185 (6).jpg,P185,1,0.5469005703926086,0.6334161758422852,0.6440157810813684
P185 (60).jpg,P185,1,3.0288655757904053,0.9538612961769104,0.9638504454484798
P185 (61).jpg,P185,1,2.973509788513184,0.9513629078865052,0.9617004983765471
P185 (62).jpg,P185,1,1.9985331296920776,0.8806430101394653,0.8971911527216637
P185 (63).jpg,P185,1,2.10857367515564,0.8917337656021118,0.9076841652896565
P185 (64).jpg,P185,1,2.5608444213867188,0.9282986521720886,0.9413617059578306
P185 (65).jpg,P185,1,2.0902647972106934,0.8899533748626709,0.9060076274109344
P185 (66).jpg,P185,1,2.076558828353882,0.8886038661003113,0.904734767455215
P185 (67).jpg,P185,1,2.3159940242767334,0.9101929664611816,0.9248762486766867
P185 (68).jpg,P185,1,2.5396597385406494,0.9268758296966552,0.9400811706037937
P185 (69).jpg,P185,1,3.196621417999268,0.9607069492340088,0.9696788019225655
P185 (7).jpg,P185,1,0.4706312119960785,0.615533173084259,0.6248442903365106
P185 (70).jpg,P185,1,2.853811025619507,0.945515275001526,0.9566243876382154
P185 (71).jpg,P185,1,1.7222732305526731,0.8484213948249817,0.866103060176074
P185 (72).jpg,P185,1,1.647916555404663,0.8386092185974121,0.8564768982689291
P185 (73).jpg,P185,1,2.439056158065796,0.9197574257850648,0.9336353718858595
P185 (74).jpg,P185,1,2.2525439262390137,0.904869794845581,0.9199555802311196
P185 (75).jpg,P185,1,2.442438840866089,0.9200067520141602,0.9338622076593023
P185 (76).jpg,P185,1,1.918225646018982,0.8719404935836792,0.8888793253576909
P185 (77).jpg,P185,1,2.7129480838775635,0.9377864003181458,0.9498277664693107
P185 (78).jpg,P185,1,2.918001413345337,0.9487291574478148,0.9594216293540656
P185 (79).jpg,P185,1,2.276810884475708,0.9069381952285768,0.921871352734071
P185 (8).jpg,P185,1,0.8832798600196838,0.7075014114379883,0.7226149501478624
P185 (80).jpg,P185,1,1.280488133430481,0.782532811164856,0.8002793481529574
P185 (81).jpg,P185,1,1.1076894998550415,0.7516980767250061,0.7686543639160086
P185 (82).jpg,P185,1,1.11326801776886,0.7527378797531128,0.7697279373306081
P185 (83).jpg,P185,1,1.6821967363357544,0.8431951403617859,0.8609844730363018
P185 (9).jpg,P185,1,0.8795984387397766,0.7067390084266663,0.7218143462096344
