image_id,patient_id,label,logit,prob,prob_calibrated
P055 (1).jpg,P055,0,-1.8792492151260376,0.1324751228094101,0.24436018470761586
P055 (10).jpg,P055,0,-0.4544180929660797,0.3883108496665954,0.4321750142916687
P055 (2).jpg,P055,0,-2.607992887496948,0.0686257779598236,0.17268737524575262
P055 (3).jpg,P055,0,-6.29869270324707,0.0018353322520852,0.022230382402670806
P055 (4).jpg,P055,0,-0.1587837040424347,0.4603872895240783,0.47617152758408626
P055 (5).jpg,P055,0,-0.4593081474304199,0.3871499896049499,0.43145427135975395
P055 (6).jpg,P055,0,-0.993065357208252,0.2703070342540741,0.35513013712607544
P055 (7).jpg,P055,0,-3.259525775909424,0.036986093968153,0.12367334200631677
P055 (8).jpg,P055,0,-2.167664766311645,0.1026920229196548,0.2137981164234701
P055 (9).jpg,P055,0,-0.7216551303863525,0.3270286023616791,0.39328611603922187
P115 (1).jpg,P115,0,-1.151618242263794,0.240193635225296,0.3336301696119672
P115 (10).jpg,P115,0,1.6879547834396362,0.8439549803733826,0.7338032425329658
P115 (11).jpg,P115,0,3.0156195163726807,0.9532747268676758,0.8595519193643624
P115 (12).jpg,P115,0,3.200031042098999,0.9608353972434998,0.8724008046415346
P115 (13).jpg,P115,0,-0.0369786694645881,0.4907563924789428,0.49444667863364233
P115 (14).jpg,P115,0,0.1819784939289093,0.5453695058822632,0.527302803064242
P115 (15).jpg,P115,0,-0.2333865910768509,0.4419167637825012,0.46500671610266986
P115 (16).jpg,P115,0,0.8994272947311401,0.7108317613601685,0.6318852328573215
P115 (17).jpg,P115,0,-0.3577620685100555,0.4115014374256134,0.4464762544246108
P115 (18).jpg,P115,0,0.0094526708126068,0.5023631453514099,0.501419622099679
P115 (19).jpg,P115,0,1.3629642724990845,0.796241044998169,0.6939759540716732
P115 (2).jpg,P115,0,-1.2708207368850708,0.2191168069839477,0.31790415653654
P115 (20).jpg,P115,0,1.758712887763977,0.8530483841896057,0.7420233676762409
P115 (21).jpg,P115,0,1.5170356035232544,0.8201015591621399,0.7132720226050538
P115 (22).jpg,P115,0,0.2809588015079498,0.5697812438011169,0.5420952180488042
P115 (23).jpg,P115,0,-0.7726562023162842,0.3159047961235046,0.38599993823557516
P115 (24).jpg,P115,0,-0.875293493270874,0.2941540479660034,0.37149347099848845
P115 (25).jpg,P115,0,-0.0035216957330703,0.4991195201873779,0.4994711030607533
P115 (26).jpg,P115,0,0.570002555847168,0.6387637853622437,0.5847776862216256
P115 (27).jpg,P115,0,0.1840969324111938,0.5458947420120239,0.5276199957699615
P115 (28).jpg,P115,0,0.9341628551483154,0.7179190516471863,0.6367254614890168
P115 (29).jpg,P115,0,-0.8544001579284668,0.2985106408596039,0.3744287099784768
P115 (3).jpg,P115,0,-1.3841514587402344,0.2003430724143982,0.3033276982821954
P115 (30).jpg,P115,0,0.9353926181793212,0.7181680798530579,0.6368963229444696
P115 (31).jpg,P115,0,-0.7363792657852173,0.3237963914871216,0.3911775405354923
P115 (32).jpg,P115,0,0.773533821105957,0.6842848062515259,0.6141250055981209
P115 (33).jpg,P115,0,0.7966086864471436,0.6892485618591309,0.6174046633526944
P115 (34).jpg,P115,0,-1.1430460214614868,0.241761565208435,0.33477601136254964
P115 (35).jpg,P115,0,-2.3629496097564697,0.0860419645905494,0.19474077968907805
P115 (36).jpg,P115,0,0.6108061075210571,0.648124635219574,0.5907168536091902
P115 (37).jpg,P115,0,-0.1258370578289032,0.4685821831226349,0.4811104681123999
P115 (38).jpg,P115,0,0.4073021709918976,0.6004408001899719,0.5608663083816289
P115 (39).jpg,P115,0,-2.9661190509796143,0.0489801838994026,0.1440764594268046
P115 (4).jpg,P115,0,-2.0657272338867188,0.1124728471040725,0.22427162834811842
P115 (40).jpg,P115,0,-2.329054832458496,0.0887450650334358,0.19795368173377514
P115 (41).jpg,P115,0,-1.8483459949493408,0.1360672116279602,0.2478043330543382
P115 (42).jpg,P115,0,-2.8931362628936768,0.0524939075112342,0.14956791720896737
P115 (43).jpg,P115,0,-2.754202127456665,0.0598497688770294,0.1604973699074331
P115 (44).jpg,P115,0,-2.545477867126465,0.0727308765053749,0.17811880038085776
P115 (45).jpg,P115,0,-1.1629472970962524,0.2381321489810943,0.33211883522044355
P115 (5).jpg,P115,0,-1.593891978263855,0.1688370406627655,0.27737924622247884
P115 (6).jpg,P115,0,1.1498078107833862,0.759475827217102,0.6661279945517206
P115 (7).jpg,P115,0,0.602251410484314,0.6461712718009949,0.5894738030542875
P115 (8).jpg,P115,0,0.8324899673461914,0.6968811750411987,0.6224832452370341
P115 (9).jpg,P115,0,1.7030646800994873,0.8459345698356628,0.7355725348355778
P167 (1).jpg,P167,0,2.4992377758026123,0.9240883588790894,0.8177783155170485
P167 (10).jpg,P167,0,1.1589480638504028,0.7611415386199951,0.6673480462207113
P167 (11).jpg,P167,0,0.9159990549087524,0.7142261862754822,0.634197809056881
P167 (12).jpg,P167,0,-0.1447618454694748,0.4638725817203522,0.4782729922511919
P167 (13).jpg,P167,0,0.1238642036914825,0.530926525592804,0.5185936599740893
P167 (14).jpg,P167,0,-0.4801970422267914,0.382205605506897,0.4283787700253131
P167 (15).jpg,P167,0,0.4638735949993133,0.6139326691627502,0.5692183660232388
P167 (16).jpg,P167,0,0.0401535332202911,0.5100370049476624,0.5060300663908882
P167 (17).jpg,P167,0,-1.8460849523544312,0.1363332122564315,0.2480575988670279
P167 (18).jpg,P167,0,-1.2324970960617063,0.225744679570198,0.32291710197930423
P167 (19).jpg,P167,0,-3.786434173583984,0.0221735052764415,0.09324643440457404
P167 (2).jpg,P167,0,0.2288435995578766,0.5569624900817871,0.5343142834423511
P167 (3).jpg,P167,0,0.6287866830825806,0.6522142887115479,0.5933257487513839
P167 (4).jpg,P167,0,-0.5337861776351929,0.3696342706680298,0.42051456534543247
P167 (5).jpg,P167,0,-0.9036513566970824,0.2883007228374481,0.3675247215755372
P167 (6).jpg,P167,0,-0.5702931880950928,0.3611691892147064,0.4151799213568953
P167 (7).jpg,P167,0,-0.6621363162994385,0.3402598798274994,0.401849392886685
P167 (8).jpg,P167,0,0.4951371252536773,0.6213158965110779,0.5738175048303057
P167 (9).jpg,P167,0,-0.5826071500778198,0.3583329319953918,0.41338493392635883
P123 (1).jpg,P123,0,-6.248774528503418,0.0019290926866233,0.022891617181191495
P123 (10).jpg,P123,0,-3.5022895336151123,0.0292471572756767,0.10871536861097551
P123 (11).jpg,P123,0,-2.2700912952423096,0.0936304628849029,0.20363764839230175
P123 (12).jpg,P123,0,-4.021634101867676,0.0176080502569675,0.08196700376376703
P123 (13).jpg,P123,0,-6.19748592376709,0.0020304082427173,0.023591001876502215
P123 (14).jpg,P123,0,-8.433134078979492,0.0002174913388444,0.006267831517482783
P123 (15).jpg,P123,0,-8.702051162719727,0.0001662168215261,0.005337830480618839
P123 (16).jpg,P123,0,-6.911876201629639,0.0009948967490345,0.015486606980560827
P123 (17).jpg,P123,0,-7.407939434051514,0.00060605147155,0.011541789808315476
P123 (18).jpg,P123,0,-5.5310821533203125,0.0039460663683712,0.034801025941825665
P123 (19).jpg,P123,0,-5.917568683624268,0.0026845107786357,0.027790921334383305
P123 (2).jpg,P123,0,-6.232051372528076,0.0019615606870502,0.0231174046176483
P123 (20).jpg,P123,0,-5.885293006896973,0.0027723244857043,0.028319607785631144
P123 (21).jpg,P123,0,-7.749804019927978,0.0004306414339225,0.009419208575844449
P123 (22).jpg,P123,0,-7.603937149047852,0.0004982365644536,0.01027296248606139
P123 (23).jpg,P123,0,-6.790468215942383,0.0011231792159378,0.016638811340473614
P123 (24).jpg,P123,0,-6.356563091278076,0.0017323144711554,0.02148715435057054
P123 (25).jpg,P123,0,-6.387501239776611,0.0016796292038634,0.02109984189520459
P123 (26).jpg,P123,0,-5.657639026641846,0.0034786062315106,0.03233568194674926
P123 (27).jpg,P123,0,-4.946951389312744,0.0070549114607274,0.048717049569258056
P123 (28).jpg,P123,0,-4.492179393768311,0.0110722491517663,0.06305676953876221
P123 (29).jpg,P123,0,-9.697178840637209,6.145285442471504e-05,0.0029429750195284795
P123 (3).jpg,P123,0,-5.882676601409912,0.0027795671485364,0.02836289076038167
P123 (30).jpg,P123,0,-5.941678524017334,0.0026207291521131,0.027402262401705565
P123 (31).jpg,P123,0,-4.720768451690674,0.0088296718895435,0.05541435987104796
P123 (32).jpg,P123,0,-3.714335441589356,0.0237917862832546,0.09697359995900645
P123 (33).jpg,P123,0,-2.900286674499512,0.0521393939852714,0.14902236716599665
P123 (34).jpg,P123,0,-3.0491585731506348,0.0452538132667541,0.138033349550748
P123 (35).jpg,P123,0,-4.734457969665527,0.0087106684222817,0.05498547195803926
P123 (36).jpg,P123,0,-5.88628625869751,0.0027695796452462,0.028303193303461274
P123 (37).jpg,P123,0,-3.4574942588806152,0.030546149238944,0.11135042291145929
P123 (38).jpg,P123,0,-4.327554702758789,0.0130278198048472,0.0691582281863325
P123 (39).jpg,P123,0,-4.856509208679199,0.0077175619080662,0.051297602032394335
P123 (4).jpg,P123,0,-6.212385654449463,0.0020004401449114,0.023385703704033412
P123 (40).jpg,P123,0,-4.602784156799316,0.0099244080483913,0.05924335466156277
P123 (41).jpg,P123,0,-7.452316284179687,0.0005797600606456,0.011241581130063568
P123 (42).jpg,P123,0,-6.247104167938232,0.0019323115702718,0.022914072371952286
P123 (43).jpg,P123,0,-4.208216190338135,0.0146549139171838,0.07391829985010175
P123 (44).jpg,P123,0,-6.639194488525391,0.0013063716469332,0.01819289346595199
P123 (45).jpg,P123,0,-7.65817403793335,0.0004719459393527,0.009946921270835962
P123 (46).jpg,P123,0,-3.581376791000366,0.0270834155380725,0.10419666697118603
P123 (47).jpg,P123,0,-3.8432579040527344,0.0209743417799472,0.09040000505807727
P123 (48).jpg,P123,0,-4.797215938568115,0.0081851417198777,0.053059019645934194
P123 (49).jpg,P123,0,-3.7022321224212646,0.0240745209157466,0.09761217274334796
P123 (5).jpg,P123,0,-3.2527339458465576,0.0372287705540657,0.12411621076663266
P123 (50).jpg,P123,0,-3.248823642730713,0.0373691841959953,0.12437180334138659
P123 (51).jpg,P123,0,-3.4818789958953857,0.029832249507308,0.10990914865227078
P123 (52).jpg,P123,0,-4.238043785095215,0.0142303770408034,0.07270103734011882
P123 (53).jpg,P123,0,-3.784050464630127,0.0222252458333969,0.09336757984332868
P123 (54).jpg,P123,0,-4.031731605529785,0.0174342319369316,0.08151171224944148
P123 (55).jpg,P123,0,-3.659223079681397,0.0251059718430042,0.0999117642320701
P123 (6).jpg,P123,0,-4.362167835235596,0.0125901820138096,0.06783159405476942
P123 (7).jpg,P123,0,-4.145571231842041,0.0155875692144036,0.07653609021436245
P123 (8).jpg,P123,0,-3.7571380138397217,0.0228176694363355,0.09474515391396934
P123 (9).jpg,P123,0,-2.887678861618042,0.0527660101652145,0.14998540347094436
P124 (1).jpg,P124,0,-1.9279686212539675,0.1269755959510803,0.23899655690011629
P124 (10).jpg,P124,0,-4.525638580322266,0.0107118124142289,0.06187963066495087
P124 (11).jpg,P124,0,-5.989174842834473,0.0024994676932692,0.02665200053474313
P124 (12).jpg,P124,0,-3.957099914550781,0.0187598206102848,0.08493188419701231
P124 (13).jpg,P124,0,-6.666417121887207,0.0012713330797851,0.017903079461661673
P124 (14).jpg,P124,0,-7.236900806427002,0.0007190208998508,0.01277479654873868
P124 (15).jpg,P124,0,-5.8767991065979,0.0027959065046161,0.028460355959848326
P124 (16).jpg,P124,0,-6.53303337097168,0.0014524740399792,0.019367722846913082
P124 (17).jpg,P124,0,-5.200016975402832,0.005486206151545,0.04213586799936073
P124 (18).jpg,P124,0,-5.098459243774414,0.006069088820368,0.0446681601294212
P124 (19).jpg,P124,0,-0.2696440517902374,0.4329944849014282,0.45959249143581193
P124 (2).jpg,P124,0,-0.7663131952285767,0.3172771632671356,0.38690341791895166
P124 (20).jpg,P124,0,-4.09984302520752,0.0163050163537263,0.07850037177454794
P124 (3).jpg,P124,0,-2.3368523120880127,0.0881165117025375,0.19721103574057272
P124 (4).jpg,P124,0,-1.957509398460388,0.1237368509173393,0.2357839225095191
P124 (5).jpg,P124,0,-3.941990852355957,0.0190399773418903,0.0856399560069021
P124 (6).jpg,P124,0,-2.754159927368164,0.0598521418869495,0.1605007856604181
P124 (7).jpg,P124,0,-4.620659351348877,0.0097502972930669,0.05864770307134788
P124 (8).jpg,P124,0,-0.5720126628875732,0.3607725501060486,0.41492913972780743
P124 (9).jpg,P124,0,-1.5902591943740845,0.1693474352359771,0.27781688339665495
P164 (1).jpg,P164,0,-3.721477270126343,0.0236264746636152,0.096598547686106
P164 (10).jpg,P164,0,-2.097684860229492,0.109322041273117,0.22094938225226074
P164 (11).jpg,P164,0,-2.3533244132995605,0.0868018940091133,0.19564911794843334
P164 (12).jpg,P164,0,-5.690352439880371,0.0033670268021523,0.031726390640892936
P164 (13).jpg,P164,0,-6.081225872039795,0.0022801621817052,0.02525442054159493
P164 (14).jpg,P164,0,-5.960755348205566,0.0025713350623846,0.02709848559134421
P164 (15).jpg,P164,0,-5.599615573883057,0.0036856511142104,0.033444302224186796
P164 (16).jpg,P164,0,-6.1277174949646,0.0021768058650195,0.024575944712622217
P164 (17).jpg,P164,0,-5.332360744476318,0.0048094056546688,0.039041371113661794
P164 (18).jpg,P164,0,-3.9993233680725098,0.0179981645196676,0.08298120501842814
P164 (19).jpg,P164,0,-5.286472320556641,0.0050341067835688,0.04008883335271861
P164 (2).jpg,P164,0,-3.332404136657715,0.0344761088490486,0.11900615858086461
P164 (20).jpg,P164,0,-4.089895248413086,0.0164653416723012,0.0789337492083789
P164 (21).jpg,P164,0,-5.71706485748291,0.0032785672228783,0.031237118106073533
P164 (22).jpg,P164,0,-4.18000602722168,0.0150678995996713,0.07508678460890171
P164 (23).jpg,P164,0,-4.389064311981201,0.012260160408914,0.06681705271057285
P164 (24).jpg,P164,0,-4.282745838165283,0.0136167295277118,0.0709113118160717
P164 (25).jpg,P164,0,-1.9884226322174072,0.120423823595047,0.23245413866302853
P164 (26).jpg,P164,0,-5.407257080078125,0.0044639063999056,0.03738795206137516
P164 (27).jpg,P164,0,-4.4087419509887695,0.0120241409167647,0.06608375006114739
P164 (28).jpg,P164,0,-3.9273502826690674,0.0193153601139783,0.08633117205397747
P164 (29).jpg,P164,0,-5.067442417144775,0.0062590856105089,0.045470053626204855
P164 (3).jpg,P164,0,-3.675783157348633,0.0247038248926401,0.09902068817954511
P164 (30).jpg,P164,0,-5.8560967445373535,0.0028542245272547,0.02880625458616044
P164 (31).jpg,P164,0,-5.341800689697266,0.0047644339501857,0.038829171952211104
P164 (32).jpg,P164,0,-4.714832305908203,0.0088817756623029,0.05560131449472313
P164 (33).jpg,P164,0,-5.814866065979004,0.0029740086756646,0.029507335952309185
P164 (34).jpg,P164,0,-5.465054512023926,0.004214275162667,0.03615822803177645
P164 (35).jpg,P164,0,-4.205293655395508,0.0146971754729747,0.0740385720473167
P164 (36).jpg,P164,0,-4.363455295562744,0.0125741874799132,0.06778270693231664
P164 (37).jpg,P164,0,-5.477753162384033,0.0041613187640905,0.035893308650730406
P164 (38).jpg,P164,0,-6.957451343536377,0.0009506140486337,0.015074665600177742
P164 (39).jpg,P164,0,-5.834367752075195,0.0029167397879064,0.02917369325436918
P164 (4).jpg,P164,0,-3.134298086166382,0.0417144522070884,0.13205989626548123
P164 (40).jpg,P164,0,-4.827653884887695,0.0079417051747441,0.052147785284047066
P164 (41).jpg,P164,0,-4.29280424118042,0.0134822912514209,0.07051425264059692
P164 (42).jpg,P164,0,-4.177702903747559,0.0151021191850304,0.07518292733080995
P164 (43).jpg,P164,0,-4.749475955963135,0.0085819428786635,0.054518560568611325
P164 (44).jpg,P164,0,-3.639468193054199,0.0255940463393926,0.10098406704614896
P164 (45).jpg,P164,0,-4.406445503234863,0.0120514519512653,0.06616894200699276
P164 (46).jpg,P164,0,-5.846216201782227,0.0028824838809669,0.02897277516131135
P164 (47).jpg,P164,0,-5.440371513366699,0.0043191355653107,0.03667855874356075
P164 (48).jpg,P164,0,-6.029682159423828,0.0024004825390875,0.026027955665029905
P164 (49).jpg,P164,0,-5.466924667358398,0.0042064343579113,0.03611909498704982
P164 (5).jpg,P164,0,-2.270929336547852,0.0935593694448471,0.20355601858087
P164 (50).jpg,P164,0,-6.123038768768311,0.0021869919728487,0.02464341166892833
P164 (51).jpg,P164,0,-6.038022041320801,0.0023805934470146,0.02590125034117595
P164 (52).jpg,P164,0,-5.1050286293029785,0.0060295891016721,0.044500056851792875
P164 (53).jpg,P164,0,-4.95460319519043,0.0070015112869441,0.0485044642443753
P164 (54).jpg,P164,0,-5.721991539001465,0.0032625070307403,0.031147680555704747
P164 (55).jpg,P164,0,-5.150791645050049,0.0057614287361502,0.0433456639282826
P164 (56).jpg,P164,0,-5.1977739334106445,0.0054984581656754,0.042190285750841376
P164 (57).jpg,P164,0,-5.9583282470703125,0.0025775674730539,0.027136951909951468
P164 (58).jpg,P164,0,-5.481203079223633,0.0041470471769571,0.03582165985193239
P164 (59).jpg,P164,0,-5.259809970855713,0.0051694298163056,0.04070975086178911
P164 (6).jpg,P164,0,-1.347094178199768,0.2063458412885666,0.3080524732248586
P164 (60).jpg,P164,0,-7.009685039520264,0.0009022781741805,0.014615797878073078
P164 (61).jpg,P164,0,-7.155533790588379,0.0007799240411259,0.013406157130986458
P164 (62).jpg,P164,0,-6.8529486656188965,0.001055221655406,0.0160356961370068
P164 (63).jpg,P164,0,-5.275918006896973,0.0050872480496764,0.04033353146305923
P164 (64).jpg,P164,0,-5.899128437042236,0.0027343360707163,0.028091793482888136
P164 (65).jpg,P164,0,-4.060160636901856,0.01695385761559,0.0802422151100548
P164 (66).jpg,P164,0,-4.888976573944092,0.0074728606268763,0.05035667569772953
P164 (67).jpg,P164,0,-3.2383923530578613,0.0377462394535541,0.1250558426955131
P164 (68).jpg,P164,0,-3.031409740447998,0.0460268892347812,0.13930684935469928
P164 (69).jpg,P164,0,-3.255556344985962,0.0371277369558811,0.12393200806003736
P164 (7).jpg,P164,0,-1.5629185438156128,0.1732282489538192,0.2811241721938763
P164 (70).jpg,P164,0,-3.257951498031616,0.0370422080159187,0.123775873538741
P164 (71).jpg,P164,0,-1.7055398225784302,0.1537431180477142,0.2641383575885251
P164 (72).jpg,P164,0,-1.196364402770996,0.2321226000785827,0.3276810610853696
P164 (8).jpg,P164,0,-2.453701496124268,0.0791682824492454,0.18633353202555888
P164 (9).jpg,P164,0,-2.5990607738494877,0.0691988915205001,0.17345531337298803
P052 (1).jpg,P052,0,-4.5303263664245605,0.010662249289453,0.06171635642978257
P052 (10).jpg,P052,0,-3.220648765563965,0.0383960269391536,0.1262267975952424
P052 (11).jpg,P052,0,-4.131878852844238,0.0157990735024213,0.07711947808160348
P052 (12).jpg,P052,0,-1.5494701862335205,0.1751627922058105,0.2827597339761611
P052 (13).jpg,P052,0,-1.939311385154724,0.1257235258817672,0.23775946157178468
P052 (14).jpg,P052,0,-1.865326166152954,0.1340834498405456,0.24590788212153913
P052 (15).jpg,P052,0,-1.3720530271530151,0.202288344502449,0.30486574090121576
P052 (16).jpg,P052,0,-4.898657321929932,0.0074013983830809,0.050079298674128456
P052 (17).jpg,P052,0,-4.772744178771973,0.0083862161263823,0.053802520994382826
P052 (18).jpg,P052,0,-3.86823844909668,0.0204674750566482,0.08917360888318045
P052 (19).jpg,P052,0,-5.102468967437744,0.006044948939234,0.044565483912355076
P052 (2).jpg,P052,0,-2.4963839054107666,0.0761120691895484,0.1824772991861798
P052 (20).jpg,P052,0,-4.585059642791748,0.0101000880822539,0.05983957869456429
P052 (21).jpg,P052,0,-3.93200159072876,0.0192274507135152,0.08611102699273775
P052 (22).jpg,P052,0,-4.136146545410156,0.0157328490167856,0.0769372097408009
P052 (23).jpg,P052,0,-5.321530342102051,0.004861522000283,0.03928619659562918
P052 (24).jpg,P052,0,-5.394039154052734,0.0045230332762002,0.03767478010835254
P052 (25).jpg,P052,0,-4.519368171691895,0.0107784653082489,0.062098657991385094
P052 (26).jpg,P052,0,-4.097165584564209,0.0163480155169963,0.07861680060655409
P052 (27).jpg,P052,0,-1.484844207763672,0.1846968531608581,0.2906992136983396
P052 (3).jpg,P052,0,-2.066030979156494,0.112442523241043,0.22423988512216478
P052 (4).jpg,P052,0,-3.466084241867065,0.0302927941083908,0.1108408304352041
P052 (5).jpg,P052,0,-2.215830087661743,0.0983379259705543,0.20897486244310548
P052 (6).jpg,P052,0,-1.9651724100112915,0.1229083612561225,0.2349554453489211
P052 (7).jpg,P052,0,-1.7612946033477783,0.146628275513649,0.257679860509713
P052 (8).jpg,P052,0,-2.410832166671753,0.082350417971611,0.19026959195968363
P052 (9).jpg,P052,0,-2.592437267303467,0.0696267336606979,0.1740265096456331
P049 (1).jpg,P049,0,1.05876362323761,0.7424542307853699,0.6538557469144552
P049 (10).jpg,P049,0,-5.681324005126953,0.0033974598627537,0.03189342812449461
P049 (11).jpg,P049,0,-5.349749565124512,0.0047268904745578,0.03865134907876611
P049 (12).jpg,P049,0,-2.38037657737732,0.0846813693642616,0.19310432425564958
P049 (13).jpg,P049,0,-3.616219997406006,0.0261802747845649,0.10225906268404696
P049 (14).jpg,P049,0,-3.698289394378662,0.0241673309355974,0.09782100006066251
P049 (15).jpg,P049,0,-1.1407352685928345,0.2421853840351104,0.33508522216524944
P049 (16).jpg,P049,0,1.3100122213363647,0.7875152230262756,0.6871790154965245
P049 (17).jpg,P049,0,0.2453008294105529,0.5610195398330688,0.5367733765340186
P049 (18).jpg,P049,0,1.1518871784210205,0.7598554491996765,0.6664057471800345
P049 (19).jpg,P049,0,1.4693363904953003,0.8129565119743347,0.7073761492717494
P049 (2).jpg,P049,0,-0.8329477310180664,0.3030221462249756,0.3774521343145868
P049 (20).jpg,P049,0,-6.538640022277832,0.0014443650143221,0.019303857571901818
P049 (21).jpg,P049,0,-7.719040393829346,0.0004440894408617,0.009593214534475534
P049 (22).jpg,P049,0,-7.744149684906006,0.0004330822848714,0.009450954582997828
P049 (23).jpg,P049,0,-8.356374740600586,0.000234839200857,0.0065616778761421884
P049 (24).jpg,P049,0,-6.361077308654785,0.0017245255876332,0.02143021089492526
P049 (25).jpg,P049,0,-8.282721519470215,0.000252784229815,0.006856487254441912
P049 (26).jpg,P049,0,-8.10986042022705,0.0003004705067723,0.007601063049772027
P049 (3).jpg,P049,0,-6.383073329925537,0.0016870701219886,0.021154852836274444
P049 (4).jpg,P049,0,-5.067101955413818,0.0062612034380435,0.045478931379595
P049 (5).jpg,P049,0,-3.1494436264038086,0.0411132089793682,0.13102052567356864
P049 (6).jpg,P049,0,-1.2453635931015017,0.2235037535429,0.32122947519926653
P049 (7).jpg,P049,0,-4.227661609649658,0.0143767539411783,0.0731226228307434
P049 (8).jpg,P049,0,-4.87378454208374,0.0075863865204155,0.050794899148621155
P049 (9).jpg,P049,0,-4.548847675323486,0.0104686366394162,0.06107519360160556
P014 (1).jpg,P014,0,-0.9579111337661744,0.2772966027259826,0.35998113426514056
P014 (10).jpg,P014,0,-3.6723556518554688,0.024786539375782,0.09920453530791973
P014 (11).jpg,P014,0,-3.106977224349976,0.0428203679621219,0.13395248059592257
P014 (12).jpg,P014,0,-5.459327697753906,0.0042383759282529,0.03627831572537534
P014 (13).jpg,P014,0,-4.178168296813965,0.0150951985269784,0.07516349061994401
P014 (14).jpg,P014,0,-4.684744358062744,0.0091505879536271,0.05655807439557262
P014 (15).jpg,P014,0,-4.208944320678711,0.0146444039419293,0.07388836281159493
P014 (16).jpg,P014,0,-1.5373568534851074,0.1769198328256607,0.28423785643981236
P014 (17).jpg,P014,0,-3.4970743656158447,0.0293955877423286,0.1090193082857423
P014 (18).jpg,P014,0,-3.3804917335510254,0.0329107418656349,0.11601064601646142
P014 (19).jpg,P014,0,-2.814110517501831,0.0565664134919643,0.15570735877110473
P014 (2).jpg,P014,0,-0.7024856805801392,0.3312613368034363,0.3960372440063503
P014 (20).jpg,P014,0,-3.1303822994232178,0.0418712645769119,0.13232975406000813
P014 (21).jpg,P014,0,-3.2483794689178467,0.0373851619660854,0.12440086480776005
P014 (22).jpg,P014,0,-0.7706243991851807,0.3163440227508545,0.38628925728607966
P014 (23).jpg,P014,0,-4.348282337188721,0.0127639751881361,0.06836093212765035
P014 (24).jpg,P014,0,-4.478924751281738,0.0112183270975947,0.06352883659579357
P014 (25).jpg,P014,0,-0.7691445350646973,0.3166641891002655,0.38650003342691325
P014 (26).jpg,P014,0,-4.485518932342529,0.0111454175785183,0.06329357299517939
P014 (27).jpg,P014,0,-2.11587905883789,0.1075630113482475,0.21907376639264806
P014 (28).jpg,P014,0,-2.129483699798584,0.106264017522335,0.2176787848255107
P014 (29).jpg,P014,0,-2.032968521118164,0.1157846599817276,0.22771385184915668
P014 (3).jpg,P014,0,-3.1603736877441406,0.0406844653189182,0.13027476690098996
P014 (30).jpg,P014,0,-3.096681833267212,0.0432443358004093,0.1346715944221766
P014 (31).jpg,P014,0,-2.658480167388916,0.0654682591557502,0.16839726370132294
P014 (32).jpg,P014,0,-1.916267156600952,0.1282784044742584,0.24027739314532595
P014 (4).jpg,P014,0,-1.0184791088104248,0.2653237581253052,0.35164162785129266
P014 (5).jpg,P014,0,-2.5455496311187744,0.0727260336279869,0.1781124893726058
P014 (6).jpg,P014,0,-3.4867403507232666,0.029691869392991,0.10962377747928202
P014 (7).jpg,P014,0,-3.352335929870605,0.0338187552988529,0.11775651489363922
P014 (8).jpg,P014,0,-4.897066593170166,0.0074130948632955,0.05012477735178731
P014 (9).jpg,P014,0,-5.361266136169434,0.0046730181202292,0.038395099914818674
P044 (1).jpg,P044,0,2.800161123275757,0.9426844716072084,0.8431878273639318
P044 (10).jpg,P044,0,2.463289976119995,0.9215279221534728,0.814538196839296
P044 (11).jpg,P044,0,6.847082138061523,0.9989386200904846,0.983908602148667
P044 (12).jpg,P044,0,8.978477478027344,0.9998738765716552,0.995475175792109
P044 (13).jpg,P044,0,5.325228691101074,0.9951564073562622,0.9607975711447797
P044 (14).jpg,P044,0,2.1458182334899902,0.8952773213386536,0.7839876271711235
P044 (15).jpg,P044,0,6.9761457443237305,0.9990670084953308,0.9850911703542243
P044 (16).jpg,P044,0,5.255690574645996,0.9948092699050904,0.9591934982223065
P044 (17).jpg,P044,0,7.937407970428467,0.9996429681777954,0.9915762411747104
P044 (18).jpg,P044,0,5.960625648498535,0.9974283576011658,0.9728994601824118
P044 (19).jpg,P044,0,4.717879295349121,0.9911449551582336,0.944494722267534
P044 (2).jpg,P044,0,0.9976515769958496,0.7305966019630432,0.6455005591560017
P044 (20).jpg,P044,0,6.579962253570557,0.9986139535903932,0.9811605166489928
P044 (21).jpg,P044,0,4.780792236328125,0.9916804432868958,0.9464430732310743
P044 (22).jpg,P044,0,5.957908630371094,0.997421383857727,0.9728563923449679
P044 (23).jpg,P044,0,2.860945701599121,0.945881724357605,0.8479556563185936
P044 (24).jpg,P044,0,3.3239924907684326,0.9652427434921264,0.880463031957865
P044 (25).jpg,P044,0,5.241634368896484,0.9947362542152404,0.9588617048554015
P044 (26).jpg,P044,0,1.5987732410430908,0.8318468332290649,0.7232081244172994
P044 (27).jpg,P044,0,5.47846794128418,0.9958416819572448,0.9641215473921783
P044 (28).jpg,P044,0,4.869421005249023,0.992380678653717,0.9490785661558917
P044 (29).jpg,P044,0,-1.1836309432983398,0.2343999594449997,0.3293684810664686
P044 (3).jpg,P044,0,3.5890560150146484,0.973118245601654,0.8962331367697801
P044 (30).jpg,P044,0,5.719825267791748,0.9967304468154908,0.9688130241542858
P044 (4).jpg,P044,0,2.313720703125,0.9100070595741272,0.8005797290218848
P044 (5).jpg,P044,0,2.78859281539917,0.9420562982559204,0.8422667659801732
P044 (6).jpg,P044,0,5.552847862243652,0.9961385130882264,0.9656355112934547
P044 (7).jpg,P044,0,6.30306339263916,0.998172640800476,0.9778266167093526
P044 (8).jpg,P044,0,4.386341094970703,0.9877068400382996,0.9330808713202676
P044 (9).jpg,P044,0,2.575894832611084,0.9292940497398376,0.8245404254392122
P038 (1).jpg,P038,0,-4.49951171875,0.0109922494739294,0.06279703462890501
P038 (10).jpg,P038,0,-6.107950210571289,0.0022201670799404,0.024862219910010037
P038 (11).jpg,P038,0,-5.082604885101318,0.0061654793098568,0.045076352196921195
P038 (12).jpg,P038,0,-5.351472854614258,0.0047187898308038,0.038612900899010774
P038 (13).jpg,P038,0,-5.17539119720459,0.0056222169660031,0.0427369986518838
P038 (14).jpg,P038,0,-5.773470401763916,0.0030993141699582,0.030227854332539626
P038 (15).jpg,P038,0,-6.322782039642334,0.0017917267978191,0.021917999091966425
P038 (16).jpg,P038,0,-5.483072280883789,0.0041393344290554,0.035782897308895674
P038 (17).jpg,P038,0,-5.062404632568359,0.0062904981896281,0.045601585641071675
P038 (18).jpg,P038,0,-5.108066558837891,0.0060114087536931,0.04442252372223558
P038 (19).jpg,P038,0,-8.567216873168945,0.0001902051881188,0.005785576766166334
P038 (2).jpg,P038,0,-5.186199188232422,0.0055621149949729,0.04247216652306249
P038 (20).jpg,P038,0,-3.623823642730713,0.0259871166199445,0.10184049566026498
P038 (21).jpg,P038,0,-8.696385383605957,0.0001671610953053,0.00535593182296178
P038 (22).jpg,P038,0,-9.738683700561523,5.895461799809709e-05,0.002870712442293676
P038 (23).jpg,P038,0,-9.911617279052734,4.9592705181567e-05,0.0025881857170321427
P038 (24).jpg,P038,0,-9.54128074645996,7.181963883340359e-05,0.0032309776217000143
P038 (25).jpg,P038,0,-9.46015739440918,7.78882676968351e-05,0.003391786098678133
P038 (26).jpg,P038,0,-8.926161766052246,0.000132849367219,0.004668612399288989
P038 (27).jpg,P038,0,-9.507847785949709,7.426119555020705e-05,0.0032963091401678954
P038 (28).jpg,P038,0,-9.98257827758789,4.619566971086897e-05,0.0024804419411198183
P038 (29).jpg,P038,0,-10.174901962280272,3.81135760108009e-05,0.0022103984710791836
P038 (3).jpg,P038,0,-4.966156959533691,0.0069216396659612,0.048185140809099775
P038 (30).jpg,P038,0,-10.352161407470703,3.1922696507535875e-05,0.0019875664950168522
P038 (31).jpg,P038,0,-10.069664001464844,4.234304651618004e-05,0.0023543111262508865
P038 (32).jpg,P038,0,-9.979897499084473,4.631967021850869e-05,0.002484429791023253
P038 (33).jpg,P038,0,-10.575525283813477,2.553269405325409e-05,0.0017384244806991336
P038 (34).jpg,P038,0,-10.29375171661377,3.384275623830035e-05,0.002058399019264509
P038 (35).jpg,P038,0,-10.516170501708984,2.7094016331830065e-05,0.0018014147582514966
P038 (36).jpg,P038,0,-10.267911911010742,3.47286113537848e-05,0.002090532991136852
P038 (37).jpg,P038,0,-10.934513092041016,1.7831733202910982e-05,0.0014016663047123421
P038 (38).jpg,P038,0,-11.483400344848633,1.0299547284375876e-05,0.001008357176824456
P038 (39).jpg,P038,0,-10.421855926513672,2.9773684218525887e-05,0.0019062251588626376
P038 (4).jpg,P038,0,-5.047682762145996,0.0063831955194473,0.04598803978412374
P038 (40).jpg,P038,0,-10.076448440551758,4.205675577395596e-05,0.002344757836301456
P038 (41).jpg,P038,0,-10.912086486816406,1.823614911700133e-05,0.0014206507928883406
P038 (42).jpg,P038,0,-10.152423858642578,3.897996066370979e-05,0.002240381191690971
P038 (43).jpg,P038,0,-9.93152904510498,4.861503475694917e-05,0.002557490010933774
P038 (44).jpg,P038,0,-8.359334945678711,0.0002341452054679,0.006550096078801266
P038 (45).jpg,P038,0,-8.091733932495117,0.0003059649607166,0.00768364482434923
P038 (46).jpg,P038,0,-7.532711505889893,0.0005349984276108,0.010717241898307207
P038 (47).jpg,P038,0,-8.655205726623535,0.0001741872110869,0.005489342139287131
P038 (48).jpg,P038,0,-9.044368743896484,0.0001180400213343,0.004349981031996284
P038 (49).jpg,P038,0,-9.797847747802734,5.556798350880854e-05,0.002770752259158868
P038 (5).jpg,P038,0,-5.170663833618164,0.0056487070396542,0.04285333025394779
P038 (50).jpg,P038,0,-9.75111198425293,5.822648745379411e-05,0.0028494202318689473
P038 (51).jpg,P038,0,-9.2750883102417,9.372158092446624e-05,0.003789122463509989
P038 (52).jpg,P038,0,-6.637436866760254,0.001308666775003,0.018211762674968688
P038 (53).jpg,P038,0,-6.588723182678223,0.0013739052228629,0.018742445938157357
P038 (54).jpg,P038,0,-5.746265411376953,0.0031845159828662,0.03071062665519407
P038 (6).jpg,P038,0,-3.17773962020874,0.0400120690464973,0.12909731260988533
P038 (7).jpg,P038,0,-5.292373180389404,0.0050046369433403,0.03995264460495497
P038 (8).jpg,P038,0,-7.147459030151367,0.0007862421916797,0.013470466932890716
P038 (9).jpg,P038,0,-6.4827165603637695,0.0015273134922608,0.0199502274731214
P047 (1).jpg,P047,0,0.5530626773834229,0.6348458528518677,0.5823046400245954
P047 (2).jpg,P047,0,0.9840404987335204,0.7279092073440552,0.6436272966159863
P047 (3).jpg,P047,0,1.676874756813049,0.8424902558326721,0.7325010435694067
P047 (4).jpg,P047,0,0.2741080522537231,0.568101167678833,0.5410734723122508
P047 (5).jpg,P047,0,-0.9837315082550048,0.2721520066261291,0.3564152803721104
P047 (6).jpg,P047,0,-0.5384151935577393,0.3685563206672668,0.41983708709738643
P047 (7).jpg,P047,0,-0.3128312528133392,0.422423779964447,0.4531559976189167
P047 (8).jpg,P047,0,-0.4382916986942291,0.3921481072902679,0.43455389605295014
P047 (9).jpg,P047,0,1.4056562185287476,0.8030799031257629,0.6993952948043913
P096 (1).jpg,P096,0,-7.814493656158447,0.0004036762402392,0.009063443661976383
P096 (10).jpg,P096,0,-8.293330192565918,0.0002501173585187,0.006813226916310966
P096 (11).jpg,P096,0,-8.50361442565918,0.0002026931906584,0.006009554698701223
P096 (12).jpg,P096,0,-7.550910949707031,0.0005253549315966,0.010601944454220826
P096 (13).jpg,P096,0,-6.940209865570068,0.0009671301813796,0.01522922226780214
P096 (14).jpg,P096,0,-6.865230560302734,0.0010423542698845,0.015919695078180782
P096 (15).jpg,P096,0,-5.846072673797607,0.0028828966896981,0.028975200961933692
P096 (16).jpg,P096,0,-4.638333320617676,0.0095811216160655,0.05806428178493578
P096 (17).jpg,P096,0,-5.526132583618164,0.0039655687287449,0.03490103895957704
P096 (18).jpg,P096,0,-5.619428634643555,0.0036136070266366,0.0330616802837635
P096 (19).jpg,P096,0,-4.8893022537231445,0.0074704447761178,0.050347320573958076
P096 (2).jpg,P096,0,-8.652656555175781,0.0001746317429933,0.005497708509605358
P096 (20).jpg,P096,0,-7.749387741088867,0.0004308206844143,0.009421542148392196
P096 (21).jpg,P096,0,-6.906748294830322,0.0010000064503401,0.015533644644579955
P096 (22).jpg,P096,0,-8.729228973388672,0.0001617609814275,0.005251843771528151
P096 (23).jpg,P096,0,-7.952450752258301,0.0003516752331051,0.008348611820514652
P096 (24).jpg,P096,0,-7.547338962554932,0.0005272338748909,0.010624476570741248
P096 (25).jpg,P096,0,-7.313241481781006,0.0006662085070274,0.01220916449463956
P096 (26).jpg,P096,0,-7.548713684082031,0.0005265099462121,0.010615799216892534
P096 (27).jpg,P096,0,-6.753739356994629,0.0011651503155007,0.017003700505012723
P096 (28).jpg,P096,0,-6.296558380126953,0.0018392464844509,0.0222582685858382
P096 (29).jpg,P096,0,-5.183004379272461,0.0055798143148422,0.04255028638693829
P096 (3).jpg,P096,0,-10.337483406066896,3.2394698791904375e-05,0.002005134092874763
P096 (30).jpg,P096,0,-6.743572235107422,0.0011770428391173,0.01710608977380821
P096 (31).jpg,P096,0,-6.671318054199219,0.0012651254655793,0.017851387397752327
P096 (32).jpg,P096,0,-6.473920822143555,0.0015407856553792,0.020053801208085906
P096 (33).jpg,P096,0,-6.735862731933594,0.0011861416278406,0.017184132915232717
P096 (34).jpg,P096,0,-6.993876457214356,0.0009166420786641,0.014753203237625145
P096 (35).jpg,P096,0,-7.247556686401367,0.0007114052423276,0.012694317091225532
P096 (36).jpg,P096,0,-6.670454502105713,0.0012662170920521,0.017860484974526854
P096 (37).jpg,P096,0,-8.015555381774902,0.000330175680574,0.008040546374244204
P096 (38).jpg,P096,0,-7.710968017578125,0.0004476872272789,0.009639398553718967
P096 (39).jpg,P096,0,-6.575172424316406,0.0013926234096288,0.018892744416740163
P096 (4).jpg,P096,0,-8.943639755249023,0.000130547909066,0.004620075773143148
P096 (40).jpg,P096,0,-6.1580586433410645,0.0021118882577866,0.024142777081527036
P096 (41).jpg,P096,0,-4.466826438903809,0.0113533241674304,0.06396259451705448
P096 (42).jpg,P096,0,-5.576725959777832,0.0037706654984503,0.0338916601308547
P096 (43).jpg,P096,0,-5.613419532775879,0.0036353077739477,0.03317727681907528
P096 (44).jpg,P096,0,-7.071446418762207,0.0008482839330099,0.014090961332018946
P096 (45).jpg,P096,0,-6.1812920570373535,0.0020634876564145,0.023816126035203198
P096 (46).jpg,P096,0,-6.318519115447998,0.0017993672518059,0.021972965195808
P096 (47).jpg,P096,0,-5.426130294799805,0.0043808137997984,0.036982040244474164
P096 (48).jpg,P096,0,-5.959217071533203,0.0025752834044396,0.027122859070643487
P096 (49).jpg,P096,0,-6.95118522644043,0.0009565837099216,0.015130657066361072
P096 (5).jpg,P096,0,-9.40253448486328,8.250786777352914e-05,0.0035108318797821315
P096 (50).jpg,P096,0,-7.710109710693359,0.0004480713978409,0.009644322066541257
P096 (6).jpg,P096,0,-6.911190986633301,0.0009955780114978,0.015492884249833168
P096 (7).jpg,P096,0,-8.591679573059082,0.0001856095623224,0.0057016578310937795
P096 (8).jpg,P096,0,-8.747204780578613,0.0001588796294527,0.005195729356650737
P096 (9).jpg,P096,0,-8.498369216918945,0.000203758929274,0.006028406064404134
P196 (1).jpg,P196,0,-3.626652717590332,0.0259156040847301,0.1016851482893026
P196 (2).jpg,P196,0,-3.362563133239746,0.0334861688315868,0.11711973462559883
P043 (1).jpg,P043,0,-8.728351593017578,0.0001619029353605,0.005254598035019279
P043 (10).jpg,P043,0,-7.876451969146728,0.0003794333897531,0.008735193698219268
P043 (11).jpg,P043,0,-7.965770244598389,0.0003470237716101,0.008282628691027768
P043 (12).jpg,P043,0,-8.117889404296875,0.0002980683930218,0.007564766148802125
P043 (13).jpg,P043,0,-8.581390380859375,0.0001875288435257,0.005736806271027947
P043 (14).jpg,P043,0,-8.950101852416992,0.0001297071139561,0.0046022578975652055
P043 (15).jpg,P043,0,-9.19015884399414,0.0001020282506942,0.003986668103915049
P043 (16).jpg,P043,0,-8.50808048248291,0.0002017901424551,0.005993549809847402
P043 (17).jpg,P043,0,-7.210659503936768,0.000738124595955,0.012975139671985908
P043 (18).jpg,P043,0,-7.964186668395996,0.0003475735138636,0.008290446366193388
P043 (19).jpg,P043,0,-8.688301086425781,0.0001685177121544,0.005381865736418038
P043 (2).jpg,P043,0,-8.214608192443848,0.0002705973165575,0.007140813053914995
P043 (20).jpg,P043,0,-8.423221588134766,0.0002196574350818,0.006305030090109406
P043 (21).jpg,P043,0,-7.156468868255615,0.0007791956304572,0.01339872948726172
P043 (22).jpg,P043,0,-7.995100975036621,0.0003369964833837,0.008139145603644257
P043 (23).jpg,P043,0,-8.707776069641113,0.0001652681239647,0.005319602038208291
P043 (24).jpg,P043,0,-6.701029777526856,0.0012281348463147,0.01754112900759872
P043 (25).jpg,P043,0,-7.038372993469238,0.0008767838589847,0.014369659880267319
P043 (26).jpg,P043,0,-7.191081523895264,0.0007527070119976,0.013126627283976285
P043 (27).jpg,P043,0,-5.2515950202941895,0.0052118496969342,0.04090291095346205
P043 (28).jpg,P043,0,-7.033969402313232,0.0008806498954072,0.014407174880214712
P043 (29).jpg,P043,0,-6.83895206451416,0.0010700790444388,0.01616890631730133
P043 (3).jpg,P043,0,-7.847869396209717,0.0003904307959601,0.008885131475957138
P043 (30).jpg,P043,0,-6.605071067810059,0.0013516574399545,0.01856268347855106
P043 (31).jpg,P043,0,-8.764229774475098,0.0001561980316182,0.005143133140800891
P043 (32).jpg,P043,0,-7.914234161376953,0.0003653701569419,0.0085408391753536
P043 (33).jpg,P043,0,-9.410454750061035,8.185701153706759e-05,0.0034942254532624546
P043 (34).jpg,P043,0,-6.761927604675293,0.0011556597892194,0.01692167777505593
P043 (35).jpg,P043,0,-7.778285026550293,0.0004185544385109,0.009260902178589919
P043 (36).jpg,P043,0,-8.399585723876953,0.0002249099197797,0.006394615819846774
P043 (37).jpg,P043,0,-7.072763919830322,0.0008471680921502,0.014079970240801489
P043 (38).jpg,P043,0,-7.081953525543213,0.0008394251344725,0.014003541774988273
P043 (39).jpg,P043,0,-5.149624824523926,0.0057681170292198,0.04337473915818931
P043 (4).jpg,P043,0,-7.4130120277404785,0.0006029868382029,0.011507076608957147
P043 (40).jpg,P043,0,-8.765657424926758,0.0001559752126922,0.005138746770144296
P043 (41).jpg,P043,0,-6.791814804077148,0.0011216695420444,0.01662558073506473
P043 (42).jpg,P043,0,-7.891983032226562,0.0003735880891326,0.008654775634058877
P043 (43).jpg,P043,0,-8.34976863861084,0.0002363953244639,0.006587597647404699
P043 (44).jpg,P043,0,-8.377490997314453,0.0002299333718838,0.0064795035013466415
P043 (45).jpg,P043,0,-8.534533500671387,0.0001965232077054,0.005899615808407786
P043 (46).jpg,P043,0,-8.354196548461914,0.0002353511372348,0.00657021303906638
P043 (47).jpg,P043,0,-8.93783950805664,0.0001313072134507,0.004636127201860238
P043 (48).jpg,P043,0,-8.916074752807617,0.000134196030558,0.004696854802327194
P043 (49).jpg,P043,0,-9.105856895446776,0.0001110013836296,0.004192895152064382
P043 (5).jpg,P043,0,-9.549381256103516,7.124025432858616e-05,0.0032153435983645643
P043 (50).jpg,P043,0,-8.340434074401855,0.0002386117703281,0.00662439632506329
P043 (51).jpg,P043,0,-8.34991455078125,0.0002363608364248,0.006587024047917996
P043 (52).jpg,P043,0,-8.292794227600098,0.0002502514107618,0.006815405972970179
P043 (53).jpg,P043,0,-8.164046287536621,0.0002846269926521,0.007359415406584144
P043 (54).jpg,P043,0,-8.966730117797852,0.0001275684189749,0.004556722776787299
P043 (55).jpg,P043,0,-8.60955810546875,0.0001823212369345,0.005641092311135861
P043 (56).jpg,P043,0,-8.69379711151123,0.0001675942330621,0.005364221280272039
P043 (57).jpg,P043,0,-9.017358779907228,0.0001212713323184,0.004420823662379248
P043 (58).jpg,P043,0,-9.29935073852539,9.147523815045132e-05,0.0037345006318475742
P043 (59).jpg,P043,0,-7.832493782043457,0.0003964778443332,0.008966840709636376
P043 (6).jpg,P043,0,-8.692420959472656,0.0001678249973338,0.005368633876163606
P043 (60).jpg,P043,0,-8.765101432800293,0.0001560619566589,0.0051404545800762275
P043 (61).jpg,P043,0,-9.64655590057373,6.464366015279666e-05,0.0030335720972646226
P043 (62).jpg,P043,0,-7.8826494216918945,0.0003770900366362,0.008703015574059104
P043 (63).jpg,P043,0,-7.648180961608887,0.0004766835190821,0.010006214342180552
P043 (64).jpg,P043,0,-6.977652072906494,0.0009316212381236,0.014895545658620247
P043 (65).jpg,P043,0,-8.244548797607422,0.0002626176283229,0.007014417804368905
P043 (66).jpg,P043,0,-8.6809720993042,0.0001697571133263,0.005405484580967346
P043 (67).jpg,P043,0,-8.162240982055664,0.0002851411700248,0.007367342198749013
P043 (68).jpg,P043,0,-8.334640502929688,0.0002399978693574,0.006647338336122167
P043 (69).jpg,P043,0,-9.059806823730469,0.0001162319240393,0.004309998354420487
P043 (7).jpg,P043,0,-8.552453994750977,0.0001930334401549,0.0058368135606593555
P043 (70).jpg,P043,0,-9.337929725646973,8.801373041933402e-05,0.0036492589140036166
P043 (71).jpg,P043,0,-7.414435386657715,0.0006021296721883,0.011497354712681297
P043 (8).jpg,P043,0,-9.392724990844728,8.33211379358545e-05,0.0035315085134306626
P043 (9).jpg,P043,0,-7.543799877166748,0.0005291021079756,0.01064684786170589
P070 (1).jpg,P070,0,-4.907392501831055,0.0073375003412365,0.04983025719571487
P070 (10).jpg,P070,0,-6.198652267456055,0.0020280461758375,0.023574867985562582
P070 (11).jpg,P070,0,-6.323337078094482,0.0017907345900312,0.021910852328789032
P070 (12).jpg,P070,0,-8.037351608276367,0.0003230592701584,0.00793678267419023
P070 (13).jpg,P070,0,-5.408843040466309,0.0044568637385964,0.03735367818091853
P070 (14).jpg,P070,0,-5.745622158050537,0.003186558606103,0.030722131540797486
P070 (15).jpg,P070,0,-7.091072082519531,0.0008318118634633,0.013928108490472027
P070 (16).jpg,P070,0,-7.49751091003418,0.00055415550014,0.010943775851533551
P070 (17).jpg,P070,0,-5.722196578979492,0.0032618402037769,0.031143963696267606
P070 (18).jpg,P070,0,-6.152626991271973,0.0021233661100268,0.02421977150866313
P070 (19).jpg,P070,0,-7.860311031341553,0.0003856051189359,0.008819554488873735
P070 (2).jpg,P070,0,-6.173905372619629,0.0020787545945495,0.023919509146868755
P070 (20).jpg,P070,0,-6.06225061416626,0.0023237406276166,0.025536549483262828
P070 (21).jpg,P070,0,-6.154507637023926,0.0021193849388509,0.02419308602955099
P070 (22).jpg,P070,0,-3.5889196395874023,0.0268853697925806,0.1037744824286406
P070 (23).jpg,P070,0,-6.189022064208984,0.0020476309582591,0.023708404637906168
P070 (24).jpg,P070,0,-4.4937920570373535,0.0110546052455902,0.06299955792029559
P070 (25).jpg,P070,0,-6.069439888000488,0.0023071330506354,0.025429298202553397
P070 (26).jpg,P070,0,-5.1537909507751465,0.0057442737743258,0.0432710115731131
P070 (27).jpg,P070,0,-6.49538516998291,0.0015081154415383,0.01980196935795595
P070 (28).jpg,P070,0,-4.980640888214111,0.006822788156569,0.047787652205460225
P070 (29).jpg,P070,0,-5.04174280166626,0.006420980207622,0.04614484674578039
P070 (3).jpg,P070,0,-8.070464134216309,0.0003125404182355,0.007781682905343162
P070 (30).jpg,P070,0,-3.625491142272949,0.0259449444711208,0.10174890612477229
P070 (31).jpg,P070,0,-3.565927267074585,0.0274934973567724,0.10506614006083585
P070 (32).jpg,P070,0,-4.64940881729126,0.0094765909016132,0.057701457622171
P070 (33).jpg,P070,0,-6.275659561157227,0.0018780160462483,0.022533136204653616
P070 (34).jpg,P070,0,-8.757360458374023,0.0001572745240991,0.005164290838086668
P070 (35).jpg,P070,0,-5.228520393371582,0.0053328601643443,0.041450174427582843
P070 (36).jpg,P070,0,-6.00045108795166,0.0024715105537325,0.026476834513027594
P070 (37).jpg,P070,0,-6.870355606079102,0.0010370312957093,0.015871534101114845
P070 (38).jpg,P070,0,-5.583481311798096,0.0037453740369528,0.033759035333676315
P070 (39).jpg,P070,0,-4.880987644195557,0.0075323469936847,0.05058667308460738
P070 (4).jpg,P070,0,-9.520570755004885,7.332242239499465e-05,0.003271293355295122
P070 (40).jpg,P070,0,-5.969425678253174,0.0025491937994956,0.02696150484692616
P070 (41).jpg,P070,0,-7.40659761428833,0.0006068646907806,0.01155098955861694
P070 (42).jpg,P070,0,-6.17457389831543,0.0020773680880665,0.023910134555564587
P070 (43).jpg,P070,0,-8.80177116394043,0.000150443680468,0.005029018873431532
P070 (44).jpg,P070,0,-11.187549591064451,1.384531697112834e-05,0.0012042449705341586
P070 (45).jpg,P070,0,-7.560268878936768,0.0005204642075113,0.010543138489282363
P070 (46).jpg,P070,0,-6.678993701934815,0.0012554641580209,0.01777072365282351
P070 (47).jpg,P070,0,-5.524806976318359,0.0039708078838884,0.034927871718230565
P070 (48).jpg,P070,0,-9.847373962402344,5.2883093303535134e-05,0.0026897498441264015
P070 (49).jpg,P070,0,-8.473777770996094,0.0002088307082885,0.006117574834510781
P070 (5).jpg,P070,0,-8.449994087219238,0.0002138559502782,0.006205061279704905
P070 (50).jpg,P070,0,-7.783065319061279,0.0004165591963101,0.009234591348173083
P070 (51).jpg,P070,0,-8.082019805908203,0.0003089506935793,0.007728266803548798
P070 (52).jpg,P070,0,-7.113280773162842,0.0008135569514706,0.013746059032735737
P070 (53).jpg,P070,0,-7.546972751617432,0.0005274268914945,0.010626789307210937
P070 (54).jpg,P070,0,-7.607738494873047,0.0004963472019881,0.010249770267715381
P070 (55).jpg,P070,0,-8.061511993408203,0.0003153499856125,0.0078233158500315
P070 (56).jpg,P070,0,-7.60891580581665,0.0004957634955644,0.010242597944057736
P070 (57).jpg,P070,0,-7.913710594177246,0.0003655614273156,0.00854350293057366
P070 (58).jpg,P070,0,-8.703746795654297,0.0001659352710703,0.005332425019025213
P070 (59).jpg,P070,0,-8.503637313842773,0.0002026885485975,0.006009472566728021
P070 (6).jpg,P070,0,-8.678801536560059,0.0001701259170658,0.005412499336239084
P070 (60).jpg,P070,0,-10.021722793579102,4.442237695911899e-05,0.0024229337705411673
P070 (61).jpg,P070,0,-7.974303245544434,0.0003440761938691,0.00824062929482305
P070 (62).jpg,P070,0,-7.13016939163208,0.0007999433437362,0.013609191790438669
P070 (63).jpg,P070,0,-7.033176422119141,0.0008813479216769,0.014413940670652232
P070 (64).jpg,P070,0,-6.087995529174805,0.0022648132871836,0.025154504213488717
P070 (65).jpg,P070,0,-5.901339054107666,0.0027283148374408,0.028055558716523366
P070 (66).jpg,P070,0,-6.923213005065918,0.0009836924728006,0.015383112893415823
P070 (67).jpg,P070,0,-6.786161422729492,0.0011280215112492,0.01668119631889246
P070 (68).jpg,P070,0,-8.694934844970703,0.000167403704836,0.0053605758914726616
P070 (69).jpg,P070,0,-6.164782524108887,0.0020977656822651,0.02404779573126772
P070 (7).jpg,P070,0,-8.196004867553711,0.0002756770118139,0.00722048389894475
P070 (70).jpg,P070,0,-5.883471012115479,0.0027773662004619,0.02834974210622941
P070 (71).jpg,P070,0,-6.858275413513184,0.0010496216127648,0.01598528386649503
P070 (72).jpg,P070,0,-6.25021505355835,0.0019263213034719,0.022872269001723358
P070 (73).jpg,P070,0,-4.335835933685303,0.0129217691719532,0.06883866020953183
P070 (74).jpg,P070,0,-6.305361747741699,0.0018231554422527,0.022143467269452623
P070 (8).jpg,P070,0,-6.5225043296813965,0.0014678254956379,0.019488219167857337
P070 (9).jpg,P070,0,-7.209319591522217,0.0007391135441139,0.012985452224696813
P072 (1).jpg,P072,0,-7.092777252197266,0.0008303959039039,0.013914046996169509
P072 (10).jpg,P072,0,-8.767056465148926,0.0001557571958983,0.0051344519132532915
P072 (11).jpg,P072,0,-9.363781929016112,8.576772961532697e-05,0.003593225083239365
P072 (12).jpg,P072,0,-7.263608932495117,0.0007000846671871,0.012574025078324948
P072 (13).jpg,P072,0,-7.073108673095703,0.0008468762389384,0.014077095574182219
P072 (14).jpg,P072,0,-6.379711151123047,0.0016927424585446,0.021196717178020404
P072 (15).jpg,P072,0,-8.061646461486816,0.0003153076395392,0.007822688859199872
P072 (16).jpg,P072,0,-7.366985321044922,0.0006313709891401,0.011825867304437783
P072 (17).jpg,P072,0,-6.927734375,0.0009792592609301,0.015342027317241692
P072 (18).jpg,P072,0,-6.840825080871582,0.0010680787963792,0.01615101733124816
P072 (19).jpg,P072,0,-7.908577442169189,0.0003674420586321,0.008569662551933926
P072 (2).jpg,P072,0,-7.263266086578369,0.0007003245991654,0.012576582491075537
P072 (20).jpg,P072,0,-5.234857559204102,0.005299350246787,0.04129918118649078
P072 (21).jpg,P072,0,-5.344226360321045,0.0047529460862278,0.038774824637839364
P072 (22).jpg,P072,0,-4.956571578979492,0.0069878390058875,0.04844992039642244
P072 (23).jpg,P072,0,-5.269124507904053,0.0051217484287917,0.04049179261637723
P072 (24).jpg,P072,0,-5.735907554626465,0.003217565594241,0.03089638999764451
P072 (25).jpg,P072,0,-6.866346836090088,0.001041192561388,0.015909193001280575
P072 (26).jpg,P072,0,-6.098227024078369,0.0022418107837438,0.02500422359230843
P072 (27).jpg,P072,0,-6.930208206176758,0.000976842129603,0.01531959341522051
P072 (28).jpg,P072,0,-7.187744140625,0.0007552213501185,0.013152624331559552
P072 (29).jpg,P072,0,-6.7000579833984375,0.0012293274048715,0.017551192480761976
P072 (3).jpg,P072,0,-7.356850147247314,0.0006377985118888,0.011897229543399241
P072 (30).jpg,P072,0,-3.80077600479126,0.0218646693974733,0.09252052315810036
P072 (31).jpg,P072,0,-5.122002124786377,0.0059287110343575,0.04406851219871443
P072 (32).jpg,P072,0,-5.014766693115234,0.0065953922457993,0.04686340292913134
P072 (33).jpg,P072,0,-7.798615455627441,0.0004101344093214,0.009149514282227163
P072 (34).jpg,P072,0,-6.553942680358887,0.0014224620535969,0.019130594149319818
P072 (35).jpg,P072,0,-10.822986602783203,1.993553996726405e-05,0.001498645863209117
P072 (36).jpg,P072,0,-10.60018539428711,2.4910768843255937e-05,0.0017129049421772062
P072 (37).jpg,P072,0,-9.087392807006836,0.0001130697346525,0.004239463085967025
P072 (38).jpg,P072,0,-8.953325271606445,0.0001292897504754,0.004593395581893291
P072 (39).jpg,P072,0,-7.139129638671875,0.0007928133709356,0.01353712351525705
P072 (4).jpg,P072,0,-5.311089038848877,0.0049122981727123,0.03952361998879989
P072 (40).jpg,P072,0,-9.498387336730955,7.496702164644375e-05,0.003315033701303773
P072 (41).jpg,P072,0,-6.320457458496094,0.001795889227651,0.02194795553373286
P072 (42).jpg,P072,0,-6.769941806793213,0.0011464456329122,0.016841775067392057
P072 (43).jpg,P072,0,-8.13243293762207,0.0002937660610768,0.007499456132888668
P072 (44).jpg,P072,0,-8.465879440307617,0.0002104863087879,0.0061464914243346104
P072 (45).jpg,P072,0,-8.833738327026367,0.000145711179357,0.004933836757910571
P072 (46).jpg,P072,0,-5.850132942199707,0.0028712484054267,0.02890665339995251
P072 (47).jpg,P072,0,-8.043718338012695,0.0003210096620023,0.007906724504641156
P072 (48).jpg,P072,0,-9.02068042755127,0.0001208692265208,0.0044120499673531
P072 (49).jpg,P072,0,-7.868682861328125,0.000382391619496,0.008775698718599366
P072 (5).jpg,P072,0,-3.552034378051758,0.0278674084693193,0.10585347035033243
P072 (50).jpg,P072,0,-7.451822757720947,0.0005800460930913,0.011244877002111051
P072 (6).jpg,P072,0,-2.8138296604156494,0.0565814040601253,0.15572954033339315
P072 (7).jpg,P072,0,-6.054184436798096,0.0023425160907208,0.025657407003373746
P072 (8).jpg,P072,0,-6.0221781730651855,0.0024185196962207,0.026142476929069687
P072 (9).jpg,P072,0,-6.688788414001465,0.0012432424118742,0.01766831014201708
P078 (1).jpg,P078,0,-2.41381573677063,0.0821252316236496,0.18999360769860354
P078 (10).jpg,P078,0,-0.4740178883075714,0.3836657106876373,0.42928797050510503
P078 (11).jpg,P078,0,-0.8305981159210205,0.3035186231136322,0.3777838651100514
P078 (12).jpg,P078,0,-1.2244367599487305,0.2271566092967987,0.323976690184309
P078 (13).jpg,P078,0,0.517353892326355,0.626528799533844,0.5770780899814988
P078 (14).jpg,P078,0,-0.0359921604394912,0.4910029172897339,0.4945948172510832
P078 (15).jpg,P078,0,-0.8005080223083496,0.3099168837070465,0.3820421649162227
P078 (16).jpg,P078,0,-1.1153217554092407,0.2468800842761993,0.3384952010332543
P078 (17).jpg,P078,0,0.1806840598583221,0.5450485348701477,0.5271089772500708
P078 (18).jpg,P078,0,-0.3649422228336334,0.4097636938095093,0.44541052525766406
P078 (19).jpg,P078,0,1.0740495920181274,0.7453662157058716,0.6559311154192589
P078 (2).jpg,P078,0,-3.5043089389801025,0.0291898753494024,0.10859787774912386
P078 (20).jpg,P078,0,0.259839653968811,0.5645968914031982,0.5389443320711923
P078 (21).jpg,P078,0,-2.724447965621948,0.0615460611879825,0.16292034484668502
P078 (22).jpg,P078,0,-0.5326218605041504,0.3699055910110473,0.42068501587644885
P078 (23).jpg,P078,0,0.8895723819732666,0.7088018655776978,0.6305070985097232
P078 (24).jpg,P078,0,-0.6541506052017212,0.3420548141002655,0.40300303350552574
P078 (3).jpg,P078,0,-3.5115413665771484,0.0289856195449829,0.10817800287855793
P078 (4).jpg,P078,0,-3.4078736305236816,0.0320502966642379,0.1143343776321507
P078 (5).jpg,P078,0,-3.313140869140625,0.0351231209933757,0.12022477143404238
P078 (6).jpg,P078,0,-2.9658751487731934,0.0489915497601032,0.14409452891083738
P078 (7).jpg,P078,0,-3.541208982467652,0.0281621813774108,0.10647056249968172
P078 (8).jpg,P078,0,-2.023907423019409,0.1167155504226684,0.2286725259321848
P078 (9).jpg,P078,0,-1.9185727834701536,0.1280207931995391,0.24002464958951125
P080 (1).jpg,P080,0,-6.780497550964356,0.0011344213271513,0.016737098490476488
P080 (10).jpg,P080,0,-6.24813985824585,0.0019303151639178,0.02290014672371012
P080 (11).jpg,P080,0,-6.58482551574707,0.0013792633544653,0.018785556416062322
P080 (12).jpg,P080,0,-7.361909866333008,0.0006345816073007,0.01186155079891848
P080 (13).jpg,P080,0,-8.357271194458008,0.0002346288092667,0.006558168356063705
P080 (14).jpg,P080,0,-8.273876190185547,0.0002550295030232,0.00689276543985633
P080 (15).jpg,P080,0,-7.958799362182617,0.0003494504198897,0.008317096827090578
P080 (16).jpg,P080,0,-7.023187160491943,0.0008901881519705,0.014499438696987499
P080 (17).jpg,P080,0,-6.387421607971191,0.0016797624994069,0.021100829978340903
P080 (18).jpg,P080,0,-1.5911800861358645,0.1692179292440414,0.27770590446454646
P080 (19).jpg,P080,0,-1.5063854455947876,0.1814750880002975,0.2880382214407614
P080 (2).jpg,P080,0,-8.088606834411621,0.0003069229423999,0.007697981221376258
P080 (20).jpg,P080,0,-2.0159952640533447,0.117533728480339,0.22951196039657765
P080 (21).jpg,P080,0,-7.134543418884277,0.0007964547839947,0.013573963848781952
P080 (22).jpg,P080,0,-6.083794593811035,0.0022743260487914,0.02521646222024222
P080 (23).jpg,P080,0,-5.264781951904297,0.0051439232192933,0.04059326810820498
P080 (24).jpg,P080,0,-7.801218509674072,0.0004090686270501,0.009135348667686633
P080 (25).jpg,P080,0,-8.368180274963379,0.0002320837083971,0.006515609607068405
P080 (26).jpg,P080,0,-9.699591636657717,6.130476685939357e-05,0.002938724972802263
P080 (27).jpg,P080,0,-9.69027328491211,6.187865801621228e-05,0.0029551727881251804
P080 (28).jpg,P080,0,-6.899214744567871,0.0010075608734041,0.015603004121668419
P080 (29).jpg,P080,0,-8.345125198364258,0.0002374953182879,0.006605877544733955
P080 (3).jpg,P080,0,-8.70261287689209,0.0001661235000938,0.0053360392040479815
P080 (30).jpg,P080,0,-6.5602569580078125,0.00141352112405,0.019059546332637442
P080 (31).jpg,P080,0,-7.031031608581543,0.0008832385065034,0.014432256135421932
P080 (32).jpg,P080,0,-5.429299354553223,0.0043670134618878,0.03691429913937635
P080 (33).jpg,P080,0,-8.255573272705078,0.0002597390557639,0.006968439318631867
P080 (34).jpg,P080,0,-8.513368606567383,0.0002007260773098,0.0059746536761172385
P080 (35).jpg,P080,0,-8.718244552612305,0.0001635473308851,0.005286429748616289
P080 (36).jpg,P080,0,-9.503049850463867,7.461832137778401e-05,0.003305792225861712
P080 (37).jpg,P080,0,-10.026778221130373,4.419837932800874e-05,0.002415604358128283
P080 (38).jpg,P080,0,-6.807411193847656,0.0011043304111808,0.01647309345641612
P080 (39).jpg,P080,0,-9.160325050354004,0.0001051176732289,0.004058468909896103
P080 (4).jpg,P080,0,-8.4971284866333,0.0002040118415607,0.0060328738583751065
P080 (40).jpg,P080,0,-9.179340362548828,0.00010313790699,0.004012557482495729
P080 (41).jpg,P080,0,-9.120113372802734,0.0001094302933779,0.004157287940028769
P080 (42).jpg,P080,0,-5.613947868347168,0.0036333948373794,0.03316709764673482
P080 (43).jpg,P080,0,-9.409786224365234,8.19117485661991e-05,0.003495624121857861
P080 (44).jpg,P080,0,-10.038554191589355,4.3680975068127736e-05,0.0023986170839126143
P080 (45).jpg,P080,0,-8.862180709838867,0.0001416257873643,0.00485065780432531
P080 (46).jpg,P080,0,-7.596209526062012,0.0005020998069085,0.010320269345086045
P080 (47).jpg,P080,0,-6.961435794830322,0.0009468374773859,0.015039168335382368
P080 (48).jpg,P080,0,-9.211865425109863,9.9837634479627e-05,0.003935223481188282
P080 (49).jpg,P080,0,-8.872373580932617,0.0001401897461619,0.004821189936306899
P080 (5).jpg,P080,0,-7.891609191894531,0.0003737277293112,0.008656702689392372
P080 (50).jpg,P080,0,-6.4941935539245605,0.0015099109150469,0.01981586847545754
P080 (51).jpg,P080,0,-7.582466602325439,0.0005090441554784,0.010404933781269795
P080 (52).jpg,P080,0,-7.351686477661133,0.000641098304186,0.011933750612725716
P080 (53).jpg,P080,0,-6.849109172821045,0.0010592767503112,0.016072130003256545
P080 (54).jpg,P080,0,-7.949975490570068,0.0003525464853737,0.008360931270629
P080 (55).jpg,P080,0,-9.265722274780272,9.460341971134768e-05,0.003810420430666779
P080 (56).jpg,P080,0,-6.941890716552734,0.0009655075264163,0.015214086345210655
P080 (57).jpg,P080,0,-8.875099182128906,0.0001398082094965,0.004813340382397135
P080 (58).jpg,P080,0,-6.76458740234375,0.0011525935260578,0.016895118003550973
P080 (59).jpg,P080,0,-6.549136638641357,0.0014293049462139,0.01918484538343516
P080 (6).jpg,P080,0,-5.760090827941895,0.0031409286893904,0.030464358745255726
P080 (60).jpg,P080,0,-7.505887985229492,0.0005495352088473,0.010889439370021828
P080 (61).jpg,P080,0,-6.443545341491699,0.0015882304869592,0.020415552035968704
P080 (62).jpg,P080,0,-8.402641296386719,0.0002242238697363,0.006382963646736559
P080 (63).jpg,P080,0,-9.151787757873535,0.0001060188369592,0.004079251548182821
P080 (64).jpg,P080,0,-9.91941261291504,4.920763240079396e-05,0.0025761250087909353
P080 (65).jpg,P080,0,-9.357959747314451,8.626849739812315e-05,0.003605769210886275
P080 (66).jpg,P080,0,-6.9674153327941895,0.000941198086366,0.014986051349154853
P080 (67).jpg,P080,0,-8.457451820373535,0.0002122673031408,0.006177495604005168
P080 (68).jpg,P080,0,-6.336032867431641,0.0017681831959635,0.02174799998016661
P080 (69).jpg,P080,0,-8.366698265075684,0.0002324278320884,0.006521375112657754
P080 (7).jpg,P080,0,-7.08462381362915,0.0008371885051019,0.013981410205985407
P080 (70).jpg,P080,0,-8.342771530151367,0.0002380548248765,0.006615162498135418
P080 (71).jpg,P080,0,-8.413945198059082,0.0002217040891991,0.0063400402399955156
P080 (72).jpg,P080,0,-8.531909942626953,0.0001970393641386,0.0059088662457108315
P080 (73).jpg,P080,0,-9.146100997924805,0.0001066233962774,0.004093153811438872
P080 (74).jpg,P080,0,-10.078935623168944,4.195228757453151e-05,0.002341265286158157
P080 (75).jpg,P080,0,-10.21786403656006,3.651087172329426e-05,0.002154202341352714
P080 (76).jpg,P080,0,-8.09322452545166,0.0003055093693546,0.007676820425053039
P080 (77).jpg,P080,0,-8.994403839111328,0.000124086960568,0.004481932740582026
P080 (78).jpg,P080,0,-10.10081958770752,4.104421532247216e-05,0.002310758270435798
P080 (79).jpg,P080,0,-11.957944869995115,6.408077297237469e-06,0.0007584331831817968
P080 (8).jpg,P080,0,-6.582896709442139,0.0013819225132465,0.018806926103055777
P080 (80).jpg,P080,0,-11.220723152160645,1.3393560038821306e-05,0.0011805119443828653
P080 (81).jpg,P080,0,-10.948917388916016,1.7576723621459678e-05,0.0013896066599804447
P080 (82).jpg,P080,0,-11.54514217376709,9.68287349678576e-06,0.0009716778020031675
P080 (83).jpg,P080,0,-11.513009071350098,9.999062967835926e-06,0.0009905978527434192
P080 (84).jpg,P080,0,-10.691146850585938,2.274489997944329e-05,0.001621965255666424
P080 (85).jpg,P080,0,-10.973532676696776,1.714935751806479e-05,0.0013692374544709343
P080 (86).jpg,P080,0,-9.645343780517578,6.472205859608948e-05,0.0030357751101404073
P080 (87).jpg,P080,0,-10.753657341003418,2.1366662622313012e-05,0.001562280141690527
P080 (88).jpg,P080,0,-10.15630340576172,3.882903547491878e-05,0.002235177584123249
P080 (9).jpg,P080,0,-6.621907711029053,0.0013291207142174,0.01837931490385231
P143 (1).jpg,P143,0,-6.115808010101318,0.0022028279490768,0.024748034021264832
P143 (10).jpg,P143,0,-8.403264045715332,0.0002240843168692,0.006380591432828629
P143 (11).jpg,P143,0,-8.383556365966797,0.0002285433001816,0.006456089566536778
P143 (12).jpg,P143,0,-9.444369316101074,7.912763248896226e-05,0.0034239974290461417
P143 (13).jpg,P143,0,-8.487874031066895,0.0002059082326013,0.0060663025734897305
P143 (14).jpg,P143,0,-6.7159929275512695,0.0012099168961867,0.017386890764870846
P143 (15).jpg,P143,0,-8.636927604675293,0.0001773997209966,0.005549612095214895
P143 (16).jpg,P143,0,-9.170251846313477,0.0001040794668369,0.00403443631083635
P143 (17).jpg,P143,0,-7.093534469604492,0.0008297678432427,0.013907807174493412
P143 (18).jpg,P143,0,-5.00850248336792,0.0066365622915327,0.04703177703795772
P143 (19).jpg,P143,0,-5.703249931335449,0.0033240229822695,0.03148923776705319
P143 (2).jpg,P143,0,-6.803155422210693,0.0011090348707512,0.016514565559256515
P143 (20).jpg,P143,0,-7.828018188476562,0.0003982556227128,0.008990764562982223
P143 (21).jpg,P143,0,-8.97891616821289,0.0001260235003428,0.004523637311707454
P143 (22).jpg,P143,0,-10.148099899291992,3.914886838174425e-05,0.002246195130521585
P143 (23).jpg,P143,0,-9.60232639312744,6.756679067621008e-05,0.003114999997739945
P143 (24).jpg,P143,0,-10.622550010681152,2.43598478846252e-05,0.001690084432052644
P143 (25).jpg,P143,0,-9.434983253479004,7.987376011442393e-05,0.003443291471426899
P143 (26).jpg,P143,0,-8.98355484008789,0.00012544033234,0.004511106123121038
P143 (27).jpg,P143,0,-7.70632266998291,0.0004497707413975,0.009666075449841683
P143 (28).jpg,P143,0,-7.710625648498535,0.0004478404298424,0.009641362189801772
P143 (29).jpg,P143,0,-8.090899467468262,0.0003062202886212,0.007687467893303406
P143 (3).jpg,P143,0,-6.012546539306641,0.0024418693501502,0.026290187861068896
P143 (30).jpg,P143,0,-6.117053985595703,0.0022000910248607,0.024729975094620302
P143 (31).jpg,P143,0,-7.626078128814697,0.0004873317084275,0.01013860518241929
P143 (32).jpg,P143,0,-7.74654483795166,0.0004320466832723,0.009437494188022724
P143 (33).jpg,P143,0,-7.302414417266846,0.0006734558846801,0.012287854497655978
P143 (34).jpg,P143,0,-8.310425758361816,0.0002458788221701,0.006744083837483376
P143 (35).jpg,P143,0,-10.47813892364502,2.814426079567056e-05,0.0018429681860520036
P143 (36).jpg,P143,0,-10.476885795593262,2.8179551009088755e-05,0.0018443535197898257
P143 (37).jpg,P143,0,-10.719905853271484,2.2100110072642565e-05,0.0015942284971172643
P143 (38).jpg,P143,0,-6.4578166007995605,0.0015657605836167,0.02024480229014396
P143 (39).jpg,P143,0,-8.491753578186035,0.0002051111077889,0.006052266615936544
P143 (4).jpg,P143,0,-6.908585548400879,0.000998172792606,0.015516775598678024
P143 (40).jpg,P143,0,-8.24171257019043,0.0002633633266668,0.0070262951620388816
P143 (41).jpg,P143,0,-8.365200996398926,0.000232776030316,0.006527205126748276
P143 (42).jpg,P143,0,-8.727373123168945,0.0001620614202693,0.005257671332257467
P143 (43).jpg,P143,0,-6.896044731140137,0.0010107567068189,0.015632280654874705
P143 (44).jpg,P143,0,-5.749823570251465,0.003173240693286,0.03064706265026564
P143 (45).jpg,P143,0,-4.502425193786621,0.0109606208279728,0.06269410719095858
P143 (46).jpg,P143,0,-7.109277725219727,0.0008168175118044,0.01377869864871725
P143 (47).jpg,P143,0,-10.29095458984375,3.3937547414097935e-05,0.002061853554632447
P143 (48).jpg,P143,0,-7.507655143737793,0.0005485655274242,0.010878011119295834
P143 (49).jpg,P143,0,-7.1559600830078125,0.0007795919082127,0.013402770439972754
P143 (5).jpg,P143,0,-10.22612476348877,3.621051655500196e-05,0.0021435615222759248
P143 (50).jpg,P143,0,-5.6526384353637695,0.0034959835465997,0.032429809704656615
P143 (51).jpg,P143,0,-8.783385276794434,0.0001532348978798,0.005084588052250745
P143 (52).jpg,P143,0,-7.795108318328857,0.0004115747287869,0.009168634265368797
P143 (53).jpg,P143,0,-7.992361068725586,0.0003379207919351,0.008152443908822575
P143 (54).jpg,P143,0,-6.870955467224121,0.0010364099871367,0.01586590647748707
P143 (55).jpg,P143,0,-9.226293563842772,9.840765414992347e-05,0.003901395142347177
P143 (56).jpg,P143,0,-6.315009117126465,0.001805682783015,0.022018324211212408
P143 (57).jpg,P143,0,-8.592724800109863,0.0001854157017078,0.005698099280885763
P143 (6).jpg,P143,0,-8.75982666015625,0.0001568871812196,0.005156684919138283
P143 (7).jpg,P143,0,-8.549687385559082,0.00019356815028,0.005846465563012627
P143 (8).jpg,P143,0,-7.201461791992188,0.0007449398981407,0.013046092295400656
P143 (9).jpg,P143,0,-8.617337226867676,0.0001809086825232,0.005614939802427412
P168 (1).jpg,P168,0,-1.953073620796204,0.1242185980081558,0.23626441336095633
P168 (10).jpg,P168,0,-1.9096447229385376,0.1290207654237747,0.241004357888301
P168 (11).jpg,P168,0,-0.4494859874248504,0.3894829750061035,0.4329022460832074
P168 (12).jpg,P168,0,-0.9087878465652466,0.2872479557991028,0.36680775635567014
P168 (13).jpg,P168,0,-0.8274966478347778,0.3041746318340301,0.37822192162542523
P168 (14).jpg,P168,0,-1.008649230003357,0.267244279384613,0.3529891078302903
P168 (15).jpg,P168,0,-1.6744694709777832,0.1578291952610016,0.26778217534801185
P168 (16).jpg,P168,0,-1.882665514945984,0.132082998752594,0.24398143466553757
P168 (17).jpg,P168,0,-1.410748839378357,0.1961159706115722,0.29996190793233846
P168 (18).jpg,P168,0,0.7818877696990967,0.6860868334770203,0.6153135762904397
P168 (19).jpg,P168,0,-2.695742607116699,0.0632250383496284,0.16528574927326967
P168 (2).jpg,P168,0,-2.0844151973724365,0.1106208339333534,0.2223245718209191
P168 (20).jpg,P168,0,-2.2360849380493164,0.0965565294027328,0.2069706108247474
P168 (21).jpg,P168,0,-0.5407446026802063,0.3680143654346466,0.4194962811809744
P168 (22).jpg,P168,0,0.1510795801877975,0.5376982092857361,0.5226739502443085
P168 (23).jpg,P168,0,-1.0278949737548828,0.2634924054145813,0.35035311264226304
P168 (24).jpg,P168,0,-0.3138757646083832,0.4221689999103546,0.4530005116763435
P168 (25).jpg,P168,0,0.2730779349803924,0.5678483843803406,0.5409198067764655
P168 (26).jpg,P168,0,-0.1400353610515594,0.465048223733902,0.4789815304736922
P168 (27).jpg,P168,0,-1.4338699579238892,0.1924964189529419,0.2970534415666139
P168 (28).jpg,P168,0,-0.8209388256072998,0.3055644035339355,0.3791488132460769
P168 (29).jpg,P168,0,-0.9611350297927856,0.276650995016098,0.35953505192444474
P168 (3).jpg,P168,0,-0.3902016878128052,0.4036687612533569,0.4416653883536601
P168 (30).jpg,P168,0,-4.290164947509766,0.0135174412280321,0.07061824046141453
P168 (31).jpg,P168,0,-5.593795299530029,0.0037070855032652,0.03355751109142501
P168 (32).jpg,P168,0,-5.178866386413574,0.0056028212420642,0.042651673202566596
P168 (33).jpg,P168,0,-4.508127212524414,0.0108989803120493,0.06249312128543594
P168 (34).jpg,P168,0,-4.662431716918945,0.0093551250174641,0.05727756094839777
P168 (35).jpg,P168,0,-4.304788112640381,0.0133238239213824,0.07004386752901214
P168 (36).jpg,P168,0,-3.0261635780334477,0.0462577901780605,0.13968514864187234
P168 (37).jpg,P168,0,-3.9314374923706055,0.0192380901426076,0.08613769848589664
P168 (38).jpg,P168,0,-6.093775272369385,0.0022517903707921,0.025069503297741335
P168 (39).jpg,P168,0,-5.360972881317139,0.004674382507801,0.038401604691175074
P168 (4).jpg,P168,0,0.350870281457901,0.5868285894393921,0.5525003548532389
P168 (40).jpg,P168,0,-3.2583489418029785,0.037028033286333,0.12374998143925518
P168 (41).jpg,P168,0,-5.071805000305176,0.0062320088036358,0.045356442504976724
P168 (42).jpg,P168,0,-5.704563140869141,0.0033196753356605,0.03146518752267816
P168 (43).jpg,P168,0,-4.401284694671631,0.0121130524203181,0.06636076638329234
P168 (44).jpg,P168,0,-2.8410372734069824,0.0551464669406414,0.15359268109398524
P168 (45).jpg,P168,0,-2.336210012435913,0.088168129324913,0.19727213000030547
P168 (46).jpg,P168,0,-1.7756508588790894,0.1448409855365753,0.25603365922263904
P168 (47).jpg,P168,0,-4.7237868309021,0.0088032949715852,0.055319525283818304
P168 (48).jpg,P168,0,-4.446651458740234,0.0115820234641432,0.06469206479967583
P168 (49).jpg,P168,0,-3.5351572036743164,0.0283282846212387,0.10681691803502687
P168 (5).jpg,P168,0,-1.1601051092147827,0.2386481910943985,0.33249766949035114
P168 (50).jpg,P168,0,-0.003028504550457,0.4992428719997406,0.4995451716831175
P168 (51).jpg,P168,0,-0.9247424602508544,0.2839925587177276,0.36458453660680634
P168 (52).jpg,P168,0,-1.2645208835601809,0.2201966494321823,0.31872535910537364
P168 (53).jpg,P168,0,-3.442458391189575,0.0309945605695247,0.11224734471288882
P168 (54).jpg,P168,0,-1.314771056175232,0.2116895914077758,0.3122067797828216
P168 (55).jpg,P168,0,-1.7483338117599487,0.1482574641704559,0.259171969605239
P168 (56).jpg,P168,0,-1.645967960357666,0.1616546511650085,0.27115263201313394
P168 (57).jpg,P168,0,-1.760693073272705,0.1467035561800003,0.2577489873119912
P168 (58).jpg,P168,0,-0.745295524597168,0.3218472599983215,0.3899026511279517
P168 (59).jpg,P168,0,-0.7175012826919556,0.3279434442520141,0.3938816930560914
P168 (6).jpg,P168,0,-2.2142796516418457,0.0984754860401153,0.2091288675995376
P168 (60).jpg,P168,0,-0.6667664051055908,0.3392212688922882,0.40118101244124227
P168 (61).jpg,P168,0,-0.7883783578872681,0.3125169575214386,0.38376391385269026
P168 (62).jpg,P168,0,-0.0022718012332916,0.4994320273399353,0.49965881522096334
P168 (63).jpg,P168,0,-1.0031852722167969,0.2683156132698059,0.353739120904633
P168 (64).jpg,P168,0,-1.5924052000045776,0.1690457612276077,0.2775583052840998
P168 (65).jpg,P168,0,1.79471755027771,0.857504665851593,0.7461419878161598
P168 (66).jpg,P168,0,0.95793354511261,0.7227078676223755,0.6400219675722232
P168 (67).jpg,P168,0,0.0352320373058319,0.5088071227073669,0.5052910386030425
P168 (68).jpg,P168,0,-0.4399806261062622,0.3917455971240997,0.43430461093599865
P168 (69).jpg,P168,0,-1.4593727588653564,0.1885632872581482,0.2938643464550352
P168 (7).jpg,P168,0,-0.753911018371582,0.3199697136878967,0.3886721939404708
P168 (70).jpg,P168,0,-1.0911896228790283,0.2513943314552307,0.3417488521538453
P168 (71).jpg,P168,0,0.0233065634965896,0.5058263540267944,0.5035001812390381
P168 (72).jpg,P168,0,-0.3023691475391388,0.4249784052371979,0.45471388513352834
P168 (73).jpg,P168,0,-0.2540867924690246,0.436817854642868,0.4619145204429217
P168 (74).jpg,P168,0,-0.5642777681350708,0.3625582456588745,0.4160576021786139
P168 (75).jpg,P168,0,-1.749476671218872,0.1481132060289383,0.25904017251541434
P168 (76).jpg,P168,0,0.681686520576477,0.6641150116920471,0.6009702832082909
P168 (77).jpg,P168,0,1.3858338594436646,0.7999262809753418,0.6968858337718116
P168 (78).jpg,P168,0,1.1461094617843628,0.7587995529174805,0.6656337008205586
P168 (79).jpg,P168,0,-0.0572673231363296,0.4856870472431183,0.49140029728951923
P168 (8).jpg,P168,0,0.4660204946994781,0.6144413948059082,0.5695345853329007
P168 (9).jpg,P168,0,-1.2624399662017822,0.2205541580915451,0.3189968600967649
P184 (1).jpg,P184,0,-2.6037278175354004,0.068898893892765,0.1730537283714112
P184 (10).jpg,P184,0,-1.197919487953186,0.2318455278873443,0.32747528717633545
P184 (11).jpg,P184,0,-0.9040141105651855,0.288226306438446,0.3674740681289576
P184 (12).jpg,P184,0,-1.482587814331055,0.1850368529558181,0.29097878440436026
P184 (13).jpg,P184,0,-1.4593100547790527,0.188572883605957,0.2938721629783894
P184 (14).jpg,P184,0,-0.6054996252059937,0.3530864715576172,0.4100540757082169
P184 (15).jpg,P184,0,-2.450652599334717,0.0793908461928367,0.18661138112039707
P184 (16).jpg,P184,0,-1.3621174097061155,0.2038963884115219,0.30613209853633944
P184 (17).jpg,P184,0,-2.023761749267578,0.1167305707931518,0.22868796154169224
P184 (18).jpg,P184,0,-3.186142683029175,0.0396905429661273,0.1285308248558852
P184 (19).jpg,P184,0,-1.765687108039856,0.1460794955492019,0.2571754484357322
P184 (2).jpg,P184,0,-2.7255921363830566,0.0614800043404102,0.16282662928714278
P184 (20).jpg,P184,0,-1.3115832805633545,0.2122220247983932,0.3126181410692579
P184 (21).jpg,P184,0,-0.7795544862747192,0.3144159317016601,0.3850182573099647
P184 (22).jpg,P184,0,0.4555281102657318,0.6119527816772461,0.5679886159679259
P184 (23).jpg,P184,0,0.542121171951294,0.6323057413101196,0.5807050827274787
P184 (24).jpg,P184,0,0.5811352729797363,0.6413286328315735,0.5864006328796364
P184 (25).jpg,P184,0,0.1758143305778503,0.5438407063484192,0.5263797215879279
P184 (26).jpg,P184,0,0.3649789988994598,0.5902451872825623,0.5545949320221064
P184 (27).jpg,P184,0,0.1478645354509353,0.5368989706039429,0.5221920787095029
P184 (28).jpg,P184,0,-3.341588020324707,0.0341717079281806,0.11842894698170071
P184 (29).jpg,P184,0,-2.898406505584717,0.0522323921322822,0.1491656578639163
P184 (3).jpg,P184,0,-2.436221122741699,0.080452024936676,0.1879308683030617
P184 (30).jpg,P184,0,-2.398264646530152,0.0833051204681396,0.1914354709151333
P184 (31).jpg,P184,0,-2.730720996856689,0.0611847341060638,0.16240707339741337
P184 (32).jpg,P184,0,-3.1567025184631348,0.040827989578247,0.13052484764186773
P184 (33).jpg,P184,0,-2.8409900665283203,0.0551489256322383,0.1535963678029875
P184 (34).jpg,P184,0,-2.338413953781128,0.0879911109805107,0.19706255504218265
P184 (35).jpg,P184,0,-2.6271982192993164,0.0674083679914474,0.17104531266776382
P184 (36).jpg,P184,0,-4.0780181884765625,0.0166587904095649,0.07945404076491891
P184 (37).jpg,P184,0,-3.43102502822876,0.0313397981226444,0.11293358763567021
P184 (38).jpg,P184,0,-2.7597849369049072,0.0595364049077034,0.16004600525631762
P184 (39).jpg,P184,0,-4.135001659393311,0.0157505869865417,0.07698606773916844
P184 (4).jpg,P184,0,-1.4137529134750366,0.195642814040184,0.2995830983747478
P184 (40).jpg,P184,0,-3.972609758377075,0.0184764359146356,0.0842105582543465
P184 (41).jpg,P184,0,-4.644071578979492,0.0095268217846751,0.057876034699432394
P184 (42).jpg,P184,0,-3.390869140625,0.0325820483267307,0.11537286243472925
P184 (43).jpg,P184,0,-4.77765703201294,0.0083454605191946,0.053652474541009396
P184 (44).jpg,P184,0,-3.9907093048095694,0.0181510467082262,0.08337582824015326
P184 (45).jpg,P184,0,-3.4317944049835205,0.0313164517283439,0.11288729413721067
P184 (46).jpg,P184,0,-3.530543565750122,0.0284555573016405,0.10708163188108082
P184 (47).jpg,P184,0,-3.021486282348633,0.0464645773172378,0.14002315235914323
P184 (48).jpg,P184,0,-3.920041084289551,0.0194543004035949,0.08667814404940602
P184 (49).jpg,P184,0,-4.048750877380371,0.0171450693160295,0.08074953495598082
P184 (5).jpg,P184,0,-2.515588760375977,0.0747725516557693,0.18076252768888865
P184 (50).jpg,P184,0,-3.509176015853882,0.0290522687137126,0.10831516489155622
P184 (51).jpg,P184,0,-3.034651756286621,0.0458847433328628,0.13907349806101063
P184 (52).jpg,P184,0,-1.829245686531067,0.1383281499147415,0.2499492636875169
P184 (53).jpg,P184,0,-2.6799516677856445,0.0641667768359184,0.1665986698296891
P184 (54).jpg,P184,0,-3.30371618270874,0.0354439243674278,0.12082490183197604
P184 (55).jpg,P184,0,-2.7076103687286377,0.0625257715582847,0.1643044884099677
P184 (56).jpg,P184,0,-4.907462596893311,0.0073369895108044,0.049828263527455195
P184 (57).jpg,P184,0,-3.57710599899292,0.027196180075407,0.10443638201890099
P184 (58).jpg,P184,0,-3.77375054359436,0.0224501825869083,0.09389266930488084
P184 (59).jpg,P184,0,-0.0942724496126174,0.4764493405818939,0.485845708828356
P184 (6).jpg,P184,0,-2.8897504806518555,0.0526625625789165,0.14982681359489608
P184 (60).jpg,P184,0,-0.205012559890747,0.4489256143569946,0.46924955528676743
P184 (61).jpg,P184,0,-1.1962956190109253,0.2321348786354065,0.32769016430597875
P184 (62).jpg,P184,0,-1.4295228719711304,0.1931730359792709,0.29759902915502207
P184 (63).jpg,P184,0,-1.0177487134933472,0.2654661536216736,0.35174166954264086
P184 (64).jpg,P184,0,-1.2757381200790403,0.2182765752077102,0.31726394842622335
P184 (65).jpg,P184,0,-1.1806765794754028,0.2349305748939514,0.32976062073269374
P184 (66).jpg,P184,0,-0.3447013795375824,0.4146679043769836,0.4484160692527801
P184 (67).jpg,P184,0,-0.6962380409240723,0.3326468467712402,0.3969353146822429
P184 (68).jpg,P184,0,0.0020793601870536,0.5005198121070862,0.500312283510294
P184 (69).jpg,P184,0,0.4332306385040283,0.606644868850708,0.5646988953995962
P184 (7).jpg,P184,0,-2.059324026107788,0.1131136268377304,0.22494154582954273
P184 (70).jpg,P184,0,-1.134776949882507,0.243280604481697,0.3358831807218375
P184 (71).jpg,P184,0,-1.0029233694076538,0.268367052078247,0.35377508925208584
P184 (72).jpg,P184,0,-0.6374667882919312,0.3458194136619568,0.40541668185081664
P184 (73).jpg,P184,0,0.8582271337509155,0.7022901177406311,0.6261096285923893
P184 (74).jpg,P184,0,0.8431168794631958,0.6991212964057922,0.6239822721744295
P184 (75).jpg,P184,0,0.8828918933868408,0.7074211239814758,0.6295716699636509
P184 (76).jpg,P184,0,0.0653913766145706,0.5163419842720032,0.5098193789897479
P184 (77).jpg,P184,0,0.5851831436157227,0.6422591805458069,0.5869902754727475
P184 (78).jpg,P184,0,0.192777931690216,0.548045814037323,0.528919561690507
P184 (79).jpg,P184,0,0.6227306127548218,0.6508393287658691,0.5924476221022462
P184 (8).jpg,P184,0,-1.033894181251526,0.2623298168182373,0.3495332861012097
P184 (80).jpg,P184,0,1.39436137676239,0.8012876510620117,0.6979668472311912
P184 (81).jpg,P184,0,0.0124445110559463,0.5031110644340515,0.5018689393145189
P184 (82).jpg,P184,0,0.8395543098449707,0.6983713507652283,0.6234800008400047
P184 (83).jpg,P184,0,1.2164078950881958,0.7714307904243469,0.6749660615391867
P184 (84).jpg,P184,0,0.2672629654407501,0.56642085313797,0.5400522260374592
P184 (85).jpg,P184,0,1.115684151649475,0.7531872987747192,0.6615535443290995
P184 (86).jpg,P184,0,0.8321539163589478,0.6968101859092712,0.6224358036524669
P184 (87).jpg,P184,0,1.0867780447006226,0.7477745413780212,0.6576547254145956
P184 (9).jpg,P184,0,-2.0861740112304688,0.1104479134082794,0.22214194790139916
P191 (1).jpg,P191,0,-6.577009201049805,0.0013900712365284,0.01887230272894167
P191 (10).jpg,P191,0,-7.827086448669434,0.0003986266965512,0.008995753037009366
P191 (11).jpg,P191,0,-7.251545429229736,0.0007085752440616,0.012664320675022479
P191 (12).jpg,P191,0,-8.006983757019043,0.0003330170584376,0.008081720330875097
P191 (13).jpg,P191,0,-9.548748016357422,7.128537981770933e-05,0.00321656303250858
P191 (14).jpg,P191,0,-6.708536624908447,0.0012189610861241,0.017463582135535997
P191 (15).jpg,P191,0,-7.37124490737915,0.0006286890711635,0.011796001729618996
P191 (16).jpg,P191,0,-8.312738418579102,0.0002453110064379,0.006734783948836922
P191 (17).jpg,P191,0,-11.44648551940918,1.0686852874641772e-05,0.0010309448214668106
P191 (18).jpg,P191,0,-11.575660705566406,9.391832463734318e-06,0.000954042788543482
P191 (19).jpg,P191,0,-12.233631134033203,4.864065431320341e-06,0.0006427510225492611
P191 (2).jpg,P191,0,-8.60104751586914,0.0001838792377384,0.005669842684906642
P191 (20).jpg,P191,0,-11.590774536132812,9.250954462913796e-06,0.0009454280732408276
P191 (21).jpg,P191,0,-9.610198974609377,6.703699182253331e-05,0.0031003485855664627
P191 (22).jpg,P191,0,-9.781678199768066,5.64737492823042e-05,0.0027977215290429396
P191 (23).jpg,P191,0,-10.691546440124512,2.273581230838317e-05,0.0016215765882844793
P191 (24).jpg,P191,0,-10.00782871246338,4.504386379267089e-05,0.0024431920279938193
P191 (25).jpg,P191,0,-7.525481224060059,0.0005388786084949,0.010763390795198058
P191 (26).jpg,P191,0,-7.8009138107299805,0.0004091932205483,0.00913700569172811
P191 (27).jpg,P191,0,-9.554980278015137,7.084252138156444e-05,0.0032045815535708577
P191 (28).jpg,P191,0,-8.342121124267578,0.0002382096718065,0.006617730560726242
P191 (29).jpg,P191,0,-8.865171432495117,0.0001412028941558,0.004841993012678633
P191 (3).jpg,P191,0,-7.404322624206543,0.0006082460167817,0.011566603850173033
P191 (30).jpg,P191,0,-8.90616512298584,0.0001355322892777,0.004724766127799355
P191 (31).jpg,P191,0,-9.983394622802734,4.61579802504275e-05,0.0024792288378991142
P191 (32).jpg,P191,0,-9.921916007995604,4.908460687147453e-05,0.0025722637347458614
P191 (33).jpg,P191,0,-10.188232421875,3.7608890124829486e-05,0.002192806927672788
P191 (34).jpg,P191,0,-10.583478927612305,2.53304260695586e-05,0.0017301524491699838
P191 (35).jpg,P191,0,-10.451610565185549,2.890085306717083e-05,0.0018725182715685171
P191 (36).jpg,P191,0,-11.485029220581056,1.0282783478032798e-05,0.0010073719606306815
P191 (37).jpg,P191,0,-10.261984825134276,3.493505573715083e-05,0.0020979741217001264
P191 (38).jpg,P191,0,-8.872827529907227,0.0001401261251885,0.004819881709232236
P191 (39).jpg,P191,0,-9.994712829589844,4.563851689454168e-05,0.002462470641701325
P191 (4).jpg,P191,0,-7.143435478210449,0.0007894096779637,0.013502625192547402
P191 (40).jpg,P191,0,-9.705476760864258,6.094506170484237e-05,0.002928384203822011
P191 (41).jpg,P191,0,-8.966201782226562,0.0001276358379982,0.004558162657937417
P191 (42).jpg,P191,0,-8.67801284790039,0.00017026012938,0.005415050436912254
P191 (43).jpg,P191,0,-9.270990371704102,9.41064063226804e-05,0.003798426370378456
P191 (44).jpg,P191,0,-9.217960357666016,9.923104516929016e-05,0.003920897753634941
P191 (45).jpg,P191,0,-11.17504596710205,1.4019518857821822e-05,0.0012133134598485307
P191 (46).jpg,P191,0,-6.533648490905762,0.0014515821821987,0.01936070592259626
P191 (47).jpg,P191,0,-7.751639366149902,0.0004298521380405,0.009408926831315794
P191 (48).jpg,P191,0,-9.122344970703123,0.0001091863814508,0.004151741586847084
P191 (49).jpg,P191,0,-8.50480842590332,0.0002024513669312,0.006005271636112765
P191 (5).jpg,P191,0,-7.448206424713135,0.0005821462837047,0.011269056788033261
P191 (50).jpg,P191,0,-7.6765336990356445,0.0004633641801774,0.009838890911182225
P191 (51).jpg,P191,0,-7.353681564331055,0.0006398212863132,0.011919626858662989
P191 (52).jpg,P191,0,-8.346019744873047,0.0002372829912928,0.006602352056564921
P191 (53).jpg,P191,0,-9.065046310424805,0.0001156245853053,0.004296512081161923
P191 (54).jpg,P191,0,-8.599980354309082,0.0001840755285229,0.005673458022074598
P191 (55).jpg,P191,0,-8.56409740447998,0.0001907993573695,0.005796365960159423
P191 (56).jpg,P191,0,-8.807818412780762,0.0001495368051109,0.00501087415598008
P191 (57).jpg,P191,0,-10.055118560791016,4.296342012821697e-05,0.0023749238916379602
P191 (58).jpg,P191,0,-7.528347015380859,0.0005373373278416,0.010745075771343612
P191 (59).jpg,P191,0,-8.900690078735352,0.0001362762704957,0.004740257795090742
P191 (6).jpg,P191,0,-7.457405567169189,0.0005768187111243,0.011207649497028684
P191 (60).jpg,P191,0,-8.243935585021973,0.0002627786889206,0.00701698408343029
P191 (61).jpg,P191,0,-7.546665668487549,0.0005275887669995,0.010628729017003794
P191 (62).jpg,P191,0,-6.795856952667236,0.0011171497171744,0.016585927583132026
P191 (63).jpg,P191,0,-7.182072639465332,0.0007595134666189,0.013196919907520498
P191 (64).jpg,P191,0,-6.491837501525879,0.0015134670538827,0.019843377822760206
P191 (65).jpg,P191,0,-7.561992645263672,0.0005195682751946,0.010532341455932138
P191 (66).jpg,P191,0,-8.429193496704102,0.000218349872739,0.006282593140999988
P191 (67).jpg,P191,0,-8.173688888549805,0.0002818964421749,0.007317219517788558
P191 (68).jpg,P191,0,-9.206356048583984,0.0001003891447908,0.003948217755399606
P191 (69).jpg,P191,0,-8.894146919250488,0.000137170733069,0.004758838020865536
P191 (7).jpg,P191,0,-7.564724922180176,0.0005181513843126,0.010515249893870137
P191 (70).jpg,P191,0,-7.296741962432861,0.000677284260746,0.012329281053247949
P191 (71).jpg,P191,0,-6.777972221374512,0.0011372864246368,0.016762082704777425
P191 (72).jpg,P191,0,-10.718799591064451,2.212457002315205e-05,0.0015952866269496931
P191 (73).jpg,P191,0,-9.241565704345703,9.691632294561714e-05,0.003865903479156253
P191 (74).jpg,P191,0,-7.385017395019531,0.0006200951174832,0.011699946707973887
P191 (75).jpg,P191,0,-6.3795366287231445,0.0016930373385548,0.02119889246407536
P191 (8).jpg,P191,0,-6.239123821258545,0.0019477634923532,0.023021651936171224
P191 (9).jpg,P191,0,-7.083272933959961,0.0008383191307075,0.01399260209571908
P013 (1).jpg,P013,1,0.1175186932086944,0.5293459296226501,0.5176419268002791
P013 (10).jpg,P013,1,-2.2161760330200195,0.0983072519302368,0.2089405110029307
P013 (11).jpg,P013,1,-1.470035433769226,0.1869372129440307,0.29253693352456783
P013 (12).jpg,P013,1,-2.1820199489593506,0.1013767644762992,0.21235216796654677
P013 (13).jpg,P013,1,-1.8811451196670528,0.1322574019432068,0.24414994504785026
P013 (14).jpg,P013,1,-1.289553165435791,0.2159284502267837,0.3154690303388193
P013 (15).jpg,P013,1,-1.345795750617981,0.2065585702657699,0.30821876086686695
P013 (16).jpg,P013,1,-1.1431941986083984,0.2417344003915786,0.3347561880399158
P013 (17).jpg,P013,1,-0.98668372631073,0.2715676128864288,0.35600857570479894
P013 (18).jpg,P013,1,-0.22501902282238,0.443981409072876,0.4662574406658824
P013 (19).jpg,P013,1,-0.7130943536758423,0.3289154767990112,0.3945139016578902
P013 (2).jpg,P013,1,-1.6949414014816284,0.1551271080970764,0.2653777230191866
P013 (20).jpg,P013,1,0.2329297661781311,0.5579705834388733,0.5349250121739362
P013 (21).jpg,P013,1,-1.535009503364563,0.177261933684349,0.28452482873741963
P013 (22).jpg,P013,1,-0.5185673236846924,0.3731873035430908,0.42274401452729793
P013 (23).jpg,P013,1,-1.2904393672943115,0.2157784402370453,0.3153540776346725
P013 (24).jpg,P013,1,-0.5554320812225342,0.364605039358139,0.4173491995488581
P013 (25).jpg,P013,1,0.1248965710401535,0.5311836004257202,0.5187484873035769
P013 (26).jpg,P013,1,-1.1411556005477903,0.2421082705259323,0.33502896537402627
P013 (27).jpg,P013,1,-0.3859583139419555,0.4046905934810638,0.4422940876023612
P013 (28).jpg,P013,1,-0.7586982250213623,0.3189289569854736,0.3879891009124459
P013 (29).jpg,P013,1,-0.6926339864730835,0.3334473967552185,0.397453698107024
P013 (3).jpg,P013,1,-2.7404022216796875,0.0606309920549392,0.16161749627778835
P013 (30).jpg,P013,1,-0.5502526760101318,0.3658058047294616,0.4181059950567494
P013 (31).jpg,P013,1,0.2544773817062378,0.5632781982421875,0.5381437983668942
P013 (32).jpg,P013,1,1.0762779712677002,0.7457889914512634,0.6562331672032296
P013 (33).jpg,P013,1,-1.652706503868103,0.1607435047626495,0.27035336277750444
P013 (34).jpg,P013,1,1.286148190498352,0.7834945321083069,0.6840890870284755
P013 (35).jpg,P013,1,0.2792862355709076,0.569371223449707,0.5418457977980172
P013 (36).jpg,P013,1,0.4704277217388153,0.6154850125312805,0.5701835528620888
P013 (37).jpg,P013,1,-0.087730199098587,0.4780815243721008,0.48682750646552925
P013 (38).jpg,P013,1,-0.0309513211250305,0.4922627508640289,0.4953517865375688
P013 (39).jpg,P013,1,0.8515113592147827,0.7008840441703796,0.6251647183182885
P013 (4).jpg,P013,1,-1.7205432653427124,0.151801198720932,0.2623902315078994
P013 (40).jpg,P013,1,0.9479236602783204,0.7206974029541016,0.6386353910250189
P013 (41).jpg,P013,1,-0.4606674611568451,0.3868274986743927,0.4312539741404742
P013 (42).jpg,P013,1,0.1739615499973297,0.5433810353279114,0.5261022327542235
P013 (43).jpg,P013,1,-0.5738153457641602,0.3603568971157074,0.4146662697047523
P013 (44).jpg,P013,1,-0.7895106077194214,0.312273770570755,0.38360307219110884
P013 (45).jpg,P013,1,1.1511701345443726,0.7597245573997498,0.6663099806998857
P013 (46).jpg,P013,1,1.3347218036651611,0.7916206121444702,0.6903609966659168
P013 (47).jpg,P013,1,0.6136782169342041,0.6487793922424316,0.5911339298990653
P013 (48).jpg,P013,1,2.84096908569336,0.9448500275611876,0.8464019936364279
P013 (49).jpg,P013,1,2.7794787883758545,0.941556751728058,0.8415380201607529
P013 (5).jpg,P013,1,-2.5004212856292725,0.0758286491036415,0.18211576185091266
P013 (50).jpg,P013,1,1.2615236043930054,0.7792882919311523,0.6808835415655187
P013 (51).jpg,P013,1,1.0518674850463867,0.7411333322525024,0.6529175355695654
P013 (52).jpg,P013,1,1.3493152856826782,0.7940176725387573,0.6922318651873027
P013 (53).jpg,P013,1,-0.4972383975982666,0.3781898617744446,0.4258738278876472
P013 (54).jpg,P013,1,-0.3581886887550354,0.4113981127738952,0.4464129185897567
P013 (55).jpg,P013,1,1.3765289783477783,0.7984329462051392,0.6957037856365452
P013 (56).jpg,P013,1,0.1368094086647033,0.5341491103172302,0.520534824451522
P013 (57).jpg,P013,1,1.105732560157776,0.7513326406478882,0.660213728088728
P013 (58).jpg,P013,1,-0.0144459307193756,0.4963886141777038,0.49783048734996677
P013 (59).jpg,P013,1,0.8052191734313965,0.6910897493362427,0.6186257656267865
P013 (6).jpg,P013,1,-0.5917782783508301,0.3562269210815429,0.41204956363704126
P013 (60).jpg,P013,1,-1.0267176628112793,0.2637209594249725,0.350514102993516
P013 (7).jpg,P013,1,-0.656247615814209,0.3415830135345459,0.4026999883659817
P013 (8).jpg,P013,1,-3.104524850845337,0.042920995503664,0.1341234792369415
P013 (9).jpg,P013,1,-0.6758882999420166,0.3371796011924743,0.399865290329975
P026 (1).jpg,P026,1,-0.2354092895984649,0.4414179623126983,0.46470444295452895
P026 (10).jpg,P026,1,-0.1635773181915283,0.4591966569423675,0.47545329538024694
P026 (11).jpg,P026,1,0.8198562860488892,0.6942058205604553,0.6206980940528107
P026 (12).jpg,P026,1,2.499807357788086,0.9241282939910888,0.8178292983594768
P026 (13).jpg,P026,1,0.8259501457214355,0.6954979300498962,0.6215595735138054
P026 (14).jpg,P026,1,1.365963578224182,0.7967272400856018,0.6943584688428628
P026 (2).jpg,P026,1,-0.476077526807785,0.3831787705421448,0.4289848620351951
P026 (3).jpg,P026,1,0.590076208114624,0.6433826088905334,0.5877027021159605
P026 (4).jpg,P026,1,-0.3017991483211517,0.4251177012920379,0.45479878813058544
P026 (5).jpg,P026,1,-1.2063430547714231,0.2303487360477447,0.3263618075630106
P026 (6).jpg,P026,1,-0.0922295749187469,0.4769589602947235,0.48615227231726293
P026 (7).jpg,P026,1,-0.9750728607177734,0.2738705277442932,0.3576093096444247
P026 (8).jpg,P026,1,-1.0548559427261353,0.2582936882972717,0.3466757419610212
P026 (9).jpg,P026,1,-0.0444320440292358,0.4888938069343567,0.4933274798468359
P156 (1).jpg,P156,1,-1.0597195625305176,0.2573630511760711,0.3460142928833814
P156 (10).jpg,P156,1,-0.1085229814052581,0.4728958010673523,0.4837075153003706
P156 (11).jpg,P156,1,-0.2927339076995849,0.4273346960544586,0.4561494314250686
P156 (12).jpg,P156,1,-1.2889500856399536,0.2160305678844452,0.3155472710911057
P156 (13).jpg,P156,1,0.0409811735153198,0.510243833065033,0.5061543450414874
P156 (14).jpg,P156,1,-0.2008819133043289,0.4499477446079254,0.46986760664914223
P156 (15).jpg,P156,1,-1.9706141948699951,0.1223229318857193,0.23436833941170662
P156 (16).jpg,P156,1,-0.5225174427032471,0.3722637593746185,0.4221650450673511
P156 (17).jpg,P156,1,-1.6424105167388916,0.1621373295783996,0.2715751839522752
P156 (18).jpg,P156,1,-3.1985080242156982,0.0392219051718711,0.12770107709501324
P156 (19).jpg,P156,1,-2.163339614868164,0.1030912473797798,0.21423517684129023
P156 (2).jpg,P156,1,-1.7613927125930786,0.1466159969568252,0.2576685871120089
P156 (20).jpg,P156,1,-3.117014646530152,0.042410846799612,0.13325451305821898
P156 (21).jpg,P156,1,-1.443966507911682,0.1909318566322326,0.2957884906180229
P156 (22).jpg,P156,1,-1.3192378282546997,0.2109451293945312,0.3116308701557534
P156 (23).jpg,P156,1,-0.9924291372299194,0.2704325318336487,0.3552176698272248
P156 (24).jpg,P156,1,-1.1300581693649292,0.2441503554582595,0.3365158018471212
P156 (25).jpg,P156,1,-1.187556266784668,0.2336962670087814,0.3288478310119737
P156 (26).jpg,P156,1,-2.180243492126465,0.1015387177467346,0.2125307164271713
P156 (27).jpg,P156,1,-0.8172081708908081,0.3063566088676452,0.3796765035414116
P156 (28).jpg,P156,1,-1.1090248823165894,0.2480527460575103,0.33934273032513346
P156 (29).jpg,P156,1,-1.7095271348953247,0.1532250642776489,0.26367304824660437
P156 (3).jpg,P156,1,-2.005350351333618,0.1186423152685165,0.23064473386831996
P156 (30).jpg,P156,1,-1.5030205249786377,0.1819754540920257,0.28845293379120407
P156 (31).jpg,P156,1,-2.0555062294006348,0.1134971901774406,0.22534164732359566
P156 (32).jpg,P156,1,-2.191805601119995,0.1004887670278549,0.2113705942210494
P156 (33).jpg,P156,1,-2.1610538959503174,0.103302776813507,0.21446641310253076
P156 (34).jpg,P156,1,-1.471324443817139,0.1867413818836212,0.2923767011124132
P156 (35).jpg,P156,1,-0.6742165088653564,0.337553322315216,0.40010631831617605
P156 (36).jpg,P156,1,-2.0319032669067383,0.1158937662839889,0.22782640975274746
P156 (37).jpg,P156,1,-1.754159927368164,0.1475232690572738,0.258500544520351
P156 (38).jpg,P156,1,-1.2864476442337036,0.2164546847343444,0.31587203782681167
P156 (39).jpg,P156,1,-0.9696496725082396,0.2749503254890442,0.35835807067767667
P156 (4).jpg,P156,1,-1.4797731637954712,0.1854616850614547,0.29132774615393797
P156 (40).jpg,P156,1,-0.8534388542175293,0.2987119853496551,0.37456398494261783
P156 (41).jpg,P156,1,-1.2506378889083862,0.2225897461175918,0.320539019314712
P156 (42).jpg,P156,1,-1.2246841192245483,0.2271131873130798,0.32394414613031913
P156 (43).jpg,P156,1,-1.40936017036438,0.1963349878787994,0.30013710964786977
P156 (44).jpg,P156,1,-2.526355743408203,0.074031077325344,0.1798066677014174
P156 (45).jpg,P156,1,-2.831322431564331,0.0556548498570919,0.15435290702549395
P156 (46).jpg,P156,1,-3.57707142829895,0.0271970927715301,0.10443832442172854
P156 (47).jpg,P156,1,-2.981391906738281,0.048273641616106,0.1429487201968776
P156 (48).jpg,P156,1,-2.935213327407837,0.0504400394856929,0.14638115255752127
P156 (49).jpg,P156,1,-2.604843139648437,0.0688273757696151,0.1729578671845207
P156 (5).jpg,P156,1,-1.879732966423035,0.1324195563793182,0.2443065291724788
P156 (50).jpg,P156,1,-2.659188985824585,0.0654249042272567,0.16833764205057403
P156 (51).jpg,P156,1,-2.1608104705810547,0.1033253371715545,0.21449105007815933
P156 (52).jpg,P156,1,-2.0169243812561035,0.1174373850226402,0.22941327440066248
P156 (53).jpg,P156,1,-1.498221516609192,0.1826909184455871,0.2890450052408301
P156 (54).jpg,P156,1,-1.1291958093643188,0.2443095296621322,0.336631477191084
P156 (55).jpg,P156,1,-2.9252820014953613,0.0509178377687931,0.14712820601269877
P156 (56).jpg,P156,1,-1.7102782726287842,0.1531276255846023,0.2635854512783868
P156 (6).jpg,P156,1,-1.986396074295044,0.1206386536359787,0.23267141950694917
P156 (7).jpg,P156,1,-1.6788097620010376,0.1572531461715698,0.26727125044712846
P156 (8).jpg,P156,1,-0.4602586328983307,0.3869244754314422,0.4313142133270005
P156 (9).jpg,P156,1,-0.8746895790100098,0.2942794263362884,0.37157818123278574
P157 (1).jpg,P157,1,-0.9791513681411744,0.2730602025985718,0.35704666137795116
P157 (2).jpg,P157,1,-4.321856498718262,0.0131012927740812,0.06937891563975289
P157 (3).jpg,P157,1,2.2124133110046387,0.9013586640357972,0.7906856376577626
P157 (4).jpg,P157,1,2.838222026824951,0.9447066783905028,0.846187330320338
P157 (5).jpg,P157,1,2.7475814819335938,0.9397766590118408,0.8389660235868508
P205 (1).jpg,P205,1,2.744304656982422,0.939590871334076,0.8386998994612164
P205 (10).jpg,P205,1,0.6956872940063477,0.6672308444976807,0.6029854844585448
P205 (11).jpg,P205,1,2.245230197906494,0.9042383432388306,0.7939296611077677
P205 (12).jpg,P205,1,0.789103627204895,0.6876388192176819,0.6163391171536969
P205 (13).jpg,P205,1,0.2909420430660248,0.5722267031669617,0.5435835190826914
P205 (14).jpg,P205,1,2.276351928710937,0.9068995118141174,0.796971582812496
P205 (15).jpg,P205,1,0.978028416633606,0.7267168164253235,0.6427984617112819
P205 (16).jpg,P205,1,1.980772614479065,0.8787634968757629,0.766724910825611
P205 (17).jpg,P205,1,1.995345950126648,0.8803076148033142,0.7682870890627816
P205 (18).jpg,P205,1,1.297512769699097,0.7854160666465759,0.6855626302196018
P205 (19).jpg,P205,1,0.8359761238098145,0.6976170539855957,0.62297526053179
P205 (2).jpg,P205,1,1.0929640531539917,0.7489394545555115,0.6584909006577664
P205 (20).jpg,P205,1,2.324075222015381,0.9108514189720154,0.8015709501662658
P205 (21).jpg,P205,1,1.395374059677124,0.8014487624168396,0.6980950773237701
P205 (22).jpg,P205,1,-0.046026587486267,0.4884953498840332,0.4930880514900425
P205 (23).jpg,P205,1,0.8460022211074829,0.6997278332710266,0.6243888687937599
P205 (24).jpg,P205,1,1.3132925033569336,0.7880635857582092,0.6876024595390948
P205 (25).jpg,P205,1,0.0501009672880172,0.5125225782394409,0.507523721542645
P205 (26).jpg,P205,1,0.4288407862186432,0.6055968403816223,0.5640505449095027
P205 (27).jpg,P205,1,-0.1280917227268219,0.4680207967758178,0.4807723488463429
P205 (28).jpg,P205,1,0.1588116437196731,0.5396196842193604,0.5238326589353426
P205 (29).jpg,P205,1,0.0797898769378662,0.5199369192123413,0.5119807509924811
P205 (3).jpg,P205,1,0.7218676805496216,0.6730181574821472,0.6067443508033911
P205 (30).jpg,P205,1,-0.8577531576156616,0.2978090047836303,0.37395702846028334
P205 (31).jpg,P205,1,0.6368367671966553,0.6540380120277405,0.5944920825467566
P205 (32).jpg,P205,1,0.4632991850376129,0.6137965321540833,0.569133750938958
P205 (33).jpg,P205,1,-0.2308841943740844,0.4425340294837951,0.4653807111535005
P205 (34).jpg,P205,1,0.1206883788108825,0.5301355123519897,0.5181173494189473
P205 (35).jpg,P205,1,-0.722012996673584,0.3269498944282532,0.39323482012823435
P205 (36).jpg,P205,1,0.3261587619781494,0.5808244347572327,0.548827238317752
P205 (37).jpg,P205,1,-0.2073867917060852,0.4483383595943451,0.46889435147962233
P205 (38).jpg,P205,1,-0.4737988412380218,0.3837175071239471,0.4293202098797742
P205 (39).jpg,P205,1,-0.4523618519306183,0.3887993395328522,0.43247816869671435
P205 (4).jpg,P205,1,0.9024523496627808,0.7114531993865967,0.6323078332476756
P205 (40).jpg,P205,1,0.0586583018302917,0.5146603584289551,0.508808540084933
P205 (41).jpg,P205,1,-0.7769888639450073,0.3149691820144653,0.38538325703214404
P205 (42).jpg,P205,1,0.5217820405960083,0.6275643706321716,0.577727183103512
P205 (43).jpg,P205,1,0.6852649450302124,0.6649127006530762,0.6014856720891099
P205 (44).jpg,P205,1,0.4073672294616699,0.6004564166069031,0.5608759342140802
P205 (45).jpg,P205,1,0.9667648077011108,0.7244741320610046,0.6412433440224011
P205 (46).jpg,P205,1,1.4654260873794556,0.8123611807823181,0.7068896733552696
P205 (47).jpg,P205,1,1.7824437618255615,0.8559983968734741,0.7447428603118321
P205 (48).jpg,P205,1,1.994900107383728,0.8802605867385864,0.7682394057905378
P205 (49).jpg,P205,1,1.8496205806732176,0.8640825152397156,0.7523383604727736
P205 (5).jpg,P205,1,0.8756147623062134,0.7059126496315002,0.628551589755242
P205 (50).jpg,P205,1,1.762386918067932,0.8535083532333374,0.7424456354708326
P205 (51).jpg,P205,1,2.282273292541504,0.9073982238769532,0.7975465483263303
P205 (52).jpg,P205,1,2.4327406883239746,0.9192901253700256,0.8117498402729814
P205 (53).jpg,P205,1,0.5889860391616821,0.6431324481964111,0.5875440060024611
P205 (54).jpg,P205,1,1.3376513719558716,0.7921034097671509,0.6907370672185791
P205 (55).jpg,P205,1,2.4736666679382324,0.9222750663757324,0.8154780329664578
P205 (56).jpg,P205,1,1.2830448150634766,0.7829676270484924,0.6836860546544505
P205 (57).jpg,P205,1,1.0540379285812378,0.741549551486969,0.6532129503563269
P205 (58).jpg,P205,1,3.433767795562744,0.9687433242797852,0.8872313693156064
P205 (59).jpg,P205,1,1.5909099578857422,0.8307440876960754,0.7222615445437085
P205 (6).jpg,P205,1,0.8723278045654297,0.7052298188209534,0.6280904601118508
P205 (60).jpg,P205,1,0.5037088394165039,0.6233305335044861,0.5750762866162327
P205 (61).jpg,P205,1,1.307505488395691,0.7870954275131226,0.6868552164542092
P205 (62).jpg,P205,1,2.64017653465271,0.933402955532074,0.8300573053149798
P205 (63).jpg,P205,1,1.57184636592865,0.8280466794967651,0.7199584238241719
P205 (64).jpg,P205,1,1.2227824926376345,0.7725528478622437,0.675805620838098
P205 (65).jpg,P205,1,0.5687862634658813,0.6384831070899963,0.5846002608504416
P205 (66).jpg,P205,1,-1.1028670072555542,0.2492030709981918,0.3401725480409377
P205 (67).jpg,P205,1,0.1998801827430725,0.5498043298721313,0.5299824946016812
P205 (68).jpg,P205,1,-0.3824737071990967,0.4055303931236267,0.44281050615578876
P205 (69).jpg,P205,1,-0.224316269159317,0.4441549181938171,0.46636250281570324
P205 (7).jpg,P205,1,2.3561086654663086,0.9134185910224916,0.8046139635188069
P205 (70).jpg,P205,1,0.90079665184021,0.7111131548881531,0.6320765572765524
P205 (71).jpg,P205,1,1.3976916074752808,0.8018172979354858,0.6983884184920428
P205 (72).jpg,P205,1,0.5815681219100952,0.6414281725883484,0.5864636966977655
P205 (8).jpg,P205,1,2.1979851722717285,0.9000684022903442,0.7892475497918919
P205 (9).jpg,P205,1,0.5710023641586304,0.6389944553375244,0.5849235157493073
P041 (1).jpg,P041,1,1.9236303567886357,0.872542679309845,0.7605291258376867
P041 (10).jpg,P041,1,1.503393530845642,0.8180800676345825,0.7115930551110893
P041 (11).jpg,P041,1,0.9015039205551147,0.7112584710121155,0.6321753594710406
P041 (12).jpg,P041,1,-1.72150719165802,0.1516771465539932,0.262278174822432
P041 (13).jpg,P041,1,-1.5278347730636597,0.1783107072114944,0.2854030471623738
P041 (14).jpg,P041,1,-4.183846473693848,0.0150110106915235,0.07492671832620992
P041 (15).jpg,P041,1,-1.7791310548782349,0.1444104611873626,0.2556356328799333
P041 (16).jpg,P041,1,-1.8745619058609009,0.1330147534608841,0.244880492952011
P041 (17).jpg,P041,1,-1.2464419603347778,0.2233166545629501,0.3210882428722366
P041 (18).jpg,P041,1,-2.8025331497192383,0.0571874417364597,0.15662385517071833
P041 (19).jpg,P041,1,-4.543014049530029,0.0105292396619915,0.061276464832393816
P041 (2).jpg,P041,1,-1.2226128578186035,0.2274769693613052,0.324216706113784
P041 (20).jpg,P041,1,-2.4517059326171875,0.0793138891458511,0.1865153536975319
P041 (21).jpg,P041,1,-0.6552696228027344,0.3418030440807342,0.40284131176756377
P041 (22).jpg,P041,1,-0.8134726285934448,0.3071509897708893,0.3802051703995712
P041 (23).jpg,P041,1,-3.009953737258911,0.0469782166182994,0.14085947498403786
P041 (24).jpg,P041,1,-3.500430107116699,0.0292999949306249,0.10882365043571846
P041 (25).jpg,P041,1,0.029294267296791,0.5073230266571045,0.5043993733208766
P041 (26).jpg,P041,1,-5.920583724975586,0.002676450414583,0.027742026400428332
P041 (27).jpg,P041,1,-6.749323844909668,0.001170300412923,0.017048093279337997
P041 (28).jpg,P041,1,-8.080190658569336,0.0003095161519013,0.00773669773834397
P041 (29).jpg,P041,1,-8.023195266723633,0.0003276636125519,0.008004023457931008
P041 (3).jpg,P041,1,0.8732210397720337,0.7054154872894287,0.628215795833066
P041 (30).jpg,P041,1,-3.192176342010498,0.0394612066447734,0.12812537734943943
P041 (31).jpg,P041,1,-3.602842330932617,0.0265235044062137,0.10299918011240373
P041 (32).jpg,P041,1,-6.047223091125488,0.0023588412441313,0.02576215813803324
P041 (33).jpg,P041,1,-5.940601348876953,0.0026235461700707,0.02741951355729575
P041 (34).jpg,P041,1,-5.482150554656982,0.0041431356221437,0.03580200654332388
P041 (35).jpg,P041,1,-5.717379093170166,0.0032775404397398,0.03123140614943489
P041 (36).jpg,P041,1,-6.945496559143066,0.0009620356722734,0.01518166598350951
P041 (37).jpg,P041,1,-5.666990280151367,0.0034463398624211,0.03216036844594703
P041 (38).jpg,P041,1,-6.001247882843018,0.0024695470929145,0.026464499493665857
P041 (39).jpg,P041,1,-5.428025245666504,0.0043725566938519,0.036941519847693095
P041 (4).jpg,P041,1,-1.354036569595337,0.2052112221717834,0.3071642171602132
P041 (5).jpg,P041,1,-2.7690892219543457,0.0590175688266754,0.15929604687748677
P041 (6).jpg,P041,1,-0.7296949625015259,0.3252616822719574,0.39213427040273974
P041 (7).jpg,P041,1,-1.1166223287582395,0.2466383427381515,0.3383202788367104
P041 (8).jpg,P041,1,-1.343984842300415,0.2068555057048797,0.3084507642211725
P041 (9).jpg,P041,1,1.19703471660614,0.7679969072341919,0.6724076451412508
P100 (1).jpg,P100,1,1.9804662466049197,0.878730833530426,0.7666919914298389
P100 (10).jpg,P100,1,3.901193618774414,0.9801828861236572,0.9124213257604624
P100 (100).jpg,P100,1,1.5359617471694946,0.8228769302368164,0.715591607651944
P100 (101).jpg,P100,1,0.5862581729888916,0.6425061821937561,0.5871468303053284
P100 (102).jpg,P100,1,-0.3310402929782867,0.4179875552654266,0.45044673686516323
P100 (103).jpg,P100,1,-1.1976637840270996,0.2318910807371139,0.32750911819386724
P100 (104).jpg,P100,1,-0.1752727329730987,0.4562936425209045,0.47370139118963844
P100 (105).jpg,P100,1,-1.1173568964004517,0.2465018779039383,0.3382215017908326
P100 (106).jpg,P100,1,-0.6443153619766235,0.3442716896533966,0.40442533811296183
P100 (107).jpg,P100,1,1.4594053030014038,0.8114417195320129,0.7061397103618983
P100 (108).jpg,P100,1,0.0823615789413452,0.5205787420272827,0.5123667467041348
P100 (109).jpg,P100,1,1.0144153833389282,0.7338833212852478,0.6478016016128629
P100 (11).jpg,P100,1,1.095090627670288,0.7493391036987305,0.6587781268603313
P100 (110).jpg,P100,1,0.1132578253746032,0.5282841920852661,0.5170027870765599
P100 (111).jpg,P100,1,2.9013357162475586,0.9479124546051024,0.8510575326333093
P100 (112).jpg,P100,1,3.553253173828125,0.972165584564209,0.8942158081984888
P100 (113).jpg,P100,1,0.5183268785476685,0.6267564296722412,0.5772207365270219
P100 (114).jpg,P100,1,0.8282792568206787,0.6959909796714783,0.6218886341506434
P100 (115).jpg,P100,1,2.97647762298584,0.9515000581741332,0.856689216601333
P100 (116).jpg,P100,1,4.641815662384033,0.9904518127441406,0.9420500270006975
P100 (117).jpg,P100,1,0.7548791170120239,0.6802408695220947,0.6114659807430188
P100 (118).jpg,P100,1,1.7169407606124878,0.8477343916893005,0.7371907034168605
P100 (119).jpg,P100,1,0.2135481238365173,0.5531850457191467,0.5320272845066352
P100 (12).jpg,P100,1,2.612334489822388,0.93165123462677,0.8276849211428808
P100 (120).jpg,P100,1,-2.215994358062744,0.0983233526349067,0.2089585503176283
P100 (121).jpg,P100,1,1.13625967502594,0.7569922208786011,0.6643154787399473
P100 (122).jpg,P100,1,0.4297671020030975,0.6058180332183838,0.5641873735817422
P100 (123).jpg,P100,1,-0.1112923622131347,0.4722056090831756,0.48329205567905775
P100 (124).jpg,P100,1,-0.2120177745819091,0.4471932351589203,0.4682016109261273
P100 (125).jpg,P100,1,-0.0190234929323196,0.4952442646026611,0.49714303500329005
P100 (126).jpg,P100,1,1.7324382066726685,0.8497239947319031,0.7389903988062325
P100 (127).jpg,P100,1,1.3226141929626465,0.7896162867546082,0.6888040650270023
P100 (128).jpg,P100,1,1.1692415475845337,0.7630078792572021,0.6687193499788157
P100 (129).jpg,P100,1,1.9772027730941768,0.878382682800293,0.7663411288693319
P100 (13).jpg,P100,1,2.580894470214844,0.9296218156814576,0.8249745191408757
P100 (130).jpg,P100,1,1.9918984174728396,0.8799437880516052,0.7679181940768899
P100 (131).jpg,P100,1,1.1129032373428345,0.7526699900627136,0.661179400075971
P100 (132).jpg,P100,1,0.8993489742279053,0.7108156681060791,0.6318742887842071
P100 (133).jpg,P100,1,-0.3811981976032257,0.4058379232883453,0.4429995675915907
P100 (134).jpg,P100,1,0.4486018419265747,0.6103067994117737,0.5669673572921738
P100 (135).jpg,P100,1,1.2794781923294067,0.7823609709739685,0.6832225197961257
P100 (14).jpg,P100,1,0.7008941173553467,0.6683859825134277,0.6037340420740097
P100 (15).jpg,P100,1,2.1983962059021,0.9001054167747498,0.7892886185517373
P100 (16).jpg,P100,1,1.287346124649048,0.7836976647377014,0.6842445876266235
P100 (17).jpg,P100,1,3.470472812652588,0.969835877418518,0.8894187286143207
P100 (18).jpg,P100,1,1.6604799032211304,0.8403024077415466,0.7305668080223745
P100 (19).jpg,P100,1,3.604583978652954,0.9735214114189148,0.897097444086412
P100 (2).jpg,P100,1,0.7660341262817383,0.6826623678207397,0.6130568143709696
P100 (20).jpg,P100,1,2.351001262664795,0.913013756275177,0.8041311645673582
P100 (21).jpg,P100,1,3.668405294418335,0.975117802619934,0.9005831957042092
P100 (22).jpg,P100,1,0.1099058240652084,0.527448832988739,0.5164999401647913
P100 (23).jpg,P100,1,1.381789207458496,0.7992781400680542,0.6963723390306329
P100 (24).jpg,P100,1,0.2641081511974334,0.5656459331512451,0.5395814327221595
P100 (25).jpg,P100,1,0.198709949851036,0.549514651298523,0.5298073743507234
P100 (26).jpg,P100,1,-0.8165225982666016,0.3065023124217987,0.3797735067973942
P100 (27).jpg,P100,1,0.9577187299728394,0.7226648330688477,0.6399922356499631
P100 (28).jpg,P100,1,0.6362241506576538,0.6538994312286377,0.5944033611022036
P100 (29).jpg,P100,1,2.822020530700684,0.9438542127609252,0.8449163013623368
P100 (3).jpg,P100,1,1.4081236124038696,0.8034697771072388,0.69970683057653
P100 (30).jpg,P100,1,1.4222193956375122,0.8056861162185669,0.7014830383363313
P100 (31).jpg,P100,1,-0.8705364465713501,0.2951426804065704,0.3721609490519537
P100 (32).jpg,P100,1,1.1083894968032837,0.7518287301063538,0.6605716924734133
P100 (33).jpg,P100,1,3.678975105285645,0.9753729104995728,0.9011502511555102
P100 (34).jpg,P100,1,2.135609865188598,0.8943163752555847,0.7829472778633305
P100 (35).jpg,P100,1,1.3517242670059204,0.7944114208221436,0.6925400896996026
P100 (36).jpg,P100,1,0.9401779174804688,0.719135582447052,0.6375608561649393
P100 (37).jpg,P100,1,2.4484241008758545,0.9204460978507996,0.8131853316438977
P100 (38).jpg,P100,1,1.9330500364303589,0.8735866546630859,0.7615581915637866
P100 (39).jpg,P100,1,2.0043742656707764,0.8812555074691772,0.769251200728982
P100 (4).jpg,P100,1,2.316070556640625,0.9101992845535278,0.8008050023371949
P100 (40).jpg,P100,1,-0.674468994140625,0.3374968767166137,0.4000699135246921
P100 (41).jpg,P100,1,0.8705248832702637,0.7048549056053162,0.6278374278650763
P100 (42).jpg,P100,1,-0.7241033315658569,0.326490044593811,0.39293524235752986
P100 (43).jpg,P100,1,-2.189426183700561,0.100704051554203,0.21160896152506062
P100 (44).jpg,P100,1,-1.0713571310043335,0.2551450729370117,0.3444340098450434
P100 (45).jpg,P100,1,2.968231201171875,0.9511181116104126,0.8560799403132721
P100 (46).jpg,P100,1,-1.7716206312179563,0.1453408896923065,0.25649509970260015
P100 (47).jpg,P100,1,-0.3751561939716339,0.407295674085617,0.44389536247168004
P100 (48).jpg,P100,1,0.5677828788757324,0.6382514238357544,0.584453876664839
P100 (49).jpg,P100,1,2.380690097808838,0.9153429269790648,0.8069250204331454
P100 (5).jpg,P100,1,1.9046050310134888,0.8704118132591248,0.758441414857869
P100 (50).jpg,P100,1,1.201321721076965,0.7687598466873169,0.6729746759887866
P100 (51).jpg,P100,1,2.333829879760742,0.9116403460502625,0.8025013520787515
P100 (52).jpg,P100,1,1.8658785820007324,0.8659807443618774,0.75415365054464
P100 (53).jpg,P100,1,-0.7614089250564575,0.3183404505252838,0.3876025023664922
P100 (54).jpg,P100,1,1.9661108255386357,0.8771927356719971,0.7651458715544089
P100 (55).jpg,P100,1,1.0367238521575928,0.7382174134254456,0.6508530966686215
P100 (56).jpg,P100,1,0.1010553985834121,0.5252423882484436,0.5151720950789487
P100 (57).jpg,P100,1,0.6792111396789551,0.6635625958442688,0.6006136311118689
P100 (58).jpg,P100,1,1.954064965248108,0.8758891820907593,0.7638430293794666
P100 (59).jpg,P100,1,-0.8918740749359131,0.2907232344150543,0.36917083583524396
P100 (6).jpg,P100,1,1.5958870649337769,0.8314427733421326,0.7228609187268717
P100 (60).jpg,P100,1,-1.3268345594406128,0.2096834480762481,0.3106527458201319
P100 (61).jpg,P100,1,0.1438215374946594,0.5358934998512268,0.5215860548570637
P100 (62).jpg,P100,1,1.101871371269226,0.7506105899810791,0.6596931905781418
P100 (63).jpg,P100,1,0.6781070232391357,0.6633160710334778,0.6004545159215934
P100 (64).jpg,P100,1,1.989984393119812,0.8797414898872375,0.7677132116421661
P100 (65).jpg,P100,1,-0.7708101272583008,0.3163038790225982,0.3862628071582834
P100 (66).jpg,P100,1,-0.4065590500831604,0.3997375071048736,0.43924364453688364
P100 (67).jpg,P100,1,-0.382215678691864,0.4055926203727722,0.4428487508990815
P100 (68).jpg,P100,1,-0.366420179605484,0.4094063341617584,0.44519121844200604
P100 (69).jpg,P100,1,-0.0614617466926574,0.4846394062042236,0.4907705685178673
P100 (7).jpg,P100,1,1.0134271383285522,0.7336902618408203,0.6476661414802461
P100 (70).jpg,P100,1,-0.9710838794708252,0.2746645212173462,0.3581599872668293
P100 (71).jpg,P100,1,-1.6578210592269895,0.1600547134876251,0.26974770826530825
P100 (72).jpg,P100,1,-0.8787592649459839,0.2934349477291107,0.3710074847660658
P100 (73).jpg,P100,1,-1.7266266345977783,0.1510195881128311,0.2616835553422182
P100 (74).jpg,P100,1,-0.6177389621734619,0.3502958714962005,0.40827660876312727
P100 (75).jpg,P100,1,-2.432556629180908,0.0807235464453697,0.18826705671545454
P100 (76).jpg,P100,1,0.6110928058624268,0.6481900811195374,0.5907584926765157
P100 (77).jpg,P100,1,-2.202592372894287,0.0995179340243339,0.21029245366885937
P100 (78).jpg,P100,1,-0.8000956773757935,0.3100050687789917,0.3821006470036575
P100 (79).jpg,P100,1,-0.6616363525390625,0.3403721451759338,0.4019215874619347
P100 (8).jpg,P100,1,2.8480265140533447,0.9452165961265564,0.8469523577653074
P100 (80).jpg,P100,1,-0.3965286314487457,0.4021466672420501,0.4407283347043429
P100 (81).jpg,P100,1,-1.2449570894241333,0.2235742956399917,0.32128272293875687
P100 (82).jpg,P100,1,-1.2191038131713867,0.2280942052602768,0.32467873795565344
P100 (83).jpg,P100,1,-1.3565157651901243,0.204807162284851,0.30684735796943347
P100 (84).jpg,P100,1,0.0484702587127685,0.5121151804924011,0.5072788712884322
P100 (85).jpg,P100,1,-1.0844172239303589,0.2526710033416748,0.34266465017351394
P100 (86).jpg,P100,1,-0.784419059753418,0.3133682608604431,0.38432655141262356
P100 (87).jpg,P100,1,-0.7463167905807495,0.3216243684291839,0.3897567212493007
P100 (88).jpg,P100,1,-1.4585009813308716,0.1886966973543167,0.29397303079275394
P100 (89).jpg,P100,1,-1.0584088563919067,0.2576136291027069,0.3461924895771032
P100 (9).jpg,P100,1,2.357738494873047,0.9135473966598512,0.8047678402927344
P100 (90).jpg,P100,1,-1.9951534271240237,0.1197127252817154,0.23173350060056594
P100 (91).jpg,P100,1,-1.8232256174087524,0.1390472799539566,0.25062786671121745
P100 (92).jpg,P100,1,-0.4582164585590362,0.3874090313911438,0.4316151498347084
P100 (93).jpg,P100,1,-0.8173680305480957,0.3063226342201233,0.379653886010739
P100 (94).jpg,P100,1,-1.1025248765945437,0.249267116189003,0.3402186814215646
P100 (95).jpg,P100,1,-1.6836750507354736,0.156609445810318,0.26669926121156046
P100 (96).jpg,P100,1,-2.688387870788574,0.0636620447039604,0.16589621563983542
P100 (97).jpg,P100,1,1.596571445465088,0.8315386176109314,0.722943273683832
P100 (98).jpg,P100,1,0.5250142812728882,0.6283195614814758,0.5782008066859797
P100 (99).jpg,P100,1,0.2406897246837616,0.5598835945129395,0.5360845453429678
P114 (1).jpg,P114,1,2.226726531982422,0.9026240706443788,0.7921051292665501
P114 (10).jpg,P114,1,-0.3265655934810638,0.4190765023231506,0.4511122460888739
P114 (11).jpg,P114,1,-2.183619260787964,0.1012311577796936,0.2121915177673514
P114 (12).jpg,P114,1,-1.6255358457565308,0.1644428223371505,0.2735851678717823
P114 (13).jpg,P114,1,-0.8357402086257935,0.3024327158927917,0.3770580271450829
P114 (14).jpg,P114,1,-0.1242024078965187,0.4689892530441284,0.48135561809882027
P114 (15).jpg,P114,1,-0.1298539042472839,0.467582106590271,0.48050809675537814
P114 (16).jpg,P114,1,-0.1120646968483924,0.4720131456851959,0.48317619493644315
P114 (17).jpg,P114,1,-0.6532478332519531,0.3422580063343048,0.403133518540841
P114 (18).jpg,P114,1,-0.1743474304676056,0.4565231800079345,0.4738399730329684
P114 (19).jpg,P114,1,-1.130164384841919,0.2441307455301284,0.33650155565832435
P114 (2).jpg,P114,1,1.9339383840560915,0.8736847639083862,0.7616550834023371
P114 (20).jpg,P114,1,-0.0398082137107849,0.4900492429733276,0.4940217870845935
P114 (21).jpg,P114,1,-0.8857463598251343,0.2919884026050567,0.3700285168639431
P114 (22).jpg,P114,1,2.5526788234710693,0.9277532696723938,0.8225135872877345
P114 (23).jpg,P114,1,0.849862813949585,0.7005383968353271,0.6249326216129585
P114 (24).jpg,P114,1,2.1311936378479004,0.8938983082771301,0.7824960931018518
P114 (25).jpg,P114,1,2.4873220920562744,0.923248291015625,0.8167092085878587
P114 (26).jpg,P114,1,0.0702493861317634,0.5175551176071167,0.5105486642921685
P114 (27).jpg,P114,1,-0.5026384592056274,0.3769208192825317,0.42508084906983595
P114 (28).jpg,P114,1,0.4266291856765747,0.6050684452056885,0.5637238238563719
P114 (29).jpg,P114,1,0.7743070125579834,0.6844518780708313,0.6142350699824689
P114 (3).jpg,P114,1,-0.700663685798645,0.3316650986671448,0.3962990756128093
P114 (30).jpg,P114,1,0.5397205352783203,0.6317474246025085,0.5803539013229093
P114 (31).jpg,P114,1,-0.3372685015201568,0.4164731502532959,0.44952072886312916
P114 (32).jpg,P114,1,-0.2992476522922516,0.42574143409729,0.4551788728316641
P114 (33).jpg,P114,1,-0.1482575535774231,0.4630033671855926,0.47774901342257325
P114 (34).jpg,P114,1,-0.1026439368724823,0.4743615686893463,0.484589557376887
P114 (35).jpg,P114,1,-0.4388513565063476,0.3920146822929382,0.43447128707473626
P114 (36).jpg,P114,1,-0.5024142265319824,0.3769734501838684,0.4251137691563818
P114 (37).jpg,P114,1,-0.2484629899263382,0.4382018148899078,0.46275432416859774
P114 (38).jpg,P114,1,-0.2165960073471069,0.4460617005825043,0.46751688162447574
P114 (39).jpg,P114,1,5.209202289581299,0.9945637583732604,0.9580862748358633
P114 (4).jpg,P114,1,-1.9980286359786987,0.1194100528955459,0.23142613999944603
P114 (40).jpg,P114,1,2.060575485229492,0.8870118856430054,0.7751894961243748
P114 (41).jpg,P114,1,3.643852710723877,0.9745150208473206,0.8992548048208444
P114 (42).jpg,P114,1,0.3824509680271148,0.594464123249054,0.5571861234927087
P114 (43).jpg,P114,1,-0.529693603515625,0.3705883324146271,0.42111378238578234
P114 (44).jpg,P114,1,-0.1660986691713333,0.4585705399513244,0.47507555929413225
P114 (45).jpg,P114,1,-0.6019377708435059,0.3539004921913147,0.41057179255559095
P114 (46).jpg,P114,1,0.342708021402359,0.584848165512085,0.551287731290899
P114 (47).jpg,P114,1,1.4472736120224,0.8095784783363342,0.704625161575525
P114 (48).jpg,P114,1,0.819622278213501,0.6941561698913574,0.6206649975138547
P114 (49).jpg,P114,1,1.8219634294509888,0.8608015775680542,0.7492296997025322
P114 (5).jpg,P114,1,0.6732898950576782,0.6622394323348999,0.5997600676796238
P114 (50).jpg,P114,1,4.300530910491943,0.98662006855011,0.9297893640573611
P114 (51).jpg,P114,1,3.161540985107422,0.9593610763549804,0.8698046642134724
P114 (52).jpg,P114,1,2.4499590396881104,0.9205584526062012,0.8133253695226189
P114 (53).jpg,P114,1,3.3894031047821045,0.967371702194214,0.8845372219751386
P114 (54).jpg,P114,1,1.799218773841858,0.8580538630485535,0.7466538264830043
P114 (55).jpg,P114,1,1.9734946489334104,0.877985954284668,0.7659420161081478
P114 (56).jpg,P114,1,0.8025201559066772,0.6905132532119751,0.6182431630615988
P114 (57).jpg,P114,1,0.7057186365127563,0.6694543957710266,0.6044272044596628
P114 (58).jpg,P114,1,0.313773900270462,0.5778061151504517,0.5469843252095122
P114 (59).jpg,P114,1,0.4507879912853241,0.6108265519142151,0.5672897607127441
P114 (6).jpg,P114,1,0.3151158988475799,0.5781334638595581,0.5471840826976386
P114 (60).jpg,P114,1,3.977158069610596,0.98160582780838,0.9159999156964262
P114 (61).jpg,P114,1,0.8832638263702393,0.7074980735778809,0.6296237751394846
P114 (62).jpg,P114,1,2.6870288848876958,0.9362568855285645,0.8339907867270764
P114 (63).jpg,P114,1,3.269854784011841,0.9633800983428956,0.876997570350661
P114 (64).jpg,P114,1,1.0283008813858032,0.7365863919258118,0.6497023849427089
P114 (65).jpg,P114,1,2.289130210876465,0.9079727530479432,0.7982108372358938
P114 (66).jpg,P114,1,1.9389418363571167,0.8742358684539795,0.7622003032154128
P114 (67).jpg,P114,1,0.3954455852508545,0.5975929498672485,0.5591112902177946
P114 (68).jpg,P114,1,2.7438220977783203,0.939563512802124,0.8386606788959401
P114 (69).jpg,P114,1,4.088925361633301,0.9835188984870912,0.9210238805868659
P114 (7).jpg,P114,1,1.0475636720657349,0.7403067946434021,0.6523314037945526
P114 (70).jpg,P114,1,0.8733537197113037,0.7054430246353149,0.6282344115594816
P114 (71).jpg,P114,1,3.9309916496276855,0.980753481388092,0.9138412160461761
P114 (72).jpg,P114,1,4.149472236633301,0.9844722151756288,0.9236293766722804
P114 (73).jpg,P114,1,3.783538341522217,0.9777636528015136,0.906606374493195
P114 (74).jpg,P114,1,4.262397289276123,0.9861072301864624,0.928279100261342
P114 (75).jpg,P114,1,5.070261955261231,0.9937584400177002,0.9546034041950481
P114 (76).jpg,P114,1,4.376187324523926,0.9875828623771667,0.9326989941430832
P114 (77).jpg,P114,1,2.8594770431518555,0.9458065629005432,0.8478418734419012
P114 (78).jpg,P114,1,4.919804573059082,0.9927523136138916,0.9505215953051165
P114 (79).jpg,P114,1,3.615938425064087,0.9738125205039978,0.8977254080322418
P114 (8).jpg,P114,1,-0.2030502557754516,0.4494111537933349,0.46954315499506905
P114 (80).jpg,P114,1,2.3746542930603027,0.9148740172386168,0.8063594888726152
P114 (9).jpg,P114,1,0.568085789680481,0.6383213400840759,0.5844980700169095
P185 (1).jpg,P185,1,2.5538899898529053,0.9278343915939332,0.8226197787153191
P185 (10).jpg,P185,1,2.811973810195923,0.9433194994926452,0.8441238233408772
P185 (11).jpg,P185,1,3.538813591003418,0.9717722535133362,0.893392462845368
P185 (12).jpg,P185,1,2.490119218826294,0.923446238040924,0.8169606104350058
P185 (13).jpg,P185,1,2.7528555393218994,0.940074384212494,0.8393936057677136
P185 (14).jpg,P185,1,1.5556023120880127,0.8257214426994324,0.7179867573450868
P185 (15).jpg,P185,1,2.4637837409973145,0.9215635657310486,0.8145830016846645
P185 (16).jpg,P185,1,2.816805362701416,0.943577229976654,0.8445053440510796
P185 (17).jpg,P185,1,4.383881092071533,0.9876769781112672,0.9329885371353889
P185 (18).jpg,P185,1,3.858133792877197,0.979328989982605,0.9103321305979719
P185 (19).jpg,P185,1,3.811767101287842,0.9783691763877868,0.9080323516901337
P185 (2).jpg,P185,1,4.592937469482422,0.9899783134460448,0.9404261092021136
P185 (20).jpg,P185,1,1.4556065797805786,0.8108597993850708,0.70566595654515
P185 (21).jpg,P185,1,3.0908966064453125,0.9565156698226928,0.8649228895326556
P185 (22).jpg,P185,1,2.6100950241088867,0.9315084218978882,0.827492964321095
P185 (23).jpg,P185,1,3.200278043746948,0.9608447551727296,0.8724173211871764
P185 (24).jpg,P185,1,3.583162784576416,0.972963571548462,0.8959034347028803
P185 (25).jpg,P185,1,3.578517436981201,0.9728411436080932,0.8956428943548113
P185 (26).jpg,P185,1,3.08555006980896,0.9562928080558776,0.8645472078477755
P185 (27).jpg,P185,1,2.9622089862823486,0.9508373737335204,0.8556336364771583
P185 (28).jpg,P185,1,3.1812498569488525,0.960122525691986,0.8711395862199469
P185 (29).jpg,P185,1,3.2164669036865234,0.9614492058753968,0.873495865858148
P185 (3).jpg,P185,1,4.274349212646484,0.986270010471344,0.9287556477821732
P185 (30).jpg,P185,1,4.769527435302734,0.9915870428085328,0.9460990201680932
P185 (31).jpg,P185,1,3.623034954071045,0.973992884159088,0.8981161591535266
P185 (32).jpg,P185,1,2.808421850204468,0.9431291818618774,0.8438428583623168
P185 (33).jpg,P185,1,2.531268835067749,0.9263049960136414,0.8206281885581322
P185 (34).jpg,P185,1,2.013977527618408,0.882256805896759,0.7702736235019934
P185 (35).jpg,P185,1,2.0870919227600098,0.8896421790122986,0.7779533195575825
P185 (36).jpg,P185,1,4.09055757522583,0.9835453629493712,0.9210951730735362
P185 (37).jpg,P185,1,3.4904963970184326,0.9704161286354064,0.8905962647684117
P185 (38).jpg,P185,1,3.585638999938965,0.9730287194252014,0.8960420814297336
P185 (39).jpg,P185,1,4.147085666656494,0.9844356775283812,0.9235281857867763
P185 (4).jpg,P185,1,2.616992235183716,0.9319472312927246,0.8280836201448646
P185 (40).jpg,P185,1,5.170466423034668,0.994350254535675,0.957141805266041
P185 (41).jpg,P185,1,4.098118782043457,0.9836673736572266,0.921424667396867
P185 (42).jpg,P185,1,3.006732940673828,0.9528773427009584,0.858906212928482
P185 (43).jpg,P185,1,3.142587900161743,0.9586156606674194,0.8685098597712202
P185 (44).jpg,P185,1,2.5765485763549805,0.929336965084076,0.8245972348901504
P185 (45).jpg,P185,1,2.0688443183898926,0.8878379464149475,0.7760539741025526
P185 (46).jpg,P185,1,2.776031494140625,0.9413667917251588,0.8412616674851804
P185 (47).jpg,P185,1,2.883321523666382,0.9470157623291016,0.8496805754832114
P185 (48).jpg,P185,1,1.1049916744232178,0.751194179058075,0.6601138771965551
P185 (49).jpg,P185,1,0.3124911487102508,0.5774931907653809,0.5467933725372363
P185 (5).jpg,P185,1,3.047186374664306,0.9546608924865724,0.861825627198812
P185 (50).jpg,P185,1,1.4701281785964966,0.8130768537521362,0.70747459698577
P185 (51).jpg,P185,1,2.5695574283599854,0.9288764595985411,0.8239889626539701
P185 (52).jpg,P185,1,0.3878834843635559,0.5957731008529663,0.5579911691332
P185 (53).jpg,P185,1,1.3977417945861816,0.8018252849578857,0.6983947690811846
P185 (54).jpg,P185,1,1.1822518110275269,0.7653524279594421,0.6704484929840404
P185 (55).jpg,P185,1,1.7989177703857422,0.8580171465873718,0.7466196203585613
P185 (56).jpg,P185,1,2.2925753593444824,0.9082602262496948,0.7985439832850488
P185 (57).jpg,P185,1,3.242899179458618,0.9624171853065492,0.8752400904608547
P185 (58).jpg,P185,1,2.518132209777832,0.9254032373428344,0.8194636286805433
P185 (59).jpg,P185,1,6.099918365478516,0.9977619647979736,0.9750205345001228
P185 (6).jpg,P185,1,2.500440120697021,0.9241726398468018,0.817885923476847
P185 (60).jpg,P185,1,6.390971183776856,0.9983261227607728,0.9789431697404993
P185 (61).jpg,P185,1,3.6967480182647705,0.9757962226867676,0.9020972524276089
P185 (62).jpg,P185,1,3.772277355194092,0.9775174260139464,0.9060320116020886
P185 (63).jpg,P185,1,6.139057159423828,0.9978476762771606,0.9755868264046021
P185 (64).jpg,P185,1,5.092566013336182,0.9938952326774596,0.9551805237137545
P185 (65).jpg,P185,1,4.649234771728516,0.9905217885971068,0.9422928572829293
P185 (66).jpg,P185,1,5.025660037994385,0.993475615978241,0.9534280323607843
P185 (67).jpg,P185,1,4.888214111328125,0.9925214648246764,0.9496214161904885
P185 (68).jpg,P185,1,4.093029499053955,0.9835853576660156,0.9212030307287518
P185 (69).jpg,P185,1,4.827935218811035,0.9920605421066284,0.9478605677664157
P185 (7).jpg,P185,1,2.8016152381896973,0.942763090133667,0.8433032928004702
P185 (70).jpg,P185,1,6.309440612792969,0.9981842637062072,0.9779095272609546
P185 (71).jpg,P185,1,6.688478469848633,0.9987564086914062,0.9823284579797076
P185 (72).jpg,P185,1,5.554576396942139,0.996145248413086,0.9656699518864121
P185 (73).jpg,P185,1,5.534725189208984,0.996068239212036,0.9652724101624686
P185 (74).jpg,P185,1,4.329671859741211,0.9869993329048156,0.9309236021223396
P185 (75).jpg,P185,1,4.319397926330566,0.98686683177948,0.9305256644526452
P185 (76).jpg,P185,1,4.498958587646484,0.9890017509460448,0.9371834065200558
P185 (77).jpg,P185,1,4.189707279205322,0.9850754737854004,0.9253169503004394
P185 (78).jpg,P185,1,1.8216396570205688,0.8607627153396606,0.7491931544154784
P185 (79).jpg,P185,1,5.167841911315918,0.9943353533744812,0.9570770833914222
P185 (8).jpg,P185,1,3.356128692626953,0.966304898262024,0.882479984592445
P185 (80).jpg,P185,1,5.271143913269043,0.9948886036872864,0.9595553134133327
P185 (81).jpg,P185,1,3.124948740005493,0.957910180091858,0.8672950163003122
P185 (82).jpg,P185,1,2.5907773971557617,0.9302656054496764,0.825830114453844
P185 (83).jpg,P185,1,1.67034912109375,0.8416223526000977,0.7317322176813799
P185 (9).jpg,P185,1,3.695234537124634,0.9757604598999025,0.9020169250849882
