image_id,patient_id,label,logit,prob,prob_calibrated
P055 (1).jpg,P055,0,-3.6290435791015625,0.0258553158491849,0.025854646690601273
P055 (10).jpg,P055,0,-0.6198819279670715,0.3498083055019378,0.34980727190460603
P055 (2).jpg,P055,0,-1.2230029106140137,0.2274084389209747,0.22740685053844575
P055 (3).jpg,P055,0,-3.8432767391204834,0.0209739562124013,0.020973378003919046
P055 (4).jpg,P055,0,-1.6617194414138794,0.1595313102006912,0.15952968392948977
P055 (5).jpg,P055,0,-0.7180759310722351,0.3278168141841888,0.32781565660406947
P055 (6).jpg,P055,0,-0.2713214755058288,0.4325827360153198,0.4325822152804998
P055 (7).jpg,P055,0,-2.299551248550415,0.0911601334810257,0.09115873647860638
P055 (8).jpg,P055,0,-2.0460996627807617,0.114447072148323,0.11444556199689725
P055 (9).jpg,P055,0,-0.0286067835986614,0.4928488135337829,0.49284873935373913
P115 (1).jpg,P115,0,-1.0583789348602295,0.2576193809509277,0.2576178802074768
P115 (10).jpg,P115,0,-0.1502834409475326,0.4624996781349182,0.4624994183677452
P115 (11).jpg,P115,0,0.2866080701351166,0.5711655020713806,0.5711660449687831
P115 (12).jpg,P115,0,0.1798147708177566,0.5448329448699951,0.54483328469401
P115 (13).jpg,P115,0,-0.094640776515007,0.476357489824295,0.4763572771124136
P115 (14).jpg,P115,0,-0.0616126246750354,0.4846016764640808,0.4846016018422597
P115 (15).jpg,P115,0,0.2344258427619934,0.558339536190033,0.5583399558389857
P115 (16).jpg,P115,0,0.1835457980632782,0.545758068561554,0.5457583930156347
P115 (17).jpg,P115,0,0.1709010452032089,0.5426215529441833,0.5426218847719356
P115 (18).jpg,P115,0,-0.2028934508562088,0.4494499266147613,0.4494495613265791
P115 (19).jpg,P115,0,0.5075350999832153,0.6242284774780273,0.6242293396550854
P115 (2).jpg,P115,0,-1.0704760551452637,0.2553125619888305,0.25531107004565057
P115 (20).jpg,P115,0,0.232510969042778,0.5578672885894775,0.5578676987029302
P115 (21).jpg,P115,0,0.6016242504119873,0.6460278034210205,0.6460288297815405
P115 (22).jpg,P115,0,0.131549522280693,0.5328400135040283,0.5328402754698174
P115 (23).jpg,P115,0,0.3791359364986419,0.5936647057533264,0.5936653549476232
P115 (24).jpg,P115,0,0.8450334668159485,0.6995242238044739,0.6995255642905722
P115 (25).jpg,P115,0,0.2448163777589798,0.5609002113342285,0.5609006683517422
P115 (26).jpg,P115,0,0.6314965486526489,0.6528286933898926,0.6528297718767744
P115 (27).jpg,P115,0,0.0321620218455791,0.5080398321151733,0.5080398713775462
P115 (28).jpg,P115,0,0.6934601664543152,0.6667361855506897,0.666737345129424
P115 (29).jpg,P115,0,0.7647862434387207,0.6823920011520386,0.6823931910786446
P115 (3).jpg,P115,0,-1.3841978311538696,0.2003356516361236,0.20033403004483244
P115 (30).jpg,P115,0,0.7434547543525696,0.6777508854866028,0.6777520439121049
P115 (31).jpg,P115,0,0.1353603303432464,0.5337885022163391,0.5337887546966448
P115 (32).jpg,P115,0,0.9828317165374756,0.7276697158813477,0.7276711572080421
P115 (33).jpg,P115,0,0.9017459750175476,0.7113081812858582,0.7113095264117908
P115 (34).jpg,P115,0,0.1731350868940353,0.5431759357452393,0.5431762878227268
P115 (35).jpg,P115,0,0.3749878406524658,0.5926637053489685,0.5926643282199249
P115 (36).jpg,P115,0,0.5997243523597717,0.6455932259559631,0.6455942458645657
P115 (37).jpg,P115,0,0.2801742553710937,0.5695889592170715,0.5695894480191338
P115 (38).jpg,P115,0,0.4288053810596466,0.6055883765220642,0.6055891192980382
P115 (39).jpg,P115,0,0.2405110150575637,0.5598395466804504,0.5598400115577818
P115 (4).jpg,P115,0,-0.5712851881980896,0.3609403073787689,0.36093936120802766
P115 (40).jpg,P115,0,0.585487961769104,0.6423292756080627,0.642330192407822
P115 (41).jpg,P115,0,0.4685551822185516,0.6150417327880859,0.6150425437707578
P115 (42).jpg,P115,0,0.5362207889556885,0.6309328675270081,0.6309337552359606
P115 (43).jpg,P115,0,1.5393589735031128,0.8233715295791626,0.8233731607920343
P115 (44).jpg,P115,0,0.3003199994564056,0.5745207071304321,0.5745212796905171
P115 (45).jpg,P115,0,0.3813934326171875,0.5942091345787048,0.5942098121505716
P115 (5).jpg,P115,0,-1.932701587677002,0.1264518499374389,0.12645029146889397
P115 (6).jpg,P115,0,-0.6605174541473389,0.3406233787536621,0.3406222946052811
P115 (7).jpg,P115,0,-0.5122280716896057,0.3746713399887085,0.3746704790809743
P115 (8).jpg,P115,0,-0.0270870365202426,0.4932286441326141,0.4932286052429226
P115 (9).jpg,P115,0,-0.1101390570402145,0.4724930822849273,0.4724928352198943
P167 (1).jpg,P167,0,1.150737762451172,0.7596456408500671,0.7596471868491623
P167 (10).jpg,P167,0,1.533549189567566,0.8225250244140625,0.8225266508957458
P167 (11).jpg,P167,0,1.562522292137146,0.8267150521278381,0.8267166286858996
P167 (12).jpg,P167,0,0.0635168179869651,0.5158738493919373,0.5158739843792582
P167 (13).jpg,P167,0,0.1599517613649368,0.539902925491333,0.5399031930288206
P167 (14).jpg,P167,0,0.8939278721809387,0.7097000479698181,0.7097014321758564
P167 (15).jpg,P167,0,-0.2273953855037689,0.4433948397636413,0.4433944469078953
P167 (16).jpg,P167,0,-0.3544610440731048,0.4123010635375976,0.4123004194674721
P167 (17).jpg,P167,0,0.8035767078399658,0.6907390356063843,0.6907403117904202
P167 (18).jpg,P167,0,-1.2957671880722046,0.2148782461881637,0.2148766514757133
P167 (19).jpg,P167,0,-0.8254284858703613,0.3046125471591949,0.30461127770721613
P167 (2).jpg,P167,0,0.228078618645668,0.5567737221717834,0.5567741668782155
P167 (3).jpg,P167,0,0.8121727705001831,0.692572295665741,0.692573582942478
P167 (4).jpg,P167,0,0.6010000705718994,0.6458850502967834,0.6458860810408319
P167 (5).jpg,P167,0,-0.3419162929058075,0.415344089269638,0.41534345311798854
P167 (6).jpg,P167,0,0.3578735589981079,0.5885255932807922,0.588526220737453
P167 (7).jpg,P167,0,0.4151223301887512,0.6023154854774475,0.6023162081934151
P167 (8).jpg,P167,0,-0.0479345507919788,0.4880186915397644,0.4880185685563617
P167 (9).jpg,P167,0,0.5662822723388672,0.637904942035675,0.6379058460630619
P123 (1).jpg,P123,0,-3.173685073852539,0.0401680991053581,0.040167200730859755
P123 (10).jpg,P123,0,-1.8390005826950075,0.137169525027275,0.13716793907781072
P123 (11).jpg,P123,0,-1.816484451293945,0.1398562341928482,0.13985464384992757
P123 (12).jpg,P123,0,-1.3986122608184814,0.1980364173650741,0.19803478855527804
P123 (13).jpg,P123,0,-2.623469114303589,0.0676431804895401,0.06764196349299659
P123 (14).jpg,P123,0,-3.933782339096069,0.019193897023797,0.019193355668938036
P123 (15).jpg,P123,0,-2.8367879390716557,0.0553682968020439,0.055367209577786465
P123 (16).jpg,P123,0,-3.5381393432617188,0.0282463151961565,0.02824560333548426
P123 (17).jpg,P123,0,-4.460176944732666,0.011428203433752,0.011427834483380198
P123 (18).jpg,P123,0,-4.184776782989502,0.0149972634389996,0.01499680859016758
P123 (19).jpg,P123,0,-3.6059741973876953,0.0264427606016397,0.02644208012391522
P123 (2).jpg,P123,0,-4.118182182312012,0.016013465821743,0.01601299084206298
P123 (20).jpg,P123,0,-4.082442760467529,0.0165864638984203,0.01658597609768746
P123 (21).jpg,P123,0,-3.9906179904937744,0.0181526746600866,0.01815215176522418
P123 (22).jpg,P123,0,-3.0248565673828125,0.0463154837489128,0.04631450537213589
P123 (23).jpg,P123,0,-4.13991641998291,0.015674578025937,0.01567410927761235
P123 (24).jpg,P123,0,-3.1191976070404053,0.0423222817480564,0.04232135491345582
P123 (25).jpg,P123,0,-3.568420648574829,0.0274269077926874,0.0274262103606654
P123 (26).jpg,P123,0,-4.158533573150635,0.0153899099677801,0.01538944865792817
P123 (27).jpg,P123,0,-3.0733184814453125,0.044221356511116,0.04422040457393485
P123 (28).jpg,P123,0,-2.7767574787139893,0.0585931502282619,0.05859203431535909
P123 (29).jpg,P123,0,-2.1725077629089355,0.1022466123104095,0.10224514852809195
P123 (3).jpg,P123,0,-3.2323155403137207,0.0379675775766372,0.037966713438021174
P123 (30).jpg,P123,0,-2.752255439758301,0.0599594004452228,0.05995826041447506
P123 (31).jpg,P123,0,-2.808032512664795,0.0568916611373424,0.05689054976421721
P123 (32).jpg,P123,0,-1.9460073709487915,0.1249893605709075,0.1249878064112946
P123 (33).jpg,P123,0,-2.477130174636841,0.0774770677089691,0.07747577452475934
P123 (34).jpg,P123,0,-4.016877174377441,0.0176905263215303,0.017690014055187414
P123 (35).jpg,P123,0,-4.151905536651611,0.0154906688258051,0.015490204733435342
P123 (36).jpg,P123,0,-4.123464584350586,0.0159304440021514,0.015929970114685495
P123 (37).jpg,P123,0,-3.424281120300293,0.0315451771020889,0.03154441024478078
P123 (38).jpg,P123,0,-2.835681200027466,0.0554262101650238,0.05542512280831664
P123 (39).jpg,P123,0,-2.431441068649292,0.0808063596487045,0.08080504067547481
P123 (4).jpg,P123,0,-2.97334098815918,0.0486448742449283,0.04864386473903366
P123 (40).jpg,P123,0,-2.274705410003662,0.0932396277785301,0.09323821655306185
P123 (41).jpg,P123,0,-3.029139518737793,0.0461266748607158,0.04612569545571142
P123 (42).jpg,P123,0,-2.5329267978668213,0.0735818818211555,0.07358061881494714
P123 (43).jpg,P123,0,-3.6552913188934326,0.0252023823559284,0.025201724759550796
P123 (44).jpg,P123,0,-2.7948193550109863,0.0576047748327255,0.057603658741615466
P123 (45).jpg,P123,0,-3.1108384132385254,0.042662389576435,0.04266145687691795
P123 (46).jpg,P123,0,-3.928925514221192,0.0192855447530746,0.019284999753643183
P123 (47).jpg,P123,0,-2.9782986640930176,0.0484159551560878,0.04841494623744321
P123 (48).jpg,P123,0,-4.113923072814941,0.0160807166248559,0.016080238833399693
P123 (49).jpg,P123,0,-3.817657470703125,0.0215065293014049,0.02150594169785791
P123 (5).jpg,P123,0,-3.699521064758301,0.0241383016109466,0.02413766158857831
P123 (50).jpg,P123,0,-3.746073484420776,0.0230656825006008,0.023065064312609882
P123 (51).jpg,P123,0,-3.3540077209472656,0.0337641686201095,0.03376336886414948
P123 (52).jpg,P123,0,-3.695347309112549,0.024236811324954,0.02423617077997113
P123 (53).jpg,P123,0,-3.089602470397949,0.0435381904244422,0.043537242877960416
P123 (54).jpg,P123,0,-3.818535804748535,0.0214880537241697,0.02148746616202882
P123 (55).jpg,P123,0,-3.789815664291382,0.0221003051847219,0.02209970517128671
P123 (6).jpg,P123,0,-3.115098476409912,0.0424887388944625,0.04248780700023218
P123 (7).jpg,P123,0,-1.800164818763733,0.1418310105800628,0.14182939644641585
P123 (8).jpg,P123,0,-2.684231996536255,0.0639102235436439,0.06390904915528532
P123 (9).jpg,P123,0,-1.1186751127243042,0.2462571263313293,0.24625559691459686
P124 (1).jpg,P124,0,-2.195788145065308,0.1001293510198593,0.10012790270564499
P124 (10).jpg,P124,0,-2.7884442806243896,0.0579518303275108,0.057950712866186346
P124 (11).jpg,P124,0,-3.270439863204956,0.0365993157029151,0.0365984702071708
P124 (12).jpg,P124,0,-2.71863865852356,0.0618824437260627,0.061881292043131336
P124 (13).jpg,P124,0,-2.776641845703125,0.0585995353758335,0.058598412889838296
P124 (14).jpg,P124,0,-3.104391574859619,0.0429264716804027,0.0429255347746261
P124 (15).jpg,P124,0,-2.486093759536743,0.0768388211727142,0.07683753454212613
P124 (16).jpg,P124,0,-2.8973116874694824,0.0522866174578666,0.05228556350996912
P124 (17).jpg,P124,0,-3.1532044410705566,0.04096519947052,0.04096429160160301
P124 (18).jpg,P124,0,-2.6836633682250977,0.0639442503452301,0.06394307584978222
P124 (19).jpg,P124,0,-1.7919474840164185,0.1428341269493103,0.14283251373062006
P124 (2).jpg,P124,0,-2.514116048812866,0.074874497950077,0.07487322162886897
P124 (20).jpg,P124,0,-2.5016140937805176,0.0757450982928276,0.07574381952516525
P124 (3).jpg,P124,0,-2.613138437271118,0.0682976245880127,0.06829640550446332
P124 (4).jpg,P124,0,-2.400453567504883,0.0831381157040596,0.08313677476746181
P124 (5).jpg,P124,0,-2.3695669174194336,0.0855230018496513,0.08552164557555413
P124 (6).jpg,P124,0,-2.2870891094207764,0.0921978875994682,0.09219649159345646
P124 (7).jpg,P124,0,-2.2307255268096924,0.0970250591635704,0.0970236253090905
P124 (8).jpg,P124,0,-2.3981032371521,0.0833174511790275,0.08331610575416858
P124 (9).jpg,P124,0,-2.172994375228882,0.1022019535303115,0.1022004901758185
P164 (1).jpg,P164,0,-2.257193088531494,0.0947308093309402,0.09472938812124174
P164 (10).jpg,P164,0,-1.5389655828475952,0.1766857057809829,0.1766840576294989
P164 (11).jpg,P164,0,-1.10424542427063,0.2489452958106994,0.24894376155461145
P164 (12).jpg,P164,0,-2.777240514755249,0.0585665181279182,0.05856539601151109
P164 (13).jpg,P164,0,-2.841745138168335,0.0551095902919769,0.05510850857323446
P164 (14).jpg,P164,0,-2.754366874694824,0.0598405003547668,0.059839362685190536
P164 (15).jpg,P164,0,-3.800349712371826,0.0218737870454788,0.02187319136695259
P164 (16).jpg,P164,0,-2.600701808929444,0.0690932646393776,0.06909204041174613
P164 (17).jpg,P164,0,-2.2882168292999268,0.0921035632491111,0.09210214831947555
P164 (18).jpg,P164,0,-3.047165870666504,0.0453399866819381,0.04533902179966847
P164 (19).jpg,P164,0,-3.2418274879455566,0.0376216657459735,0.03762080751987064
P164 (2).jpg,P164,0,-2.090991735458374,0.1099754720926284,0.10997396438718207
P164 (20).jpg,P164,0,-3.5697598457336426,0.0273912064731121,0.027390510934465276
P164 (21).jpg,P164,0,-3.7875592708587646,0.0221491232514381,0.022148521762814285
P164 (22).jpg,P164,0,-2.462754249572754,0.0785108432173729,0.07850953806349915
P164 (23).jpg,P164,0,-3.141676664352417,0.0414204970002174,0.04141958189347331
P164 (24).jpg,P164,0,-2.8778605461120605,0.0532589107751846,0.053257845902145405
P164 (25).jpg,P164,0,-3.8288047313690186,0.0212731938809156,0.021272610300987652
P164 (26).jpg,P164,0,-2.551284074783325,0.0723402649164199,0.07233901222499127
P164 (27).jpg,P164,0,-3.1309988498687744,0.041846539825201,0.04184561906583939
P164 (28).jpg,P164,0,-3.0540475845336914,0.0450430512428283,0.045042085922527265
P164 (29).jpg,P164,0,-3.113079309463501,0.0425709597766399,0.04257002847835793
P164 (3).jpg,P164,0,-1.631891846656799,0.1635713577270507,0.16356972512504558
P164 (30).jpg,P164,0,-2.959907531738281,0.0492703393101692,0.049269320879001606
P164 (31).jpg,P164,0,-2.823254108428955,0.0560804270207881,0.05607933128396472
P164 (32).jpg,P164,0,-3.2846169471740723,0.0361027047038078,0.036101867289350095
P164 (33).jpg,P164,0,-2.926415205001831,0.0508631058037281,0.05086207055962779
P164 (34).jpg,P164,0,-2.2710204124450684,0.0935516506433487,0.09355023374658279
P164 (35).jpg,P164,0,-2.507742166519165,0.075317196547985,0.07531592409194489
P164 (36).jpg,P164,0,-2.3925280570983887,0.0837442427873611,0.0837429010294895
P164 (37).jpg,P164,0,-2.3649280071258545,0.0858865082263946,0.08588514497448138
P164 (38).jpg,P164,0,-2.371665954589844,0.0853589847683906,0.08535762627486224
P164 (39).jpg,P164,0,-2.5699212551116943,0.071099504828453,0.07109826022074184
P164 (4).jpg,P164,0,-2.0766351222991943,0.1113885939121246,0.1113870840400079
P164 (40).jpg,P164,0,-2.9463050365448,0.0499114356935024,0.049910412371798905
P164 (41).jpg,P164,0,-2.284286975860596,0.0924326926469802,0.09243128967663085
P164 (42).jpg,P164,0,-2.097273826599121,0.1093620806932449,0.10936057567657255
P164 (43).jpg,P164,0,-2.673157930374145,0.0645759478211402,0.06457476466561113
P164 (44).jpg,P164,0,-2.014002799987793,0.1177405342459678,0.11773900569521796
P164 (45).jpg,P164,0,-2.83750057220459,0.0553310327231884,0.05532994920124448
P164 (46).jpg,P164,0,-1.5160151720046997,0.1800490617752075,0.18004741440809482
P164 (47).jpg,P164,0,-2.3236703872680664,0.0891814678907394,0.08918008694399383
P164 (48).jpg,P164,0,-2.5897057056427,0.0698038935661315,0.06980265658370143
P164 (49).jpg,P164,0,-2.361128330230713,0.0861852914094924,0.08618392534059079
P164 (5).jpg,P164,0,-3.155930995941162,0.0408582165837287,0.04085730875162394
P164 (50).jpg,P164,0,-2.2513890266418457,0.0952297151088714,0.0952282954870612
P164 (51).jpg,P164,0,-2.3436872959136963,0.08756884932518,0.08756747659741271
P164 (52).jpg,P164,0,-2.070243120193481,0.1120228469371795,0.11202134241582581
P164 (53).jpg,P164,0,-2.3231606483459477,0.0892228782176971,0.0892215004820973
P164 (54).jpg,P164,0,-2.367589473724365,0.0856777802109718,0.08567642482895567
P164 (55).jpg,P164,0,-2.2289724349975586,0.0971787571907043,0.09717732342359266
P164 (56).jpg,P164,0,-2.167366981506348,0.1027194634079933,0.10271799568475926
P164 (57).jpg,P164,0,-2.157073497772217,0.1036720797419548,0.10367060949991638
P164 (58).jpg,P164,0,-2.2831201553344727,0.0925306230783462,0.09252921889900058
P164 (59).jpg,P164,0,-2.6850876808166504,0.0638590604066848,0.06385787683803734
P164 (6).jpg,P164,0,-2.267840385437012,0.0938216596841812,0.09382024629408599
P164 (60).jpg,P164,0,-2.7977309226989746,0.0574469156563282,0.057445805180330246
P164 (61).jpg,P164,0,-2.37130069732666,0.085387498140335,0.08538614705931925
P164 (62).jpg,P164,0,-2.354215621948242,0.0867312774062156,0.08672990802730476
P164 (63).jpg,P164,0,-2.808424472808838,0.0568706281483173,0.056869523026789805
P164 (64).jpg,P164,0,-2.7099123001098637,0.0623909793794155,0.062389819274793354
P164 (65).jpg,P164,0,-2.5831375122070312,0.0702315717935562,0.0702303410689006
P164 (66).jpg,P164,0,-1.8788472414016724,0.1325213313102722,0.1325197543729679
P164 (67).jpg,P164,0,-2.301478385925293,0.0910005941987037,0.090999199996202
P164 (68).jpg,P164,0,-2.396604299545288,0.0834320038557052,0.08343065877907244
P164 (69).jpg,P164,0,-2.3468356132507324,0.0873176231980323,0.0873162524605438
P164 (7).jpg,P164,0,-2.1876916885375977,0.1008612364530563,0.1008597829720502
P164 (70).jpg,P164,0,-2.1502039432525635,0.1043121591210365,0.10431069408614106
P164 (71).jpg,P164,0,-1.7893186807632446,0.1431562751531601,0.1431546664112788
P164 (72).jpg,P164,0,-1.692438721656799,0.155455395579338,0.15545376464009905
P164 (8).jpg,P164,0,-2.9519879817962646,0.0496426373720169,0.04964161701420921
P164 (9).jpg,P164,0,-1.9992473125457764,0.1192819625139236,0.11928043223073083
P052 (1).jpg,P052,0,-3.038694381713867,0.0457080900669097,0.045707114866309406
P052 (10).jpg,P052,0,-2.836446762084961,0.0553861446678638,0.0553850565459691
P052 (11).jpg,P052,0,-2.268603801727295,0.0937567725777626,0.09375536180917138
P052 (12).jpg,P052,0,-1.7902735471725464,0.1430391818284988,0.14303758019956672
P052 (13).jpg,P052,0,-3.027699708938598,0.0461900606751441,0.046189086253017424
P052 (14).jpg,P052,0,-1.6703835725784302,0.1583730429410934,0.1583714130494431
P052 (15).jpg,P052,0,-2.2345075607299805,0.096694216132164,0.09669278335583902
P052 (16).jpg,P052,0,-1.347326159477234,0.2063078582286834,0.20630623836629342
P052 (17).jpg,P052,0,-2.326201915740967,0.0889760479331016,0.08897467072023228
P052 (18).jpg,P052,0,-2.319035053253174,0.0895587056875228,0.08955732166912839
P052 (19).jpg,P052,0,-1.7549859285354614,0.1474194228649139,0.14741781249466737
P052 (2).jpg,P052,0,-0.8873401880264282,0.2916590273380279,0.29165768008015475
P052 (20).jpg,P052,0,-2.2576470375061035,0.0946918874979019,0.09469046627087595
P052 (21).jpg,P052,0,-0.8478464484214783,0.2998847961425781,0.29988350409850173
P052 (22).jpg,P052,0,-2.176377296447754,0.1018919646739959,0.10189050355838819
P052 (23).jpg,P052,0,-2.012528896331787,0.1178937330842018,0.11789219710169047
P052 (24).jpg,P052,0,-2.4199914932250977,0.0816608890891075,0.08165956289860951
P052 (25).jpg,P052,0,-1.6775497198104858,0.1574201881885528,0.15741856775052768
P052 (26).jpg,P052,0,-1.244742751121521,0.2236115336418151,0.22360993600673448
P052 (27).jpg,P052,0,-0.1070186793804168,0.473270833492279,0.4732706404518755
P052 (3).jpg,P052,0,-1.9765368700027464,0.1216884776949882,0.12168694517747058
P052 (4).jpg,P052,0,-1.951600432395935,0.1243789494037628,0.12437739390170659
P052 (5).jpg,P052,0,-1.6550511121749878,0.160427451133728,0.1604258110606289
P052 (6).jpg,P052,0,-0.9229829907417296,0.2843504846096039,0.2843491024563202
P052 (7).jpg,P052,0,-0.683793306350708,0.3354151844978332,0.3354140849612754
P052 (8).jpg,P052,0,-1.169668674468994,0.2369148731231689,0.23691332784225935
P052 (9).jpg,P052,0,-1.5663546323776243,0.1727366745471954,0.1727350478445259
P049 (1).jpg,P049,0,-0.5794575214385986,0.3590573966503143,0.3590564498539177
P049 (10).jpg,P049,0,-2.407240152359009,0.0826222598552703,0.08262092456610189
P049 (11).jpg,P049,0,-1.6457301378250122,0.1616868674755096,0.16168523361729978
P049 (12).jpg,P049,0,-0.9952840209007264,0.2698696553707123,0.2698682111076516
P049 (13).jpg,P049,0,-2.4134907722473145,0.0821497291326522,0.0821483915159109
P049 (14).jpg,P049,0,-0.715134859085083,0.3284652233123779,0.32846406196475975
P049 (15).jpg,P049,0,0.8883116841316223,0.7085416316986084,0.7085429855187202
P049 (16).jpg,P049,0,2.266240119934082,0.906042218208313,0.9060436128611216
P049 (17).jpg,P049,0,2.5603957176208496,0.9282687902450562,0.9282700612822147
P049 (18).jpg,P049,0,1.752253532409668,0.852236807346344,0.8522384306297504
P049 (19).jpg,P049,0,2.1002559661865234,0.8909280896186829,0.8909295511560146
P049 (2).jpg,P049,0,-0.6390972137451172,0.3454506397247314,0.3454495845044374
P049 (20).jpg,P049,0,-3.02935528755188,0.046117179095745,0.04611620289453837
P049 (21).jpg,P049,0,-2.554428577423096,0.0721295326948165,0.07212827899948776
P049 (22).jpg,P049,0,-3.4417214393615723,0.0310167036950588,0.031015946727318163
P049 (23).jpg,P049,0,-2.3256664276123047,0.0890194699168205,0.08901808628564072
P049 (24).jpg,P049,0,-4.0264892578125,0.0175242628902196,0.01752375497571955
P049 (25).jpg,P049,0,-4.026595592498779,0.0175224319100379,0.01752192432669878
P049 (26).jpg,P049,0,-3.443366765975952,0.03096729144454,0.030966535926572048
P049 (3).jpg,P049,0,-1.8289541006088257,0.1383629143238067,0.13836131812287814
P049 (4).jpg,P049,0,-3.810504913330078,0.0216575656086206,0.02165697344530638
P049 (5).jpg,P049,0,-1.2017682790756226,0.231160819530487,0.2311592329821482
P049 (6).jpg,P049,0,-2.1897809505462646,0.1006719246506691,0.10067047043646286
P049 (7).jpg,P049,0,-3.627758026123047,0.025887718424201,0.0258870448453754
P049 (8).jpg,P049,0,-3.0109217166900635,0.0469348952174186,0.046933910792786124
P049 (9).jpg,P049,0,-3.5022311210632324,0.0292488150298595,0.029248086205380552
P014 (1).jpg,P014,0,-3.3090357780456543,0.035262506455183,0.035261681146247
P014 (10).jpg,P014,0,-2.742791175842285,0.0604950673878192,0.06049392806086811
P014 (11).jpg,P014,0,-3.1211535930633545,0.0422430746257305,0.04224214864667515
P014 (12).jpg,P014,0,-4.48814868927002,0.0111164711415767,0.011116109143044142
P014 (13).jpg,P014,0,-3.2875077724456787,0.0360022410750389,0.03600140489955396
P014 (14).jpg,P014,0,-4.059385776519775,0.0169667769223451,0.016966280671561463
P014 (15).jpg,P014,0,-3.532918930053711,0.0283899623900651,0.028389246621694002
P014 (16).jpg,P014,0,-1.7291452884674072,0.1506969481706619,0.1506953168708267
P014 (17).jpg,P014,0,-2.79162073135376,0.0577786602079868,0.05777754473894518
P014 (18).jpg,P014,0,-2.8714795112609863,0.0535815767943859,0.0535805079936906
P014 (19).jpg,P014,0,-2.878825426101685,0.0532102771103382,0.053209215865511646
P014 (2).jpg,P014,0,-3.4475831985473637,0.030841015279293,0.03084025985507461
P014 (20).jpg,P014,0,-2.989354372024536,0.0479091294109821,0.04790813115712014
P014 (21).jpg,P014,0,-2.852567672729492,0.0545487403869628,0.05454766405289309
P014 (22).jpg,P014,0,-2.660212755203247,0.0653623342514038,0.06536114354764867
P014 (23).jpg,P014,0,-3.5356645584106445,0.0283143240958452,0.028313610570146475
P014 (24).jpg,P014,0,-3.705634117126465,0.0239947233349084,0.02399408548011167
P014 (25).jpg,P014,0,-0.8423110842704773,0.3010482788085937,0.30104696690353566
P014 (26).jpg,P014,0,-2.36500883102417,0.085880160331726,0.08587879974605539
P014 (27).jpg,P014,0,-1.3081392049789429,0.21279838681221,0.21279678249584358
P014 (28).jpg,P014,0,-2.60944938659668,0.0685327425599098,0.06853152310078806
P014 (29).jpg,P014,0,-3.142119884490967,0.0414029024541378,0.0414019877283843
P014 (3).jpg,P014,0,-4.107248306274414,0.0161866676062345,0.016186187354466176
P014 (30).jpg,P014,0,-2.9130640029907227,0.0515115223824977,0.051510484801442186
P014 (31).jpg,P014,0,-2.5774576663970947,0.0706033706665039,0.07060213314940982
P014 (32).jpg,P014,0,-3.520804643630981,0.0287260357290506,0.02872531698598449
P014 (4).jpg,P014,0,-4.531650543212891,0.0106482906267046,0.010647940327901792
P014 (5).jpg,P014,0,-4.362166404724121,0.0125901997089385,0.012589802585767867
P014 (6).jpg,P014,0,-3.991979598999024,0.0181284211575984,0.018127900029054768
P014 (7).jpg,P014,0,-4.289500236511231,0.0135263055562973,0.013525886924791744
P014 (8).jpg,P014,0,-3.168510913848877,0.0403680577874183,0.04036716101889941
P014 (9).jpg,P014,0,-4.519481182098389,0.0107772601768374,0.01077690657439495
P044 (1).jpg,P044,0,-0.3748870491981506,0.4073606729507446,0.4073600045855535
P044 (10).jpg,P044,0,-0.6860591173171997,0.3349103331565857,0.33490919449161344
P044 (11).jpg,P044,0,0.0566959120333194,0.5141701698303223,0.5141702862928964
P044 (12).jpg,P044,0,-0.2321290969848632,0.4422269463539123,0.4422264933187059
P044 (13).jpg,P044,0,-0.1349241882562637,0.4663200378417969,0.4663197852839747
P044 (14).jpg,P044,0,-0.3629416227340698,0.410247653722763,0.41024702521871065
P044 (15).jpg,P044,0,0.7658993601799011,0.6826331615447998,0.6826343926754217
P044 (16).jpg,P044,0,-0.2746638357639313,0.4317624866962433,0.4317619963443263
P044 (17).jpg,P044,0,-0.1844346076250076,0.4540215730667114,0.45402127297077843
P044 (18).jpg,P044,0,-0.5500682592391968,0.365848571062088,0.36584763684986843
P044 (19).jpg,P044,0,-0.7960147261619568,0.3108786642551422,0.31087740212169324
P044 (2).jpg,P044,0,-0.4733790159225464,0.3838167786598205,0.38381596752376734
P044 (20).jpg,P044,0,-0.1370304673910141,0.4657959043979645,0.46579563830649434
P044 (21).jpg,P044,0,0.1814911216497421,0.5452486276626587,0.5452489746060887
P044 (22).jpg,P044,0,-0.4132253229618072,0.3981390297412872,0.39813827599983126
P044 (23).jpg,P044,0,-0.1908078044652938,0.4524422585964203,0.4524419035469395
P044 (24).jpg,P044,0,-0.6132622957229614,0.3513153791427612,0.3513143591804393
P044 (25).jpg,P044,0,-0.0473740808665752,0.4881587028503418,0.4881586075430271
P044 (26).jpg,P044,0,-0.2259382605552673,0.443754494190216,0.443754091478841
P044 (27).jpg,P044,0,-0.7308619022369385,0.3250056207180023,0.3250044419309603
P044 (28).jpg,P044,0,-0.9899316430091858,0.2709255516529083,0.27092414609140747
P044 (29).jpg,P044,0,-0.6038402318954468,0.353465586900711,0.35346458978689926
P044 (3).jpg,P044,0,-0.299388587474823,0.4257069528102875,0.42570641823929517
P044 (30).jpg,P044,0,-0.5680253505706787,0.3616926074028015,0.36169162819006917
P044 (4).jpg,P044,0,0.3377023935317993,0.5836322903633118,0.5836329007619568
P044 (5).jpg,P044,0,-0.5734483003616333,0.3604415357112884,0.3604405597090145
P044 (6).jpg,P044,0,-0.9274999499320984,0.2834321856498718,0.2834308145650501
P044 (7).jpg,P044,0,-0.7629510164260864,0.3180059194564819,0.3180046986628751
P044 (8).jpg,P044,0,0.0285902433097362,0.5071470737457275,0.5071471263891101
P044 (9).jpg,P044,0,-0.9496637582778932,0.2789524495601654,0.2789510475322201
P038 (1).jpg,P038,0,-1.7880102396011353,0.143316850066185,0.14331523777322677
P038 (10).jpg,P038,0,-1.8844940662384035,0.131873533129692,0.13187194640014016
P038 (11).jpg,P038,0,-2.298297882080078,0.0912640318274498,0.09126263039948926
P038 (12).jpg,P038,0,-1.355534315109253,0.204967051744461,0.2049654322987063
P038 (13).jpg,P038,0,-1.489120364189148,0.1840537935495376,0.18405215310558987
P038 (14).jpg,P038,0,-1.8871042728424072,0.1315749883651733,0.13157341025769312
P038 (15).jpg,P038,0,-2.1965153217315674,0.1000638529658317,0.10006240098039436
P038 (16).jpg,P038,0,-1.676212191581726,0.1575976908206939,0.15759605737199528
P038 (17).jpg,P038,0,-2.340245723724365,0.0878442227840423,0.08784284881220218
P038 (18).jpg,P038,0,-2.3330330848693848,0.0884238705039024,0.08842249707551071
P038 (19).jpg,P038,0,-3.1848201751708984,0.0397409759461879,0.039740088516259646
P038 (2).jpg,P038,0,-2.17942214012146,0.101613663136959,0.10161220899795465
P038 (20).jpg,P038,0,-1.7246471643447876,0.1512735486030578,0.15127192408636628
P038 (21).jpg,P038,0,-1.7164756059646606,0.152325689792633,0.1523240601617228
P038 (22).jpg,P038,0,-2.5414388179779053,0.073003739118576,0.0730024818099453
P038 (23).jpg,P038,0,-2.152170181274414,0.1041286066174507,0.10412713005022077
P038 (24).jpg,P038,0,-2.728550910949707,0.0613095052540302,0.06130835459858046
P038 (25).jpg,P038,0,-2.7381937503814697,0.060756891965866,0.06075575053289394
P038 (26).jpg,P038,0,-3.3226938247680664,0.0348008126020431,0.034799992009913454
P038 (27).jpg,P038,0,-3.2879858016967773,0.0359856523573398,0.035984818306896614
P038 (28).jpg,P038,0,-3.660213947296143,0.0250817313790321,0.025081073878356307
P038 (29).jpg,P038,0,-3.4829330444335938,0.0298017561435699,0.029801019539453258
P038 (3).jpg,P038,0,-2.53739070892334,0.0732781663537025,0.07327690596580712
P038 (30).jpg,P038,0,-4.005512237548828,0.0178891085088253,0.017888591246702425
P038 (31).jpg,P038,0,-4.253381729125977,0.0140168145298957,0.014016382538920904
P038 (32).jpg,P038,0,-4.439603805541992,0.011662982404232,0.011662607407379825
P038 (33).jpg,P038,0,-4.518861293792725,0.0107838697731494,0.010783517110848722
P038 (34).jpg,P038,0,-4.416871070861816,0.0119279511272907,0.011927570291979354
P038 (35).jpg,P038,0,-4.303290843963623,0.0133435213938355,0.013343107496659163
P038 (36).jpg,P038,0,-3.850208759307861,0.0208320841193199,0.020831510017159452
P038 (37).jpg,P038,0,-3.9406051635742183,0.0190658755600452,0.019065335719887798
P038 (38).jpg,P038,0,-3.98268461227417,0.0182946119457483,0.018294088472617487
P038 (39).jpg,P038,0,-3.918297290802002,0.0194875951856374,0.01948704413787209
P038 (4).jpg,P038,0,-2.1322951316833496,0.1059973016381263,0.10599582255477005
P038 (40).jpg,P038,0,-4.273007392883301,0.0137481512501835,0.01374772639492179
P038 (41).jpg,P038,0,-3.8558566570281982,0.0207171905785799,0.02071661709185548
P038 (42).jpg,P038,0,-4.192991256713867,0.014876396395266,0.014875946483983478
P038 (43).jpg,P038,0,-3.361600637435913,0.0335173308849334,0.033516535274431485
P038 (44).jpg,P038,0,-3.6163392066955566,0.0261772368103265,0.02617655848734364
P038 (45).jpg,P038,0,-4.2996320724487305,0.0133917778730392,0.013391361695774597
P038 (46).jpg,P038,0,-2.454211711883545,0.0791310966014862,0.07912978875433384
P038 (47).jpg,P038,0,-3.756218194961548,0.0228381901979446,0.022837573834676324
P038 (48).jpg,P038,0,-2.9904415607452397,0.047859564423561,0.04785856528450028
P038 (49).jpg,P038,0,-2.984513282775879,0.0481304340064525,0.04812943301611426
P038 (5).jpg,P038,0,-2.3115360736846924,0.0901720449328422,0.09017065392338706
P038 (50).jpg,P038,0,-3.744497299194336,0.0231012254953384,0.023100607572546446
P038 (51).jpg,P038,0,-3.276109218597412,0.0363999418914318,0.03639909714246489
P038 (52).jpg,P038,0,-2.5348153114318848,0.0734532475471496,0.07345198811491739
P038 (53).jpg,P038,0,-2.853818416595459,0.054484274238348,0.05448319587357989
P038 (54).jpg,P038,0,-2.9110090732574463,0.0516120195388793,0.05161097613707823
P038 (6).jpg,P038,0,-0.9884164333343506,0.2712249755859375,0.27122354280849786
P038 (7).jpg,P038,0,-2.0167794227600098,0.1174524202942848,0.11745088363429607
P038 (8).jpg,P038,0,-2.048959493637085,0.1141575574874877,0.11415604180740588
P038 (9).jpg,P038,0,-3.154952049255371,0.0408965982496738,0.04089568923307995
P047 (1).jpg,P047,0,0.5143300294876099,0.6258209347724915,0.6258218676157118
P047 (2).jpg,P047,0,2.7839760780334477,0.9418036937713624,0.9418048729629684
P047 (3).jpg,P047,0,2.63476300239563,0.93306565284729,0.9330668393951471
P047 (4).jpg,P047,0,0.7296969890594482,0.6747387647628784,0.6747399494776374
P047 (5).jpg,P047,0,-0.8085508942604065,0.3081993758678436,0.3081981133957154
P047 (6).jpg,P047,0,-0.1927480548620224,0.4519616067409515,0.45196127033014927
P047 (7).jpg,P047,0,-0.3684607744216919,0.4089129865169525,0.40891235210277477
P047 (8).jpg,P047,0,-1.922748327255249,0.1275554001331329,0.12755383674162904
P047 (9).jpg,P047,0,-1.9849754571914675,0.1207894533872604,0.1207879043217262
P096 (1).jpg,P096,0,-3.307189464569092,0.0353253707289695,0.03532454396535446
P096 (10).jpg,P096,0,-3.160881996154785,0.0406646318733692,0.04066372803626383
P096 (11).jpg,P096,0,-3.978491544723511,0.0183700714260339,0.018369546366466864
P096 (12).jpg,P096,0,-3.8355870246887207,0.0211324412375688,0.021131858877565593
P096 (13).jpg,P096,0,-3.9608216285705566,0.0186914335936307,0.0186909010114188
P096 (14).jpg,P096,0,-4.291058540344238,0.0135055296123027,0.013505110176646377
P096 (15).jpg,P096,0,-4.264618396759033,0.0138623630627989,0.013861936548226182
P096 (16).jpg,P096,0,-3.6742115020751953,0.024741718545556,0.024741068790244247
P096 (17).jpg,P096,0,-4.067954063415527,0.0168244577944278,0.01682396397629217
P096 (18).jpg,P096,0,-3.806476831436157,0.0217430796474218,0.021742485515198338
P096 (19).jpg,P096,0,-3.412087917327881,0.0319198183715343,0.03191904279358915
P096 (2).jpg,P096,0,-3.47025203704834,0.0301706045866012,0.030169861493153777
P096 (20).jpg,P096,0,-3.1871166229248047,0.0396534353494644,0.03965254612665517
P096 (21).jpg,P096,0,-3.769299268722534,0.0225480776280164,0.022547469127923214
P096 (22).jpg,P096,0,-3.3394031524658203,0.0342438928782939,0.03424308103799728
P096 (23).jpg,P096,0,-3.320056915283203,0.0348894894123077,0.03488867241968466
P096 (24).jpg,P096,0,-3.8476600646972656,0.0208841394633054,0.020883561084843894
P096 (25).jpg,P096,0,-4.127431869506836,0.0158683694899082,0.015867896968979292
P096 (26).jpg,P096,0,-3.754868984222412,0.0228683166205883,0.02286770246014336
P096 (27).jpg,P096,0,-3.878504753112793,0.0202626585960388,0.02026209509405166
P096 (28).jpg,P096,0,-3.990820407867432,0.0181490667164325,0.018148544476387078
P096 (29).jpg,P096,0,-3.7294821739196777,0.0234425216913223,0.02344189338345529
P096 (3).jpg,P096,0,-5.274465084075928,0.0050946068949997,0.005094411189301509
P096 (30).jpg,P096,0,-4.446430683135986,0.0115845510736107,0.01158417798075045
P096 (31).jpg,P096,0,-3.944575071334839,0.018991770222783,0.018991232143122583
P096 (32).jpg,P096,0,-3.7186529636383057,0.0236917156726121,0.023691085090279194
P096 (33).jpg,P096,0,-3.5017662048339844,0.0292620193213224,0.02926128938870043
P096 (34).jpg,P096,0,-3.782309293746948,0.0222631152719259,0.022262512124590055
P096 (35).jpg,P096,0,-4.030100345611572,0.0174621976912021,0.017461691800829068
P096 (36).jpg,P096,0,-4.423387050628662,0.0118514010682702,0.01185102065190955
P096 (37).jpg,P096,0,-5.097015857696533,0.0060778018087148,0.006077576005963269
P096 (38).jpg,P096,0,-5.585773468017578,0.0037368312478065,0.0037366787484364034
P096 (39).jpg,P096,0,-3.7635140419006343,0.0226759351789951,0.022675323946737592
P096 (4).jpg,P096,0,-4.43565034866333,0.0117086423560976,0.011708265711981804
P096 (40).jpg,P096,0,-4.380099773406982,0.0123691959306597,0.012368803544089995
P096 (41).jpg,P096,0,-4.696289539337158,0.0090465005487203,0.00904619250403877
P096 (42).jpg,P096,0,-4.726963996887207,0.0087756151333451,0.008775314267153432
P096 (43).jpg,P096,0,-4.80436897277832,0.0081272767856717,0.008126992160527105
P096 (44).jpg,P096,0,-3.713070869445801,0.0238211750984191,0.023820542725716227
P096 (45).jpg,P096,0,-4.979839324951172,0.0068282224237918,0.006827974382243772
P096 (46).jpg,P096,0,-5.625522613525391,0.0035917316563427,0.003591584151453719
P096 (47).jpg,P096,0,-3.821766376495361,0.0214202310889959,0.021419645355951814
P096 (48).jpg,P096,0,-3.904299259185791,0.0197568722069263,0.01975631749007904
P096 (49).jpg,P096,0,-3.310442447662353,0.0352146849036216,0.03521385956412123
P096 (5).jpg,P096,0,-4.281559944152832,0.0136326672509312,0.013632244802412676
P096 (50).jpg,P096,0,-3.825363159179688,0.0213449690490961,0.021344382837131613
P096 (6).jpg,P096,0,-4.903983116149902,0.0073623745702207,0.007362112112931398
P096 (7).jpg,P096,0,-4.546924591064453,0.0104885762557387,0.010488230594895065
P096 (8).jpg,P096,0,-3.766916990280152,0.0226006433367729,0.02260003250230845
P096 (9).jpg,P096,0,-3.426191806793213,0.0314868576824665,0.03148609178384122
P196 (1).jpg,P196,0,-0.2268052548170089,0.4435405135154724,0.44354009461842697
P196 (2).jpg,P196,0,0.7135862112045288,0.6711930632591248,0.6711942511700779
P043 (1).jpg,P043,0,-4.12522029876709,0.015902942046523,0.01590247035071492
P043 (10).jpg,P043,0,-4.098080158233643,0.0163333155214786,0.016332833250540323
P043 (11).jpg,P043,0,-3.7967281341552734,0.0219514071941375,0.02195080903003244
P043 (12).jpg,P043,0,-3.379623889923096,0.0329383723437786,0.03293758385422865
P043 (13).jpg,P043,0,-4.765888214111328,0.0084434226155281,0.008443130469250429
P043 (14).jpg,P043,0,-4.321981906890869,0.0130996704101562,0.013099261729219285
P043 (15).jpg,P043,0,-4.334890365600586,0.0129338335245847,0.012933428790829779
P043 (16).jpg,P043,0,-4.580953598022461,0.0101412236690521,0.010140886701645778
P043 (17).jpg,P043,0,-4.20506477355957,0.0147004909813404,0.014700044420290583
P043 (18).jpg,P043,0,-3.4755539894104004,0.030015854164958,0.030015112979872853
P043 (19).jpg,P043,0,-3.649616241455078,0.0253421813249588,0.02534151943344063
P043 (2).jpg,P043,0,-3.967216730117798,0.0185744948685169,0.018573964403278225
P043 (20).jpg,P043,0,-4.406424045562744,0.0120517071336507,0.012051322436495624
P043 (21).jpg,P043,0,-3.615338325500488,0.0262027606368064,0.026202084586998072
P043 (22).jpg,P043,0,-3.8094322681427,0.0216803047806024,0.021679712428500145
P043 (23).jpg,P043,0,-3.5958774089813232,0.0267039332538843,0.026703249156341428
P043 (24).jpg,P043,0,-3.883846282958984,0.02015689201653,0.020156327994665966
P043 (25).jpg,P043,0,-3.707501411437988,0.0239510294049978,0.023950395018604933
P043 (26).jpg,P043,0,-4.1188578605651855,0.0160028245300054,0.016002347869850463
P043 (27).jpg,P043,0,-4.005945205688477,0.0178815014660358,0.017880986139013337
P043 (28).jpg,P043,0,-5.227541446685791,0.0053380555473268,0.005337852174559275
P043 (29).jpg,P043,0,-4.76262092590332,0.0084708211943507,0.008470527874795943
P043 (3).jpg,P043,0,-3.851771116256714,0.0208002403378486,0.020799665363300836
P043 (30).jpg,P043,0,-4.330475330352783,0.0129903210327029,0.012989913604272147
P043 (31).jpg,P043,0,-3.831054210662842,0.0212264079600572,0.021225826005993854
P043 (32).jpg,P043,0,-4.339110851287842,0.0128800636157393,0.012879659632068953
P043 (33).jpg,P043,0,-4.296864986419678,0.0134283872321248,0.013427970065818235
P043 (34).jpg,P043,0,-4.676191329956055,0.0092284642159938,0.00922815071012383
P043 (35).jpg,P043,0,-3.988351345062256,0.0181931164115667,0.018192593845174264
P043 (36).jpg,P043,0,-4.47329568862915,0.0112809399142861,0.011280573789998716
P043 (37).jpg,P043,0,-4.346182823181152,0.0127904592081904,0.012790056569925178
P043 (38).jpg,P043,0,-4.29654598236084,0.0134326145052909,0.013432196810048768
P043 (39).jpg,P043,0,-4.774036407470703,0.008375477977097,0.00837518707692039
P043 (4).jpg,P043,0,-3.8355908393859854,0.0211323630064725,0.021131779968960856
P043 (40).jpg,P043,0,-4.81904411315918,0.0080098258331418,0.00800954568466227
P043 (41).jpg,P043,0,-4.365838527679443,0.0125446310266852,0.01254423460175115
P043 (42).jpg,P043,0,-5.146706581115723,0.0057848766446113,0.00578465955711641
P043 (43).jpg,P043,0,-4.295401573181152,0.0134477885439991,0.013447370819575718
P043 (44).jpg,P043,0,-3.792109727859497,0.0220507811754941,0.022050181409688584
P043 (45).jpg,P043,0,-4.438610076904297,0.0116744423285126,0.011674067355245966
P043 (46).jpg,P043,0,-4.9169135093688965,0.0072684762999415,0.007268216678613666
P043 (47).jpg,P043,0,-5.788936614990234,0.0030518928542733,0.0030517640262274592
P043 (48).jpg,P043,0,-5.658437252044678,0.0034758397378027,0.0034756961577096838
P043 (49).jpg,P043,0,-4.968731880187988,0.0069039622321724,0.006903712548998274
P043 (5).jpg,P043,0,-3.1961636543273926,0.0393103435635566,0.039309461859591145
P043 (50).jpg,P043,0,-4.799642562866211,0.0081654656678438,0.008165180475727993
P043 (51).jpg,P043,0,-4.336649894714356,0.0129113914445042,0.012910985444438918
P043 (52).jpg,P043,0,-4.741008758544922,0.0086542852222919,0.008653986762244414
P043 (53).jpg,P043,0,-3.681575775146485,0.0245646405965089,0.02456399587205576
P043 (54).jpg,P043,0,-4.8108015060424805,0.0080755855888128,0.008075303211655017
P043 (55).jpg,P043,0,-4.037920475006104,0.0173285324126482,0.01732802763704412
P043 (56).jpg,P043,0,-5.216075897216797,0.0053992788307368,0.005399073900319762
P043 (57).jpg,P043,0,-4.435905456542969,0.0117056891322135,0.011705314158262687
P043 (58).jpg,P043,0,-4.789237022399902,0.0082501703873276,0.008249883201335472
P043 (59).jpg,P043,0,-4.830867767333984,0.0079164234921336,0.00791614582916087
P043 (6).jpg,P043,0,-4.09794807434082,0.0163354370743036,0.016334955470980152
P043 (60).jpg,P043,0,-4.42030143737793,0.0118875904008746,0.011887209700054911
P043 (61).jpg,P043,0,-4.945614814758301,0.007064280565828,0.0070640257722742695
P043 (62).jpg,P043,0,-4.348742485046387,0.0127581786364316,0.012757777110006361
P043 (63).jpg,P043,0,-3.3473446369171143,0.0339822247624397,0.033981419527298586
P043 (64).jpg,P043,0,-3.745720624923706,0.023073635995388,0.02307301671587917
P043 (65).jpg,P043,0,-4.299922943115234,0.0133879352360963,0.013387519218614235
P043 (66).jpg,P043,0,-3.77835750579834,0.0223492980003356,0.022348693491716563
P043 (67).jpg,P043,0,-3.938830614089966,0.0190990921109914,0.019098551658532817
P043 (68).jpg,P043,0,-4.850103378295898,0.0077667729929089,0.007766499335264682
P043 (69).jpg,P043,0,-4.107985496520996,0.0161749310791492,0.016174452293410906
P043 (7).jpg,P043,0,-3.993779420852661,0.0180964116007089,0.018095892031246688
P043 (70).jpg,P043,0,-4.891419887542725,0.0074547599069774,0.007454494301581947
P043 (71).jpg,P043,0,-4.279693603515625,0.0136577859520912,0.013657363355342584
P043 (8).jpg,P043,0,-3.973511457443237,0.0184600912034511,0.018459564216127888
P043 (9).jpg,P043,0,-3.584615707397461,0.0269982013851404,0.026997510368025238
P070 (1).jpg,P070,0,-3.184586524963379,0.0397498942911624,0.03974900582264312
P070 (10).jpg,P070,0,-4.021944522857666,0.0176026839762926,0.01760217257955478
P070 (11).jpg,P070,0,-4.161035537719727,0.0153520433232188,0.015351583009180172
P070 (12).jpg,P070,0,-3.57511568069458,0.0272488854825496,0.027248189583727416
P070 (13).jpg,P070,0,-2.855274200439453,0.0544093251228332,0.05440824956531184
P070 (14).jpg,P070,0,-3.2862415313720703,0.0360462144017219,0.036045376331838345
P070 (15).jpg,P070,0,-4.3836870193481445,0.0123254498466849,0.012325058653936672
P070 (16).jpg,P070,0,-3.552562713623047,0.0278530977666378,0.02785239315531539
P070 (17).jpg,P070,0,-2.7149462699890137,0.0620971545577049,0.06209599122392544
P070 (18).jpg,P070,0,-3.756407260894776,0.0228339694440364,0.022833354985394343
P070 (19).jpg,P070,0,-3.677290439605713,0.0246675331145524,0.024666885332574627
P070 (2).jpg,P070,0,-3.6458797454833984,0.025434635579586,0.0254339729106179
P070 (20).jpg,P070,0,-3.3971409797668457,0.0323849357664585,0.032384155267951985
P070 (21).jpg,P070,0,-3.165032863616944,0.0405030138790607,0.04050210910790303
P070 (22).jpg,P070,0,-2.1083292961120605,0.1082898899912834,0.10828839713742874
P070 (23).jpg,P070,0,-3.08698844909668,0.0436471737921237,0.0436462260791
P070 (24).jpg,P070,0,-4.021064758300781,0.0176179036498069,0.01761739233377192
P070 (25).jpg,P070,0,-4.39513111114502,0.0121869090944528,0.012186521660603704
P070 (26).jpg,P070,0,-4.282463073730469,0.0136205274611711,0.01362010619855721
P070 (27).jpg,P070,0,-3.7096571922302246,0.0239006839692592,0.023900051135350552
P070 (28).jpg,P070,0,-4.009830474853516,0.0178133975714445,0.017812883085180236
P070 (29).jpg,P070,0,-3.9902751445770255,0.0181587859988212,0.01815826324275621
P070 (3).jpg,P070,0,-4.116864204406738,0.0160342473536729,0.016033771064446086
P070 (30).jpg,P070,0,-2.626298427581787,0.067464955151081,0.06746374534949981
P070 (31).jpg,P070,0,-1.890255570411682,0.1312153339385986,0.13121375240538885
P070 (32).jpg,P070,0,-2.813790798187256,0.0565834827721118,0.056582379529981436
P070 (33).jpg,P070,0,-3.6943728923797607,0.024259865283966,0.024259225400890663
P070 (34).jpg,P070,0,-2.964250326156616,0.0490673072636127,0.049066292577443944
P070 (35).jpg,P070,0,-2.819537878036499,0.0562774688005447,0.05627637413996432
P070 (36).jpg,P070,0,-2.6359734535217285,0.0668588057160377,0.06685760322729359
P070 (37).jpg,P070,0,-2.214900493621826,0.0984203740954399,0.09841893629066026
P070 (38).jpg,P070,0,-3.851361036300659,0.0208085943013429,0.020808019180615703
P070 (39).jpg,P070,0,-3.07437801361084,0.0441765934228897,0.04417564478005283
P070 (4).jpg,P070,0,-4.312552452087402,0.013222137466073,0.013221724863505065
P070 (40).jpg,P070,0,-2.634009599685669,0.0669814348220825,0.06698022864905678
P070 (41).jpg,P070,0,-3.37721586227417,0.0330151654779911,0.03301437292560601
P070 (42).jpg,P070,0,-3.4064390659332275,0.032094832509756,0.03209405710682503
P070 (43).jpg,P070,0,-2.624983787536621,0.0675477087497711,0.06754650014624906
P070 (44).jpg,P070,0,-3.5237064361572266,0.0286451838910579,0.0286444665024247
P070 (45).jpg,P070,0,-2.9850165843963623,0.0481073819100856,0.04810638033794362
P070 (46).jpg,P070,0,-3.082205295562744,0.0438472665846347,0.043846318654942755
P070 (47).jpg,P070,0,-2.769723415374756,0.0589823648333549,0.05898123594766672
P070 (48).jpg,P070,0,-2.462801694869995,0.0785074084997177,0.07850610563944187
P070 (49).jpg,P070,0,-4.020614147186279,0.0176257025450468,0.017625192821886942
P070 (5).jpg,P070,0,-4.841643333435059,0.0078322421759366,0.007831966687066514
P070 (50).jpg,P070,0,-3.4369561672210693,0.0311602484434843,0.03115948357713393
P070 (51).jpg,P070,0,-4.1967363357543945,0.0148216132074594,0.014821162846145295
P070 (52).jpg,P070,0,-2.9313840866088867,0.0506237633526325,0.05062273007915878
P070 (53).jpg,P070,0,-5.071818828582764,0.0062319235876202,0.006231693187110864
P070 (54).jpg,P070,0,-4.436000347137451,0.0117045920342206,0.01170421647823339
P070 (55).jpg,P070,0,-5.141805648803711,0.0058131325058639,0.005812914372684613
P070 (56).jpg,P070,0,-4.7555928230285645,0.0085300551727414,0.008529760160367661
P070 (57).jpg,P070,0,-4.10004472732544,0.0163017828017473,0.016301300084137278
P070 (58).jpg,P070,0,-4.878600597381592,0.0075502130202949,0.00754994534418501
P070 (59).jpg,P070,0,-4.745969772338867,0.0086118262261152,0.008611529021949199
P070 (6).jpg,P070,0,-5.99823808670044,0.0024769727606326,0.002476864089622855
P070 (60).jpg,P070,0,-4.134891033172607,0.0157523024827241,0.01575183269336397
P070 (61).jpg,P070,0,-4.036414623260498,0.0173541940748691,0.017353687763735588
P070 (62).jpg,P070,0,-3.3028993606567383,0.0354718565940856,0.03547102950661525
P070 (63).jpg,P070,0,-2.8115382194519043,0.0567038506269454,0.05670274507278783
P070 (64).jpg,P070,0,-2.7125706672668457,0.0622356496751308,0.06223449154456932
P070 (65).jpg,P070,0,-3.627744197845459,0.0258880648761987,0.02588739355659082
P070 (66).jpg,P070,0,-3.3016648292541504,0.0355141200125217,0.035513290866826114
P070 (67).jpg,P070,0,-3.24692702293396,0.0374374687671661,0.03743660976790816
P070 (68).jpg,P070,0,-3.8808364868164062,0.0202164221554994,0.020215857986879738
P070 (69).jpg,P070,0,-3.493571519851685,0.029495695605874,0.029494961768837754
P070 (7).jpg,P070,0,-4.825779914855957,0.0079564824700355,0.00795620367730254
P070 (70).jpg,P070,0,-4.459341049194336,0.0114376507699489,0.011437281722043561
P070 (71).jpg,P070,0,-2.7022018432617188,0.0628435537219047,0.06284238853478506
P070 (72).jpg,P070,0,-2.892009019851685,0.0525500029325485,0.05254894675390111
P070 (73).jpg,P070,0,-2.7817821502685547,0.0583166070282459,0.05831549032734815
P070 (74).jpg,P070,0,-2.894155979156494,0.0524432100355625,0.05244215674644635
P070 (8).jpg,P070,0,-4.279886245727539,0.0136551912873983,0.01365476852706489
P070 (9).jpg,P070,0,-4.184683322906494,0.0149986427277326,0.014998189246275813
P072 (1).jpg,P072,0,-4.358057022094727,0.0126413889229297,0.012640990381909955
P072 (10).jpg,P072,0,-4.634664535522461,0.0096159987151622,0.009615674821568823
P072 (11).jpg,P072,0,-4.316260814666748,0.0131738409399986,0.013173429069954737
P072 (12).jpg,P072,0,-4.360855579376221,0.0126065062358975,0.012606108383343272
P072 (13).jpg,P072,0,-5.447813987731934,0.0042872466146945,0.004287076613315588
P072 (14).jpg,P072,0,-5.140275001525879,0.0058219847269356,0.005821766933195469
P072 (15).jpg,P072,0,-3.892995357513428,0.0199769828468561,0.01997642305202848
P072 (16).jpg,P072,0,-3.5709714889526367,0.0273589473217725,0.02735825067170426
P072 (17).jpg,P072,0,-2.6820051670074463,0.0640435740351677,0.06404239894357046
P072 (18).jpg,P072,0,-3.07531213760376,0.044137168675661,0.044136218683054736
P072 (19).jpg,P072,0,-4.13525390625,0.0157466791570186,0.015746207760752456
P072 (2).jpg,P072,0,-4.889029026031494,0.0074724708683788,0.007472205083917995
P072 (20).jpg,P072,0,-2.7554445266723637,0.0597798973321914,0.05977876378532367
P072 (21).jpg,P072,0,-3.123328685760498,0.0421551614999771,0.042154236212683396
P072 (22).jpg,P072,0,-2.404716968536377,0.0828137099742889,0.08281237146497601
P072 (23).jpg,P072,0,-3.383340358734131,0.0328201949596405,0.032819408691062514
P072 (24).jpg,P072,0,-4.41171407699585,0.0119888829067349,0.011988500701797963
P072 (25).jpg,P072,0,-4.09319543838501,0.0164119843393564,0.016411497781835364
P072 (26).jpg,P072,0,-4.193438053131104,0.0148698510602116,0.01486940020869313
P072 (27).jpg,P072,0,-3.4303297996521,0.0313609093427658,0.03136014828326345
P072 (28).jpg,P072,0,-4.016507148742676,0.0176969580352306,0.01769644521413
P072 (29).jpg,P072,0,-3.7882351875305176,0.0221344884485006,0.022133887403352384
P072 (3).jpg,P072,0,-4.3486762046813965,0.0127590131014585,0.012758611945360205
P072 (30).jpg,P072,0,-3.4400579929351807,0.0310667380690574,0.031065979263124092
P072 (31).jpg,P072,0,-3.1405789852142334,0.0414641015231609,0.04146318641080746
P072 (32).jpg,P072,0,-4.05621337890625,0.0170197710394859,0.017019272818278374
P072 (33).jpg,P072,0,-3.646693706512451,0.0254144668579101,0.025413804832388812
P072 (34).jpg,P072,0,-3.6181602478027344,0.0261308513581752,0.02613017739070381
P072 (35).jpg,P072,0,-3.043473720550537,0.0455000661313533,0.04549910030295484
P072 (36).jpg,P072,0,-4.293833255767822,0.0134686110541224,0.013468193000910521
P072 (37).jpg,P072,0,-4.367213249206543,0.0125276139006018,0.012527217377022032
P072 (38).jpg,P072,0,-4.763628959655762,0.0084623591974377,0.008462065754534662
P072 (39).jpg,P072,0,-4.14486026763916,0.0155984815210103,0.01559801526149719
P072 (4).jpg,P072,0,-3.093080997467041,0.0433935634791851,0.04339261963958231
P072 (40).jpg,P072,0,-3.7030458450317374,0.0240554101765155,0.02405477377300093
P072 (41).jpg,P072,0,-4.422637939453125,0.0118601759895682,0.011859796446778073
P072 (42).jpg,P072,0,-3.8331785202026367,0.0211823191493749,0.021181737392898022
P072 (43).jpg,P072,0,-3.832134246826172,0.0212039817124605,0.02120339937557366
P072 (44).jpg,P072,0,-4.184061527252197,0.0150078320875763,0.01500737802307301
P072 (45).jpg,P072,0,-3.874746084213257,0.0203374102711677,0.02033684571836435
P072 (46).jpg,P072,0,-3.3714523315429688,0.0331996604800224,0.0331988677320872
P072 (47).jpg,P072,0,-4.256576061248779,0.0139727341011166,0.013972305252767141
P072 (48).jpg,P072,0,-3.7523837089538574,0.0229239165782928,0.022923301674840014
P072 (49).jpg,P072,0,-3.988438844680786,0.0181915536522865,0.018191031014371754
P072 (5).jpg,P072,0,-3.17297911643982,0.0401953235268592,0.04019442710620659
P072 (50).jpg,P072,0,-3.776534557342529,0.0223891641944646,0.022388558503730664
P072 (6).jpg,P072,0,-2.129873275756836,0.1062270179390907,0.10622554011067643
P072 (7).jpg,P072,0,-3.789599657058716,0.022104974836111,0.022104373886326863
P072 (8).jpg,P072,0,-2.0669093132019043,0.1123549118638038,0.11235339635671429
P072 (9).jpg,P072,0,-0.6642157435417175,0.3397932350635528,0.3397921476105403
P078 (1).jpg,P078,0,-2.8492507934570312,0.0547200590372085,0.05471897708439466
P078 (10).jpg,P078,0,-2.2844700813293457,0.0924173295497894,0.0924159304051813
P078 (11).jpg,P078,0,-3.11354923248291,0.0425518117845058,0.04255087941616288
P078 (12).jpg,P078,0,-2.470048427581787,0.0779847502708435,0.07798345088138027
P078 (13).jpg,P078,0,-1.7718766927719116,0.1453090906143188,0.14530748576547756
P078 (14).jpg,P078,0,-2.257547616958618,0.0947004109621048,0.0946989894218991
P078 (15).jpg,P078,0,-1.7323449850082395,0.1502878665924072,0.15028625429329295
P078 (16).jpg,P078,0,-1.7198994159698486,0.1518841236829757,0.15188249570260698
P078 (17).jpg,P078,0,-1.976557731628418,0.1216862648725509,0.12168471550417963
P078 (18).jpg,P078,0,-0.9315406084060668,0.2826122641563415,0.28261087838307186
P078 (19).jpg,P078,0,-1.241899013519287,0.2241055965423584,0.22410402475240065
P078 (2).jpg,P078,0,-2.435805320739746,0.0804827883839607,0.08048147339249345
P078 (20).jpg,P078,0,-2.611050605773926,0.068430595099926,0.06842937919086185
P078 (21).jpg,P078,0,-2.8490092754364014,0.054732546210289,0.05473147099344987
P078 (22).jpg,P078,0,-1.979625344276428,0.1213587746024131,0.12135723449949891
P078 (23).jpg,P078,0,-1.4538429975509644,0.1894108355045318,0.1894091929685398
P078 (24).jpg,P078,0,-2.3498425483703613,0.0870782881975174,0.08707691883053864
P078 (3).jpg,P078,0,-3.215308427810669,0.0385936833918094,0.03859281162568403
P078 (4).jpg,P078,0,-3.8760366439819336,0.0203117150813341,0.020311149284722416
P078 (5).jpg,P078,0,-3.482507944107056,0.0298140533268451,0.029813312977841667
P078 (6).jpg,P078,0,-2.0538434982299805,0.1136645972728729,0.11366307592045784
P078 (7).jpg,P078,0,-1.4177730083465576,0.1950109452009201,0.19500931133078442
P078 (8).jpg,P078,0,-2.2849411964416504,0.0923778265714645,0.0923764228158589
P078 (9).jpg,P078,0,-2.384087562561035,0.084394171833992,0.08439282476656201
P080 (1).jpg,P080,0,-4.280446529388428,0.0136476466432213,0.01364722445035337
P080 (10).jpg,P080,0,-1.9580955505371092,0.1236733049154281,0.12367174468698414
P080 (11).jpg,P080,0,-3.258800506591797,0.0370119363069534,0.03701108643333636
P080 (12).jpg,P080,0,-3.9608678817749023,0.0186905860900878,0.01869005266856823
P080 (13).jpg,P080,0,-3.373507022857666,0.0331337749958038,0.033132981648991006
P080 (14).jpg,P080,0,-5.403562545776367,0.0044803549535572,0.004480178426107695
P080 (15).jpg,P080,0,-4.10806941986084,0.0161735974252223,0.01617311687921707
P080 (16).jpg,P080,0,-4.597124576568604,0.0099801728501915,0.00997983968762644
P080 (17).jpg,P080,0,-3.967240810394287,0.0185740552842617,0.018573525446456976
P080 (18).jpg,P080,0,-2.1669721603393555,0.1027558520436286,0.10275439114600798
P080 (19).jpg,P080,0,-0.9372720718383788,0.2814517021179199,0.2814503108835752
P080 (2).jpg,P080,0,-3.874266624450684,0.0203469675034284,0.020346400386358793
P080 (20).jpg,P080,0,-1.172431707382202,0.2364157289266586,0.23641417132721332
P080 (21).jpg,P080,0,-2.616398334503174,0.0680904760956764,0.06808926188255775
P080 (22).jpg,P080,0,-2.003092765808105,0.1188785806298255,0.11887704543996286
P080 (23).jpg,P080,0,-4.053233623504639,0.0170696936547756,0.017069195160931284
P080 (24).jpg,P080,0,-5.250973701477051,0.0052150720730423,0.005214872103302545
P080 (25).jpg,P080,0,-4.710893154144287,0.008916518650949,0.008916213725566014
P080 (26).jpg,P080,0,-4.843282699584961,0.0078195137903094,0.007819237963844783
P080 (27).jpg,P080,0,-5.036962985992432,0.0064515462145209,0.006451309642831675
P080 (28).jpg,P080,0,-4.554212093353272,0.0104132117703557,0.010412867861270094
P080 (29).jpg,P080,0,-3.89064359664917,0.0200230758637189,0.02002251668602972
P080 (3).jpg,P080,0,-3.9260315895080566,0.0193403549492359,0.019339809420176584
P080 (30).jpg,P080,0,-4.060522556304932,0.0169478263705968,0.016947331242349022
P080 (31).jpg,P080,0,-3.425649404525757,0.0315034016966819,0.03150263651321202
P080 (32).jpg,P080,0,-4.7111592292785645,0.0089141679927706,0.008913862785437786
P080 (33).jpg,P080,0,-4.581016540527344,0.0101405922323465,0.01014025489653875
P080 (34).jpg,P080,0,-4.074409484863281,0.0167180076241493,0.016717516986689038
P080 (35).jpg,P080,0,-3.5395352840423584,0.0282080210745334,0.0282073127885614
P080 (36).jpg,P080,0,-5.055487632751465,0.0063338838517665,0.006333650631848048
P080 (37).jpg,P080,0,-5.014383792877197,0.0065979021601378,0.006597661062091538
P080 (38).jpg,P080,0,-3.6880557537078857,0.0244098510593175,0.02440920793882492
P080 (39).jpg,P080,0,-4.409643173217773,0.0120134390890598,0.012013055080819053
P080 (4).jpg,P080,0,-3.624841928482056,0.0259613543748855,0.02596068210033797
P080 (40).jpg,P080,0,-3.995927095413208,0.0180582907050848,0.01805777041462309
P080 (41).jpg,P080,0,-3.626338481903076,0.0259235370904207,0.025922865723107036
P080 (42).jpg,P080,0,-2.9387173652648926,0.0502724759280681,0.050271448813141356
P080 (43).jpg,P080,0,-5.711681842803955,0.003296204842627,0.0032960673643475527
P080 (44).jpg,P080,0,-3.6782658100128174,0.0246440768241882,0.024643430156140247
P080 (45).jpg,P080,0,-3.444042682647705,0.0309470165520906,0.03094625956326193
P080 (46).jpg,P080,0,-4.182141780853272,0.0150362364947795,0.01503578266105204
P080 (47).jpg,P080,0,-3.810002565383911,0.0216682124882936,0.021667619804034564
P080 (48).jpg,P080,0,-4.123327255249023,0.015932597219944,0.01593212307289704
P080 (49).jpg,P080,0,-3.241540908813477,0.0376320444047451,0.03763118470665292
P080 (5).jpg,P080,0,-3.0276970863342285,0.0461901798844337,0.04618920179455418
P080 (50).jpg,P080,0,-3.041803359985352,0.0455726645886898,0.04557169790868554
P080 (51).jpg,P080,0,-3.491413116455078,0.0295575447380542,0.02955680932355119
P080 (52).jpg,P080,0,-3.5884034633636475,0.0268988795578479,0.026898188489402383
P080 (53).jpg,P080,0,-3.3788247108459477,0.0329638384282588,0.032963049555995834
P080 (54).jpg,P080,0,-3.329776763916016,0.0345636755228042,0.03456286408828504
P080 (55).jpg,P080,0,-2.7491817474365234,0.0601328797638416,0.06013173953172692
P080 (56).jpg,P080,0,-3.1230010986328125,0.0421683862805366,0.04216746536322634
P080 (57).jpg,P080,0,-2.5860071182250977,0.0700444281101226,0.07004319098246856
P080 (58).jpg,P080,0,-3.957561492919922,0.0187513250857591,0.018750791318360875
P080 (59).jpg,P080,0,-2.7264578342437744,0.0614300742745399,0.0614289219567285
P080 (6).jpg,P080,0,-2.501441717147827,0.0757571682333946,0.07575588801426672
P080 (60).jpg,P080,0,-2.8447999954223637,0.0549507364630699,0.05494965224518847
P080 (61).jpg,P080,0,-2.457341432571411,0.0789033398032188,0.07890202995840695
P080 (62).jpg,P080,0,-3.782477617263794,0.0222594514489173,0.022258848512420323
P080 (63).jpg,P080,0,-3.8649420738220215,0.0205336660146713,0.02053309631027736
P080 (64).jpg,P080,0,-4.616128921508789,0.0097941365092992,0.00979380880132716
P080 (65).jpg,P080,0,-4.721836090087891,0.0088203335180878,0.0088200312504292
P080 (66).jpg,P080,0,-3.952085018157959,0.0188523568212986,0.018851820824516665
P080 (67).jpg,P080,0,-4.25244140625,0.0140298157930374,0.014029383764866824
P080 (68).jpg,P080,0,-3.5706748962402344,0.0273668393492698,0.027366144101908796
P080 (69).jpg,P080,0,-4.521224021911621,0.010758695192635,0.010758342266181373
P080 (7).jpg,P080,0,-2.625142812728882,0.0675377026200294,0.06753648472360159
P080 (70).jpg,P080,0,-3.493466854095459,0.0294986926019191,0.029497957996566883
P080 (71).jpg,P080,0,-3.2084438800811768,0.0388491973280906,0.0388483198850353
P080 (72).jpg,P080,0,-2.768604516983032,0.0590444989502429,0.05904336865817692
P080 (73).jpg,P080,0,-3.175814390182495,0.0400860831141471,0.04008518723347983
P080 (74).jpg,P080,0,-3.92537522315979,0.0193528085947036,0.019352261940201693
P080 (75).jpg,P080,0,-4.114155292510986,0.0160770416259765,0.01607656511713952
P080 (76).jpg,P080,0,-4.1034088134765625,0.0162479225546121,0.01624744234638684
P080 (77).jpg,P080,0,-3.4178614616394043,0.0317418910562992,0.031741119044897216
P080 (78).jpg,P080,0,-2.736595630645752,0.0608481504023075,0.06084701113084788
P080 (79).jpg,P080,0,-3.4755449295043945,0.0300161186605691,0.03001537675489939
P080 (8).jpg,P080,0,-2.015622615814209,0.1175723820924758,0.11757084777036388
P080 (80).jpg,P080,0,-3.478048086166382,0.0299433264881372,0.029942583856815048
P080 (81).jpg,P080,0,-2.894674301147461,0.0524174608290195,0.052416406087425434
P080 (82).jpg,P080,0,-2.8347554206848145,0.0554746948182582,0.05547361060810099
P080 (83).jpg,P080,0,-4.054081916809082,0.0170554667711257,0.01705496835831779
P080 (84).jpg,P080,0,-3.939548969268799,0.0190856382250785,0.01908509868783758
P080 (85).jpg,P080,0,-3.648725032806397,0.025364201515913,0.025363541162742947
P080 (86).jpg,P080,0,-3.2231593132019043,0.0383034385740757,0.03830256779163607
P080 (87).jpg,P080,0,-3.168069839477539,0.0403851494193077,0.0403842507946525
P080 (88).jpg,P080,0,-2.9124643802642822,0.051540832966566,0.05153978875629541
P080 (9).jpg,P080,0,-1.8849552869796755,0.1318207383155822,0.13181915362641708
P143 (1).jpg,P143,0,-2.8946127891540527,0.0524205118417739,0.05241946142862026
P143 (10).jpg,P143,0,-2.135087013244629,0.105733036994934,0.10573155081746717
P143 (11).jpg,P143,0,-2.157071113586426,0.1036723032593727,0.10367083104748014
P143 (12).jpg,P143,0,-2.1953251361846924,0.1001710891723632,0.10016962890393076
P143 (13).jpg,P143,0,-1.3798210620880127,0.2010377496480941,0.20103611464913998
P143 (14).jpg,P143,0,-4.246561050415039,0.0141113903373479,0.014110957615654507
P143 (15).jpg,P143,0,-3.9290382862091056,0.0192834120243787,0.019282866987037107
P143 (16).jpg,P143,0,-3.5542399883270264,0.027807718142867,0.027807013811230206
P143 (17).jpg,P143,0,-2.571237564086914,0.0710126236081123,0.07101137526329643
P143 (18).jpg,P143,0,-1.3214741945266724,0.2105731219053268,0.21057151998498247
P143 (19).jpg,P143,0,-1.4009369611740112,0.1976674795150756,0.19766584304630763
P143 (2).jpg,P143,0,-2.7968287467956543,0.0574957877397537,0.05749467406894396
P143 (20).jpg,P143,0,-2.638105869293213,0.0667258873581886,0.06672468862949844
P143 (21).jpg,P143,0,-3.449281692504883,0.030790289863944,0.030789533396839236
P143 (22).jpg,P143,0,-3.604801416397095,0.0264729671180248,0.026472287898387497
P143 (23).jpg,P143,0,-3.3683485984802246,0.0332994237542152,0.03329863252328338
P143 (24).jpg,P143,0,-4.069267272949219,0.0168027486652135,0.016802255902788957
P143 (25).jpg,P143,0,-4.41990327835083,0.0118922684341669,0.011891887381065313
P143 (26).jpg,P143,0,-4.685548782348633,0.009143297560513,0.009142986700340808
P143 (27).jpg,P143,0,-3.2587761878967285,0.0370128042995929,0.037011953198527674
P143 (28).jpg,P143,0,-4.062455177307129,0.0169156584888696,0.01691516335083369
P143 (29).jpg,P143,0,-3.9521987438201904,0.0188502520322799,0.018849717405480918
P143 (3).jpg,P143,0,-2.4197254180908203,0.0816808491945266,0.081679518580607
P143 (30).jpg,P143,0,-3.449345111846924,0.0307883992791175,0.030787640908572795
P143 (31).jpg,P143,0,-4.665817260742188,0.0093238018453121,0.009323485965798732
P143 (32).jpg,P143,0,-3.4202628135681152,0.0316681675612926,0.031667399195821684
P143 (33).jpg,P143,0,-3.644364595413208,0.0254722218960523,0.025471556357911616
P143 (34).jpg,P143,0,-3.3397998809814453,0.0342307761311531,0.034229963358494805
P143 (35).jpg,P143,0,-2.9906110763549805,0.0478518418967723,0.047850841311738244
P143 (36).jpg,P143,0,-2.800286769866944,0.0573086813092231,0.05730757224718695
P143 (37).jpg,P143,0,-2.198419570922852,0.0998925045132637,0.09989105279004212
P143 (38).jpg,P143,0,-1.9037461280822756,0.1296850740909576,0.1296834985062467
P143 (39).jpg,P143,0,-4.009064674377441,0.0178268011659383,0.01782628625880488
P143 (4).jpg,P143,0,-3.4645371437072754,0.0303382761776447,0.03033752818322222
P143 (40).jpg,P143,0,-4.028064250946045,0.0174971669912338,0.017496659230903384
P143 (41).jpg,P143,0,-3.048091411590576,0.04529994353652,0.045298977806441515
P143 (42).jpg,P143,0,-3.6768860816955566,0.0246772654354572,0.024676615490476683
P143 (43).jpg,P143,0,-2.534883975982666,0.0734485760331153,0.07344731512836847
P143 (44).jpg,P143,0,-2.117769718170166,0.1073816567659378,0.10738016955436543
P143 (45).jpg,P143,0,-2.596862554550171,0.0693406164646148,0.06933938555202888
P143 (46).jpg,P143,0,-3.419390916824341,0.0316949188709259,0.03169414665533069
P143 (47).jpg,P143,0,-5.378008365631104,0.0045957891270518,0.004595609005581489
P143 (48).jpg,P143,0,-3.5071096420288086,0.0291106142103672,0.029109888778458562
P143 (49).jpg,P143,0,-3.3190932273864746,0.0349219553172588,0.03492113597774009
P143 (5).jpg,P143,0,-2.466894626617432,0.0782118216156959,0.07821051927468911
P143 (50).jpg,P143,0,-3.330728530883789,0.034531932324171,0.034531119101035
P143 (51).jpg,P143,0,-4.47193717956543,0.0112961018458008,0.011295735855003987
P143 (52).jpg,P143,0,-4.340981960296631,0.0128562962636351,0.012855892270575668
P143 (53).jpg,P143,0,-4.31613826751709,0.0131754344329237,0.013175022276127888
P143 (54).jpg,P143,0,-3.878390312194824,0.020264932885766,0.020264367064198575
P143 (55).jpg,P143,0,-3.475599527359009,0.0300145279616117,0.03001378719731251
P143 (56).jpg,P143,0,-2.23629093170166,0.0965385660529136,0.09653712872378378
P143 (57).jpg,P143,0,-3.36987042427063,0.0332504734396934,0.03324967962310361
P143 (6).jpg,P143,0,-4.226417064666748,0.0143944006413221,0.014393959950834753
P143 (7).jpg,P143,0,-4.035324096679688,0.0173727981746196,0.017372293936627238
P143 (8).jpg,P143,0,-3.616055011749268,0.0261844787746667,0.026183804027871172
P143 (9).jpg,P143,0,-2.9979357719421387,0.047519214451313,0.04751822048360727
P168 (1).jpg,P168,0,0.1647357791662216,0.5410910248756409,0.5410913596825436
P168 (10).jpg,P168,0,-0.5336620807647705,0.3696631789207458,0.3696622599407368
P168 (11).jpg,P168,0,-0.7464242577552795,0.3216009140014648,0.321599741914859
P168 (12).jpg,P168,0,1.051038146018982,0.7409742474555969,0.7409756808227809
P168 (13).jpg,P168,0,0.9072569012641908,0.7124385237693787,0.7124398747829285
P168 (14).jpg,P168,0,0.9513880014419556,0.7213942408561707,0.7213956325082289
P168 (15).jpg,P168,0,1.8168177604675293,0.860183835029602,0.8601854471656176
P168 (16).jpg,P168,0,1.09691059589386,0.7496808171272278,0.7496823060246934
P168 (17).jpg,P168,0,1.871064305305481,0.866581380367279,0.8665829644243848
P168 (18).jpg,P168,0,0.7143219709396362,0.6713554859161377,0.6713566085790791
P168 (19).jpg,P168,0,0.1183318495750427,0.5295484662055969,0.5295487073504123
P168 (2).jpg,P168,0,-0.1449973881244659,0.4638140797615051,0.46381376494958
P168 (20).jpg,P168,0,0.6354793310165405,0.6537308096885681,0.6537318981704541
P168 (21).jpg,P168,0,-1.3596694469451904,0.2042940557003021,0.20429241064433687
P168 (22).jpg,P168,0,-2.746563196182251,0.0602810457348823,0.06027990100428835
P168 (23).jpg,P168,0,-2.51304030418396,0.0749490484595298,0.07494777010367708
P168 (24).jpg,P168,0,-3.0620851516723637,0.0446985810995101,0.04469762261162367
P168 (25).jpg,P168,0,-2.37239408493042,0.0853021517395973,0.08530079664347559
P168 (26).jpg,P168,0,-2.2877628803253174,0.0921415165066719,0.0921401145420047
P168 (27).jpg,P168,0,-1.8468759059906008,0.1362401098012924,0.13623852547678925
P168 (28).jpg,P168,0,-1.964726567268372,0.1229564324021339,0.12295488095409766
P168 (29).jpg,P168,0,-2.090169906616211,0.1100559383630752,0.11005443111853278
P168 (3).jpg,P168,0,0.4261435270309448,0.6049524545669556,0.6049531499324095
P168 (30).jpg,P168,0,-2.5260086059570312,0.0740548744797706,0.0740536047360719
P168 (31).jpg,P168,0,-4.965202331542969,0.0069282036274671,0.0069279536575393
P168 (32).jpg,P168,0,-4.289862155914307,0.0135214775800704,0.013521058671624654
P168 (33).jpg,P168,0,-3.1304192543029785,0.0418697819113731,0.04186886403923628
P168 (34).jpg,P168,0,-4.055922508239746,0.0170246362686157,0.01702413969254429
P168 (35).jpg,P168,0,-2.7081074714660645,0.0624966397881507,0.062495481129968715
P168 (36).jpg,P168,0,-3.32454776763916,0.0347385890781879,0.034737773233275995
P168 (37).jpg,P168,0,-1.413103461265564,0.1957450211048126,0.19574338950488737
P168 (38).jpg,P168,0,-2.3803091049194336,0.0846865996718406,0.08468524974910692
P168 (39).jpg,P168,0,-2.360060214996338,0.0862694531679153,0.0862680839051601
P168 (4).jpg,P168,0,1.7171058654785156,0.8477557301521301,0.8477573026199212
P168 (40).jpg,P168,0,-3.541783571243286,0.028146456927061,0.028145748381082716
P168 (41).jpg,P168,0,-3.5330111980438232,0.0283874161541461,0.028386701658378373
P168 (42).jpg,P168,0,-4.368598937988281,0.0125104822218418,0.012510087458373292
P168 (43).jpg,P168,0,-4.154362201690674,0.0154532473534345,0.015452784242330039
P168 (44).jpg,P168,0,-3.6659436225891113,0.0249420069158077,0.024941351341356142
P168 (45).jpg,P168,0,-3.7638537883758554,0.0226684063673019,0.022667795938598922
P168 (46).jpg,P168,0,-3.826307535171509,0.0213252492249012,0.021324664725863775
P168 (47).jpg,P168,0,-3.877938747406006,0.0202738996595144,0.020273334314383485
P168 (48).jpg,P168,0,-3.661323070526123,0.0250546243041753,0.025053967664118302
P168 (49).jpg,P168,0,-2.8978490829467773,0.0522599965333938,0.052258940816572674
P168 (5).jpg,P168,0,0.8573567867279053,0.7021080851554871,0.7021094303361515
P168 (50).jpg,P168,0,-0.9925835728645324,0.2704020738601684,0.27040064012236187
P168 (51).jpg,P168,0,-1.3688946962356567,0.2027985006570816,0.20279686106211764
P168 (52).jpg,P168,0,-1.4855977296829224,0.1845834106206894,0.18458176441600252
P168 (53).jpg,P168,0,-1.855591416358948,0.1352177262306213,0.13521614551989408
P168 (54).jpg,P168,0,-2.041865348815918,0.1148769259452819,0.11487540454953477
P168 (55).jpg,P168,0,-0.2793046832084656,0.4306242167949676,0.43062374840275075
P168 (56).jpg,P168,0,-1.0760031938552856,0.2542631030082702,0.25426162421313064
P168 (57).jpg,P168,0,-1.4433060884475708,0.1910338997840881,0.19103226859649222
P168 (58).jpg,P168,0,-1.2243351936340332,0.2271744459867477,0.22717286106868356
P168 (59).jpg,P168,0,-1.1244980096817017,0.2451779097318649,0.2451763767267202
P168 (6).jpg,P168,0,0.8802456259727478,0.7068731188774109,0.7068744554207221
P168 (60).jpg,P168,0,-0.6042138934135437,0.3533802032470703,0.3533792019519346
P168 (61).jpg,P168,0,-1.172507882118225,0.2364019751548767,0.23640042024789204
P168 (62).jpg,P168,0,-1.298463225364685,0.2144237756729126,0.2144221636869444
P168 (63).jpg,P168,0,-1.8555129766464236,0.1352269053459167,0.135225318020066
P168 (64).jpg,P168,0,-1.966457724571228,0.1227698698639869,0.12276831863437797
P168 (65).jpg,P168,0,1.2719919681549072,0.7810835838317871,0.7810851438968519
P168 (66).jpg,P168,0,0.9182690382003784,0.7146892547607422,0.7146906518138544
P168 (67).jpg,P168,0,1.7946252822875977,0.8574934601783752,0.8574950217684133
P168 (68).jpg,P168,0,0.8984280228614807,0.7106263637542725,0.7106277082239432
P168 (69).jpg,P168,0,-0.6855879426002502,0.3350152671337127,0.3350141552482673
P168 (7).jpg,P168,0,1.9129594564437864,0.8713512420654297,0.8713528346010457
P168 (70).jpg,P168,0,-0.8349357843399048,0.3026024401187897,0.3026011453373427
P168 (71).jpg,P168,0,-0.3724527359008789,0.4079484939575195,0.40794782780444977
P168 (72).jpg,P168,0,1.0105479955673218,0.7331274151802063,0.7331288286912032
P168 (73).jpg,P168,0,0.6159296035766602,0.6492922902107239,0.649293263605675
P168 (74).jpg,P168,0,1.0036007165908811,0.7317659258842468,0.7317673774380016
P168 (75).jpg,P168,0,-0.3547103404998779,0.4122406244277954,0.41224001363167084
P168 (76).jpg,P168,0,0.904463529586792,0.7118659019470215,0.7118672550520867
P168 (77).jpg,P168,0,-0.5520361661911011,0.365392118692398,0.36539119355267924
P168 (78).jpg,P168,0,2.157339096069336,0.8963525891304016,0.8963540682775103
P168 (79).jpg,P168,0,2.6825618743896484,0.935989797115326,0.9359909627837771
P168 (8).jpg,P168,0,1.867989182472229,0.8662254810333252,0.866227024586821
P168 (9).jpg,P168,0,0.876136064529419,0.7060208320617676,0.7060222125323288
P184 (1).jpg,P184,0,0.4018945097923279,0.5991427302360535,0.5991434588789367
P184 (10).jpg,P184,0,1.1594802141189575,0.7612382769584656,0.7612397992371867
P184 (11).jpg,P184,0,1.43203866481781,0.8072187900543213,0.8072203984258645
P184 (12).jpg,P184,0,1.12480890750885,0.7548795938491821,0.7548811554185001
P184 (13).jpg,P184,0,1.6240060329437256,0.8353468179702759,0.8353485075908117
P184 (14).jpg,P184,0,1.4882158041000366,0.8158103227615356,0.8158119629901315
P184 (15).jpg,P184,0,0.6511955261230469,0.6572798490524292,0.6572808966077921
P184 (16).jpg,P184,0,0.735075831413269,0.6759181618690491,0.675919319539629
P184 (17).jpg,P184,0,1.6221977472305298,0.8350980281829834,0.8350996408101672
P184 (18).jpg,P184,0,0.8332014679908752,0.6970314383506775,0.6970327275433015
P184 (19).jpg,P184,0,1.4876197576522827,0.8157207369804382,0.8157223818628323
P184 (2).jpg,P184,0,0.2334999293088913,0.5581111907958984,0.5581116148766536
P184 (20).jpg,P184,0,1.953466534614563,0.8758241534233093,0.8758256979928227
P184 (21).jpg,P184,0,2.301036834716797,0.9089628458023072,0.9089642687537508
P184 (22).jpg,P184,0,1.6496726274490356,0.8388468027114868,0.8388484351349459
P184 (23).jpg,P184,0,1.5495538711547852,0.8248492479324341,0.8248509289003852
P184 (24).jpg,P184,0,1.6218761205673218,0.8350536823272705,0.8350553450729942
P184 (25).jpg,P184,0,1.7193204164505005,0.848041296005249,0.8480429053546724
P184 (26).jpg,P184,0,1.5944513082504272,0.8312414884567261,0.8312430894051619
P184 (27).jpg,P184,0,1.2482315301895142,0.7769936323165894,0.7769951661518876
P184 (28).jpg,P184,0,1.0402588844299316,0.7388999462127686,0.7389014262898947
P184 (29).jpg,P184,0,1.79120671749115,0.8570752143859863,0.8570767685336033
P184 (3).jpg,P184,0,1.355154514312744,0.7949711084365845,0.7949726700239967
P184 (30).jpg,P184,0,1.993112683296204,0.8800719976425171,0.8800735975299301
P184 (31).jpg,P184,0,1.474793791770935,0.8137848973274231,0.8137865640132367
P184 (32).jpg,P184,0,0.4777184426784515,0.6172089576721191,0.6172098011643409
P184 (33).jpg,P184,0,1.261832594871521,0.7793413996696472,0.7793430083429302
P184 (34).jpg,P184,0,1.1084463596343994,0.751839280128479,0.75184086761747
P184 (35).jpg,P184,0,1.7618755102157593,0.8534443974494934,0.8534460146535265
P184 (36).jpg,P184,0,0.7042232751846313,0.6691234707832336,0.6691246036949692
P184 (37).jpg,P184,0,0.6448352336883545,0.6558456420898438,0.6558467194743818
P184 (38).jpg,P184,0,0.4024227857589721,0.5992696285247803,0.5992703295036952
P184 (39).jpg,P184,0,0.0695134103298187,0.5173713564872742,0.517371485367829
P184 (4).jpg,P184,0,1.86673367023468,0.8660798668861389,0.8660814706589162
P184 (40).jpg,P184,0,0.0289505533874034,0.5072371363639832,0.507237185930744
P184 (41).jpg,P184,0,-0.148612841963768,0.4629150032997131,0.46291474772906105
P184 (42).jpg,P184,0,0.1153626590967178,0.5288087129592896,0.5288089324237835
P184 (43).jpg,P184,0,-0.0408441163599491,0.4897903501987457,0.48979031538188883
P184 (44).jpg,P184,0,-0.2397079318761825,0.4403583407402038,0.440357894486597
P184 (45).jpg,P184,0,-0.3544178009033203,0.4123115241527557,0.41231089778389735
P184 (46).jpg,P184,0,-0.2328848093748092,0.4420405030250549,0.442040094401982
P184 (47).jpg,P184,0,-0.6533668041229248,0.3422312438488006,0.34223015898727355
P184 (48).jpg,P184,0,-0.4604997336864471,0.3868672847747803,0.3868664790185996
P184 (49).jpg,P184,0,-0.2334967702627182,0.441889613866806,0.4418891642227725
P184 (5).jpg,P184,0,1.599337816238403,0.8319258689880371,0.8319274549759086
P184 (50).jpg,P184,0,-0.3776819705963135,0.4066860675811767,0.4066854308783127
P184 (51).jpg,P184,0,-0.2573581039905548,0.436013251543045,0.4360127913186917
P184 (52).jpg,P184,0,-0.2482777684926986,0.4382474422454834,0.43824699616257273
P184 (53).jpg,P184,0,-0.1493517607450485,0.4627313017845154,0.4627310379762271
P184 (54).jpg,P184,0,-0.6582414507865906,0.3411347568035126,0.3411336711355296
P184 (55).jpg,P184,0,-0.7256819605827332,0.3261429965496063,0.3261418364902133
P184 (56).jpg,P184,0,0.0537344403564929,0.5134303569793701,0.5134304770992232
P184 (57).jpg,P184,0,-0.0449418164789676,0.4887664020061493,0.48876635425123616
P184 (58).jpg,P184,0,-0.1095754951238632,0.4726335406303406,0.47263330248679725
P184 (59).jpg,P184,0,-0.2028645128011703,0.4494571089744568,0.44945672195654246
P184 (6).jpg,P184,0,1.5400292873382568,0.8234689831733704,0.8234706239828871
P184 (60).jpg,P184,0,-0.0190308652818202,0.4952424168586731,0.49524239239002515
P184 (61).jpg,P184,0,-0.2752281725406647,0.43162402510643,0.43162354426241106
P184 (62).jpg,P184,0,-0.3925561606884002,0.4031020998954773,0.4031014163218701
P184 (63).jpg,P184,0,-0.0847336128354072,0.4788292646408081,0.47882910702870957
P184 (64).jpg,P184,0,-0.3125370144844055,0.4224956035614013,0.4224950444392575
P184 (65).jpg,P184,0,-0.1535408198833465,0.4616899788379669,0.4616897481490825
P184 (66).jpg,P184,0,-0.0384166240692138,0.490397036075592,0.4903969546029601
P184 (67).jpg,P184,0,-0.1824464052915573,0.4545145034790039,0.454514168917566
P184 (68).jpg,P184,0,-0.0540519692003726,0.486490249633789,0.4864901977223258
P184 (69).jpg,P184,0,-0.0147835789248347,0.4963041841983795,0.49630414548540364
P184 (7).jpg,P184,0,1.432881474494934,0.8073498606681824,0.8073515197845396
P184 (70).jpg,P184,0,-0.3649719059467315,0.4097565412521362,0.4097558956214827
P184 (71).jpg,P184,0,-0.6304177641868591,0.3474158346652984,0.3474147692232165
P184 (72).jpg,P184,0,-0.3090835809707641,0.4233384430408478,0.4233378889157017
P184 (73).jpg,P184,0,-0.176473006606102,0.4559958875179291,0.4559955688205813
P184 (74).jpg,P184,0,0.3294272720813751,0.5816200375556946,0.5816206044981852
P184 (75).jpg,P184,0,0.485152006149292,0.6189636588096619,0.6189645446151248
P184 (76).jpg,P184,0,-0.1899361461400985,0.4526582360267639,0.45265785715716805
P184 (77).jpg,P184,0,0.0853337496519088,0.5213205218315125,0.5213206573807302
P184 (78).jpg,P184,0,0.0981271862983703,0.5245121121406555,0.5245123103217486
P184 (79).jpg,P184,0,-0.0250788517296314,0.4937306344509125,0.4937305696989262
P184 (8).jpg,P184,0,1.4878582954406738,0.815756618976593,0.8157582362771496
P184 (80).jpg,P184,0,-0.2714087069034576,0.432561308145523,0.4325608038805088
P184 (81).jpg,P184,0,-0.0775139927864074,0.4806312024593353,0.48063105696310765
P184 (82).jpg,P184,0,-0.0742688551545143,0.4814412891864776,0.4814411800869355
P184 (83).jpg,P184,0,0.2378653585910797,0.5591875314712524,0.5591879634494321
P184 (84).jpg,P184,0,-0.3625419437885284,0.4103443920612335,0.4103437294794873
P184 (85).jpg,P184,0,-0.2063838690519333,0.4485864043235779,0.4485860229171758
P184 (86).jpg,P184,0,0.054630909115076,0.513654351234436,0.513654431516365
P184 (87).jpg,P184,0,-0.1834531873464584,0.4542648792266845,0.45426456601802256
P184 (9).jpg,P184,0,1.77302086353302,0.8548329472541809,0.8548345558672483
P191 (1).jpg,P191,0,-2.7091755867004395,0.0624340884387493,0.06243292925449132
P191 (10).jpg,P191,0,-2.04446029663086,0.1146133244037628,0.11461181437306546
P191 (11).jpg,P191,0,-2.830239534378052,0.0557117946445941,0.05571070357570326
P191 (12).jpg,P191,0,-1.429406762123108,0.1931911259889602,0.1931895009642054
P191 (13).jpg,P191,0,-2.597087383270264,0.069326102733612,0.06932487833041855
P191 (14).jpg,P191,0,-2.06799840927124,0.1122463271021843,0.11224482573675548
P191 (15).jpg,P191,0,-3.0456032752990723,0.0454076752066612,0.04540670479993079
P191 (16).jpg,P191,0,-3.541937828063965,0.0281422398984432,0.02814152918325373
P191 (17).jpg,P191,0,-2.7607436180114746,0.0594827532768249,0.05948161865082666
P191 (18).jpg,P191,0,-2.2414581775665283,0.0960888117551803,0.09608738868254155
P191 (19).jpg,P191,0,-3.122767448425293,0.0421778298914432,0.04217690342672754
P191 (2).jpg,P191,0,-2.558644294738769,0.0718478932976722,0.07184664514578003
P191 (20).jpg,P191,0,-2.2784252166748047,0.0929256081581115,0.09292419924205718
P191 (21).jpg,P191,0,-1.5133532285690308,0.1804423779249191,0.18044073567182883
P191 (22).jpg,P191,0,-2.1753761768341064,0.1019836068153381,0.10198215203299772
P191 (23).jpg,P191,0,-1.9141801595687864,0.1285119652748108,0.12851038916904936
P191 (24).jpg,P191,0,-2.3700616359710693,0.0854843258857727,0.08548296242776637
P191 (25).jpg,P191,0,-2.3634421825408936,0.086003229022026,0.0860018680629167
P191 (26).jpg,P191,0,-3.7583980560302734,0.022789591923356,0.02278897822311613
P191 (27).jpg,P191,0,-3.4070324897766118,0.0320764034986496,0.03207562795416808
P191 (28).jpg,P191,0,-2.485103130340576,0.0769091248512268,0.07690783334447049
P191 (29).jpg,P191,0,-2.5250606536865234,0.0741199031472206,0.07411863223735429
P191 (3).jpg,P191,0,-2.567244052886963,0.0712765231728553,0.0712752759355611
P191 (30).jpg,P191,0,-2.384533405303955,0.084359735250473,0.08435838032691723
P191 (31).jpg,P191,0,-2.06565523147583,0.1124800369143486,0.11247852779851188
P191 (32).jpg,P191,0,-3.3779406547546387,0.0329920314252376,0.03299124200357127
P191 (33).jpg,P191,0,-3.16787338256836,0.0403927639126777,0.04039186490389498
P191 (34).jpg,P191,0,-3.6799635887146,0.0246033016592264,0.024602654742658495
P191 (35).jpg,P191,0,-3.8070898056030273,0.0217300448566675,0.02172945143392654
P191 (36).jpg,P191,0,-3.9502878189086914,0.0188856273889541,0.018885091598885483
P191 (37).jpg,P191,0,-3.3794589042663574,0.0329436287283897,0.03294283953627697
P191 (38).jpg,P191,0,-2.496270179748535,0.0761200636625289,0.07611878124153984
P191 (39).jpg,P191,0,-3.004903078079224,0.0472048595547676,0.04720386852764246
P191 (4).jpg,P191,0,-2.593552589416504,0.0695545226335525,0.06955328863813356
P191 (40).jpg,P191,0,-2.2696001529693604,0.0936721488833427,0.09367074017128148
P191 (41).jpg,P191,0,-3.1754584312438965,0.0400997810065746,0.040098886294415825
P191 (42).jpg,P191,0,-2.847912073135376,0.0547893457114696,0.05478826393950252
P191 (43).jpg,P191,0,-3.0305380821228027,0.0460651777684688,0.046064199896954525
P191 (44).jpg,P191,0,-2.5469586849212646,0.0726310685276985,0.07262981178083562
P191 (45).jpg,P191,0,-3.004955768585205,0.0472024902701377,0.04720149877634979
P191 (46).jpg,P191,0,-2.528040647506714,0.0739156603813171,0.07391438784606175
P191 (47).jpg,P191,0,-1.8439432382583616,0.1365855932235717,0.13658400558726153
P191 (48).jpg,P191,0,-2.653073310852051,0.0657998397946357,0.06579864447330518
P191 (49).jpg,P191,0,-2.072403907775879,0.1118080839514732,0.11180658189196171
P191 (5).jpg,P191,0,-2.591738700866699,0.0696720033884048,0.06967076813097606
P191 (50).jpg,P191,0,-2.8049983978271484,0.0570546686649322,0.05705356243918561
P191 (51).jpg,P191,0,-1.944252371788025,0.1251814365386963,0.1251798711599021
P191 (52).jpg,P191,0,-2.64066743850708,0.0665665492415428,0.0665653490632655
P191 (53).jpg,P191,0,-3.901044130325317,0.0198200121521949,0.01981945544105829
P191 (54).jpg,P191,0,-3.170729160308838,0.0402822159230709,0.04028131828582869
P191 (55).jpg,P191,0,-3.369346618652344,0.0332673154771328,0.03326652114401704
P191 (56).jpg,P191,0,-3.253077983856201,0.037216443568468,0.03721558714645048
P191 (57).jpg,P191,0,-1.9803839921951292,0.1212779134511947,0.12127636277471149
P191 (58).jpg,P191,0,-0.9767725467681884,0.2735326588153839,0.2735312271077352
P191 (59).jpg,P191,0,-1.2744674682617188,0.2184934318065643,0.21849185896056386
P191 (6).jpg,P191,0,-2.9965908527374268,0.0475801229476928,0.04757912935206859
P191 (60).jpg,P191,0,-0.8453442454338074,0.3004104197025299,0.30040911686379895
P191 (61).jpg,P191,0,-1.705227613449097,0.1537837386131286,0.15378211442832032
P191 (62).jpg,P191,0,-1.1386798620224,0.2425628155469894,0.24256128859245607
P191 (63).jpg,P191,0,-1.4073636531829834,0.1966502070426941,0.196648580477253
P191 (64).jpg,P191,0,-2.3042097091674805,0.0907749086618423,0.0907735200521649
P191 (65).jpg,P191,0,-2.7099530696868896,0.0623885951936244,0.06238743438846835
P191 (66).jpg,P191,0,-2.141639709472656,0.1051150485873222,0.10511357197046771
P191 (67).jpg,P191,0,-2.272237777709961,0.0934484675526619,0.09344705320143047
P191 (68).jpg,P191,0,-2.9851062297821045,0.0481032766401767,0.0481022754186085
P191 (69).jpg,P191,0,-2.748410224914551,0.0601764991879463,0.06017535795211706
P191 (7).jpg,P191,0,-2.400867462158203,0.0831065699458122,0.08310523083791765
P191 (70).jpg,P191,0,-2.5572988986968994,0.0719376653432846,0.0719364148387265
P191 (71).jpg,P191,0,-3.3187804222106934,0.0349324978888034,0.03493167963946313
P191 (72).jpg,P191,0,-3.0837087631225586,0.043784275650978,0.04378333030135904
P191 (73).jpg,P191,0,-2.463589191436768,0.0784504562616348,0.0784491543453809
P191 (74).jpg,P191,0,-1.9458575248718264,0.1250057518482208,0.1250041954966631
P191 (75).jpg,P191,0,-0.9912526607513428,0.2706647217273712,0.27066329011246504
P191 (8).jpg,P191,0,-3.0782012939453125,0.0440154410898685,0.044014489856879016
P191 (9).jpg,P191,0,-2.6798367500305176,0.0641736760735511,0.06417249985286305
P013 (1).jpg,P013,1,2.130106210708618,0.8937950730323792,0.8937965732574494
P013 (10).jpg,P013,1,-2.8089544773101807,0.0568422116339206,0.05684110250093968
P013 (11).jpg,P013,1,-2.398327112197876,0.0833003520965576,0.08329900887187178
P013 (12).jpg,P013,1,-1.6387780904769895,0.1626313924789428,0.16262976042614322
P013 (13).jpg,P013,1,-0.531914472579956,0.3700704872608185,0.3700695694067114
P013 (14).jpg,P013,1,-0.229416087269783,0.4428961873054504,0.4428957997266762
P013 (15).jpg,P013,1,-1.9929665327072144,0.1199433580040931,0.1199418287666386
P013 (16).jpg,P013,1,-1.5634663105010986,0.173149824142456,0.17314817550534298
P013 (17).jpg,P013,1,-1.1028684377670288,0.2492028325796127,0.24920130865655682
P013 (18).jpg,P013,1,-0.5700491070747375,0.3612254858016968,0.36122452939558486
P013 (19).jpg,P013,1,-1.597525715827942,0.1683277189731598,0.16832607473409913
P013 (2).jpg,P013,1,-2.1454226970672607,0.1047597303986549,0.10475825495266618
P013 (20).jpg,P013,1,0.1571974903345108,0.5392186045646667,0.5392189310127808
P013 (21).jpg,P013,1,-0.2265006154775619,0.4436157047748565,0.443615285192034
P013 (22).jpg,P013,1,-1.6636966466903689,0.159266397356987,0.15926475680503752
P013 (23).jpg,P013,1,-0.309264063835144,0.4232943952083587,0.42329382919842906
P013 (24).jpg,P013,1,-0.4122682213783264,0.3983683884143829,0.398367644716436
P013 (25).jpg,P013,1,-1.1775822639465332,0.2354872077703476,0.2354856357614694
P013 (26).jpg,P013,1,-0.7989733219146729,0.310245156288147,0.3102439246062406
P013 (27).jpg,P013,1,-0.9212425351142884,0.2847048044204712,0.28470341142656813
P013 (28).jpg,P013,1,-0.9767260551452636,0.2735418975353241,0.27354046571122614
P013 (29).jpg,P013,1,-0.1972468793392181,0.4508475363254547,0.4508471807219029
P013 (3).jpg,P013,1,-1.556063532829285,0.1742122322320938,0.17421058909158485
P013 (30).jpg,P013,1,-0.5315295457839966,0.3701602220535278,0.3701593079485154
P013 (31).jpg,P013,1,-0.5635837316513062,0.3627186715602875,0.3627177044456386
P013 (32).jpg,P013,1,-0.0632314085960388,0.4841974079608917,0.48419729689510177
P013 (33).jpg,P013,1,-0.5081737637519836,0.3756217062473297,0.3756208616472202
P013 (34).jpg,P013,1,-0.8718178272247314,0.2948761880397796,0.29487486182232714
P013 (35).jpg,P013,1,-0.8726677894592285,0.294699490070343,0.2946981640708452
P013 (36).jpg,P013,1,-1.3362939357757568,0.2081201821565628,0.20811856553933367
P013 (37).jpg,P013,1,-0.1729134917259216,0.456879049539566,0.45687869880239523
P013 (38).jpg,P013,1,-1.6809165477752686,0.1569741368293762,0.1569725101895627
P013 (39).jpg,P013,1,-0.5969471335411072,0.3550424575805664,0.35504144952549266
P013 (4).jpg,P013,1,-2.381622076034546,0.0845848768949508,0.08458353129040523
P013 (40).jpg,P013,1,-0.4269015192985534,0.3948664665222168,0.3948657145002858
P013 (41).jpg,P013,1,1.029117226600647,0.73674476146698,0.736746179351411
P013 (42).jpg,P013,1,-0.0939162820577621,0.4765381515026092,0.4765380001626635
P013 (43).jpg,P013,1,0.4884091019630432,0.619731605052948,0.6197324297267657
P013 (44).jpg,P013,1,-0.2293248623609542,0.4429187476634979,0.44291830876178223
P013 (45).jpg,P013,1,-0.0327758081257343,0.4918067455291748,0.4918067213644317
P013 (46).jpg,P013,1,0.8825286030769348,0.7073459625244141,0.7073472749868926
P013 (47).jpg,P013,1,0.7327635288238525,0.6754114031791687,0.6754125945098897
P013 (48).jpg,P013,1,2.7139220237731934,0.9378432035446168,0.9378443293956487
P013 (49).jpg,P013,1,1.4013913869857788,0.8024045825004578,0.8024062168138966
P013 (5).jpg,P013,1,-0.7578597664833069,0.3191111087799072,0.31910990707629044
P013 (50).jpg,P013,1,1.2003498077392578,0.768587052822113,0.7685885717278845
P013 (51).jpg,P013,1,0.9730701446533204,0.7257310152053833,0.7257324395955067
P013 (52).jpg,P013,1,0.313034176826477,0.5776256918907166,0.5776262558958434
P013 (53).jpg,P013,1,0.499386727809906,0.6223152279853821,0.6223160596688818
P013 (54).jpg,P013,1,-0.0996330603957176,0.4751123189926147,0.47511213714364103
P013 (55).jpg,P013,1,0.1346264332532882,0.5336058735847473,0.5336061124398577
P013 (56).jpg,P013,1,0.2662694454193115,0.5661768317222595,0.5661773105139368
P013 (57).jpg,P013,1,0.2492728680372238,0.5619975328445435,0.561997970700057
P013 (58).jpg,P013,1,0.5038530826568604,0.6233643889427185,0.6233652590330978
P013 (59).jpg,P013,1,0.4824817776679992,0.6183337569236755,0.6183345737088985
P013 (6).jpg,P013,1,-2.289901733398437,0.0919627547264099,0.09196135351138672
P013 (60).jpg,P013,1,1.657654047012329,0.8399227857589722,0.8399244693543882
P013 (7).jpg,P013,1,-1.491627812385559,0.183677539229393,0.18367588768766901
P013 (8).jpg,P013,1,-1.909463167190552,0.1290411800146103,0.12903960118697438
P013 (9).jpg,P013,1,-1.7798384428024292,0.1443230807781219,0.1443214728433766
P026 (1).jpg,P026,1,0.3674176037311554,0.5908348560333252,0.5908354845832811
P026 (10).jpg,P026,1,0.8500977158546448,0.7005876302719116,0.7005889475438097
P026 (11).jpg,P026,1,2.1643123626708984,0.8969987034797668,0.8970001253131371
P026 (12).jpg,P026,1,-0.6244704127311707,0.3487654328346252,0.3487643699972835
P026 (13).jpg,P026,1,0.0026141786947846,0.5006535649299622,0.5006535490929122
P026 (14).jpg,P026,1,0.2295949608087539,0.5571479201316833,0.5571483352438262
P026 (2).jpg,P026,1,0.3201703429222107,0.5793657898902893,0.5793663375038072
P026 (3).jpg,P026,1,0.3978386223316192,0.5981682538986206,0.5981689563868211
P026 (4).jpg,P026,1,0.3759981989860534,0.5929075479507446,0.5929082211149752
P026 (5).jpg,P026,1,0.8899422883987427,0.7088782787322998,0.7088796092416827
P026 (6).jpg,P026,1,0.8036812543869019,0.690761387348175,0.6907626445470026
P026 (7).jpg,P026,1,0.7106138467788696,0.6705367565155029,0.670537934253284
P026 (8).jpg,P026,1,1.4295567274093628,0.8068321943283081,0.8068338728185772
P026 (9).jpg,P026,1,0.7323700189590454,0.6753251552581787,0.6753263185895501
P156 (1).jpg,P156,1,0.0394028164446353,0.5098494291305542,0.5098495019985675
P156 (10).jpg,P156,1,1.0573451519012451,0.7421828508377075,0.7421843568771231
P156 (11).jpg,P156,1,0.4655709266662597,0.6143348813056946,0.6143357285503258
P156 (12).jpg,P156,1,1.0288987159729004,0.7367022633552551,0.7367037964396822
P156 (13).jpg,P156,1,0.9006248116493225,0.711077868938446,0.7110792412163638
P156 (14).jpg,P156,1,0.9293356537818908,0.7169404625892639,0.7169418672914929
P156 (15).jpg,P156,1,0.5239906311035156,0.628080427646637,0.6280813322395321
P156 (16).jpg,P156,1,0.5433061122894287,0.6325811743736267,0.6325820937902428
P156 (17).jpg,P156,1,0.8761119246482849,0.7060158848762512,0.7060172021213191
P156 (18).jpg,P156,1,0.3002589344978332,0.5745058655738831,0.5745063523929435
P156 (19).jpg,P156,1,0.365469753742218,0.5903638601303101,0.5903645073265403
P156 (2).jpg,P156,1,0.1094160601496696,0.527326762676239,0.5273269577116112
P156 (20).jpg,P156,1,0.6931901574134827,0.6666762232780457,0.6666773463422837
P156 (21).jpg,P156,1,0.6038521528244019,0.6465370655059814,0.6465381344868989
P156 (22).jpg,P156,1,0.704828143119812,0.6692573428153992,0.6692585068412092
P156 (23).jpg,P156,1,1.0750221014022827,0.745550811290741,0.7455523020361521
P156 (24).jpg,P156,1,0.7325035929679871,0.6753544211387634,0.6753556056466454
P156 (25).jpg,P156,1,1.2489821910858154,0.7771236300468445,0.7771252098336489
P156 (26).jpg,P156,1,0.5241767168045044,0.628123939037323,0.6281248002434567
P156 (27).jpg,P156,1,1.0291482210159302,0.7367506623268127,0.7367521907568525
P156 (28).jpg,P156,1,0.7555017471313477,0.6803763508796692,0.6803775232161645
P156 (29).jpg,P156,1,0.8994462490081787,0.7108356952667236,0.7108370487639045
P156 (3).jpg,P156,1,-0.203590527176857,0.4492774307727813,0.4492770783385165
P156 (30).jpg,P156,1,1.4427028894424438,0.8088728189468384,0.8088744956110893
P156 (31).jpg,P156,1,1.140010952949524,0.757681667804718,0.7576831844821716
P156 (32).jpg,P156,1,0.1470145732164383,0.5366875529289246,0.5366878568252238
P156 (33).jpg,P156,1,1.2323380708694458,0.774227499961853,0.7742291086244568
P156 (34).jpg,P156,1,0.627694308757782,0.6519665122032166,0.6519675142522954
P156 (35).jpg,P156,1,0.8253412246704102,0.6953689455986023,0.695370237891395
P156 (36).jpg,P156,1,0.6174236536026001,0.6496323943138123,0.6496334025720635
P156 (37).jpg,P156,1,0.669841468334198,0.6614676117897034,0.6614687600884239
P156 (38).jpg,P156,1,1.2267770767211914,0.7732539772987366,0.7732555665001947
P156 (39).jpg,P156,1,0.707817792892456,0.6699187755584717,0.669919940131505
P156 (4).jpg,P156,1,0.0588071160018444,0.5146975517272949,0.51469765125516
P156 (40).jpg,P156,1,0.5373157858848572,0.6311877965927124,0.631188697518056
P156 (41).jpg,P156,1,0.5864737033843994,0.6425555944442749,0.6425566286452423
P156 (42).jpg,P156,1,0.5755122900009155,0.6400341391563416,0.6400351040140895
P156 (43).jpg,P156,1,0.7724558115005493,0.6840519309043884,0.6840531194525806
P156 (44).jpg,P156,1,0.9398201704025269,0.7190633416175842,0.7190647231446367
P156 (45).jpg,P156,1,0.990430235862732,0.729172945022583,0.7291743275622993
P156 (46).jpg,P156,1,0.7791364192962646,0.6854939460754395,0.6854951941859349
P156 (47).jpg,P156,1,0.4744579792022705,0.6164383888244629,0.6164391785239571
P156 (48).jpg,P156,1,0.4279947876930237,0.605394721031189,0.6053954903305404
P156 (49).jpg,P156,1,0.4991942048072815,0.6222699284553528,0.622270807899689
P156 (5).jpg,P156,1,0.2190397530794143,0.554542064666748,0.5545424390846864
P156 (50).jpg,P156,1,1.1240276098251345,0.754734992980957,0.7547365576878066
P156 (51).jpg,P156,1,1.0835940837860107,0.7471734881401062,0.7471750282888815
P156 (52).jpg,P156,1,1.799249529838562,0.8580574989318848,0.858059162900466
P156 (53).jpg,P156,1,0.6530802249908447,0.65770423412323,0.6577053261738864
P156 (54).jpg,P156,1,0.3102377951145172,0.5769432783126831,0.5769438583162659
P156 (55).jpg,P156,1,1.5799959897994995,0.8292039632797241,0.829205590556143
P156 (56).jpg,P156,1,0.6365151405334473,0.6539652943611145,0.6539663351158289
P156 (6).jpg,P156,1,-0.0259774066507816,0.4935060441493988,0.493505965920767
P156 (7).jpg,P156,1,-0.0327690318226814,0.4918084740638733,0.49180841499781364
P156 (8).jpg,P156,1,1.0029367208480835,0.731635570526123,0.7316370247642922
P156 (9).jpg,P156,1,0.3436849415302276,0.5850853323936462,0.5850859723487701
P157 (1).jpg,P157,1,-1.1767650842666626,0.2356343120336532,0.235632787255358
P157 (2).jpg,P157,1,-2.066453218460083,0.112400397658348,0.11239889111218423
P157 (3).jpg,P157,1,-1.1656030416488647,0.2376506775617599,0.23764912631090734
P157 (4).jpg,P157,1,-0.8917367458343506,0.2907515466213226,0.2907502059576846
P157 (5).jpg,P157,1,-0.993093729019165,0.2703014314174652,0.2703000054591033
P205 (1).jpg,P205,1,0.5866906046867371,0.6426054835319519,0.6426064448421281
P205 (10).jpg,P205,1,0.7413069605827332,0.6772816181182861,0.677282774293384
P205 (11).jpg,P205,1,1.3798054456710815,0.7989597916603088,0.7989613770025764
P205 (12).jpg,P205,1,-0.2210346460342407,0.4449652135372162,0.4449648224031237
P205 (13).jpg,P205,1,-0.2856549918651581,0.4290679395198822,0.42906741516159025
P205 (14).jpg,P205,1,0.5109086036682129,0.6250194311141968,0.625020326089879
P205 (15).jpg,P205,1,-0.4146652817726135,0.3977939784526825,0.39779327517119634
P205 (16).jpg,P205,1,0.2635499238967895,0.5655087232589722,0.5655092153811377
P205 (17).jpg,P205,1,-0.0684291496872901,0.4828994274139404,0.4828992596550404
P205 (18).jpg,P205,1,-1.4201914072036743,0.1946315765380859,0.1946299466530055
P205 (19).jpg,P205,1,-0.1859274208545684,0.4536516070365906,0.4536512482888068
P205 (2).jpg,P205,1,1.5962141752243042,0.8314885497093201,0.8314902383146556
P205 (20).jpg,P205,1,0.0717988982796669,0.5179420113563538,0.5179421489456852
P205 (21).jpg,P205,1,0.4596040248870849,0.6129202246665955,0.6129210350560628
P205 (22).jpg,P205,1,-0.6330859661102295,0.3468111455440521,0.3468100826042228
P205 (23).jpg,P205,1,0.6405999660491943,0.6548891067504883,0.6548901326111407
P205 (24).jpg,P205,1,-0.5211161375045776,0.3725912868976593,0.37259038735649347
P205 (25).jpg,P205,1,0.7746743559837341,0.6845312118530273,0.6845324087661178
P205 (26).jpg,P205,1,0.7583388090133667,0.6809929609298706,0.6809941704397724
P205 (27).jpg,P205,1,2.362191677093506,0.913898468017578,0.9138997836488734
P205 (28).jpg,P205,1,2.205300092697144,0.900724470615387,0.900725898046243
P205 (29).jpg,P205,1,1.2442947626113892,0.7763106822967529,0.7763122791651803
P205 (3).jpg,P205,1,1.0366665124893188,0.7382063269615173,0.7382077642950171
P205 (30).jpg,P205,1,1.7253845930099487,0.8488211035728455,0.8488227297909986
P205 (31).jpg,P205,1,2.075009346008301,0.8884503841400146,0.8884518937416931
P205 (32).jpg,P205,1,1.9193297624588013,0.8720636367797852,0.8720652447685915
P205 (33).jpg,P205,1,1.3087530136108398,0.7873044013977051,0.787306021862053
P205 (34).jpg,P205,1,0.8391437530517578,0.6982848048210144,0.6982861460053089
P205 (35).jpg,P205,1,1.5789114236831665,0.8290503025054932,0.8290519343388021
P205 (36).jpg,P205,1,1.062080144882202,0.7430878281593323,0.7430893494867391
P205 (37).jpg,P205,1,1.085604548454285,0.7475531101226807,0.7475546281406893
P205 (38).jpg,P205,1,1.3230469226837158,0.7896881699562073,0.789689799344408
P205 (39).jpg,P205,1,0.872626543045044,0.7052919268608093,0.7052932626788284
P205 (4).jpg,P205,1,1.4259560108184814,0.8062703609466553,0.8062720662195857
P205 (40).jpg,P205,1,0.6764519214630127,0.662946343421936,0.6629474517035868
P205 (41).jpg,P205,1,0.6285219788551331,0.652154266834259,0.6521552952067025
P205 (42).jpg,P205,1,1.2986211776733398,0.7856028079986572,0.7856044416318728
P205 (43).jpg,P205,1,0.6470697522163391,0.6563498377799988,0.6563509045814893
P205 (44).jpg,P205,1,0.9557785391807556,0.7222757935523987,0.7222772083453832
P205 (45).jpg,P205,1,0.6376205682754517,0.654215395450592,0.6542164464272697
P205 (46).jpg,P205,1,1.4865071773529053,0.8155534267425537,0.8155550795076991
P205 (47).jpg,P205,1,0.5185436010360718,0.6268071532249451,0.62680803779524
P205 (48).jpg,P205,1,1.691370129585266,0.8444042205810547,0.8444058894717086
P205 (49).jpg,P205,1,0.5332990884780884,0.6302522420883179,0.6302531538527606
P205 (5).jpg,P205,1,0.0843467637896537,0.5210742354393005,0.5210743526009607
P205 (50).jpg,P205,1,0.6400149464607239,0.6547567844390869,0.6547578999438048
P205 (51).jpg,P205,1,1.606579303741455,0.8329359889030457,0.8329375649587171
P205 (52).jpg,P205,1,1.1494766473770142,0.759415328502655,0.7594168511684534
P205 (53).jpg,P205,1,0.4818622469902038,0.6181874871253967,0.6181883545848135
P205 (54).jpg,P205,1,0.9350457787513732,0.7180978655815125,0.7180992301435611
P205 (55).jpg,P205,1,1.179089069366455,0.7647839784622192,0.7647855315167099
P205 (56).jpg,P205,1,1.413467526435852,0.8043122887611389,0.8043139185873247
P205 (57).jpg,P205,1,0.7127485275268555,0.6710082292556763,0.6710093527808797
P205 (58).jpg,P205,1,0.9963680505752563,0.7303438782691956,0.7303453336770717
P205 (59).jpg,P205,1,1.443315029144287,0.8089675307273865,0.8089691130956226
P205 (6).jpg,P205,1,-0.0545672476291656,0.4863615930080414,0.48636147211625685
P205 (60).jpg,P205,1,0.9246808290481568,0.7159948348999023,0.7159962746168121
P205 (61).jpg,P205,1,0.0700674951076507,0.5175096988677979,0.5175098390360428
P205 (62).jpg,P205,1,0.7477254867553711,0.6786828637123108,0.678684087725211
P205 (63).jpg,P205,1,1.121590495109558,0.754283607006073,0.7542851417873926
P205 (64).jpg,P205,1,1.012636661529541,0.7335358262062073,0.7335372821278574
P205 (65).jpg,P205,1,0.5491499304771423,0.6339383125305176,0.6339392801924264
P205 (66).jpg,P205,1,0.3258205652236938,0.5807420611381531,0.5807426914613613
P205 (67).jpg,P205,1,1.8948971033096316,0.8693129420280457,0.8693144657999985
P205 (68).jpg,P205,1,1.8142718076705933,0.8598774075508118,0.8598789713527245
P205 (69).jpg,P205,1,1.6216444969177246,0.8350217938423157,0.8350234390043644
P205 (7).jpg,P205,1,1.1674216985702517,0.7626786828041077,0.7626802086249099
P205 (70).jpg,P205,1,3.3407440185546875,0.965800404548645,0.9658012347061471
P205 (71).jpg,P205,1,2.360035896301269,0.9137285947799684,0.9137299991184338
P205 (72).jpg,P205,1,2.741171360015869,0.9394128322601318,0.9394139444153071
P205 (8).jpg,P205,1,0.6950275897979736,0.6670844554901123,0.6670855359749395
P205 (9).jpg,P205,1,-0.0662709176540374,0.4834383130073547,0.4834382101533642
P041 (1).jpg,P041,1,-1.2214207649230957,0.2276865243911743,0.227684944339226
P041 (10).jpg,P041,1,-1.3752790689468384,0.2017682790756225,0.20176664837688163
P041 (11).jpg,P041,1,-1.703088879585266,0.154062271118164,0.1540606428351932
P041 (12).jpg,P041,1,-1.882181525230408,0.1321384906768798,0.13213691750705164
P041 (13).jpg,P041,1,-2.902595043182373,0.0520254261791706,0.05202438031677292
P041 (14).jpg,P041,1,-1.4562660455703735,0.1890390813350677,0.1890374515078566
P041 (15).jpg,P041,1,-1.65838885307312,0.1599783897399902,0.15997675892634763
P041 (16).jpg,P041,1,-1.7722558975219729,0.1452620029449463,0.14526039709521402
P041 (17).jpg,P041,1,-1.971065044403076,0.1222745329141616,0.12227298567325297
P041 (18).jpg,P041,1,-1.92043936252594,0.1278125792741775,0.1278110101701988
P041 (19).jpg,P041,1,-2.868863582611084,0.053714383393526,0.053713316778593534
P041 (2).jpg,P041,1,-1.3934423923492432,0.198858767747879,0.1988571395995664
P041 (20).jpg,P041,1,-2.8406033515930176,0.0551690831780433,0.05516799382881438
P041 (21).jpg,P041,1,-3.38311767578125,0.0328272655606269,0.032826477946302564
P041 (22).jpg,P041,1,-2.376570701599121,0.0849768295884132,0.0849754794708893
P041 (23).jpg,P041,1,-2.791431188583374,0.0577889755368232,0.05778786425530488
P041 (24).jpg,P041,1,-3.239932060241699,0.0376903526484966,0.03768949307361975
P041 (25).jpg,P041,1,-1.6948925256729126,0.1551335006952285,0.15513187982301022
P041 (26).jpg,P041,1,-2.416461944580078,0.0819259732961654,0.08192464133522094
P041 (27).jpg,P041,1,-2.4258034229278564,0.0812261030077934,0.08122477402539548
P041 (28).jpg,P041,1,-2.8759140968322754,0.0533571392297744,0.053356074797958675
P041 (29).jpg,P041,1,-2.3194587230682373,0.0895241722464561,0.08952278273819364
P041 (3).jpg,P041,1,-1.548959255218506,0.1752366423606872,0.17523499360255587
P041 (30).jpg,P041,1,-1.7685868740081787,0.1457181423902511,0.14571653889558772
P041 (31).jpg,P041,1,-2.2888734340667725,0.0920486599206924,0.09204725776128708
P041 (32).jpg,P041,1,-2.896934986114502,0.0523052848875522,0.05230423301925355
P041 (33).jpg,P041,1,-2.6192166805267334,0.0679118633270263,0.06791064528424304
P041 (34).jpg,P041,1,-2.9952378273010254,0.0476414784789085,0.04764048017666104
P041 (35).jpg,P041,1,-2.961606025695801,0.0491908378899097,0.049189820570284155
P041 (36).jpg,P041,1,-2.9700465202331543,0.0487975627183914,0.04879655296233509
P041 (37).jpg,P041,1,-3.012864589691162,0.0468480661511421,0.04684707973349247
P041 (38).jpg,P041,1,-4.065156936645508,0.0168707873672246,0.01687029394604839
P041 (39).jpg,P041,1,-3.5677907466888428,0.027443716302514,0.027443017497709006
P041 (4).jpg,P041,1,-1.987972617149353,0.1204715147614479,0.12046997062718529
P041 (5).jpg,P041,1,-1.89093017578125,0.1311384439468383,0.1311368681839414
P041 (6).jpg,P041,1,-1.3074562549591064,0.2129128128290176,0.21291120967727875
P041 (7).jpg,P041,1,-1.2191087007522583,0.2280933409929275,0.22809176707245357
P041 (8).jpg,P041,1,-1.4645206928253174,0.1877768486738205,0.18777523303674823
P041 (9).jpg,P041,1,-2.0871548652648926,0.1103515774011612,0.11035008120526615
P100 (1).jpg,P100,1,1.5733764171600342,0.8282644152641296,0.8282660514232825
P100 (10).jpg,P100,1,2.2793891429901123,0.9071556329727172,0.90715701814519
P100 (100).jpg,P100,1,-0.3532005548477173,0.4126064777374267,0.4126058830446874
P100 (101).jpg,P100,1,-1.2168402671813965,0.2284929752349853,0.22849141016060123
P100 (102).jpg,P100,1,-0.97391939163208,0.2740999758243561,0.27409855332384736
P100 (103).jpg,P100,1,-0.8794825077056885,0.2932850122451782,0.29328369106109914
P100 (104).jpg,P100,1,-1.3013895750045776,0.2139312326908111,0.2139296421868174
P100 (105).jpg,P100,1,-1.0901252031326294,0.2515947222709656,0.25159319767852567
P100 (106).jpg,P100,1,-1.3565040826797483,0.204809084534645,0.20480744826415556
P100 (107).jpg,P100,1,-1.8025866746902464,0.1415364891290664,0.14153487657546968
P100 (108).jpg,P100,1,-1.850031852722168,0.1358691602945327,0.13586756472792533
P100 (109).jpg,P100,1,-0.841924786567688,0.3011295795440674,0.30112825761661643
P100 (11).jpg,P100,1,0.7521066665649414,0.6796375513076782,0.6796387584653403
P100 (110).jpg,P100,1,-0.8330799341201782,0.3029942214488983,0.302992938551858
P100 (111).jpg,P100,1,-1.0740344524383545,0.2546365857124328,0.2546351057978108
P100 (112).jpg,P100,1,-1.190132737159729,0.2332351952791214,0.23323363626540136
P100 (113).jpg,P100,1,-1.6106306314468384,0.1665010750293731,0.16649943838187853
P100 (114).jpg,P100,1,-1.391719937324524,0.1991333216428756,0.19913169339579917
P100 (115).jpg,P100,1,-0.8457350730895996,0.3003282845020294,0.30032698496948085
P100 (116).jpg,P100,1,-0.698153018951416,0.3322218656539917,0.3322207189057062
P100 (117).jpg,P100,1,-1.225393295288086,0.2269887179136276,0.22698714734647402
P100 (118).jpg,P100,1,-1.4292000532150269,0.1932233572006225,0.1932217224068603
P100 (119).jpg,P100,1,-0.2768043875694275,0.4312373697757721,0.4312368987624323
P100 (12).jpg,P100,1,1.8433345556259155,0.8633425831794739,0.8633441967850272
P100 (120).jpg,P100,1,-1.6967720985412598,0.154887318611145,0.15488568961286334
P100 (121).jpg,P100,1,-1.3570069074630735,0.2047271877527237,0.20472556909218376
P100 (122).jpg,P100,1,-1.3042081594467163,0.2134576439857483,0.21345603717173223
P100 (123).jpg,P100,1,-1.6552037000656128,0.1604068875312805,0.16040526000796293
P100 (124).jpg,P100,1,-1.2744077444076538,0.2185036391019821,0.2185020572439883
P100 (125).jpg,P100,1,-1.399300217628479,0.1979271918535232,0.19792555120727287
P100 (126).jpg,P100,1,-1.3411089181900024,0.2073277533054351,0.20732614066218183
P100 (127).jpg,P100,1,-0.6407187581062317,0.3450841009616852,0.34508301960647064
P100 (128).jpg,P100,1,-1.3142337799072266,0.211779236793518,0.21177763355302062
P100 (129).jpg,P100,1,-0.8181648850440979,0.3061533570289612,0.3061520684721693
P100 (13).jpg,P100,1,1.4067400693893433,0.8032512068748474,0.8032528876964495
P100 (130).jpg,P100,1,-0.3834594190120697,0.405292809009552,0.40529212135703474
P100 (131).jpg,P100,1,0.3278861045837402,0.581244945526123,0.5812455299065096
P100 (132).jpg,P100,1,-0.4545223414897918,0.3882860839366913,0.38828528690487285
P100 (133).jpg,P100,1,-1.926978588104248,0.1270853728055954,0.12708381480016365
P100 (134).jpg,P100,1,-0.2704669535160064,0.4327924251556396,0.4327919754501011
P100 (135).jpg,P100,1,-0.6313393115997314,0.3472069203853607,0.34720586592776936
P100 (14).jpg,P100,1,1.6000254154205322,0.8320218920707703,0.8320235767199109
P100 (15).jpg,P100,1,1.4023503065109253,0.802556574344635,0.8025582109918376
P100 (16).jpg,P100,1,0.343335211277008,0.5850004553794861,0.5850010685524522
P100 (17).jpg,P100,1,1.5504751205444336,0.8249823451042175,0.8249839846727623
P100 (18).jpg,P100,1,1.6829012632369995,0.8432883024215698,0.8432899546061265
P100 (19).jpg,P100,1,0.6522433757781982,0.657515823841095,0.6575169008843507
P100 (2).jpg,P100,1,1.9752625226974487,0.8781751990318298,0.8781767868848708
P100 (20).jpg,P100,1,1.2644681930541992,0.7797943353652954,0.7797959151424207
P100 (21).jpg,P100,1,1.1285626888275146,0.755573570728302,0.7555750789330286
P100 (22).jpg,P100,1,-0.08782409876585,0.4780580401420593,0.4780579161403004
P100 (23).jpg,P100,1,-0.1348926872014999,0.4663278758525848,0.46632762488001983
P100 (24).jpg,P100,1,-0.0638543739914894,0.4840418696403503,0.48404171151258113
P100 (25).jpg,P100,1,0.0258531682193279,0.5064629316329956,0.5064629794581241
P100 (26).jpg,P100,1,0.1621338874101638,0.5404449105262756,0.5404452065810549
P100 (27).jpg,P100,1,-0.0178821943700313,0.4955295622348785,0.4955295377608258
P100 (28).jpg,P100,1,-0.5793047547340393,0.3590925633907318,0.3590916078212798
P100 (29).jpg,P100,1,-0.4928850531578064,0.3792141377925873,0.3792133080880832
P100 (3).jpg,P100,1,2.1123666763305664,0.8920993208885193,0.8921008471921699
P100 (30).jpg,P100,1,-0.1118123233318328,0.4720760285854339,0.47207580094870805
P100 (31).jpg,P100,1,-0.1403949409723281,0.4649587869644165,0.4649585471226575
P100 (32).jpg,P100,1,-0.2774453163146972,0.431080162525177,0.4310797029014744
P100 (33).jpg,P100,1,-0.3174455463886261,0.4212984442710876,0.42129784618680155
P100 (34).jpg,P100,1,-0.7875916957855225,0.312686026096344,0.3126847718593937
P100 (35).jpg,P100,1,-0.5475084185600281,0.3664426505565643,0.3664417359841348
P100 (36).jpg,P100,1,-0.1129445806145668,0.4717938601970672,0.47179362640101286
P100 (37).jpg,P100,1,-0.6983540654182434,0.3321772515773773,0.3321761179019748
P100 (38).jpg,P100,1,0.00021802354604,0.5000544786453247,0.5000545062858999
P100 (39).jpg,P100,1,-0.5342414975166321,0.3695281744003296,0.3695272580513086
P100 (4).jpg,P100,1,1.160758137702942,0.7614704370498657,0.7614719908176915
P100 (40).jpg,P100,1,-1.1449540853500366,0.2414119690656662,0.24141040923787116
P100 (41).jpg,P100,1,-0.9934688210487366,0.2702274620532989,0.27022602892242775
P100 (42).jpg,P100,1,-1.9528592824935915,0.1242419257760047,0.12424035929667292
P100 (43).jpg,P100,1,-2.2705445289611816,0.0935920029878616,0.09359059609598239
P100 (44).jpg,P100,1,-1.668564796447754,0.1586156189441681,0.15861398998936874
P100 (45).jpg,P100,1,-0.8030105829238892,0.309381902217865,0.3093806367013062
P100 (46).jpg,P100,1,-2.921108722686768,0.051119890064001,0.051118854917042815
P100 (47).jpg,P100,1,-2.1753478050231934,0.1019862070679664,0.10198475042269513
P100 (48).jpg,P100,1,-2.273350954055786,0.0933542028069496,0.0933527927772894
P100 (49).jpg,P100,1,-1.0563935041427612,0.2579992711544037,0.25799778111619
P100 (5).jpg,P100,1,1.7180300951004028,0.8478748798370361,0.8478765507237848
P100 (50).jpg,P100,1,-0.7406265139579773,0.3228671550750732,0.32286597051002036
P100 (51).jpg,P100,1,-0.8324461579322815,0.3031280934810638,0.3031268023063619
P100 (52).jpg,P100,1,-0.5669640302658081,0.3619376420974731,0.3619366937985652
P100 (53).jpg,P100,1,-1.4547468423843384,0.1892721056938171,0.18927046058098057
P100 (54).jpg,P100,1,-0.5250899791717529,0.3716627955436706,0.37166189965689406
P100 (55).jpg,P100,1,-1.358559250831604,0.2044745534658432,0.20447294139000105
P100 (56).jpg,P100,1,-0.8776938319206238,0.2936558723449707,0.29365456672211765
P100 (57).jpg,P100,1,-0.8786778450012207,0.2934518158435821,0.2934505011469571
P100 (58).jpg,P100,1,-0.2238872349262237,0.444260835647583,0.4442604212025573
P100 (59).jpg,P100,1,-1.009539246559143,0.2670700252056122,0.26706858186507426
P100 (6).jpg,P100,1,1.923408031463623,0.872518002986908,0.8725195601876483
P100 (60).jpg,P100,1,-0.6846877336502075,0.3352158665657043,0.3352147347494101
P100 (61).jpg,P100,1,-0.9263448119163512,0.2836668491363525,0.28366548094097654
P100 (62).jpg,P100,1,-0.9043858051300048,0.2881500422954559,0.2881486875667916
P100 (63).jpg,P100,1,-1.045721173286438,0.26004758477211,0.26004612387127896
P100 (64).jpg,P100,1,-0.6071649789810181,0.3527061641216278,0.35270515918900575
P100 (65).jpg,P100,1,-0.3884081244468689,0.4041005671024322,0.4040998852901742
P100 (66).jpg,P100,1,-0.8193274140357971,0.3059064745903015,0.3059051744563135
P100 (67).jpg,P100,1,-0.5027987957000732,0.3768831491470337,0.3768823015168083
P100 (68).jpg,P100,1,-1.3190206289291382,0.2109812945127487,0.2109796716570416
P100 (69).jpg,P100,1,-1.4553619623184204,0.1891777217388153,0.1891760895269436
P100 (7).jpg,P100,1,1.1293898820877075,0.7557262778282166,0.7557278149461814
P100 (70).jpg,P100,1,-1.226038098335266,0.2268756181001663,0.22687402672431575
P100 (71).jpg,P100,1,-1.6362651586532593,0.1629739105701446,0.16297226750695207
P100 (72).jpg,P100,1,-1.3611191511154177,0.2040584683418274,0.2040568503484988
P100 (73).jpg,P100,1,-1.2233848571777344,0.2273413389921188,0.2273397517053781
P100 (74).jpg,P100,1,-1.4391841888427734,0.1916716992855072,0.19167007864186483
P100 (75).jpg,P100,1,-1.489089012145996,0.1840585172176361,0.18405686154121767
P100 (76).jpg,P100,1,-2.644322395324707,0.0663398057222366,0.06633860829147774
P100 (77).jpg,P100,1,-1.5620018243789673,0.1733595877885818,0.17335794479646674
P100 (78).jpg,P100,1,-1.4215630292892456,0.1944166719913482,0.19441503455821255
P100 (79).jpg,P100,1,-1.0589443445205688,0.2575112581253052,0.2575097591242214
P100 (8).jpg,P100,1,1.5069950819015503,0.8186154365539551,0.8186170916231251
P100 (80).jpg,P100,1,-0.4794125258922577,0.3823908865451813,0.3823900282013668
P100 (81).jpg,P100,1,-0.5799374580383301,0.3589469790458679,0.3589460063482651
P100 (82).jpg,P100,1,-1.6300150156021118,0.1638282984495163,0.16382666719410688
P100 (83).jpg,P100,1,-1.9410041570663448,0.1255375742912292,0.12553601864124073
P100 (84).jpg,P100,1,-2.335013628005981,0.0882643610239029,0.08826298636494544
P100 (85).jpg,P100,1,-1.1444449424743652,0.2415052056312561,0.24150366225674463
P100 (86).jpg,P100,1,-1.5623019933700562,0.1733165681362152,0.17331493299107348
P100 (87).jpg,P100,1,-1.0394614934921265,0.2612538933753967,0.26125244167212597
P100 (88).jpg,P100,1,-0.3331541717052459,0.4174733757972717,0.417472769105375
P100 (89).jpg,P100,1,-0.2891459465026855,0.428212970495224,0.428212447311073
P100 (9).jpg,P100,1,0.917470395565033,0.714526355266571,0.7145277731392198
P100 (90).jpg,P100,1,-1.359215259552002,0.2043678760528564,0.2043662524517595
P100 (91).jpg,P100,1,-2.854453086853028,0.054451584815979,0.05445050998024562
P100 (92).jpg,P100,1,-1.7844176292419434,0.1437585055828094,0.14375689274480943
P100 (93).jpg,P100,1,-1.8875702619552608,0.1315217465162277,0.1315201742309035
P100 (94).jpg,P100,1,-0.8524215221405029,0.2989251315593719,0.298923825140607
P100 (95).jpg,P100,1,-0.820453941822052,0.3056673109531402,0.3056660325284071
P100 (96).jpg,P100,1,-0.9675661325454712,0.2753658890724182,0.2753644738707532
P100 (97).jpg,P100,1,-1.431941032409668,0.1927964240312576,0.19279479526963214
P100 (98).jpg,P100,1,-1.2747961282730105,0.2184373438358307,0.21843574400381208
P100 (99).jpg,P100,1,-0.665697455406189,0.33946093916893,0.3394598265963366
P114 (1).jpg,P114,1,-1.0975558757781982,0.2501981258392334,0.25019662018471944
P114 (10).jpg,P114,1,-1.0479427576065063,0.25962033867836,0.25961886667281003
P114 (11).jpg,P114,1,-0.5554665327072144,0.3645970523357391,0.364596120636912
P114 (12).jpg,P114,1,-1.038537621498108,0.2614322602748871,0.26143078923391455
P114 (13).jpg,P114,1,-0.5605524182319641,0.3634196519851684,0.36341869968693624
P114 (14).jpg,P114,1,-0.5397197604179382,0.3682527542114258,0.3682518549939918
P114 (15).jpg,P114,1,-0.6134818196296692,0.3512653708457947,0.3512643325772293
P114 (16).jpg,P114,1,-0.2078921496868133,0.4482133090496063,0.44821296600805965
P114 (17).jpg,P114,1,-0.7751586437225342,0.3153642416000366,0.31536301894758295
P114 (18).jpg,P114,1,-0.2986811995506286,0.4258799254894256,0.4258793711172259
P114 (19).jpg,P114,1,-0.4947990179061889,0.3787636756896972,0.3787628415205292
P114 (2).jpg,P114,1,-0.7393541932106018,0.3231453895568847,0.3231441944761522
P114 (20).jpg,P114,1,-0.3199219107627868,0.4206947684288025,0.42069420729535467
P114 (21).jpg,P114,1,-0.4211284816265106,0.3962467312812805,0.3962460073210504
P114 (22).jpg,P114,1,-1.3027853965759275,0.2136966288089752,0.21369500760475318
P114 (23).jpg,P114,1,-0.6484361886978149,0.3433420360088348,0.34334095328655184
P114 (24).jpg,P114,1,-0.4254280626773834,0.3952186107635498,0.39521784928575504
P114 (25).jpg,P114,1,-0.9180106520652772,0.2853634059429168,0.2853620384754425
P114 (26).jpg,P114,1,-0.7795450091362,0.3144179582595825,0.31441672333549125
P114 (27).jpg,P114,1,-0.3742750883102417,0.4075084030628204,0.40750775231062647
P114 (28).jpg,P114,1,-0.5547291040420532,0.3647679090499878,0.36476697593567464
P114 (29).jpg,P114,1,-0.2992181181907654,0.4257485866546631,0.42574809548219306
P114 (3).jpg,P114,1,-1.2128517627716064,0.2291968464851379,0.22919528248493098
P114 (30).jpg,P114,1,-0.3275331258773803,0.418841004371643,0.4188403879084318
P114 (31).jpg,P114,1,0.1255547702312469,0.5313475728034973,0.5313477523953277
P114 (32).jpg,P114,1,-0.3280623257160187,0.418712168931961,0.41871157831698225
P114 (33).jpg,P114,1,-0.089988112449646,0.4775181412696838,0.4775179764848062
P114 (34).jpg,P114,1,-0.409984827041626,0.3989157676696777,0.3989150386180158
P114 (35).jpg,P114,1,-0.3082839548587799,0.4235336780548095,0.42353310936569183
P114 (36).jpg,P114,1,0.0200048945844173,0.5050010681152344,0.5050010935261459
P114 (37).jpg,P114,1,-0.8242650032043457,0.3048590719699859,0.3048577882026189
P114 (38).jpg,P114,1,-0.80474853515625,0.3090106844902038,0.3090094187782596
P114 (39).jpg,P114,1,0.9070501327514648,0.7123961448669434,0.7123975120913024
P114 (4).jpg,P114,1,-0.997212290763855,0.2694898843765259,0.26948843191115684
P114 (40).jpg,P114,1,0.6706610918045044,0.6616511940956116,0.6616522736496357
P114 (41).jpg,P114,1,0.2568393349647522,0.5638591647148132,0.5638596352863251
P114 (42).jpg,P114,1,-1.0220187902450562,0.264634370803833,0.26463289311761906
P114 (43).jpg,P114,1,-1.0263103246688845,0.2638000547885895,0.26379858842433807
P114 (44).jpg,P114,1,-0.8945435285568237,0.2901730835437774,0.2901717424767176
P114 (45).jpg,P114,1,-1.032231092453003,0.2626518011093139,0.2626503234437024
P114 (46).jpg,P114,1,-0.7378602623939514,0.3234722316265106,0.32347103873922545
P114 (47).jpg,P114,1,-0.5880398154258728,0.3570847511291504,0.357083748214104
P114 (48).jpg,P114,1,-0.8039629459381104,0.3091784715652466,0.3091771862221751
P114 (49).jpg,P114,1,-0.8983430862426758,0.2893911004066467,0.289389758240446
P114 (5).jpg,P114,1,-0.6950799226760864,0.3329039514064789,0.33290284182907304
P114 (50).jpg,P114,1,0.1493616998195648,0.5372711420059204,0.537271433004471
P114 (51).jpg,P114,1,0.3883239030838012,0.5958791375160217,0.5958798336263027
P114 (52).jpg,P114,1,0.4521234631538391,0.611143946647644,0.6111447752949225
P114 (53).jpg,P114,1,0.5291495323181152,0.629284679889679,0.629285637060835
P114 (54).jpg,P114,1,0.5312665104866028,0.6297785043716431,0.6297793650916607
P114 (55).jpg,P114,1,-0.4746438264846802,0.3835176825523376,0.383516880017054
P114 (56).jpg,P114,1,-0.2688812613487243,0.4331817626953125,0.43318128031080055
P114 (57).jpg,P114,1,-0.1512113362550735,0.4622690677642822,0.46226875578586735
P114 (58).jpg,P114,1,0.0423418991267681,0.5105838775634766,0.5105839711349585
P114 (59).jpg,P114,1,1.0889770984649658,0.7481890320777893,0.7481905577977449
P114 (6).jpg,P114,1,-0.5758225321769714,0.3598943650722503,0.3598934218200885
P114 (60).jpg,P114,1,0.9707945585250854,0.725277841091156,0.7252792599468968
P114 (61).jpg,P114,1,1.0281840562820437,0.7365636825561523,0.7365651484966429
P114 (62).jpg,P114,1,0.7226872444152832,0.6731985211372375,0.6731996575477756
P114 (63).jpg,P114,1,1.0313140153884888,0.7371705770492554,0.7371720307486913
P114 (64).jpg,P114,1,0.6620703339576721,0.6597253084182739,0.6597263964416211
P114 (65).jpg,P114,1,1.0087944269180298,0.7327841520309448,0.7327855985770174
P114 (66).jpg,P114,1,0.7750030159950256,0.6846021413803101,0.6846033783847257
P114 (67).jpg,P114,1,0.5807526111602783,0.6412405967712402,0.6412415432589792
P114 (68).jpg,P114,1,0.859929084777832,0.7026458978652954,0.7026471551376038
P114 (69).jpg,P114,1,1.1452178955078125,0.7586363554000854,0.7586378997501905
P114 (7).jpg,P114,1,-0.5491937398910522,0.3660514652729034,0.36605055336830955
P114 (70).jpg,P114,1,0.9921728372573853,0.729516863822937,0.7295183200236746
P114 (71).jpg,P114,1,0.3520421087741852,0.5871126651763916,0.5871133228820227
P114 (72).jpg,P114,1,1.2119340896606443,0.7706409692764282,0.7706425554974868
P114 (73).jpg,P114,1,0.8738816380500793,0.7055527567863464,0.705554074721201
P114 (74).jpg,P114,1,0.5566408634185791,0.6356749534606934,0.6356758903251959
P114 (75).jpg,P114,1,1.0932719707489014,0.7489973902702332,0.7489988610260776
P114 (76).jpg,P114,1,0.9014254212379456,0.7112423181533813,0.7112436963020706
P114 (77).jpg,P114,1,0.234110027551651,0.5582616329193115,0.5582620749241456
P114 (78).jpg,P114,1,1.5641781091690063,0.8269520401954651,0.8269537082434796
P114 (79).jpg,P114,1,0.7268266677856445,0.6741085648536682,0.6741096913922572
P114 (8).jpg,P114,1,-0.9978156089782716,0.2693711221218109,0.26936967567122744
P114 (80).jpg,P114,1,0.7135400772094727,0.6711829304695129,0.6711840695870093
P114 (9).jpg,P114,1,-0.9643633365631104,0.2760054171085357,0.27600402046659406
P185 (1).jpg,P185,1,0.8981386423110962,0.7105668187141418,0.7105681971110136
P185 (10).jpg,P185,1,0.2175455838441848,0.554172933101654,0.5541733090265166
P185 (11).jpg,P185,1,0.2376729696989059,0.5591400861740112,0.5591405393184836
P185 (12).jpg,P185,1,-0.659996509552002,0.3407404124736786,0.34073930867921165
P185 (13).jpg,P185,1,0.0179675929248332,0.5044918060302734,0.5044918103195294
P185 (14).jpg,P185,1,-0.4294292330741882,0.3942626416683197,0.3942618817905067
P185 (15).jpg,P185,1,0.218941181898117,0.5545176863670349,0.5545180892171565
P185 (16).jpg,P185,1,-0.4630225002765655,0.3862690329551697,0.38626824342248733
P185 (17).jpg,P185,1,0.4079501628875732,0.6005962491035461,0.6005969821126734
P185 (18).jpg,P185,1,-0.7137815356254578,0.3287637829780578,0.3287626433151103
P185 (19).jpg,P185,1,-0.4997409880161285,0.3776015043258667,0.3776006784422243
P185 (2).jpg,P185,1,1.157554030418396,0.7608879804611206,0.7608895293791111
P185 (20).jpg,P185,1,-0.6677607297897339,0.338998407125473,0.33899733504336055
P185 (21).jpg,P185,1,-0.2755299806594848,0.431549996137619,0.43154950427386424
P185 (22).jpg,P185,1,-0.4634803533554077,0.3861605226993561,0.38615970730018606
P185 (23).jpg,P185,1,1.1176798343658447,0.7535580992698669,0.753559617702881
P185 (24).jpg,P185,1,1.83212685585022,0.862014889717102,0.8620164986595555
P185 (25).jpg,P185,1,1.4912835359573364,0.8162708282470703,0.8162724858294321
P185 (26).jpg,P185,1,1.2641685009002686,0.7797428965568542,0.779744449037715
P185 (27).jpg,P185,1,1.147387146949768,0.7590333223342896,0.759034883678955
P185 (28).jpg,P185,1,0.2007063180208206,0.5500088334083557,0.550009180753416
P185 (29).jpg,P185,1,0.4487240314483642,0.6103358268737793,0.6103366005973376
P185 (3).jpg,P185,1,0.8562571406364441,0.7018780708312988,0.7018793846099995
P185 (30).jpg,P185,1,1.390567660331726,0.800682783126831,0.8006844784143569
P185 (31).jpg,P185,1,0.9954793453216552,0.7301688194274902,0.7301702740432953
P185 (32).jpg,P185,1,0.5742607116699219,0.6397457122802734,0.6397467000462475
P185 (33).jpg,P185,1,0.8362038731575012,0.6976650953292847,0.6976663990819328
P185 (34).jpg,P185,1,0.9069869518280028,0.7123832106590271,0.7123845668540612
P185 (35).jpg,P185,1,0.1736683696508407,0.5433082580566406,0.5433086122907601
P185 (36).jpg,P185,1,1.3241568803787231,0.789872407913208,0.7898740829957114
P185 (37).jpg,P185,1,1.1818108558654783,0.7652732729911804,0.765274800613985
P185 (38).jpg,P185,1,2.0164458751678467,0.8825129866600037,0.8825145374331927
P185 (39).jpg,P185,1,1.2211588621139526,0.7722674012184143,0.7722689978672631
P185 (4).jpg,P185,1,0.4424585402011871,0.6088446974754333,0.6088454680191764
P185 (40).jpg,P185,1,1.699991226196289,0.8455336093902588,0.8455352167928805
P185 (41).jpg,P185,1,1.8235986232757568,0.8609973788261414,0.8609989733371443
P185 (42).jpg,P185,1,2.8032541275024414,0.9428514838218688,0.9428525252919076
P185 (43).jpg,P185,1,1.2014143466949463,0.7687762975692749,0.7687778580657774
P185 (44).jpg,P185,1,1.1591020822525024,0.7611694931983948,0.7611710650530521
P185 (45).jpg,P185,1,1.0383559465408323,0.7385326623916626,0.7385341303281585
P185 (46).jpg,P185,1,0.4580715894699096,0.6125565767288208,0.6125574010116717
P185 (47).jpg,P185,1,1.7179189920425415,0.84786057472229,0.8478622197807361
P185 (48).jpg,P185,1,1.253720760345459,0.7779433131217957,0.777944865818866
P185 (49).jpg,P185,1,0.4161165356636047,0.6025536060333252,0.6025543291199569
P185 (5).jpg,P185,1,1.4427239894866943,0.808876097202301,0.8088777576077055
P185 (50).jpg,P185,1,0.3014582395553589,0.5747989416122437,0.574799496999062
P185 (51).jpg,P185,1,-0.0141673637554049,0.4964582324028015,0.4964581923360009
P185 (52).jpg,P185,1,0.0702986419200897,0.5175674557685852,0.5175675550601038
P185 (53).jpg,P185,1,0.3258740603923797,0.5807551145553589,0.5807557165373097
P185 (54).jpg,P185,1,0.3723496198654175,0.5920265913009644,0.5920272665319944
P185 (55).jpg,P185,1,0.6380488872528076,0.654312252998352,0.6543133338936252
P185 (56).jpg,P185,1,0.1930503994226455,0.548113226890564,0.5481136175443239
P185 (57).jpg,P185,1,2.0442113876342773,0.88536137342453,0.8853629247426872
P185 (58).jpg,P185,1,0.6613873243331909,0.6595720052719116,0.6595730514859962
P185 (59).jpg,P185,1,0.9292856454849244,0.7169303297996521,0.7169317186119235
P185 (6).jpg,P185,1,1.6101840734481812,0.8334369659423828,0.8334385797869325
P185 (60).jpg,P185,1,0.6372741460800171,0.6541370153427124,0.6541380749771334
P185 (61).jpg,P185,1,1.2200208902359009,0.7720672488212585,0.772068799742051
P185 (62).jpg,P185,1,1.0386892557144165,0.7385969758033752,0.7385984881735239
P185 (63).jpg,P185,1,0.1846023499965667,0.546019971370697,0.5460203079915195
P185 (64).jpg,P185,1,0.4801594316959381,0.6177855134010315,0.6177863527606843
P185 (65).jpg,P185,1,0.5799472332000732,0.6410552263259888,0.6410562429667022
P185 (66).jpg,P185,1,0.8928002119064331,0.7094677090644836,0.7094690489877937
P185 (67).jpg,P185,1,0.5884373784065247,0.6430065631866455,0.6430075177676364
P185 (68).jpg,P185,1,0.0732125043869018,0.5182949304580688,0.5182950889805108
P185 (69).jpg,P185,1,0.3936082720756531,0.5971510410308838,0.5971517089248917
P185 (7).jpg,P185,1,1.5898631811141968,0.8305968642234802,0.8305984927910963
P185 (70).jpg,P185,1,0.926320493221283,0.7163282036781311,0.7163295774531376
P185 (71).jpg,P185,1,0.8146443963050842,0.6930983662605286,0.6930995834050037
P185 (72).jpg,P185,1,0.4787173867225647,0.6174449324607849,0.6174457876245092
P185 (73).jpg,P185,1,0.62812739610672,0.6520647406578064,0.6520657785675793
P185 (74).jpg,P185,1,1.2076520919799805,0.7698832750320435,0.7698848187119661
P185 (75).jpg,P185,1,0.5229141712188721,0.6278288960456848,0.6278298399134146
P185 (76).jpg,P185,1,0.8184307217597961,0.6939031481742859,0.6939043988588063
P185 (77).jpg,P185,1,-0.0025389725342392,0.4993652403354645,0.4993652525538589
P185 (78).jpg,P185,1,0.3298786580562591,0.5817298293113708,0.5817304406500203
P185 (79).jpg,P185,1,0.5392770767211914,0.6316442489624023,0.631645151236435
P185 (8).jpg,P185,1,0.2174305319786071,0.5541445016860962,0.5541448833227487
P185 (80).jpg,P185,1,1.0738619565963743,0.7453306913375854,0.7453321535438332
P185 (81).jpg,P185,1,1.703946232795715,0.846049427986145,0.8460510602278509
P185 (82).jpg,P185,1,1.1982022523880005,0.7682048678398132,0.7682063840441029
P185 (83).jpg,P185,1,1.2531601190567017,0.7778463959693909,0.7778480011117179
P185 (9).jpg,P185,1,0.9469919204711914,0.7205098271369934,0.7205112248553018
