image_id,patient_id,label,logit,prob,prob_calibrated
P055 (1).jpg,P055,0,-3.49826455116272,0.0293616484850645,0.0836575090166292
P055 (10).jpg,P055,0,-1.9263871908187864,0.1271509975194931,0.2111321239097449
P055 (2).jpg,P055,0,-2.659461975097656,0.0654082149267196,0.1394680528945786
P055 (3).jpg,P055,0,-4.079542636871338,0.0166338365525007,0.05779101467742288
P055 (4).jpg,P055,0,-1.8109759092330933,0.1405202150344848,0.22458475822281848
P055 (5).jpg,P055,0,-2.12309193611145,0.1068725883960723,0.18958509812221572
P055 (6).jpg,P055,0,-0.1658020615577697,0.4586442112922668,0.47166820350647365
P055 (7).jpg,P055,0,0.2674563229084015,0.566468358039856,0.5456239415006774
P055 (8).jpg,P055,0,-0.4891625046730041,0.3800908923149109,0.41709615554332896
P055 (9).jpg,P055,0,-1.1344164609909058,0.2433469742536544,0.31513616630939456
P115 (1).jpg,P115,0,1.632478952407837,0.8365089297294617,0.7534337583188703
P115 (10).jpg,P115,0,2.5126402378082275,0.9250231981277466,0.8480326704224467
P115 (11).jpg,P115,0,3.67043662071228,0.9751670360565186,0.9249417537536778
P115 (12).jpg,P115,0,3.4086506366729736,0.96797376871109,0.9115203560186231
P115 (13).jpg,P115,0,0.5613897442817688,0.6367740631103516,0.5948679431356808
P115 (14).jpg,P115,0,0.667927086353302,0.6610388159751892,0.612307869494369
P115 (15).jpg,P115,0,-0.0518322959542274,0.4870448410511017,0.4911344727559477
P115 (16).jpg,P115,0,4.05781364440918,0.9830069541931152,0.941394068057212
P115 (17).jpg,P115,0,2.371381998062134,0.9146188497543336,0.8351532245519097
P115 (18).jpg,P115,0,0.6798058748245239,0.6636953949928284,0.6142355717740935
P115 (19).jpg,P115,0,6.469455242156982,0.9984523057937622,0.9881870079618662
P115 (2).jpg,P115,0,2.0461864471435547,0.8855617046356201,0.8021975980694802
P115 (20).jpg,P115,0,3.061891555786133,0.9552931785583496,0.8904235079048852
P115 (21).jpg,P115,0,2.973194122314453,0.9513483047485352,0.884360157446758
P115 (22).jpg,P115,0,1.9945900440216064,0.8802279233932495,0.7965357953996441
P115 (23).jpg,P115,0,1.009904861450195,0.7330015301704407,0.6661936076369002
P115 (24).jpg,P115,0,2.6813395023345947,0.9359164834022522,0.8623188623513863
P115 (25).jpg,P115,0,2.131134271621704,0.8938927054405212,0.8112589381672212
P115 (26).jpg,P115,0,2.539203405380249,0.9268448948860168,0.8503602356455487
P115 (27).jpg,P115,0,2.697468042373657,0.9368770718574524,0.8636238595293239
P115 (28).jpg,P115,0,7.272431373596191,0.9993060827255248,0.9931463854477959
P115 (29).jpg,P115,0,2.25219464302063,0.9048396944999696,0.8236167060511853
P115 (3).jpg,P115,0,1.8304795026779173,0.861818790435791,0.777730711734408
P115 (30).jpg,P115,0,3.211829900741577,0.9612770080566406,0.900039939477227
P115 (31).jpg,P115,0,0.6902381181716919,0.666019856929779,0.6159255793319554
P115 (32).jpg,P115,0,6.463588714599609,0.9984433054924012,0.9881400573657049
P115 (33).jpg,P115,0,3.882796049118042,0.9798223376274108,0.9344271264891166
P115 (34).jpg,P115,0,2.0661160945892334,0.8875659704208374,0.8043525094956446
P115 (35).jpg,P115,0,3.412754774093628,0.9681007862091064,0.9117465803851459
P115 (36).jpg,P115,0,2.699730157852173,0.9370107054710388,0.8638060572668353
P115 (37).jpg,P115,0,4.911162853240967,0.9926899075508118,0.9664445019361989
P115 (38).jpg,P115,0,3.382611036300659,0.9671566486358644,0.9100727906516938
P115 (39).jpg,P115,0,3.0589444637298584,0.9551671147346495,0.8902266017683427
P115 (4).jpg,P115,0,1.746328592300415,0.8514891266822815,0.7676182603795648
P115 (40).jpg,P115,0,2.676442623138428,0.935622215270996,0.8619205731764663
P115 (41).jpg,P115,0,2.690185308456421,0.9364449977874756,0.8630358913069069
P115 (42).jpg,P115,0,3.045037269592285,0.9545677900314332,0.889293220187874
P115 (43).jpg,P115,0,2.2736856937408447,0.9066741466522216,0.8257427893028659
P115 (44).jpg,P115,0,2.933322668075561,0.9494693279266356,0.8815407411456327
P115 (45).jpg,P115,0,1.9852283000946045,0.8792374134063721,0.7954956741977752
P115 (5).jpg,P115,0,2.429380416870117,0.9190404415130616,0.8405443307567989
P115 (6).jpg,P115,0,-0.1064598336815834,0.4734101295471191,0.4817969801487225
P115 (7).jpg,P115,0,0.2875191569328308,0.5713886618614197,0.5490251404310168
P115 (8).jpg,P115,0,1.159864902496338,0.7613081932067871,0.688609823662707
P115 (9).jpg,P115,0,3.029481887817383,0.9538884162902832,0.8882409951633276
P167 (1).jpg,P167,0,1.2977259159088137,0.7854520082473755,0.7084686741414001
P167 (10).jpg,P167,0,0.0759299173951149,0.5189734101295471,0.512985685907401
P167 (11).jpg,P167,0,0.92450749874115,0.7159596681594849,0.653075761466903
P167 (12).jpg,P167,0,0.7625224590301514,0.6819011569023132,0.6275568315449557
P167 (13).jpg,P167,0,0.6034547090530396,0.6464462876319885,0.6017851886765078
P167 (14).jpg,P167,0,2.186683177947998,0.8990472555160522,0.8170100465624153
P167 (15).jpg,P167,0,0.6108580231666565,0.6481364965438843,0.6029984934767245
P167 (16).jpg,P167,0,1.995818853378296,0.8803574442863464,0.7966720274083333
P167 (17).jpg,P167,0,4.355968475341797,0.98733252286911,0.951687018281173
P167 (18).jpg,P167,0,-1.5701169967651367,0.1721996963024139,0.2545786589747122
P167 (19).jpg,P167,0,-1.6506085395812988,0.161026731133461,0.24426899585804177
P167 (2).jpg,P167,0,-0.6159979104995728,0.3506922125816345,0.3961598907302904
P167 (3).jpg,P167,0,1.6964123249053955,0.8450655937194824,0.7614701122186336
P167 (4).jpg,P167,0,0.5147448182106018,0.6259180903434753,0.5871533822542614
P167 (5).jpg,P167,0,-0.7890171408653259,0.3123797476291656,0.36821583580213146
P167 (6).jpg,P167,0,-0.5580356121063232,0.3640020787715912,0.4056852813024304
P167 (7).jpg,P167,0,0.1842156052589416,0.5459241271018982,0.5314703505726428
P167 (8).jpg,P167,0,0.0323022156953811,0.5080748200416565,0.5055254070055963
P167 (9).jpg,P167,0,-0.5695648193359375,0.361337274312973,0.4037846864098944
P123 (1).jpg,P123,0,-5.299081325531006,0.0049713440239429,0.025935793947825674
P123 (10).jpg,P123,0,-3.4605603218078613,0.0304554849863052,0.08565657973781077
P123 (11).jpg,P123,0,-3.5596163272857666,0.0276627410203218,0.08049514474630662
P123 (12).jpg,P123,0,-3.4296720027923584,0.0313808992505073,0.08732643033699987
P123 (13).jpg,P123,0,-5.653192520141602,0.0034940536133944,0.020469229367799595
P123 (14).jpg,P123,0,-5.4018988609313965,0.0044877817854285,0.024216529713218415
P123 (15).jpg,P123,0,-5.619134902954102,0.0036146650090813,0.020941731827192604
P123 (16).jpg,P123,0,-5.705031871795654,0.0033181249164044,0.019770000921674236
P123 (17).jpg,P123,0,-5.327755451202393,0.0048314980231225,0.025444713804173954
P123 (18).jpg,P123,0,-5.027136325836182,0.0065148407593369,0.03107519632131585
P123 (19).jpg,P123,0,-5.148148059844971,0.0057765915989875,0.028676590750497197
P123 (2).jpg,P123,0,-6.407388210296631,0.0016466107917949,0.012319168305352356
P123 (20).jpg,P123,0,-5.389564037322998,0.0045432271435856,0.024416770628484567
P123 (21).jpg,P123,0,-4.892358303070068,0.0074478187598288,0.0339752778389102
P123 (22).jpg,P123,0,-4.798898696899414,0.0081714922562241,0.03613785624113351
P123 (23).jpg,P123,0,-3.8641517162323,0.0205495674163103,0.06635889388550455
P123 (24).jpg,P123,0,-3.892701148986816,0.0199827421456575,0.06515881695805764
P123 (25).jpg,P123,0,-3.5182721614837646,0.0287967808544635,0.0826140088530989
P123 (26).jpg,P123,0,-4.356464862823486,0.0126612763851881,0.048297367444212515
P123 (27).jpg,P123,0,-1.9822514057159424,0.1210790425539016,0.20483589540552652
P123 (28).jpg,P123,0,-2.3863332271575928,0.0842208117246627,0.1634431770875728
P123 (29).jpg,P123,0,-5.815657138824463,0.0029716638382524,0.018355211325700956
P123 (3).jpg,P123,0,-5.515437602996826,0.0040080370381474,0.022447050799262486
P123 (30).jpg,P123,0,-3.2638041973114014,0.0368340089917182,0.09680573569237427
P123 (31).jpg,P123,0,-6.145068645477295,0.0021394416689872,0.01470558518438574
P123 (32).jpg,P123,0,-5.291214466094971,0.0050104102119803,0.02607212875746099
P123 (33).jpg,P123,0,-4.084605693817139,0.0165512207895517,0.05760266505441563
P123 (34).jpg,P123,0,-4.301629066467285,0.0133654167875647,0.050051532026840574
P123 (35).jpg,P123,0,-4.5164995193481445,0.0108090946450829,0.04350590332666245
P123 (36).jpg,P123,0,-5.096675395965576,0.0060798586346209,0.029674065137718673
P123 (37).jpg,P123,0,-5.266349792480469,0.005135906394571,0.026507641729945443
P123 (38).jpg,P123,0,-4.563580513000488,0.0103171141818165,0.04218488587180078
P123 (39).jpg,P123,0,-5.012794017791748,0.0066083301790058,0.031372043072018685
P123 (4).jpg,P123,0,-5.722925662994385,0.0032594706863164,0.01953411870316178
P123 (40).jpg,P123,0,-3.5377984046936035,0.0282556749880313,0.08160704805689122
P123 (41).jpg,P123,0,-4.680793762207031,0.0091864774003624,0.03906067827607724
P123 (42).jpg,P123,0,-4.2640461921691895,0.0138701880350708,0.0512884680990328
P123 (43).jpg,P123,0,-5.090337753295898,0.0061182766221463,0.029799182637746294
P123 (44).jpg,P123,0,-4.495998859405518,0.0110305054113268,0.044093380109083646
P123 (45).jpg,P123,0,-4.662440776824951,0.0093550411984324,0.039534775638397836
P123 (46).jpg,P123,0,-3.585088014602661,0.0269857980310916,0.07921453627790118
P123 (47).jpg,P123,0,-1.644473671913147,0.1618572473526001,0.24504473595706114
P123 (48).jpg,P123,0,-3.5929644107818604,0.0267797503620386,0.07882232894198374
P123 (49).jpg,P123,0,-4.240690231323242,0.0141932992264628,0.05207167675223197
P123 (5).jpg,P123,0,-3.455991506576538,0.0305906813591718,0.08590173761756213
P123 (50).jpg,P123,0,-3.167832612991333,0.0403943434357643,0.10270133573958348
P123 (51).jpg,P123,0,-3.34073543548584,0.0341998599469661,0.09229989917486144
P123 (52).jpg,P123,0,-4.267673969268799,0.0138206556439399,0.05116782000865508
P123 (53).jpg,P123,0,-3.949767827987671,0.0188952665776014,0.06282031984207428
P123 (54).jpg,P123,0,-4.705807685852051,0.008961571380496,0.03842329029539602
P123 (55).jpg,P123,0,-4.670401573181152,0.0092815523967146,0.039328457189876084
P123 (6).jpg,P123,0,-3.644867181777954,0.0254597458988428,0.07628194172440234
P123 (7).jpg,P123,0,-3.3428051471710205,0.0341315604746341,0.09218131893026045
P123 (8).jpg,P123,0,-2.2369308471679688,0.0964827612042427,0.17790566729471347
P123 (9).jpg,P123,0,-2.354349374771118,0.0867206826806068,0.16645754177558544
P124 (1).jpg,P124,0,-1.9951204061508176,0.1197161972522735,0.20340539764262527
P124 (10).jpg,P124,0,-2.5328876972198486,0.0735845491290092,0.15019049471598367
P124 (11).jpg,P124,0,-4.075976848602295,0.0166922640055418,0.05792401152758927
P124 (12).jpg,P124,0,-4.09729528427124,0.0163459312170743,0.057133132056170134
P124 (13).jpg,P124,0,-3.759796142578125,0.0227584782987833,0.07092214184288047
P124 (14).jpg,P124,0,-4.731836795806885,0.0087333302944898,0.0377706401950625
P124 (15).jpg,P124,0,-3.8428473472595215,0.020982775837183,0.0672677679382462
P124 (16).jpg,P124,0,-4.264308452606201,0.013866601511836,0.051279737152063555
P124 (17).jpg,P124,0,-3.3604109287261963,0.0335558950901031,0.09117815165733716
P124 (18).jpg,P124,0,-3.812146425247192,0.0216228105127811,0.06859783909359037
P124 (19).jpg,P124,0,-2.245448350906372,0.0957427993416786,0.17705488647120712
P124 (2).jpg,P124,0,-1.0160443782806396,0.2657986283302307,0.33287284749674656
P124 (20).jpg,P124,0,-3.057621955871582,0.0448895506560802,0.10986186067416966
P124 (3).jpg,P124,0,-1.6123220920562744,0.1662664711475372,0.2491373773541182
P124 (4).jpg,P124,0,-1.0743036270141602,0.2545855045318603,0.32408018125158683
P124 (5).jpg,P124,0,-2.7057886123657227,0.0626326501369476,0.13570698595261968
P124 (6).jpg,P124,0,-1.6524970531463623,0.1607717424631118,0.244030532433807
P124 (7).jpg,P124,0,-1.7744765281677246,0.1449865102767944,0.2289638551510611
P124 (8).jpg,P124,0,-1.690601110458374,0.1556967943906784,0.2392528629619299
P124 (9).jpg,P124,0,-2.604655504226685,0.0688394010066986,0.14402992860217761
P164 (1).jpg,P164,0,-2.3742263317108154,0.0851593017578125,0.164579010660821
P164 (10).jpg,P164,0,-1.2728064060211182,0.2187772095203399,0.2950655243701831
P164 (11).jpg,P164,0,-1.5060473680496216,0.1815253049135208,0.26298705715655185
P164 (12).jpg,P164,0,-4.435428142547607,0.0117112128064036,0.04587363582219974
P164 (13).jpg,P164,0,-3.021536350250244,0.0464623644948005,0.11229983740390145
P164 (14).jpg,P164,0,-2.4549877643585205,0.0790745615959167,0.15712124338997033
P164 (15).jpg,P164,0,-2.1108715534210205,0.108044646680355,0.19087314668025482
P164 (16).jpg,P164,0,-2.488233804702759,0.0766871646046638,0.15413203169352532
P164 (17).jpg,P164,0,-3.3770086765289307,0.0330217778682708,0.09024142699504967
P164 (18).jpg,P164,0,-2.762543201446533,0.0593821518123149,0.1312162332415846
P164 (19).jpg,P164,0,-4.07234525680542,0.0167519748210906,0.05805975793340775
P164 (2).jpg,P164,0,-1.3589648008346558,0.204408586025238,0.28295299918481276
P164 (20).jpg,P164,0,-4.896666049957275,0.0074160420335829,0.033878669502395084
P164 (21).jpg,P164,0,-4.172544479370117,0.0151790389791131,0.05442191507361243
P164 (22).jpg,P164,0,-3.8133504390716553,0.0215973556041717,0.06854522108172094
P164 (23).jpg,P164,0,-3.319148063659668,0.0349201075732708,0.09354489632055459
P164 (24).jpg,P164,0,-3.964529275894165,0.018623549491167,0.0622282888619211
P164 (25).jpg,P164,0,-2.2100532054901123,0.0988513305783271,0.18061137040883543
P164 (26).jpg,P164,0,-4.431298732757568,0.011759104207158,0.04599746528922206
P164 (27).jpg,P164,0,-3.8043041229248047,0.0217893421649932,0.06894148119480535
P164 (28).jpg,P164,0,-3.0583558082580566,0.0448580980300903,0.10981276563360455
P164 (29).jpg,P164,0,-2.3852314949035645,0.0843058228492736,0.16354627695751517
P164 (3).jpg,P164,0,-2.4650375843048096,0.0783458054065704,0.1562127046640445
P164 (30).jpg,P164,0,-2.4233767986297607,0.0814073830842971,0.16000702339655506
P164 (31).jpg,P164,0,-2.016619682312012,0.1174689754843711,0.2010321953992558
P164 (32).jpg,P164,0,-2.2477927207946777,0.0955400317907333,0.17682127748890436
P164 (33).jpg,P164,0,-4.296706676483154,0.0134304836392402,0.05021191613095949
P164 (34).jpg,P164,0,-3.880639553070069,0.020220324397087,0.0656633438787362
P164 (35).jpg,P164,0,-3.6867754459381104,0.0244403593242168,0.07428577837179934
P164 (36).jpg,P164,0,-3.935025691986084,0.0191705059260129,0.06341681756482713
P164 (37).jpg,P164,0,-2.94209623336792,0.0501113981008529,0.117833794970716
P164 (38).jpg,P164,0,-2.9082539081573486,0.0517470464110374,0.12026225497229023
P164 (39).jpg,P164,0,-3.183213472366333,0.0398023389279842,0.10173553564798458
P164 (4).jpg,P164,0,-1.2617816925048828,0.2206673324108123,0.2966370230269503
P164 (40).jpg,P164,0,-2.752035856246948,0.059971772134304,0.13203800845242789
P164 (41).jpg,P164,0,-3.279921531677246,0.0362664610147476,0.0958457739578435
P164 (42).jpg,P164,0,-3.850046396255493,0.0208353977650403,0.06695936171421334
P164 (43).jpg,P164,0,-3.3961544036865234,0.0324158668518066,0.08917167676412956
P164 (44).jpg,P164,0,-3.730384111404419,0.0234218798577785,0.07225972351271438
P164 (45).jpg,P164,0,-4.693217754364014,0.0090740798041224,0.03874284050653717
P164 (46).jpg,P164,0,-3.955084562301636,0.0187969543039798,0.06260648082322491
P164 (47).jpg,P164,0,-3.8590710163116455,0.0206520780920982,0.06657460227903866
P164 (48).jpg,P164,0,-3.893010854721069,0.0199766773730516,0.06514590982205963
P164 (49).jpg,P164,0,-4.817308902740479,0.0080236252397298,0.03570163224232258
P164 (5).jpg,P164,0,-2.0532186031341557,0.1137275546789169,0.19704000845985453
P164 (50).jpg,P164,0,-3.711015462875366,0.0238690190017223,0.07315322275005054
P164 (51).jpg,P164,0,-2.830732822418213,0.0556858479976654,0.12598817424806003
P164 (52).jpg,P164,0,-2.846973657608032,0.0548379644751548,0.12476957942338236
P164 (53).jpg,P164,0,-3.25449013710022,0.0371658727526664,0.09736439476138392
P164 (54).jpg,P164,0,-5.360671520233154,0.0046757846139371,0.024892145091047414
P164 (55).jpg,P164,0,-4.904586315155029,0.0073579670861363,0.03370173577363732
P164 (56).jpg,P164,0,-3.9087634086608887,0.0196706000715494,0.0644925437432961
P164 (57).jpg,P164,0,-3.943691968917847,0.0190082304179668,0.06306552508838265
P164 (58).jpg,P164,0,-4.215816020965576,0.0145455738529562,0.05291821982846897
P164 (59).jpg,P164,0,-4.176792144775391,0.0151156708598136,0.05427254321692991
P164 (6).jpg,P164,0,-0.7069849967956543,0.3302653729915619,0.3813673109489055
P164 (60).jpg,P164,0,-3.0734670162200928,0.0442150793969631,0.10880608770231451
P164 (61).jpg,P164,0,-3.7521138191223145,0.0229299645870924,0.07126929076320353
P164 (62).jpg,P164,0,-3.307116270065308,0.0353278629481792,0.09424531805816683
P164 (63).jpg,P164,0,-2.377983808517456,0.0848670229315757,0.16422581840860032
P164 (64).jpg,P164,0,-3.988082647323608,0.0181979164481163,0.06129442174833588
P164 (65).jpg,P164,0,-3.244370937347412,0.0375296883285045,0.09797460448694532
P164 (66).jpg,P164,0,-1.300520658493042,0.2140774130821228,0.29113651953960246
P164 (67).jpg,P164,0,-4.048325061798096,0.0171522460877895,0.05896515883654114
P164 (68).jpg,P164,0,-0.3456714451313019,0.4144324660301208,0.4411434122052352
P164 (69).jpg,P164,0,-0.4295592606067657,0.3942315876483917,0.4270438654359639
P164 (7).jpg,P164,0,-1.2390589714050293,0.2245998382568359,0.2998912017697419
P164 (70).jpg,P164,0,-0.0308568254113197,0.4922864139080047,0.4947218132609441
P164 (71).jpg,P164,0,0.4932926595211029,0.6208817362785339,0.583590765856333
P164 (72).jpg,P164,0,1.1909831762313845,0.7669168710708618,0.6931570470709622
P164 (8).jpg,P164,0,-0.0555597320199012,0.4861136078834533,0.49049707103862306
P164 (9).jpg,P164,0,-1.8856861591339111,0.1317371129989624,0.21580789537194894
P052 (1).jpg,P052,0,-4.749078750610352,0.0085853226482868,0.037344196004957
P052 (10).jpg,P052,0,-4.810606956481934,0.0080771436914801,0.03585984262509888
P052 (11).jpg,P052,0,-4.794835567474365,0.0082044880837202,0.03623481962223168
P052 (12).jpg,P052,0,-4.041282653808594,0.0172713734209537,0.059233109662840545
P052 (13).jpg,P052,0,-5.331814765930176,0.0048120198771357,0.02537592875341656
P052 (14).jpg,P052,0,-4.421508312225342,0.0118734221905469,0.046292325140131804
P052 (15).jpg,P052,0,-4.888981342315674,0.0074728247709572,0.03405119756292099
P052 (16).jpg,P052,0,-3.646284341812134,0.0254246108233928,0.07621364320873407
P052 (17).jpg,P052,0,-2.897838830947876,0.0522604994475841,0.12101826876985763
P052 (18).jpg,P052,0,-4.416687965393066,0.0119301099330186,0.04643816028164098
P052 (19).jpg,P052,0,-5.214810371398926,0.005406079813838,0.027433021657916598
P052 (2).jpg,P052,0,-3.319621324539185,0.0349041633307933,0.09351744144539528
P052 (20).jpg,P052,0,-6.645764827728272,0.0012978275772184,0.010484573073057345
P052 (21).jpg,P052,0,-3.20483922958374,0.0389840193092823,0.10039122978548763
P052 (22).jpg,P052,0,-5.243393898010254,0.0052545424550771,0.026915999248049084
P052 (23).jpg,P052,0,-6.294214248657227,0.0018435550155118,0.01329786392077202
P052 (24).jpg,P052,0,-4.79780387878418,0.0081803696230053,0.03616395860471203
P052 (25).jpg,P052,0,-5.345555782318115,0.0047466615214943,0.02514442893400434
P052 (26).jpg,P052,0,-3.352681398391724,0.0338074676692485,0.09161736074446894
P052 (27).jpg,P052,0,-0.6833723783493042,0.3355090618133545,0.38518634793470796
P052 (3).jpg,P052,0,-4.396020412445068,0.0121762081980705,0.04706840592556555
P052 (4).jpg,P052,0,-4.866272449493408,0.0076431548222899,0.034565998178744194
P052 (5).jpg,P052,0,-3.423292398452759,0.03157539665699,0.08767496574992631
P052 (6).jpg,P052,0,-4.799801349639893,0.0081641795113682,0.036116349073171294
P052 (7).jpg,P052,0,-4.670018672943115,0.0092850737273693,0.039338357060569304
P052 (8).jpg,P052,0,-4.399986743927002,0.0121285934001207,0.046946827624091886
P052 (9).jpg,P052,0,-4.865303993225098,0.0076505029574036,0.034588118696665664
P049 (1).jpg,P049,0,-0.2010964453220367,0.4498946070671081,0.4656545216968821
P049 (10).jpg,P049,0,-4.440342426300049,0.0116544710472226,0.045726683708108944
P049 (11).jpg,P049,0,-4.703761577606201,0.0089797619730234,0.03847505066826321
P049 (12).jpg,P049,0,-3.2188050746917725,0.0384641550481319,0.09953148856776523
P049 (13).jpg,P049,0,-4.131558895111084,0.0158040486276149,0.05588323132548632
P049 (14).jpg,P049,0,-3.862304449081421,0.0205867812037467,0.06643724704113409
P049 (15).jpg,P049,0,0.5980545282363892,0.6452111005783081,0.6008993804443128
P049 (16).jpg,P049,0,-1.3213967084884644,0.2105860114097595,0.28819740768334645
P049 (17).jpg,P049,0,0.44621542096138,0.6097390651702881,0.5757423374473202
P049 (18).jpg,P049,0,-0.4405611753463745,0.391607254743576,0.42520296091382015
P049 (19).jpg,P049,0,0.5274989604949951,0.6288995742797852,0.5892672034253839
P049 (2).jpg,P049,0,-2.863243103027344,0.0540007911622524,0.12355898492984743
P049 (20).jpg,P049,0,-4.29597282409668,0.0134402103722095,0.05023586858101178
P049 (21).jpg,P049,0,-6.356121063232422,0.0017330789705738,0.01275337391740049
P049 (22).jpg,P049,0,-4.742032051086426,0.0086455103009939,0.03751791950869989
P049 (23).jpg,P049,0,-6.708845138549805,0.0012185855302959,0.010046112715128149
P049 (24).jpg,P049,0,-3.68638014793396,0.0244497880339622,0.07430438068173024
P049 (25).jpg,P049,0,-7.19844388961792,0.0007471897406503,0.00720694887273404
P049 (26).jpg,P049,0,-5.903770923614502,0.0027217061724513,0.017299834319191538
P049 (3).jpg,P049,0,-3.4021811485290527,0.0322273671627044,0.08883731227775901
P049 (4).jpg,P049,0,-3.7769033908844,0.0223810914903879,0.07015470437997788
P049 (5).jpg,P049,0,-1.8714995384216309,0.1333682984113693,0.2174552029575658
P049 (6).jpg,P049,0,-2.3239572048187256,0.0891581773757934,0.16936296657767386
P049 (7).jpg,P049,0,-5.044442653656006,0.0064037791453301,0.030720620959569605
P049 (8).jpg,P049,0,-5.175928592681885,0.0056192129850387,0.028151837650910245
P049 (9).jpg,P049,0,-4.9111504554748535,0.0073101795278489,0.0335557731668471
P014 (1).jpg,P014,0,-1.079998016357422,0.2535063922405243,0.3232272651513993
P014 (10).jpg,P014,0,-0.95684814453125,0.2775096893310547,0.3419276886211979
P014 (11).jpg,P014,0,-2.499741315841675,0.0758763179183006,0.15310825990410232
P014 (12).jpg,P014,0,-3.312455892562866,0.035146340727806,0.09393389789525013
P014 (13).jpg,P014,0,-3.055448293685913,0.044982835650444,0.1100073925198763
P014 (14).jpg,P014,0,-3.9351086616516113,0.0191689450293779,0.06341344570892368
P014 (15).jpg,P014,0,-2.373473882675171,0.0852179303765297,0.16464981201246748
P014 (16).jpg,P014,0,-1.4887447357177734,0.1841102093458175,0.26528821588005214
P014 (17).jpg,P014,0,-2.545439481735229,0.0727334544062614,0.14909761171041142
P014 (18).jpg,P014,0,-3.5407650470733643,0.0281743332743644,0.08145504154184706
P014 (19).jpg,P014,0,-2.715920925140381,0.0620404109358787,0.13489586763442749
P014 (2).jpg,P014,0,-1.757478952407837,0.1471063643693924,0.23102355790798015
P014 (20).jpg,P014,0,-3.015209674835205,0.0467434599995613,0.11273211172945496
P014 (21).jpg,P014,0,-2.583894968032837,0.070182129740715,0.1457900953974754
P014 (22).jpg,P014,0,-0.5296164751052856,0.3706063628196716,0.41038216464879756
P014 (23).jpg,P014,0,-3.5590224266052246,0.0276787206530571,0.08052522775050068
P014 (24).jpg,P014,0,-2.975546598434448,0.0485429018735885,0.11547532857235086
P014 (25).jpg,P014,0,-0.2316323816776275,0.4423494040966034,0.46045959402105474
P014 (26).jpg,P014,0,-1.2384051084518433,0.2247137129306793,0.29998514478602933
P014 (27).jpg,P014,0,-0.8958339095115662,0.2899073660373688,0.3513826711306997
P014 (28).jpg,P014,0,-0.5946741700172424,0.3555631041526794,0.3996554466853533
P014 (29).jpg,P014,0,0.8141266107559204,0.6929881572723389,0.6357718920127099
P014 (3).jpg,P014,0,-2.6175684928894043,0.0680162608623504,0.14294405042207656
P014 (30).jpg,P014,0,-0.6576790809631348,0.3412611782550812,0.3893580199319702
P014 (31).jpg,P014,0,-0.6507086753845215,0.3428298532962799,0.3904925914510948
P014 (32).jpg,P014,0,-0.5040892362594604,0.3765801787376404,0.4146151021416245
P014 (4).jpg,P014,0,-1.080396056175232,0.2534310817718506,0.32316768987289035
P014 (5).jpg,P014,0,-2.65474271774292,0.0656972900032997,0.13985605184531927
P014 (6).jpg,P014,0,-2.5967767238616943,0.0693461522459983,0.14469583490153964
P014 (7).jpg,P014,0,-1.7167340517044067,0.1522923111915588,0.23601346957915637
P014 (8).jpg,P014,0,-4.942201137542725,0.0070882649160921,0.032873550873391826
P014 (9).jpg,P014,0,-4.3850417137146,0.0123089691624045,0.04740649400343588
P044 (1).jpg,P044,0,3.183241605758667,0.960198700428009,0.89826622351185
P044 (10).jpg,P044,0,2.3108081817626958,0.9097682237625122,0.8293675595168717
P044 (11).jpg,P044,0,3.120323657989502,0.9577233791351318,0.894264039267064
P044 (12).jpg,P044,0,3.0186522006988525,0.953409731388092,0.8875032810079451
P044 (13).jpg,P044,0,3.399909734725952,0.9677016735076904,0.9110368024979679
P044 (14).jpg,P044,0,1.5319256782531738,0.822287917137146,0.7404305717681273
P044 (15).jpg,P044,0,0.6815451383590698,0.6640834808349609,0.6145175224089767
P044 (16).jpg,P044,0,1.4626160860061646,0.8119325041770935,0.7312125242987559
P044 (17).jpg,P044,0,1.9485924243927,0.8752931356430054,0.7913873699599735
P044 (18).jpg,P044,0,3.4110958576202397,0.9680495262145996,0.9116552021394708
P044 (19).jpg,P044,0,2.573126554489136,0.9291119575500488,0.8532899064549253
P044 (2).jpg,P044,0,2.934764862060547,0.9495384097099304,0.8816437515736809
P044 (20).jpg,P044,0,2.55179500579834,0.9276940226554872,0.851453257537185
P044 (21).jpg,P044,0,3.123499631881714,0.957851767539978,0.8944693458754182
P044 (22).jpg,P044,0,2.5282485485076904,0.9260985255241394,0.8494039088738551
P044 (23).jpg,P044,0,2.71472716331482,0.9378900527954102,0.8650087816703339
P044 (24).jpg,P044,0,2.09238076210022,0.8901603817939758,0.8071651981256434
P044 (25).jpg,P044,0,3.860381603240967,0.9793744087219238,0.9334811028085905
P044 (26).jpg,P044,0,2.528158903121948,0.9260923862457277,0.849396062394524
P044 (27).jpg,P044,0,2.32223916053772,0.9107021689414978,0.8304715926635672
P044 (28).jpg,P044,0,2.313786745071411,0.9100123643875122,0.8296557857677673
P044 (29).jpg,P044,0,1.4722952842712402,0.8134059906005859,0.7325122016673015
P044 (3).jpg,P044,0,3.5387065410614014,0.9717692732810974,0.9184395109815499
P044 (30).jpg,P044,0,2.5214459896087646,0.9256316423416138,0.8488075385900719
P044 (4).jpg,P044,0,1.6760540008544922,0.8423812985420227,0.7589307480701197
P044 (5).jpg,P044,0,1.6723628044128418,0.8418905735015869,0.7584683621099712
P044 (6).jpg,P044,0,0.163407027721405,0.5407610535621643,0.5279233974636589
P044 (7).jpg,P044,0,-0.0413423180580139,0.4896658658981323,0.49292843552894083
P044 (8).jpg,P044,0,2.7485239505767822,0.93982994556427,0.8676863554354393
P044 (9).jpg,P044,0,1.3697971105575562,0.797347366809845,0.7185483874248992
P038 (1).jpg,P038,0,-3.0123417377471924,0.0468714199960231,0.11292854348195776
P038 (10).jpg,P038,0,-3.397746324539185,0.032365970313549,0.08908324664329541
P038 (11).jpg,P038,0,-3.480323553085327,0.0298772994428873,0.0846033951976026
P038 (12).jpg,P038,0,-3.481705665588379,0.02983726747334,0.08453018366304094
P038 (13).jpg,P038,0,-2.873455762863159,0.0534814484417438,0.12280423543537726
P038 (14).jpg,P038,0,-2.7580671310424805,0.0596326626837253,0.13156577274850606
P038 (15).jpg,P038,0,-3.2048580646514893,0.0389833152294158,0.10039006586305833
P038 (16).jpg,P038,0,-3.923895120620728,0.0193809177726507,0.06387067789757792
P038 (17).jpg,P038,0,-3.123109579086304,0.0421640090644359,0.10555584961644494
P038 (18).jpg,P038,0,-2.7385618686676025,0.0607358925044536,0.13309818494925676
P038 (19).jpg,P038,0,-5.523024082183838,0.0039778659120202,0.022333425971304666
P038 (2).jpg,P038,0,-3.631202459335327,0.0258009992539882,0.07694338473031104
P038 (20).jpg,P038,0,-3.887278318405152,0.020089216530323,0.0653852018771375
P038 (21).jpg,P038,0,-4.3752970695495605,0.0124280033633112,0.04770851145141656
P038 (22).jpg,P038,0,-4.9556427001953125,0.0069942874833941,0.03258239579930005
P038 (23).jpg,P038,0,-4.728064060211182,0.0087660513818264,0.03786457298730375
P038 (24).jpg,P038,0,-5.149929046630859,0.0057663721963763,0.028642666342554676
P038 (25).jpg,P038,0,-5.323153972625732,0.0048536732792854,0.025522905406893514
P038 (26).jpg,P038,0,-5.773982524871826,0.0030977318529039,0.018876131560119008
P038 (27).jpg,P038,0,-5.471098899841309,0.0041889855638146,0.023122506026007177
P038 (28).jpg,P038,0,-6.40116548538208,0.0016568719875067,0.012371083002999678
P038 (29).jpg,P038,0,-5.513807773590088,0.0040145483799278,0.02247153481603578
P038 (3).jpg,P038,0,-2.352463960647583,0.0868701189756393,0.16663661656398368
P038 (30).jpg,P038,0,-6.202180862426758,0.0020209171343594,0.014149970587890803
P038 (31).jpg,P038,0,-6.288236141204834,0.0018545883940532,0.013351642109179792
P038 (32).jpg,P038,0,-6.19128942489624,0.0020430029835551,0.014254306671465489
P038 (33).jpg,P038,0,-6.483950614929199,0.0015254325699061,0.011697769683197277
P038 (34).jpg,P038,0,-6.144509315490723,0.0021406360901892,0.014711131527481932
P038 (35).jpg,P038,0,-6.425020217895508,0.0016178786754608,0.012173234326646694
P038 (36).jpg,P038,0,-6.19690465927124,0.0020315863657742,0.01420042039242349
P038 (37).jpg,P038,0,-6.750453948974609,0.0011689801467582,0.009766882246718789
P038 (38).jpg,P038,0,-6.252103328704834,0.0019226941512897,0.013681284514855323
P038 (39).jpg,P038,0,-6.267320156097412,0.0018937132554128,0.013541493109710045
P038 (4).jpg,P038,0,-2.61025071144104,0.0684816092252731,0.1435585768351605
P038 (40).jpg,P038,0,-6.240654468536377,0.0019447902450338,0.01378739822556611
P038 (41).jpg,P038,0,-6.781760692596436,0.001132990932092,0.009561866347241318
P038 (42).jpg,P038,0,-5.950393199920654,0.0025980486534535,0.016765770374250668
P038 (43).jpg,P038,0,-5.289116382598877,0.0050208806060254,0.026108606772067125
P038 (44).jpg,P038,0,-6.0792741775512695,0.0022846066858619,0.015372339525484778
P038 (45).jpg,P038,0,-5.140629291534424,0.0058199344202876,0.028820239253016904
P038 (46).jpg,P038,0,-6.119651317596436,0.0021943966858088,0.014959716296769673
P038 (47).jpg,P038,0,-6.044214725494385,0.0023659314028918,0.015739693113387385
P038 (48).jpg,P038,0,-6.04730749130249,0.0023586426395922,0.015706942615706456
P038 (49).jpg,P038,0,-6.282775402069092,0.0018647245597094,0.013400953590905436
P038 (5).jpg,P038,0,-2.796493530273437,0.057513952255249,0.12859063186238687
P038 (50).jpg,P038,0,-6.494325160980225,0.0015097125433385,0.011615985943975912
P038 (51).jpg,P038,0,-6.596077919006348,0.001363851246424,0.01084322316742117
P038 (52).jpg,P038,0,-4.197978019714356,0.0148034924641251,0.053533282659405865
P038 (53).jpg,P038,0,-4.7666497230529785,0.00843704957515,0.03691437726935616
P038 (54).jpg,P038,0,-5.424373149871826,0.0043884846381843,0.023855796191482006
P038 (6).jpg,P038,0,-1.668418049812317,0.1586351990699768,0.24202645413231583
P038 (7).jpg,P038,0,-3.2383716106414795,0.0377469919621944,0.09833798457921776
P038 (8).jpg,P038,0,-3.652416944503784,0.0252730958163738,0.07591873526007308
P038 (9).jpg,P038,0,-3.797100305557251,0.0219434183090925,0.06925854946512555
P047 (1).jpg,P047,0,1.1919317245483398,0.767086386680603,0.6932950735561494
P047 (2).jpg,P047,0,4.704359531402588,0.9910255074501038,0.9615400826794723
P047 (3).jpg,P047,0,3.753442049026489,0.9770997762680054,0.9287908412732602
P047 (4).jpg,P047,0,2.25355076789856,0.9049563407897948,0.8237514662011496
P047 (5).jpg,P047,0,-1.2047572135925293,0.230630025267601,0.30484205203184117
P047 (6).jpg,P047,0,-0.7358530163764954,0.3239116370677948,0.3767181737103043
P047 (7).jpg,P047,0,-1.500260353088379,0.1823867112398147,0.26375526889329365
P047 (8).jpg,P047,0,-1.8626313209533687,0.1343966424465179,0.21848955618302068
P047 (9).jpg,P047,0,-3.6929657459259033,0.0242931991815567,0.0739950275925456
P096 (1).jpg,P096,0,-6.7291107177734375,0.0011941679986193,0.009909139974327841
P096 (10).jpg,P096,0,-5.805700778961182,0.0030013094656169,0.018478365645872293
P096 (11).jpg,P096,0,-6.124701499938965,0.0021833665668964,0.01490888088961009
P096 (12).jpg,P096,0,-5.919142246246338,0.0026803009677678,0.017121932425840175
P096 (13).jpg,P096,0,-5.481704235076904,0.0041449777781963,0.02295916064771884
P096 (14).jpg,P096,0,-3.5870018005371094,0.0269355904310941,0.07911907504693155
P096 (15).jpg,P096,0,-4.487139701843262,0.0111275678500533,0.04434958739233725
P096 (16).jpg,P096,0,-3.97851300239563,0.018369685858488,0.061672257988186485
P096 (17).jpg,P096,0,-3.455898761749268,0.0305934306234121,0.0859067207860764
P096 (18).jpg,P096,0,-2.8336243629455566,0.0555339939892292,0.1257704711486446
P096 (19).jpg,P096,0,-3.743207693099976,0.0231303498148918,0.07167370414058036
P096 (2).jpg,P096,0,-6.312009334564209,0.0018110977252945,0.013139043537465903
P096 (20).jpg,P096,0,-5.361657619476318,0.0046711973845958,0.024875772929528507
P096 (21).jpg,P096,0,-5.803686618804932,0.0030073423404246,0.01850337804207375
P096 (22).jpg,P096,0,-5.166465759277344,0.0056723360903561,0.028329527794855473
P096 (23).jpg,P096,0,-5.529533863067627,0.0039521567523479,0.022236375341863155
P096 (24).jpg,P096,0,-6.090487003326416,0.0022591904271394,0.015256642342650043
P096 (25).jpg,P096,0,-5.909763336181641,0.0027054890524595,0.017230265441068413
P096 (26).jpg,P096,0,-5.95690393447876,0.0025812317617237,0.016692490371385517
P096 (27).jpg,P096,0,-6.251906871795654,0.0019230713369324,0.013683098565799433
P096 (28).jpg,P096,0,-5.4965410232543945,0.0040841829031705,0.022732531182239203
P096 (29).jpg,P096,0,-5.635319232940674,0.0035568410530686,0.02071588021535325
P096 (3).jpg,P096,0,-6.233978748321533,0.0019577911589294,0.013849646236376188
P096 (30).jpg,P096,0,-5.891595363616943,0.002754955086857,0.017442037403580298
P096 (31).jpg,P096,0,-5.412633419036865,0.0044400775805115,0.024043571112589392
P096 (32).jpg,P096,0,-5.328567028045654,0.0048275971785187,0.025430947134674177
P096 (33).jpg,P096,0,-5.784548282623291,0.003065274329856,0.018742706549152974
P096 (34).jpg,P096,0,-6.644065856933594,0.0013000316685065,0.01049664053753754
P096 (35).jpg,P096,0,-7.009412288665772,0.0009025239851325,0.008193935991250966
P096 (36).jpg,P096,0,-6.819280624389648,0.0010913143632933,0.009321770786874751
P096 (37).jpg,P096,0,-4.885478496551514,0.0074988501146435,0.03413012031515248
P096 (38).jpg,P096,0,-6.150608062744141,0.0021276483312249,0.014650767155775122
P096 (39).jpg,P096,0,-5.912389278411865,0.0026984130963683,0.01719986626117537
P096 (4).jpg,P096,0,-6.677338600158691,0.0012575411237776,0.010262792280708746
P096 (40).jpg,P096,0,-6.609339714050293,0.0013459076872095,0.01074632645369624
P096 (41).jpg,P096,0,-5.533856391906738,0.0039351773448288,0.022172161029381483
P096 (42).jpg,P096,0,-6.518630027770996,0.0014735148288309,0.011426593941429582
P096 (43).jpg,P096,0,-6.617537975311279,0.0013349334476515,0.010686855122855485
P096 (44).jpg,P096,0,-6.415112018585205,0.0016339622670784,0.012255029594598522
P096 (45).jpg,P096,0,-5.468016624450684,0.0042018624953925,0.023170192248926802
P096 (46).jpg,P096,0,-5.405502796173096,0.0044717090204358,0.02415832709627204
P096 (47).jpg,P096,0,-4.995283603668213,0.0067242784425616,0.03173818205855138
P096 (48).jpg,P096,0,-5.6783447265625,0.0034075623843818,0.020126993738325466
P096 (49).jpg,P096,0,-3.849488496780396,0.0208467822521924,0.06698321505665139
P096 (5).jpg,P096,0,-5.792251110076904,0.003041825024411,0.018646018276089405
P096 (50).jpg,P096,0,-4.585729122161865,0.0100933974608778,0.04157677385077987
P096 (6).jpg,P096,0,-3.8233625888824463,0.0213868003338575,0.06810911469313638
P096 (7).jpg,P096,0,-5.9364752769470215,0.0026343648787587,0.016923482280214407
P096 (8).jpg,P096,0,-5.970283031463623,0.002547014504671,0.01654289208254691
P096 (9).jpg,P096,0,-5.763834476470947,0.0031292289495468,0.019005158549340893
P196 (1).jpg,P196,0,-4.110018253326416,0.0161426160484552,0.05666597532368999
P196 (2).jpg,P196,0,-3.0641744136810303,0.0446094535291194,0.10942417885469766
P043 (1).jpg,P043,0,-7.030518531799316,0.0008836914203129,0.008077400367860386
P043 (10).jpg,P043,0,-6.854282855987549,0.0010538161732256,0.009103174929142201
P043 (11).jpg,P043,0,-5.714300632476807,0.003287612227723,0.019647470528140632
P043 (12).jpg,P043,0,-4.659355163574219,0.0093836802989244,0.039615023654416597
P043 (13).jpg,P043,0,-6.56934928894043,0.0014007451245561,0.011041148040960203
P043 (14).jpg,P043,0,-7.177280902862549,0.0007631588960066,0.007311300524661808
P043 (15).jpg,P043,0,-5.706746578216553,0.0033124589826911,0.019747276679698247
P043 (16).jpg,P043,0,-7.000655651092529,0.0009104547207243,0.008242772731731218
P043 (17).jpg,P043,0,-6.401558876037598,0.0016562214586883,0.012367794651858941
P043 (18).jpg,P043,0,-5.805361270904541,0.0030023255385458,0.01848257942464628
P043 (19).jpg,P043,0,-6.119859218597412,0.0021939415019005,0.014957620189057483
P043 (2).jpg,P043,0,-6.6362175941467285,0.0013102613156661,0.010552563844785907
P043 (20).jpg,P043,0,-5.37816333770752,0.0045950803905725,0.02460328215635916
P043 (21).jpg,P043,0,-5.559415817260742,0.0038362522609531,0.021796145314815652
P043 (22).jpg,P043,0,-5.949662685394287,0.002599942497909,0.016774012208884862
P043 (23).jpg,P043,0,-5.228014945983887,0.0053355423733592,0.027192987023287436
P043 (24).jpg,P043,0,-5.520975112915039,0.003985992167145,0.022364058444334665
P043 (25).jpg,P043,0,-5.772895336151123,0.0031010909005999,0.018889913388969854
P043 (26).jpg,P043,0,-6.737483501434326,0.0011842229869216,0.009853090485389593
P043 (27).jpg,P043,0,-4.694692134857178,0.0090608326718211,0.03870528720071313
P043 (28).jpg,P043,0,-6.230237007141113,0.0019651157781481,0.013884657343414587
P043 (29).jpg,P043,0,-6.318346977233887,0.001799676567316,0.013082933510459992
P043 (3).jpg,P043,0,-7.214919567108154,0.0007349891238845,0.007126734443863734
P043 (30).jpg,P043,0,-4.638710975646973,0.0095775388181209,0.040155951055819705
P043 (31).jpg,P043,0,-6.820870876312256,0.0010895821033045,0.009311727526011459
P043 (32).jpg,P043,0,-6.555279731750488,0.0014205640181899,0.011146763692557283
P043 (33).jpg,P043,0,-5.970606327056885,0.0025461935438215,0.016539293513569375
P043 (34).jpg,P043,0,-7.4436116218566895,0.0005848257569596,0.0061007109137291545
P043 (35).jpg,P043,0,-6.432844161987305,0.001605290104635,0.012109026436807816
P043 (36).jpg,P043,0,-6.5065507888793945,0.0014913951745256,0.011520334971373907
P043 (37).jpg,P043,0,-4.956482410430908,0.006988457404077,0.03256428992716006
P043 (38).jpg,P043,0,-5.813048839569092,0.0029794017318636,0.018387396374096174
P043 (39).jpg,P043,0,-5.012420654296875,0.0066107814200222,0.031379807210671476
P043 (4).jpg,P043,0,-6.4472432136535645,0.0015823774738237,0.011991732474861523
P043 (40).jpg,P043,0,-4.647047996520996,0.0094987768679857,0.0399366543083461
P043 (41).jpg,P043,0,-4.866218090057373,0.0076435664668679,0.034567239441675814
P043 (42).jpg,P043,0,-5.16063404083252,0.0057053230702877,0.028439575782102572
P043 (43).jpg,P043,0,-5.479058742523193,0.0041559119708836,0.02299980123400046
P043 (44).jpg,P043,0,-5.478583812713623,0.0041578784584999,0.02300710463451339
P043 (45).jpg,P043,0,-6.760660171508789,0.0011571235954761,0.009699571871185572
P043 (46).jpg,P043,0,-7.369839191436768,0.0006295728380791,0.006414542536205285
P043 (47).jpg,P043,0,-7.407983303070068,0.0006060248706489,0.006250323063062586
P043 (48).jpg,P043,0,-5.592763423919678,0.003710898803547,0.021314916571548465
P043 (49).jpg,P043,0,-7.779887676239014,0.0004178844392299,0.004852848697719958
P043 (5).jpg,P043,0,-6.255538463592529,0.0019161134259775,0.01364960334361204
P043 (50).jpg,P043,0,-6.6568145751953125,0.0012835841625928,0.010406423096343561
P043 (51).jpg,P043,0,-6.131114959716797,0.002169438637793,0.014844567820110854
P043 (52).jpg,P043,0,-7.012311935424805,0.0008999131969176,0.008177827667683735
P043 (53).jpg,P043,0,-6.842557430267334,0.0010662321001291,0.009175830860641613
P043 (54).jpg,P043,0,-3.6163909435272217,0.0261759143322706,0.07766627284987707
P043 (55).jpg,P043,0,-6.543111324310303,0.0014379306230694,0.011238913150983442
P043 (56).jpg,P043,0,-6.416445732116699,0.0016317882109433,0.012243987840119552
P043 (57).jpg,P043,0,-4.80357027053833,0.0081337168812751,0.03602668145379571
P043 (58).jpg,P043,0,-5.756490707397461,0.0031522209756076,0.019099069641387793
P043 (59).jpg,P043,0,-5.944072246551514,0.0026144795119762,0.01683721682781068
P043 (6).jpg,P043,0,-6.002274513244629,0.002467019483447,0.01619050354560439
P043 (60).jpg,P043,0,-4.685152530670166,0.0091468878090381,0.038948885889184694
P043 (61).jpg,P043,0,-5.242544174194336,0.0052589857950806,0.026931231626569536
P043 (62).jpg,P043,0,-5.11735200881958,0.0059561794623732,0.029269399563422574
P043 (63).jpg,P043,0,-5.840878963470459,0.0028978646732866,0.01804682564708789
P043 (64).jpg,P043,0,-5.875882148742676,0.0027984643820673,0.017627256166869575
P043 (65).jpg,P043,0,-6.90546178817749,0.0010012926068156,0.008792664486453617
P043 (66).jpg,P043,0,-4.958871364593506,0.0069718984887003,0.032512832345739276
P043 (67).jpg,P043,0,-5.0108642578125,0.0066210106015205,0.03141219269631979
P043 (68).jpg,P043,0,-6.212399959564209,0.0020004115067422,0.014052759928036703
P043 (69).jpg,P043,0,-6.3920440673828125,0.0016720290295779,0.012447571451009318
P043 (7).jpg,P043,0,-5.437046527862549,0.0043334579095244,0.023654693578449265
P043 (70).jpg,P043,0,-7.281696796417236,0.0006875441176816,0.006810596505391121
P043 (71).jpg,P043,0,-6.32753324508667,0.0017832494340837,0.01300202281363456
P043 (8).jpg,P043,0,-6.954842567443848,0.0009530948591418,0.00850302146460338
P043 (9).jpg,P043,0,-6.266134262084961,0.0018959561130031,0.013552336680613382
P070 (1).jpg,P070,0,-3.1112563610076904,0.0426453240215778,0.10632404314230123
P070 (10).jpg,P070,0,-4.282899379730225,0.0136146675795316,0.050664394659946835
P070 (11).jpg,P070,0,-3.9829046726226807,0.0182906612753868,0.06149859319859039
P070 (12).jpg,P070,0,-3.4946234226226807,0.0294655989855527,0.08384869625127357
P070 (13).jpg,P070,0,-4.139096260070801,0.0156872384250164,0.05561174882989969
P070 (14).jpg,P070,0,-3.955284118652344,0.0187932737171649,0.0625984679091268
P070 (15).jpg,P070,0,-4.26039981842041,0.0139201506972312,0.05141000578850302
P070 (16).jpg,P070,0,-3.610340833663941,0.026330579072237,0.0779633387413078
P070 (17).jpg,P070,0,-3.1529812812805176,0.0409739650785923,0.10364158136646084
P070 (18).jpg,P070,0,-3.2371175289154053,0.0377925708889961,0.09841409607103244
P070 (19).jpg,P070,0,-3.5363693237304688,0.028294937685132,0.08168036432610885
P070 (2).jpg,P070,0,-4.165464878082275,0.0152852311730384,0.05467173508044027
P070 (20).jpg,P070,0,-4.221280097961426,0.0144674591720104,0.0527311544932253
P070 (21).jpg,P070,0,-3.706793546676636,0.0239675845950841,0.07334933115015363
P070 (22).jpg,P070,0,-3.27478575706482,0.036446388810873,0.09615073746129807
P070 (23).jpg,P070,0,-5.183592319488525,0.0055765528231859,0.028008724160179545
P070 (24).jpg,P070,0,-4.252860069274902,0.0140240248292684,0.051662178448741956
P070 (25).jpg,P070,0,-5.008810520172119,0.00663453200832,0.03145497634749269
P070 (26).jpg,P070,0,-4.451237201690674,0.0115296440199017,0.0454024932999318
P070 (27).jpg,P070,0,-4.503928184509277,0.0109443394467234,0.04386526149205325
P070 (28).jpg,P070,0,-3.887357473373413,0.0200876574963331,0.06538189216890325
P070 (29).jpg,P070,0,-4.092307567596436,0.01642632111907,0.05731725431347072
P070 (3).jpg,P070,0,-4.39477014541626,0.0121912555769085,0.04710679184184874
P070 (30).jpg,P070,0,-2.993431806564331,0.0477234832942485,0.11423121934715201
P070 (31).jpg,P070,0,-3.4612622261047363,0.0304347649216651,0.0856189725219411
P070 (32).jpg,P070,0,-3.930939912796021,0.0192474815994501,0.06358306901314587
P070 (33).jpg,P070,0,-4.816917896270752,0.0080267377197742,0.03571084409593986
P070 (34).jpg,P070,0,-4.252288818359375,0.0140319261699914,0.05168133196154735
P070 (35).jpg,P070,0,-3.1166508197784424,0.042425625026226,0.10597382554960734
P070 (36).jpg,P070,0,-4.221272945404053,0.0144675634801387,0.05273139895584815
P070 (37).jpg,P070,0,-5.197030544281006,0.0055025247856974,0.027759480890936612
P070 (38).jpg,P070,0,-3.0294864177703857,0.0461114086210727,0.11175869714471448
P070 (39).jpg,P070,0,-4.182556629180908,0.0150300925597548,0.05407044948013702
P070 (4).jpg,P070,0,-5.006043910980225,0.0066527905873954,0.0315126997432587
P070 (40).jpg,P070,0,-5.144532680511475,0.0057973931543529,0.028745576806990858
P070 (41).jpg,P070,0,-4.384308338165283,0.0123178884387016,0.04742916027823048
P070 (42).jpg,P070,0,-4.53468656539917,0.0106163527816534,0.042990987114645635
P070 (43).jpg,P070,0,-4.392901420593262,0.0122137805446982,0.04716422123911627
P070 (44).jpg,P070,0,-4.607733726501465,0.0098758917301893,0.04098092533787461
P070 (45).jpg,P070,0,-4.72703218460083,0.0087750228121876,0.037890303471642496
P070 (46).jpg,P070,0,-4.4914093017578125,0.0110806850716471,0.044225933608206376
P070 (47).jpg,P070,0,-3.6004903316497803,0.0265843011438846,0.0784492333856397
P070 (48).jpg,P070,0,-4.595620632171631,0.0099950432777404,0.04130790945499279
P070 (49).jpg,P070,0,-5.12582540512085,0.0059062209911644,0.029105115741481037
P070 (5).jpg,P070,0,-5.41141414642334,0.0044454708695411,0.024063155604618226
P070 (50).jpg,P070,0,-5.934057712554932,0.0026407244149595,0.016951025317016553
P070 (51).jpg,P070,0,-4.839996814727783,0.007845046930015,0.03517102162592077
P070 (52).jpg,P070,0,-5.0323638916015625,0.0064810933545231,0.030967677425613693
P070 (53).jpg,P070,0,-5.535938739776611,0.003927023615688,0.02214129095426478
P070 (54).jpg,P070,0,-5.681105613708496,0.0033981993328779,0.02008977056981104
P070 (55).jpg,P070,0,-5.485141754150391,0.0041308123618364,0.022906457537178373
P070 (56).jpg,P070,0,-6.377858638763428,0.0016958757769316,0.012567453333484238
P070 (57).jpg,P070,0,-5.300057888031006,0.0049665155820548,0.025918918347131788
P070 (58).jpg,P070,0,-6.88669490814209,0.0010202416451647,0.008905287919224222
P070 (59).jpg,P070,0,-5.8082661628723145,0.0029936428181827,0.018446556032202594
P070 (6).jpg,P070,0,-5.27606725692749,0.0050864927470684,0.026336601017568798
P070 (60).jpg,P070,0,-5.552803993225098,0.0038616021629422,0.021892812667969382
P070 (61).jpg,P070,0,-5.11652421951294,0.0059610828757286,0.029285497039022883
P070 (62).jpg,P070,0,-5.324265003204346,0.0048483093269169,0.02550400458254233
P070 (63).jpg,P070,0,-6.2142863273620605,0.0019966491963714,0.014034887690311434
P070 (64).jpg,P070,0,-5.531751155853272,0.0039434377104043,0.022203413172777166
P070 (65).jpg,P070,0,-3.986966371536255,0.0182178709656,0.061338383705273586
P070 (66).jpg,P070,0,-5.379023551940918,0.0045911474153399,0.024589161038572588
P070 (67).jpg,P070,0,-4.229278087615967,0.0143538666889071,0.05245846513048478
P070 (68).jpg,P070,0,-5.660792350769043,0.003467691829428,0.020365225251414744
P070 (69).jpg,P070,0,-4.47550106048584,0.0112563678994774,0.044688335605786916
P070 (7).jpg,P070,0,-4.317014217376709,0.0131640490144491,0.04955336776866126
P070 (70).jpg,P070,0,-4.697386741638184,0.0090366695076227,0.038636744290891395
P070 (71).jpg,P070,0,-6.406978607177734,0.0016472842544317,0.01232257890122494
P070 (72).jpg,P070,0,-2.8776443004608154,0.0532698146998882,0.12249583683945618
P070 (73).jpg,P070,0,-2.8861725330352783,0.0528413541615009,0.12186996947343101
P070 (74).jpg,P070,0,-4.000737190246582,0.017973193898797,0.06079810705101661
P070 (8).jpg,P070,0,-4.448669910430908,0.0115589387714862,0.04547868920176485
P070 (9).jpg,P070,0,-4.4927473068237305,0.0110660325735807,0.04418725076107827
P072 (1).jpg,P072,0,-6.252616882324219,0.0019217091612517,0.013676543565015334
P072 (10).jpg,P072,0,-5.984230041503906,0.002511826576665,0.01638834698544139
P072 (11).jpg,P072,0,-5.289913177490234,0.0050169015303254,0.026094747571011278
P072 (12).jpg,P072,0,-4.598792552947998,0.0099637052044272,0.041222045276870296
P072 (13).jpg,P072,0,-4.03557825088501,0.0173684619367122,0.05945098779010478
P072 (14).jpg,P072,0,-5.541230201721191,0.0039063794538378,0.022063035766911064
P072 (15).jpg,P072,0,-4.6955156326293945,0.0090534416958689,0.03868432745413136
P072 (16).jpg,P072,0,-4.361273288726807,0.012601307593286,0.0481463622286706
P072 (17).jpg,P072,0,-5.67963981628418,0.0034031670074909,0.020109524517893575
P072 (18).jpg,P072,0,-5.667844772338867,0.0034434064291417,0.020269175454409954
P072 (19).jpg,P072,0,-6.548376560211182,0.001430390169844,0.011198948261105015
P072 (2).jpg,P072,0,-6.22925329208374,0.0019670461770147,0.013893876346135578
P072 (20).jpg,P072,0,-5.600121021270752,0.0036837956868112,0.021210149211237893
P072 (21).jpg,P072,0,-4.706239700317383,0.0089577352628111,0.0384123701818765
P072 (22).jpg,P072,0,-5.216193675994873,0.0053986459970474,0.027407779506182874
P072 (23).jpg,P072,0,-3.736193418502808,0.0232893712818622,0.0719937010442832
P072 (24).jpg,P072,0,-5.724023818969727,0.0032559048850089,0.019519732599469073
P072 (25).jpg,P072,0,-4.689379215240479,0.0091086598113179,0.03884077436396988
P072 (26).jpg,P072,0,-4.615026950836182,0.009804829955101,0.040785246604133685
P072 (27).jpg,P072,0,-5.279945373535156,0.0050669047050178,0.026268641030297857
P072 (28).jpg,P072,0,-5.494959354400635,0.0040906216017901,0.02275658648181523
P072 (29).jpg,P072,0,-5.3795599937438965,0.0045886961743235,0.024580358909138015
P072 (3).jpg,P072,0,-6.041433334350586,0.002372505608946,0.0157692037268753
P072 (30).jpg,P072,0,-4.047627925872803,0.0171640031039714,0.05899163284109037
P072 (31).jpg,P072,0,-5.197298049926758,0.0055010612122714,0.027754541310038034
P072 (32).jpg,P072,0,-4.590917110443115,0.0100416932255029,0.04143554932830035
P072 (33).jpg,P072,0,-5.381627082824707,0.0045792642049491,0.024546470082256862
P072 (34).jpg,P072,0,-5.958736896514893,0.0025765171740204,0.016671916767972278
P072 (35).jpg,P072,0,-5.539451599121094,0.0039133066311478,0.022089309229468865
P072 (36).jpg,P072,0,-5.003983020782471,0.0066664232872426,0.03155576538873827
P072 (37).jpg,P072,0,-6.194578647613525,0.0020363077055662,0.01422271743041473
P072 (38).jpg,P072,0,-6.282123565673828,0.0018659383058547,0.013406851782695578
P072 (39).jpg,P072,0,-5.9589667320251465,0.0025759264826774,0.016669338798754825
P072 (4).jpg,P072,0,-4.746942043304443,0.0086035290732979,0.03739679077971324
P072 (40).jpg,P072,0,-5.940345287322998,0.0026242164894938,0.016879483223266368
P072 (41).jpg,P072,0,-6.265939712524414,0.0018963243346661,0.01355411641929731
P072 (42).jpg,P072,0,-5.639035701751709,0.0035436935722827,0.020664354622503843
P072 (43).jpg,P072,0,-6.356878757476807,0.0017317685997113,0.012746847953482986
P072 (44).jpg,P072,0,-6.879460334777832,0.0010276419343426,0.008949084666257495
P072 (45).jpg,P072,0,-6.081257343292236,0.0022800907026976,0.015351813962924898
P072 (46).jpg,P072,0,-5.461868762969971,0.0042276652529835,0.023265593398240768
P072 (47).jpg,P072,0,-5.815333366394043,0.0029726233333349,0.01835920350090697
P072 (48).jpg,P072,0,-5.134251117706299,0.0058569554239511,0.028942643495199816
P072 (49).jpg,P072,0,-6.003569602966309,0.0024638341274112,0.016176394596339218
P072 (5).jpg,P072,0,-4.114617347717285,0.0160697344690561,0.056497992842424107
P072 (50).jpg,P072,0,-6.316138744354248,0.0018036478431895,0.013102457108133863
P072 (6).jpg,P072,0,-3.864461660385132,0.0205433294177055,0.0663457557951919
P072 (7).jpg,P072,0,-4.765707969665527,0.0084449322894215,0.0369372931667946
P072 (8).jpg,P072,0,-4.170191287994385,0.0152142560109496,0.054504833242086534
P072 (9).jpg,P072,0,-5.46652364730835,0.0042081139981746,0.023193324766151737
P078 (1).jpg,P078,0,-3.030951976776123,0.0460469909012317,0.11165918956831807
P078 (10).jpg,P078,0,0.944527268409729,0.7200132608413696,0.6561728272345398
P078 (11).jpg,P078,0,-1.3969640731811523,0.1982982903718948,0.277707600369881
P078 (12).jpg,P078,0,-0.303311675786972,0.4247481226921081,0.44830079823071495
P078 (13).jpg,P078,0,1.0584936141967771,0.7424026131629944,0.6735456447279853
P078 (14).jpg,P078,0,-0.2964486181735992,0.4264258742332458,0.449462524464948
P078 (15).jpg,P078,0,0.8726805448532104,0.7053031921386719,0.6449981731830902
P078 (16).jpg,P078,0,-1.1338353157043457,0.2434539794921875,0.3152219942619467
P078 (17).jpg,P078,0,-1.2009739875793457,0.2313019931316375,0.30539089676900094
P078 (18).jpg,P078,0,-2.328937530517578,0.0887545496225357,0.16888410758916403
P078 (19).jpg,P078,0,-1.210031270980835,0.22969551384449,0.30407785274625515
P078 (2).jpg,P078,0,-3.000552177429199,0.0474009327590465,0.11373917858053692
P078 (20).jpg,P078,0,-3.182239055633545,0.0398395992815494,0.1017964818407931
P078 (21).jpg,P078,0,-2.743954658508301,0.0604289807379245,0.13267300076043942
P078 (22).jpg,P078,0,-3.0386195182800293,0.0457113534212112,0.11113984580276008
P078 (23).jpg,P078,0,-1.7143418788909912,0.1526014059782028,0.2363087347872267
P078 (24).jpg,P078,0,-2.698309898376465,0.0630731582641601,0.13630831083204706
P078 (3).jpg,P078,0,-3.3577401638031006,0.033642616122961,0.09132969585100233
P078 (4).jpg,P078,0,-3.6620843410491934,0.0250360369682312,0.07545597066331972
P078 (5).jpg,P078,0,-2.722079038619995,0.0616830326616764,0.13440489634334207
P078 (6).jpg,P078,0,-2.9469211101531982,0.0498822256922721,0.117491052318857
P078 (7).jpg,P078,0,-3.8528356552124015,0.0207785703241825,0.06684022340878928
P078 (8).jpg,P078,0,-2.306077480316162,0.0906208679080009,0.1710910116106792
P078 (9).jpg,P078,0,-0.5879449248313904,0.3571065366268158,0.40076070103131634
P080 (1).jpg,P080,0,-6.464221477508545,0.0015557797159999,0.011854869691605945
P080 (10).jpg,P080,0,-4.104264736175537,0.0162342488765716,0.05687678424840593
P080 (11).jpg,P080,0,-5.109154224395752,0.0060049132443964,0.029429195513654544
P080 (12).jpg,P080,0,-4.662955284118652,0.0093502746894955,0.03952140993894744
P080 (13).jpg,P080,0,-4.080968856811523,0.0166105236858129,0.05773789978734823
P080 (14).jpg,P080,0,-4.063422203063965,0.0168995838612318,0.05839456436446415
P080 (15).jpg,P080,0,-3.8561782836914062,0.0207106675952672,0.06669770813575011
P080 (16).jpg,P080,0,-3.695901393890381,0.0242237132042646,0.07385751013204345
P080 (17).jpg,P080,0,-2.3803303241729736,0.0846849605441093,0.1640055616164381
P080 (18).jpg,P080,0,-2.0820300579071045,0.1108557134866714,0.19393957060914
P080 (19).jpg,P080,0,-2.4226067066192627,0.081464983522892,0.16007785788350037
P080 (2).jpg,P080,0,-6.624875545501709,0.0013251871569082,0.010633903524043468
P080 (20).jpg,P080,0,-3.855900526046753,0.0207163020968437,0.06670953976795468
P080 (21).jpg,P080,0,-4.6704840660095215,0.0092807933688163,0.039326324653884415
P080 (22).jpg,P080,0,-5.038219928741455,0.0064434939995408,0.03084765999327585
P080 (23).jpg,P080,0,-5.260019302368164,0.0051683536730706,0.02661964780179476
P080 (24).jpg,P080,0,-5.6546549797058105,0.003488965332508,0.020449175197875695
P080 (25).jpg,P080,0,-5.2223801612854,0.0053655295632779,0.02729516620975144
P080 (26).jpg,P080,0,-6.197469234466553,0.0020304420031607,0.01419501359926984
P080 (27).jpg,P080,0,-4.5286784172058105,0.0106796463951468,0.043160444230348385
P080 (28).jpg,P080,0,-4.6455979347229,0.0095124300569295,0.03997471406123977
P080 (29).jpg,P080,0,-5.255980014801025,0.0051891640760004,0.02669135579871784
P080 (3).jpg,P080,0,-6.011912345886231,0.0024434146471321,0.016085796625612846
P080 (30).jpg,P080,0,-4.787044048309326,0.0082681328058242,0.03642145896080567
P080 (31).jpg,P080,0,-5.0991716384887695,0.00606479216367,0.029624924335046633
P080 (32).jpg,P080,0,-4.748605728149414,0.008589350618422,0.03735583326065555
P080 (33).jpg,P080,0,-6.177685260772705,0.0020709282252937,0.014385695210173962
P080 (34).jpg,P080,0,-6.088603496551514,0.0022634400520473,0.015276016828373441
P080 (35).jpg,P080,0,-5.6666460037231445,0.0034475224092602,0.020285470619102127
P080 (36).jpg,P080,0,-6.977519035339356,0.0009317452204413,0.008373201456736512
P080 (37).jpg,P080,0,-7.602896213531494,0.00049875525292,0.005474200739495695
P080 (38).jpg,P080,0,-6.132244110107422,0.0021669957786798,0.014833273217501313
P080 (39).jpg,P080,0,-5.989296436309815,0.0024991647806018,0.016332559144312704
P080 (4).jpg,P080,0,-6.734783172607422,0.0011874212650582,0.009871132779521211
P080 (40).jpg,P080,0,-6.305328845977783,0.0018232152797281,0.013198445994429087
P080 (41).jpg,P080,0,-5.680485725402832,0.0034002992324531,0.02009812222873141
P080 (42).jpg,P080,0,-5.816181182861328,0.0029701115563511,0.018348751568910644
P080 (43).jpg,P080,0,-5.227379322052002,0.005338916555047,0.027204494571118933
P080 (44).jpg,P080,0,-5.244483470916748,0.0052488506771624,0.026896479527363345
P080 (45).jpg,P080,0,-5.128920555114746,0.0058880755677819,0.02904532969738635
P080 (46).jpg,P080,0,-4.9111857414245605,0.0073099234141409,0.0335549901869746
P080 (47).jpg,P080,0,-4.356194496154785,0.0126646580174565,0.04830587145501851
P080 (48).jpg,P080,0,-5.438090801239014,0.0043289544992148,0.02363819688913562
P080 (49).jpg,P080,0,-4.2601823806762695,0.0139231365174055,0.05141726182976332
P080 (5).jpg,P080,0,-4.403098106384277,0.012091371230781,0.04685166535799819
P080 (50).jpg,P080,0,-3.75680947303772,0.0228249970823526,0.07105691754142582
P080 (51).jpg,P080,0,-4.638064861297607,0.009583668783307,0.04017299452123594
P080 (52).jpg,P080,0,-4.66393518447876,0.0093412017449736,0.039495966395996465
P080 (53).jpg,P080,0,-3.607212781906128,0.0264108926057815,0.0781173365327757
P080 (54).jpg,P080,0,-4.914994716644287,0.0072823353111743,0.03347057430606307
P080 (55).jpg,P080,0,-4.421868801116943,0.0118691939860582,0.046281436411140915
P080 (56).jpg,P080,0,-4.439431190490723,0.0116649717092514,0.04575389855591153
P080 (57).jpg,P080,0,-3.651424407958984,0.0252975560724735,0.07596639375796498
P080 (58).jpg,P080,0,-6.013797760009766,0.0024388234596699,0.016065391226602405
P080 (59).jpg,P080,0,-5.040122985839844,0.0064313225448131,0.030808754544331306
P080 (6).jpg,P080,0,-3.862982034683228,0.0205731242895126,0.06640849678968545
P080 (60).jpg,P080,0,-5.507099151611328,0.0040414617396891,0.022572589712016897
P080 (61).jpg,P080,0,-5.874683380126953,0.0028018115554004,0.01764146563628977
P080 (62).jpg,P080,0,-5.348206043243408,0.0047341575846076,0.025100016314820593
P080 (63).jpg,P080,0,-5.491677761077881,0.004104012157768,0.022806574937492857
P080 (64).jpg,P080,0,-5.1139349937438965,0.0059764450415968,0.02933590346269146
P080 (65).jpg,P080,0,-6.051255226135254,0.0023493715561926,0.015665235931927264
P080 (66).jpg,P080,0,-4.524537086486816,0.010723490267992,0.043277619740980884
P080 (67).jpg,P080,0,-5.987132549285889,0.0025045648217201,0.016356363574698274
P080 (68).jpg,P080,0,-5.406073093414307,0.0044691711664199,0.024149129454700068
P080 (69).jpg,P080,0,-6.377155780792236,0.0016970662400126,0.012573422775473476
P080 (7).jpg,P080,0,-5.0097761154174805,0.0066281715407967,0.03143485396086457
P080 (70).jpg,P080,0,-6.032869815826416,0.0023928610607981,0.0158604050926849
P080 (71).jpg,P080,0,-4.615965366363525,0.0097957234829664,0.04076013377126538
P080 (72).jpg,P080,0,-6.058505535125732,0.0023324389476329,0.015588922187073941
P080 (73).jpg,P080,0,-6.388991832733154,0.0016771315131336,0.012473270356170959
P080 (74).jpg,P080,0,-5.927328586578369,0.0026585068553686,0.01702792165371919
P080 (75).jpg,P080,0,-5.206544399261475,0.0054507064633071,0.027584328271809476
P080 (76).jpg,P080,0,-5.887097358703613,0.0027673402801156,0.01749486125859169
P080 (77).jpg,P080,0,-5.648292064666748,0.0035111578181385,0.02053656797320984
P080 (78).jpg,P080,0,-5.694383144378662,0.0033535279799252,0.01991169849058102
P080 (79).jpg,P080,0,-5.627993106842041,0.0035829008556902,0.020817819103892774
P080 (8).jpg,P080,0,-2.7677292823791504,0.05909314006567,0.1308122347283517
P080 (80).jpg,P080,0,-5.506124973297119,0.0040453849360346,0.02258730105116406
P080 (81).jpg,P080,0,-6.536758899688721,0.0014470807509496,0.011287317876927981
P080 (82).jpg,P080,0,-6.558338642120361,0.0014162313891574,0.011123716781699574
P080 (83).jpg,P080,0,-6.848089218139648,0.0010603563860058,0.009141482142350815
P080 (84).jpg,P080,0,-5.818002223968506,0.002964723855257,0.018326321402050115
P080 (85).jpg,P080,0,-5.942019939422607,0.0026198369450867,0.016860478579496678
P080 (86).jpg,P080,0,-5.541305065155029,0.003906087949872,0.022061930556736768
P080 (87).jpg,P080,0,-7.022037029266357,0.00089121167548,0.00812403109718423
P080 (88).jpg,P080,0,-6.811848163604736,0.0010994466720148,0.009368853062938819
P080 (9).jpg,P080,0,-3.514232397079468,0.0289099775254726,0.08282374464081485
P143 (1).jpg,P143,0,-5.385434627532959,0.0045619411394,0.024484166587691102
P143 (10).jpg,P143,0,-3.89162015914917,0.0200039241462945,0.0652038863767766
P143 (11).jpg,P143,0,-5.2547287940979,0.0051956274546682,0.026713606349291704
P143 (12).jpg,P143,0,-4.070755481719971,0.0167781822383403,0.05811927652974871
P143 (13).jpg,P143,0,-5.765419483184815,0.0031242885161191,0.018984949195641768
P143 (14).jpg,P143,0,-4.314655780792236,0.0131947230547666,0.04962942674183798
P143 (15).jpg,P143,0,-5.074443340301514,0.0062156906351447,0.030115222869958488
P143 (16).jpg,P143,0,-6.141903400421143,0.002146209590137,0.014736999082997143
P143 (17).jpg,P143,0,-4.71014404296875,0.008923141285777,0.03831381441139778
P143 (18).jpg,P143,0,-4.329493999481201,0.0130029078572988,0.04915273392772844
P143 (19).jpg,P143,0,-2.7698590755462646,0.0589748285710811,0.13064662899804078
P143 (2).jpg,P143,0,-4.087475299835205,0.0165045764297246,0.057496169541936495
P143 (20).jpg,P143,0,-5.033639430999756,0.0064728851430118,0.030941497245309004
P143 (21).jpg,P143,0,-5.374864101409912,0.0046101957559585,0.02465751514525068
P143 (22).jpg,P143,0,-5.69473934173584,0.0033523379825055,0.019906942696717733
P143 (23).jpg,P143,0,-4.982905864715576,0.0068074567243456,0.03199948781864082
P143 (24).jpg,P143,0,-6.106574535369873,0.0022232164628803,0.01509214249045135
P143 (25).jpg,P143,0,-6.399666786193848,0.0016593530308455,0.01238361853608851
P143 (26).jpg,P143,0,-5.566748142242432,0.0038083328399807,0.021689431956659226
P143 (27).jpg,P143,0,-5.788518905639648,0.0030531645752489,0.018692804802125124
P143 (28).jpg,P143,0,-4.774376392364502,0.0083726542070508,0.036726878071364426
P143 (29).jpg,P143,0,-6.320116996765137,0.0017964997095987,0.01306730500688553
P143 (3).jpg,P143,0,-4.7841081619262695,0.0082922410219907,0.03649202533766341
P143 (30).jpg,P143,0,-5.268735885620117,0.0051237288862466,0.026465543390721175
P143 (31).jpg,P143,0,-6.336050510406494,0.0017681521130725,0.01292744581222106
P143 (32).jpg,P143,0,-5.707711696624756,0.0033092738594859,0.019734497653186408
P143 (33).jpg,P143,0,-6.82058048248291,0.0010898982873186,0.009313560712474012
P143 (34).jpg,P143,0,-5.600351333618164,0.0036829507444053,0.021206877859312922
P143 (35).jpg,P143,0,-5.642608642578125,0.0035310995299369,0.0206149372085971
P143 (36).jpg,P143,0,-5.400871753692627,0.00449237274006,0.024233142252119932
P143 (37).jpg,P143,0,-4.376742839813232,0.0124102709814906,0.04766358724852352
P143 (38).jpg,P143,0,-4.103826999664307,0.0162412412464618,0.056892853050998116
P143 (39).jpg,P143,0,-5.897794246673584,0.0027379768434911,0.01736949535444983
P143 (4).jpg,P143,0,-3.857970952987671,0.0206743385642766,0.06662139272669475
P143 (40).jpg,P143,0,-5.535336971282959,0.003929378464818,0.022150207642447323
P143 (41).jpg,P143,0,-6.435050487518311,0.0016017580637708,0.012090980575165442
P143 (42).jpg,P143,0,-5.577000141143799,0.0037696356885135,0.021541082283824696
P143 (43).jpg,P143,0,-3.296949625015259,0.0356759838759899,0.0948408204172939
P143 (44).jpg,P143,0,-3.962693452835083,0.0186571311205625,0.062301632807437474
P143 (45).jpg,P143,0,-2.569718837738037,0.0711128786206245,0.14700223112799157
P143 (46).jpg,P143,0,-6.287501811981201,0.0018559483578428,0.013358262806322425
P143 (47).jpg,P143,0,-5.762056827545166,0.0031347791664302,0.0190278492524909
P143 (48).jpg,P143,0,-4.635659694671631,0.0096065253019332,0.04023649992008596
P143 (49).jpg,P143,0,-5.711080551147461,0.0032981808762997,0.019689954499118006
P143 (5).jpg,P143,0,-5.938096523284912,0.0026301087345927,0.016905036247347602
P143 (50).jpg,P143,0,-6.416658401489258,0.0016314417589455,0.012242228068421285
P143 (51).jpg,P143,0,-6.530886173248291,0.0014555916422978,0.011332250667980775
P143 (52).jpg,P143,0,-6.642143249511719,0.0013025300577282,0.010510313025143297
P143 (53).jpg,P143,0,-6.20682954788208,0.0020115631632506,0.01410566737969453
P143 (54).jpg,P143,0,-5.035593032836914,0.006460334174335,0.030901441508596365
P143 (55).jpg,P143,0,-6.03864336013794,0.0023791182320564,0.015798860101068724
P143 (56).jpg,P143,0,-5.517206192016602,0.0040009832009673,0.02242051176140677
P143 (57).jpg,P143,0,-6.664301872253418,0.0012740216916427,0.010353796638286877
P143 (6).jpg,P143,0,-5.402092933654785,0.0044869147241115,0.024213392008588765
P143 (7).jpg,P143,0,-5.847771167755127,0.0028780184220522,0.017963443590766397
P143 (8).jpg,P143,0,-5.689773082733154,0.0033689716365188,0.019973350566787985
P143 (9).jpg,P143,0,-5.448451042175293,0.0042845285497605,0.02347514016642894
P168 (1).jpg,P168,0,0.3335193395614624,0.5826154351234436,0.5568056550104838
P168 (10).jpg,P168,0,-1.7623684406280518,0.1464939564466476,0.23042974272828262
P168 (11).jpg,P168,0,-1.8941839933395384,0.1307681500911712,0.21482549300779033
P168 (12).jpg,P168,0,-1.8843501806259155,0.1318899989128112,0.21596263861989792
P168 (13).jpg,P168,0,-0.8098459243774414,0.3079233169555664,0.364906639868318
P168 (14).jpg,P168,0,-0.1339312195777893,0.4665671586990356,0.47710568391178826
P168 (15).jpg,P168,0,-1.2523932456970217,0.222286120057106,0.29797909089153235
P168 (16).jpg,P168,0,-0.3017673194408417,0.4251255095005035,0.4485621664044462
P168 (17).jpg,P168,0,0.6325513124465942,0.6530677080154419,0.6065463985742526
P168 (18).jpg,P168,0,1.1525828838348389,0.7599824070930481,0.6875404069310326
P168 (19).jpg,P168,0,0.3112080991268158,0.5771801471710205,0.55303514982103
P168 (2).jpg,P168,0,-0.7515665292739868,0.320480078458786,0.3741969899726842
P168 (20).jpg,P168,0,0.733116090297699,0.6754887104034424,0.6228420073906521
P168 (21).jpg,P168,0,-2.4147629737854004,0.0820538476109504,0.16080078532515624
P168 (22).jpg,P168,0,-1.10651433467865,0.2485212981700897,0.3192711297858508
P168 (23).jpg,P168,0,-1.6642496585845947,0.1591923534870147,0.2425500718871847
P168 (24).jpg,P168,0,-3.147345781326294,0.0411959886550903,0.10400035585122679
P168 (25).jpg,P168,0,-0.2345132827758789,0.4416389167308807,0.459969905986374
P168 (26).jpg,P168,0,-1.2151429653167725,0.2287923097610473,0.3033382099882533
P168 (27).jpg,P168,0,-2.600409507751465,0.0691120699048042,0.1443884785462514
P168 (28).jpg,P168,0,-2.328985452651977,0.0887506753206253,0.1688795051141455
P168 (29).jpg,P168,0,-3.127406358718872,0.0419908203184604,0.10527859129892707
P168 (3).jpg,P168,0,0.1351733207702636,0.5337419509887695,0.5231063408802861
P168 (30).jpg,P168,0,-3.591233015060425,0.026824913918972,0.07890839171569805
P168 (31).jpg,P168,0,-6.533956050872803,0.0014511365443468,0.011308740728211952
P168 (32).jpg,P168,0,-4.715848922729492,0.0088728303089737,0.03817024485290812
P168 (33).jpg,P168,0,-4.368382930755615,0.0125131532549858,0.04792391009630653
P168 (34).jpg,P168,0,-4.7331862449646,0.0087216552346944,0.037737096279127635
P168 (35).jpg,P168,0,-4.809034824371338,0.0080897500738501,0.03589705300211794
P168 (36).jpg,P168,0,-4.811040878295898,0.0080736679956316,0.035849578786378844
P168 (37).jpg,P168,0,-3.7443528175354,0.0231044869869947,0.07162158742189269
P168 (38).jpg,P168,0,-4.600186347961426,0.0099499663338065,0.04118436916266378
P168 (39).jpg,P168,0,-3.2995076179504395,0.0355880856513977,0.09469067182803313
P168 (4).jpg,P168,0,2.691772937774658,0.9365394115447998,0.8631642493513645
P168 (40).jpg,P168,0,-4.167882919311523,0.0152488788589835,0.05458628767859373
P168 (41).jpg,P168,0,-3.651259660720825,0.025301618501544,0.07597430706125312
P168 (42).jpg,P168,0,-3.476017475128174,0.0300023630261421,0.08483186045366548
P168 (43).jpg,P168,0,-4.211030006408691,0.0146143371239304,0.05308258594072029
P168 (44).jpg,P168,0,-5.36522912979126,0.0046546217054128,0.02481656308920743
P168 (45).jpg,P168,0,-3.5081889629364014,0.0290801245719194,0.08313841100142186
P168 (46).jpg,P168,0,-5.098784446716309,0.0060671269893646,0.02963254138418019
P168 (47).jpg,P168,0,-5.3432488441467285,0.0047575724311172,0.025183150525950253
P168 (48).jpg,P168,0,-5.690930843353272,0.0033650863915681,0.019957849839531194
P168 (49).jpg,P168,0,-5.724155902862549,0.0032554762437939,0.019518002968888667
P168 (5).jpg,P168,0,1.611649513244629,0.8336402773857117,0.7507765228103039
P168 (50).jpg,P168,0,-0.6702505946159363,0.3384407162666321,0.3873147903261889
P168 (51).jpg,P168,0,-2.6157076358795166,0.0681343227624893,0.14310011175896806
P168 (52).jpg,P168,0,-3.988943338394165,0.0181825459003448,0.06126054551802175
P168 (53).jpg,P168,0,-3.532137632369995,0.0284115187823772,0.08189781522422208
P168 (54).jpg,P168,0,-3.38034725189209,0.0329153388738632,0.09005405856936988
P168 (55).jpg,P168,0,-1.7013658285140991,0.1542869657278061,0.2379148062966966
P168 (56).jpg,P168,0,-1.555082082748413,0.1743534803390503,0.25653582848151757
P168 (57).jpg,P168,0,-0.9986720085144044,0.2692026197910309,0.33551777759787843
P168 (58).jpg,P168,0,-1.5126869678497314,0.180540919303894,0.26210744161351984
P168 (59).jpg,P168,0,-1.6474735736846924,0.1614506989717483,0.24466519741334686
P168 (6).jpg,P168,0,-1.0879353284835815,0.2520072758197784,0.32204035971947664
P168 (60).jpg,P168,0,-2.3714678287506104,0.0853744596242904,0.1648386902568147
P168 (61).jpg,P168,0,-0.8935702443122864,0.2903736233711242,0.3517357653518088
P168 (62).jpg,P168,0,-0.9983582496643066,0.2692643404006958,0.3355656427952585
P168 (63).jpg,P168,0,0.9681313037872314,0.7247468829154968,0.6598073789862575
P168 (64).jpg,P168,0,-0.1024924293160438,0.4743993282318115,0.4824747797463644
P168 (65).jpg,P168,0,2.636767625808716,0.9331907033920288,0.8586578221091762
P168 (66).jpg,P168,0,0.5106541514396667,0.6249598264694214,0.5864747262348948
P168 (67).jpg,P168,0,0.0635605305433273,0.5158847570419312,0.5108709802897151
P168 (68).jpg,P168,0,-0.9464281797409058,0.2796036899089813,0.34353378523021333
P168 (69).jpg,P168,0,-3.512991189956665,0.0289448425173759,0.08288828262982094
P168 (7).jpg,P168,0,0.4970697462558746,0.621770441532135,0.5842186814936803
P168 (70).jpg,P168,0,-2.863940477371216,0.0539651736617088,0.12350732014673145
P168 (71).jpg,P168,0,-2.491961002349853,0.076423667371273,0.15379982804802955
P168 (72).jpg,P168,0,-1.5528326034545898,0.1746775209903717,0.25682950038330793
P168 (73).jpg,P168,0,-1.6648589372634888,0.159110814332962,0.24247348854192302
P168 (74).jpg,P168,0,-2.254676818847656,0.0949468240141868,0.17613669794833833
P168 (75).jpg,P168,0,-0.8549836277961731,0.2983884811401367,0.3577793276600856
P168 (76).jpg,P168,0,-1.6373618841171265,0.162824347615242,0.24594608562825157
P168 (77).jpg,P168,0,2.2785205841064453,0.907082498073578,0.826218303685048
P168 (78).jpg,P168,0,3.20829701423645,0.961145281791687,0.89982224491539
P168 (79).jpg,P168,0,2.1871910095214844,0.8990933299064636,0.8170619906513502
P168 (8).jpg,P168,0,-0.3697674870491028,0.4085971713066101,0.43708267904492226
P168 (9).jpg,P168,0,-0.0325995311141014,0.4918507933616638,0.49442374034973874
P184 (1).jpg,P184,0,0.0185601413249969,0.5046399235725403,0.5031748636816152
P184 (10).jpg,P184,0,4.114002227783203,0.9839205145835876,0.9434795669768435
P184 (11).jpg,P184,0,4.262131214141846,0.9861035943031312,0.9486477374812838
P184 (12).jpg,P184,0,4.567852973937988,0.9897263646125792,0.9579330769432837
P184 (13).jpg,P184,0,3.300886869430542,0.964459240436554,0.905390198864619
P184 (14).jpg,P184,0,4.475948810577393,0.9887486696243286,0.9553247418721358
P184 (15).jpg,P184,0,4.067042827606201,0.983160436153412,0.9417415047039496
P184 (16).jpg,P184,0,2.7132513523101807,0.937804102897644,0.8648908239204943
P184 (17).jpg,P184,0,4.077357769012451,0.9833304286003112,0.9421275281198127
P184 (18).jpg,P184,0,3.363118886947632,0.9665318131446838,0.9089752719377371
P184 (19).jpg,P184,0,1.6117191314697266,0.8336499333381653,0.7507854358743158
P184 (2).jpg,P184,0,-0.1555018126964569,0.4612027406692505,0.4734248550780741
P184 (20).jpg,P184,0,5.340909481048584,0.9952313303947448,0.9747775243168523
P184 (21).jpg,P184,0,5.080209255218506,0.9938198924064636,0.969999798665915
P184 (22).jpg,P184,0,5.956932544708252,0.9974188804626464,0.983307830948316
P184 (23).jpg,P184,0,5.073845386505127,0.9937806725502014,0.9698728244036083
P184 (24).jpg,P184,0,5.595386981964111,0.996298849582672,0.9787224991190325
P184 (25).jpg,P184,0,4.007455348968506,0.9821449518203736,0.9394638512796385
P184 (26).jpg,P184,0,3.256840229034424,0.9629181623458862,0.9027768349028407
P184 (27).jpg,P184,0,4.0039825439453125,0.9820839762687684,0.9393285697676342
P184 (28).jpg,P184,0,-0.8823846578598022,0.292683869600296,0.35348290637770663
P184 (29).jpg,P184,0,2.1019718647003174,0.8910947442054749,0.8081846104573147
P184 (3).jpg,P184,0,0.1200711503624916,0.529981791973114,0.5205278810227568
P184 (30).jpg,P184,0,0.8389283418655396,0.6982394456863403,0.6396925278228963
P184 (31).jpg,P184,0,0.9500837326049804,0.7211320400238037,0.6570300787781819
P184 (32).jpg,P184,0,1.2217910289764404,0.7723786234855652,0.6976222180318985
P184 (33).jpg,P184,0,0.256373792886734,0.5637447237968445,0.5437433017773504
P184 (34).jpg,P184,0,0.936884105205536,0.7184698581695557,0.6549919763290906
P184 (35).jpg,P184,0,0.764495313167572,0.6823289394378662,0.6278722904871735
P184 (36).jpg,P184,0,-0.6770723462104797,0.3369150459766388,0.38620771326681097
P184 (37).jpg,P184,0,0.144601285457611,0.5360874533653259,0.5247154032382848
P184 (38).jpg,P184,0,-1.330154538154602,0.2091338038444519,0.28696967562140446
P184 (39).jpg,P184,0,-0.9192784428596495,0.2851049304008484,0.34773532767459453
P184 (4).jpg,P184,0,0.2935450971126556,0.5728638172149658,0.5500458228100726
P184 (40).jpg,P184,0,-0.1283848881721496,0.467947781085968,0.4780525338904234
P184 (41).jpg,P184,0,-0.1517700254917144,0.4621301591396332,0.47406145583375975
P184 (42).jpg,P184,0,-0.8469012379646301,0.3000833094120025,0.35905104197569737
P184 (43).jpg,P184,0,-0.8962629437446594,0.289819061756134,0.35131576721823526
P184 (44).jpg,P184,0,-1.768206238746643,0.1457655429840088,0.22972215947595717
P184 (45).jpg,P184,0,0.4223071634769439,0.6040351986885071,0.5717415619995503
P184 (46).jpg,P184,0,-0.6306973099708557,0.3473524451255798,0.3937563876704542
P184 (47).jpg,P184,0,-0.0295398496091365,0.4926155209541321,0.49494707170159874
P184 (48).jpg,P184,0,-0.3214944899082184,0.4203115701675415,0.44522570882693563
P184 (49).jpg,P184,0,-0.4072484970092773,0.3995720744132995,0.4307831924527255
P184 (5).jpg,P184,0,0.1319682002067566,0.5329442620277405,0.5225592148605086
P184 (50).jpg,P184,0,1.1957314014434814,0.7677645683288574,0.6938476300955349
P184 (51).jpg,P184,0,0.1428329348564148,0.5356476306915283,0.5244136384971502
P184 (52).jpg,P184,0,-1.3687914609909058,0.2028151899576187,0.28159079402694737
P184 (53).jpg,P184,0,-0.1666383445262909,0.4584365785121918,0.4715256101865543
P184 (54).jpg,P184,0,-1.0708955526351929,0.2552328109741211,0.3245912088475909
P184 (55).jpg,P184,0,-2.194799900054932,0.1002184301614761,0.18216109590713636
P184 (56).jpg,P184,0,-1.2897496223449707,0.2158952057361602,0.2926598476970971
P184 (57).jpg,P184,0,-2.2931363582611084,0.0916929990053176,0.17235045736229035
P184 (58).jpg,P184,0,-1.1348508596420288,0.2432669997215271,0.31507201925563905
P184 (59).jpg,P184,0,1.8568768501281736,0.8649324774742126,0.7808373717224527
P184 (6).jpg,P184,0,0.2434353828430175,0.5605601072311401,0.541546154870602
P184 (60).jpg,P184,0,1.520925521850586,0.8206747174263,0.7389813629752522
P184 (61).jpg,P184,0,0.8996967077255249,0.7108871936798096,0.6492194858529869
P184 (62).jpg,P184,0,1.1971628665924072,0.7680197358131409,0.6940556522838753
P184 (63).jpg,P184,0,1.9909515380859373,0.8798437714576721,0.7961320137771882
P184 (64).jpg,P184,0,0.906433641910553,0.7122697830200195,0.6502685439634265
P184 (65).jpg,P184,0,1.55519437789917,0.8256627321243286,0.7434788260042284
P184 (66).jpg,P184,0,1.3231525421142578,0.789705753326416,0.7120489874238534
P184 (67).jpg,P184,0,2.338395357131958,0.912007451057434,0.8320222931036291
P184 (68).jpg,P184,0,2.768787145614624,0.9409656524658204,0.8692700435253586
P184 (69).jpg,P184,0,0.5383578538894653,0.6314303874969482,0.5910643226946476
P184 (7).jpg,P184,0,3.3218483924865723,0.9651707410812378,0.906611658529312
P184 (70).jpg,P184,0,1.2159538269042969,0.7713507413864136,0.6967790252242057
P184 (71).jpg,P184,0,0.4702012836933136,0.6154313683509827,0.5797461484467518
P184 (72).jpg,P184,0,2.5472946166992188,0.927391529083252,0.8510633572402584
P184 (73).jpg,P184,0,2.6568362712860107,0.93443101644516,0.8603161834030005
P184 (74).jpg,P184,0,1.086208462715149,0.7476670742034912,0.6777016082397304
P184 (75).jpg,P184,0,1.4809205532073977,0.8147116303443909,0.7336669951205433
P184 (76).jpg,P184,0,1.8025453090667725,0.8584584593772888,0.7744090701516184
P184 (77).jpg,P184,0,1.4227335453033447,0.8057665824890137,0.7258153443767369
P184 (78).jpg,P184,0,1.810750722885132,0.8594526052474976,0.7753884078194335
P184 (79).jpg,P184,0,2.373950958251953,0.9148192405700684,0.8353950810349062
P184 (8).jpg,P184,0,2.991318702697754,0.9521803259849548,0.8856224019519419
P184 (80).jpg,P184,0,1.4199570417404177,0.8053317070007324,0.7254371079235006
P184 (81).jpg,P184,0,-0.4712367653846741,0.3843235671520233,0.42008123713249595
P184 (82).jpg,P184,0,0.6495381593704224,0.6569064259529114,0.609316767311466
P184 (83).jpg,P184,0,1.5181783437728882,0.8202700614929199,0.7386186221322554
P184 (84).jpg,P184,0,1.6393269300460815,0.8374433517456055,0.7543031879567682
P184 (85).jpg,P184,0,1.0962412357330322,0.7495551705360413,0.6791992091663062
P184 (86).jpg,P184,0,0.4357345402240753,0.6072421669960022,0.573989670582924
P184 (87).jpg,P184,0,1.1989678144454956,0.7683411240577698,0.6943178367118803
P184 (9).jpg,P184,0,3.895174264907837,0.980065643787384,0.9349441850221533
P191 (1).jpg,P191,0,-4.0911359786987305,0.0164452604949474,0.05736058443838129
P191 (10).jpg,P191,0,-5.047311782836914,0.0063855489715933,0.03066221749153989
P191 (11).jpg,P191,0,-3.5784621238708496,0.0271603241562843,0.07954585486360566
P191 (12).jpg,P191,0,-5.054993152618408,0.0063369963318109,0.030506385719228916
P191 (13).jpg,P191,0,-6.341886520385742,0.0017578814877197,0.01287658971803751
P191 (14).jpg,P191,0,-4.109734535217285,0.0161471236497163,0.05667635352126125
P191 (15).jpg,P191,0,-5.801149845123291,0.0030149577651172,0.018534927666806172
P191 (16).jpg,P191,0,-5.984355449676514,0.0025115124881267,0.016386963813198218
P191 (17).jpg,P191,0,-7.33533763885498,0.0006516588036902,0.0065667685979866885
P191 (18).jpg,P191,0,-7.434043884277344,0.0005904447752982,0.006140535078239617
P191 (19).jpg,P191,0,-6.907586574554443,0.0009991694241762,0.008780002559696767
P191 (2).jpg,P191,0,-5.721177101135254,0.0032651564106345,0.019557046726470764
P191 (20).jpg,P191,0,-6.718146800994873,0.001207316876389,0.009983012682919904
P191 (21).jpg,P191,0,-7.156242847442627,0.0007793715922161,0.007416522515413225
P191 (22).jpg,P191,0,-6.332023143768311,0.0017752749845385,0.01296265659166223
P191 (23).jpg,P191,0,-7.054656505584717,0.0008626345079392,0.007946139342858148
P191 (24).jpg,P191,0,-6.93554162979126,0.0009716511121951,0.008615087635676463
P191 (25).jpg,P191,0,-5.549444675445557,0.0038745459169149,0.021942087605192246
P191 (26).jpg,P191,0,-7.080003261566162,0.0008410623995587,0.0078105822725766435
P191 (27).jpg,P191,0,-7.543445110321045,0.0005292897694744,0.005700181201038394
P191 (28).jpg,P191,0,-7.092893123626709,0.0008302998030558,0.007742528546724952
P191 (29).jpg,P191,0,-7.234918117523193,0.0007204469293355,0.007030558470940857
P191 (3).jpg,P191,0,-4.551145553588867,0.0104448599740862,0.04253001766001475
P191 (30).jpg,P191,0,-7.352011680603027,0.0006408899207599,0.006492757274091295
P191 (31).jpg,P191,0,-6.517235279083252,0.0014755685115233,0.011437379280998458
P191 (32).jpg,P191,0,-6.218610286712647,0.0019880514591932,0.013994005191664924
P191 (33).jpg,P191,0,-7.37380313873291,0.0006270837620832,0.00639727910453168
P191 (34).jpg,P191,0,-7.19765043258667,0.0007477823528461,0.007210834484571132
P191 (35).jpg,P191,0,-5.845222473144531,0.0028853414114564,0.01799423359925087
P191 (36).jpg,P191,0,-6.244651317596436,0.001937047811225,0.013750261562359459
P191 (37).jpg,P191,0,-6.023572444915772,0.0024151583202183,0.015960009592764432
P191 (38).jpg,P191,0,-6.790234088897705,0.0011234419653192,0.009507113992537546
P191 (39).jpg,P191,0,-7.115366458892822,0.000811863283161,0.007625281791376925
P191 (4).jpg,P191,0,-4.317549228668213,0.0131571013480424,0.049536129173183556
P191 (40).jpg,P191,0,-6.628112316131592,0.0013209102908149,0.010610627935082315
P191 (41).jpg,P191,0,-6.688740253448486,0.0012433022493496,0.010183850927562048
P191 (42).jpg,P191,0,-6.598876953125,0.0013600443489849,0.010822700465165012
P191 (43).jpg,P191,0,-6.0948872566223145,0.0022492934949696,0.015211473847323295
P191 (44).jpg,P191,0,-6.254291534423828,0.001918499590829,0.013661095006958071
P191 (45).jpg,P191,0,-5.764983654022217,0.0031256461516022,0.018990504058320142
P191 (46).jpg,P191,0,-6.24027681350708,0.0019455234287306,0.013790912311182173
P191 (47).jpg,P191,0,-5.282474040985107,0.0050541730597615,0.02622442068018167
P191 (48).jpg,P191,0,-6.058679103851318,0.0023320354521274,0.015587099766105547
P191 (49).jpg,P191,0,-6.395754337310791,0.0016658470267429,0.012416402479291436
P191 (5).jpg,P191,0,-4.907272815704346,0.0073383720591664,0.03364192384404468
P191 (50).jpg,P191,0,-7.805336952209473,0.0004073880554642,0.004769474876850642
P191 (51).jpg,P191,0,-6.035027503967285,0.0023877159692347,0.01583737695078089
P191 (52).jpg,P191,0,-5.654318332672119,0.0034901360049843,0.0204537898096429
P191 (53).jpg,P191,0,-7.1649603843688965,0.0007726121693849,0.00737274054264761
P191 (54).jpg,P191,0,-7.239709377288818,0.0007170058088377,0.007007708620887871
P191 (55).jpg,P191,0,-7.429675102233887,0.0005930283805355,0.006158805244621782
P191 (56).jpg,P191,0,-6.29382848739624,0.0018442649161443,0.013301327714259114
P191 (57).jpg,P191,0,-6.358584403991699,0.0017288224771618,0.012732169406995357
P191 (58).jpg,P191,0,-7.0511794090271,0.0008656365680508,0.007964916347987832
P191 (59).jpg,P191,0,-6.3261237144470215,0.0017857601633295,0.013014405513238403
P191 (6).jpg,P191,0,-3.789546489715576,0.0221061222255229,0.06959247180190797
P191 (60).jpg,P191,0,-6.295746803283691,0.0018407371826469,0.013284111729232611
P191 (61).jpg,P191,0,-6.466967582702637,0.0015515198465436,0.011832878638343735
P191 (62).jpg,P191,0,-5.309714794158936,0.0049190199933946,0.025752615486716368
P191 (63).jpg,P191,0,-7.495086669921875,0.0005554998060688,0.005890819271268265
P191 (64).jpg,P191,0,-6.2438812255859375,0.0019385371124371,0.013757409181272386
P191 (65).jpg,P191,0,-6.604422569274902,0.0013525332324206,0.01078215303765731
P191 (66).jpg,P191,0,-7.30284833908081,0.000673163915053,0.00671339511483483
P191 (67).jpg,P191,0,-5.548874855041504,0.0038767461664974,0.021950456557545316
P191 (68).jpg,P191,0,-8.038752555847168,0.0003226071421522,0.004068310337390744
P191 (69).jpg,P191,0,-8.159537315368652,0.000285912916297,0.003746808976766005
P191 (7).jpg,P191,0,-4.853819370269775,0.0077381883747875,0.034851481829486886
P191 (70).jpg,P191,0,-7.017581939697266,0.0008951873751357,0.008148631734420137
P191 (71).jpg,P191,0,-6.325514793395996,0.0017868457362055,0.013019758471920422
P191 (72).jpg,P191,0,-7.0671467781066895,0.0008519360562786,0.007879050879478669
P191 (73).jpg,P191,0,-7.458348751068115,0.000576275284402,0.0060398716271945815
P191 (74).jpg,P191,0,-6.288895130157471,0.0018533689435571,0.013345703434290585
P191 (75).jpg,P191,0,-4.190527439117432,0.0149125475436449,0.05379217407301057
P191 (8).jpg,P191,0,-3.8577144145965576,0.020679535344243,0.0666323088036157
P191 (9).jpg,P191,0,-4.8909406661987305,0.0074583068490028,0.03400712877657594
P013 (1).jpg,P013,1,0.1678976714611053,0.5418760776519775,0.5286891069336085
P013 (10).jpg,P013,1,-1.1851487159729004,0.2341277003288269,0.3076927056403285
P013 (11).jpg,P013,1,-1.954540967941284,0.1240590512752533,0.20794145682497203
P013 (12).jpg,P013,1,-1.7442936897277832,0.1487683653831482,0.23263020297061685
P013 (13).jpg,P013,1,-2.046168327331543,0.1144401207566261,0.19780436926346762
P013 (14).jpg,P013,1,-1.0813699960708618,0.2532468438148498,0.3230219428765635
P013 (15).jpg,P013,1,-2.42466402053833,0.0813111737370491,0.15988867900112588
P013 (16).jpg,P013,1,-3.3166606426239014,0.0350040309131145,0.09368931579800409
P013 (17).jpg,P013,1,-1.3900701999664309,0.199396550655365,0.27865477172656417
P013 (18).jpg,P013,1,-2.9906117916107178,0.0478518083691597,0.11442660356747554
P013 (19).jpg,P013,1,-1.928071141242981,0.1269642263650894,0.21094027782240649
P013 (2).jpg,P013,1,-2.234072685241699,0.0967322140932083,0.1781918750608621
P013 (20).jpg,P013,1,-0.7844588756561279,0.3133597075939178,0.36894170540899657
P013 (21).jpg,P013,1,-2.0428266525268555,0.1147792041301727,0.19816743894966943
P013 (22).jpg,P013,1,-1.604949712753296,0.1672909706830978,0.25008223349971154
P013 (23).jpg,P013,1,-1.1861557960510254,0.2339471727609634,0.3075459373683804
P013 (24).jpg,P013,1,-1.480886459350586,0.1852935701608657,0.26633756327601216
P013 (25).jpg,P013,1,-0.7904391288757324,0.3120743930339813,0.367989516785463
P013 (26).jpg,P013,1,-2.0366315841674805,0.115410178899765,0.1988418537320581
P013 (27).jpg,P013,1,-1.6390458345413208,0.1625949442386627,0.24573245963853665
P013 (28).jpg,P013,1,-0.9903758764266968,0.2708378136157989,0.3367845211812527
P013 (29).jpg,P013,1,-1.1974265575408936,0.2319333404302597,0.3059060364612747
P013 (3).jpg,P013,1,-2.369097948074341,0.0855596885085105,0.1650620483208319
P013 (30).jpg,P013,1,-0.8304632902145386,0.3035471141338348,0.3616435572568305
P013 (31).jpg,P013,1,-0.3726951777935028,0.4078899621963501,0.43658985923075694
P013 (32).jpg,P013,1,-1.2138274908065796,0.2290245294570922,0.30352845708365517
P013 (33).jpg,P013,1,-1.1184521913528442,0.2462985068559646,0.31749846449784896
P013 (34).jpg,P013,1,0.1499456465244293,0.5374163389205933,0.525627294896737
P013 (35).jpg,P013,1,1.0771965980529783,0.7459630966186523,0.6763532797411892
P013 (36).jpg,P013,1,1.0449037551879885,0.7397950887680054,0.6714977276849937
P013 (37).jpg,P013,1,0.1002985909581184,0.5250536799430847,0.517150392502772
P013 (38).jpg,P013,1,0.1839317977428436,0.5458537340164185,0.5314219943578405
P013 (39).jpg,P013,1,0.9292126893997192,0.7169155478477478,0.6538048339611264
P013 (4).jpg,P013,1,-1.3662234544754028,0.2032306939363479,0.2819463947918159
P013 (40).jpg,P013,1,0.2601415812969208,0.5646710991859436,0.5443828158368483
P013 (41).jpg,P013,1,1.2788571119308472,0.7822551727294922,0.7057949024764646
P013 (42).jpg,P013,1,-0.65165776014328,0.3426160812377929,0.39033803913413206
P013 (43).jpg,P013,1,0.4100518822669983,0.6011003255844116,0.5696871033382176
P013 (44).jpg,P013,1,1.061661720275879,0.7430079579353333,0.6740221144673949
P013 (45).jpg,P013,1,1.4034885168075562,0.8027368187904358,0.7231869863242281
P013 (46).jpg,P013,1,1.3113713264465332,0.787742555141449,0.7103933361375218
P013 (47).jpg,P013,1,1.1790225505828855,0.7647719979286194,0.6914136513725878
P013 (48).jpg,P013,1,0.5322530269622803,0.6300084590911865,0.5900542855680422
P013 (49).jpg,P013,1,1.1761887073516846,0.7642618417739868,0.6909997839916134
P013 (5).jpg,P013,1,-2.2295405864715576,0.0971289128065109,0.1786464448784946
P013 (50).jpg,P013,1,0.630427360534668,0.6525862812995911,0.6061995187489999
P013 (51).jpg,P013,1,1.7407476902008057,0.850782036781311,0.7669363852376755
P013 (52).jpg,P013,1,-0.1815141439437866,0.4547456204891205,0.4689899586178329
P013 (53).jpg,P013,1,-0.1193447485566139,0.4701991677284241,0.4795961694216597
P013 (54).jpg,P013,1,0.827472448348999,0.6958202123641968,0.6378838686668211
P013 (55).jpg,P013,1,0.5099762678146362,0.6248009204864502,0.5863622311502944
P013 (56).jpg,P013,1,0.6721413135528564,0.6619824767112732,0.6129921646767492
P013 (57).jpg,P013,1,0.3895942270755768,0.596185028553009,0.5662522911882004
P013 (58).jpg,P013,1,-0.5618706345558167,0.3631147146224975,0.4050527594109806
P013 (59).jpg,P013,1,-0.3854706287384033,0.4048080742359161,0.4344408377923891
P013 (6).jpg,P013,1,-2.3116252422332764,0.090164728462696,0.17055333756515856
P013 (60).jpg,P013,1,-0.1812075078487396,0.4548216760158539,0.4690422105085501
P013 (7).jpg,P013,1,-2.223817110061645,0.097631998360157,0.1792218058459898
P013 (8).jpg,P013,1,-2.4388699531555176,0.0802562832832336,0.15858731998804218
P013 (9).jpg,P013,1,-1.270874261856079,0.2191076427698135,0.2953405885245505
P026 (1).jpg,P026,1,-0.1836307942867279,0.4542208611965179,0.4686292924121122
P026 (10).jpg,P026,1,-0.9465383887290956,0.2795814871788025,0.34351677918389456
P026 (11).jpg,P026,1,-0.6173551082611084,0.3503832221031189,0.3959377627240875
P026 (12).jpg,P026,1,1.538925290107727,0.8233084082603455,0.7413500063415599
P026 (13).jpg,P026,1,1.1388304233551023,0.7574648261070251,0.6855153090536492
P026 (14).jpg,P026,1,1.168000340461731,0.762783408164978,0.6898021958501109
P026 (2).jpg,P026,1,-0.8633338212966919,0.2966432869434356,0.3564675755911165
P026 (3).jpg,P026,1,-0.6607447266578674,0.3405722975730896,0.3888594036758084
P026 (4).jpg,P026,1,-0.1779780089855194,0.4556226134300232,0.4695925697035745
P026 (5).jpg,P026,1,-0.5203997492790222,0.3727587759494781,0.41190899038237627
P026 (6).jpg,P026,1,-0.7013490200042725,0.3315131962299347,0.3822775455714271
P026 (7).jpg,P026,1,-0.5154632925987244,0.3739136755466461,0.4127274544227507
P026 (8).jpg,P026,1,-0.3774863183498382,0.4067333340644836,0.43578363436590206
P026 (9).jpg,P026,1,-1.3532555103302002,0.2053386569023132,0.2837462701187029
P156 (1).jpg,P156,1,1.132370114326477,0.7562760710716248,0.6845615576819941
P156 (10).jpg,P156,1,0.5608713626861572,0.6366540789604187,0.5947824579241576
P156 (11).jpg,P156,1,0.6614024639129639,0.659575343132019,0.6112475446729209
P156 (12).jpg,P156,1,0.8097468018531799,0.6920555233955383,0.6350776418414807
P156 (13).jpg,P156,1,0.7725824117660522,0.6840792298316956,0.6291642752686389
P156 (14).jpg,P156,1,0.5471451282501221,0.6334730386734009,0.5925168173133231
P156 (15).jpg,P156,1,2.155256986618042,0.8961589932441711,0.8137732919870085
P156 (16).jpg,P156,1,1.1209087371826172,0.7541572451591492,0.6828656571156047
P156 (17).jpg,P156,1,0.2661954164505005,0.5661585927009583,0.5454100377360177
P156 (18).jpg,P156,1,0.7536263465881348,0.6799682974815369,0.6261329988310967
P156 (19).jpg,P156,1,1.0297584533691406,0.7368690371513367,0.6692077084591406
P156 (2).jpg,P156,1,-0.1810268759727478,0.4548664391040802,0.46907299114605117
P156 (20).jpg,P156,1,0.6699398756027222,0.6614896655082703,0.6126347564010964
P156 (21).jpg,P156,1,1.230031967163086,0.773824155330658,0.6988103690185218
P156 (22).jpg,P156,1,0.5834219455718994,0.6418544054031372,0.598495847368297
P156 (23).jpg,P156,1,0.1486905217170715,0.5371043086051941,0.5254131519971287
P156 (24).jpg,P156,1,-0.4346418082714081,0.3930184543132782,0.4261931695328057
P156 (25).jpg,P156,1,0.6728456020355225,0.6621400713920593,0.6131064817886873
P156 (26).jpg,P156,1,-0.0051534101366996,0.4987116456031799,0.4991184561940187
P156 (27).jpg,P156,1,-0.6004284024238586,0.3542456924915313,0.39871114398543406
P156 (28).jpg,P156,1,-0.3417703807353973,0.4153794944286346,0.44180158647674667
P156 (29).jpg,P156,1,-0.0690479725599289,0.4827449023723602,0.48819081846873963
P156 (3).jpg,P156,1,1.4261597394943235,0.8063022494316101,0.7262816394744687
P156 (30).jpg,P156,1,0.8834525346755981,0.7075371742248535,0.6466840614156666
P156 (31).jpg,P156,1,-0.386787474155426,0.4044908881187439,0.4342194633752111
P156 (32).jpg,P156,1,-0.0128439143300056,0.4967890977859497,0.49780292822034844
P156 (33).jpg,P156,1,0.7022320032119751,0.6686824560165405,0.6178651148007513
P156 (34).jpg,P156,1,-0.3188667595386505,0.4209519624710083,0.4456698588102451
P156 (35).jpg,P156,1,0.4265918433666229,0.6050595045089722,0.5724592605346509
P156 (36).jpg,P156,1,0.0223896577954292,0.5055971741676331,0.5038299103023127
P156 (37).jpg,P156,1,-0.5384274125099182,0.3685534596443176,0.4089241733163595
P156 (38).jpg,P156,1,0.6752706170082092,0.6626823544502258,0.6135000045154799
P156 (39).jpg,P156,1,-0.0242494121193885,0.4939379692077636,0.4958519795225303
P156 (4).jpg,P156,1,0.9219799041748048,0.715445339679718,0.652683811946294
P156 (40).jpg,P156,1,1.3843560218811035,0.7996897101402283,0.7205586381065546
P156 (41).jpg,P156,1,0.865695059299469,0.7038491368293762,0.6439029677962547
P156 (42).jpg,P156,1,-0.467863529920578,0.3851220309734344,0.42064362592768767
P156 (43).jpg,P156,1,-0.3696199357509613,0.4086328446865082,0.4371075197337049
P156 (44).jpg,P156,1,0.7323903441429138,0.6753296256065369,0.6227253473639258
P156 (45).jpg,P156,1,0.6774835586547852,0.6631768345832825,0.6138589834326819
P156 (46).jpg,P156,1,0.5428038835525513,0.6324644088745117,0.5917994306182474
P156 (47).jpg,P156,1,0.0435019209980964,0.5108737349510193,0.5074409093263311
P156 (48).jpg,P156,1,-0.1942396759986877,0.4515921473503113,0.4668220954534958
P156 (49).jpg,P156,1,0.4068066775798797,0.6003219485282898,0.5691426765243867
P156 (5).jpg,P156,1,3.3609750270843506,0.9664624333381652,0.9088538273869673
P156 (50).jpg,P156,1,0.7355402708053589,0.6760198473930359,0.6232315789246727
P156 (51).jpg,P156,1,-0.2529314756393432,0.4371020793914795,0.4568410955837389
P156 (52).jpg,P156,1,1.0309659242630005,0.7371031045913696,0.6693905782144834
P156 (53).jpg,P156,1,0.7860604524612427,0.6869848370552063,0.6313134014994699
P156 (54).jpg,P156,1,0.8341936469078064,0.697240948677063,0.6389454903440419
P156 (55).jpg,P156,1,0.2754027545452118,0.5684188008308411,0.5469716061929232
P156 (56).jpg,P156,1,0.848889172077179,0.7003340125083923,0.6412619317880222
P156 (6).jpg,P156,1,-0.4764567911624908,0.383089154958725,0.4192113592053454
P156 (7).jpg,P156,1,-0.5185587406158447,0.3731893301010132,0.4122141727328581
P156 (8).jpg,P156,1,0.4887560307979584,0.6198133230209351,0.5828362228651883
P156 (9).jpg,P156,1,1.0999348163604736,0.7502478957176208,0.6797496275660015
P157 (1).jpg,P157,1,0.3834640085697174,0.5947083234786987,0.5652217797354135
P157 (2).jpg,P157,1,-0.0659197494387626,0.4835260212421417,0.4887256485743716
P157 (3).jpg,P157,1,4.48102617263794,0.9888049364089966,0.9554727818372041
P157 (4).jpg,P157,1,2.7935173511505127,0.9423245191574096,0.8711810035784912
P157 (5).jpg,P157,1,0.4708321988582611,0.615580677986145,0.5798513240993569
P205 (1).jpg,P205,1,1.2331295013427734,0.7743659019470215,0.6992562736397251
P205 (10).jpg,P205,1,-0.8877865672111511,0.2915668189525604,0.3526386589869101
P205 (11).jpg,P205,1,0.1215110942721366,0.5303404331207275,0.5207737783133406
P205 (12).jpg,P205,1,-0.9673528671264648,0.2754084467887878,0.34031218817790687
P205 (13).jpg,P205,1,0.3953529298305511,0.5975705981254578,0.5672198280899917
P205 (14).jpg,P205,1,-0.3886755108833313,0.4040361642837524,0.4339021119924994
P205 (15).jpg,P205,1,0.5403385162353516,0.6318911910057068,0.5913918565245285
P205 (16).jpg,P205,1,0.7665557861328125,0.6827753782272339,0.6282016434080044
P205 (17).jpg,P205,1,0.0590813383460044,0.5147660374641418,0.5101051048832886
P205 (18).jpg,P205,1,-0.5422807931900024,0.3676571846008301,0.4082870360580032
P205 (19).jpg,P205,1,-0.0676035806536674,0.4831055402755737,0.4884377618507132
P205 (2).jpg,P205,1,1.2595781087875366,0.778953492641449,0.7030482911700806
P205 (20).jpg,P205,1,0.2775834500789642,0.5689536929130554,0.5473413188791124
P205 (21).jpg,P205,1,-1.0114116668701172,0.2667036950588226,0.33357715391048454
P205 (22).jpg,P205,1,-0.6199852824211121,0.3497848212718963,0.39550741321978433
P205 (23).jpg,P205,1,0.4111275970935821,0.6013582348823547,0.5698675318810202
P205 (24).jpg,P205,1,-0.7910946011543274,0.311933696269989,0.3678852135043629
P205 (25).jpg,P205,1,-0.1576764583587646,0.4606623649597168,0.47305392479346686
P205 (26).jpg,P205,1,-0.851365864276886,0.299146443605423,0.3583483142529758
P205 (27).jpg,P205,1,0.2706241905689239,0.56724613904953,0.5461612731282802
P205 (28).jpg,P205,1,0.0309338197112083,0.5077328681945801,0.505291355948208
P205 (29).jpg,P205,1,-0.6036441326141357,0.3535104095935821,0.39818375165593745
P205 (3).jpg,P205,1,0.0508056208491325,0.5126986503601074,0.5086899578542494
P205 (30).jpg,P205,1,0.7335777878761292,0.675589919090271,0.6229162155369514
P205 (31).jpg,P205,1,0.965051770210266,0.7241321206092834,0.6593342465306905
P205 (32).jpg,P205,1,-0.1446250975131988,0.4639066159725189,0.47528053341484217
P205 (33).jpg,P205,1,0.6310751438140869,0.6527332067489624,0.6063053248586212
P205 (34).jpg,P205,1,0.98507821559906,0.7281147241592407,0.6624053443629221
P205 (35).jpg,P205,1,-0.494082897901535,0.378932237625122,0.4162778397381136
P205 (36).jpg,P205,1,-0.8548134565353394,0.29842409491539,0.3578060825128189
P205 (37).jpg,P205,1,-0.5323016047477722,0.3699802458286285,0.4099376742780054
P205 (38).jpg,P205,1,0.1392015218734741,0.5347442626953125,0.523793891021592
P205 (39).jpg,P205,1,0.6903496384620667,0.6660447120666504,0.6159436304167658
P205 (4).jpg,P205,1,-0.0078459158539772,0.498038500547409,0.4986578772318014
P205 (40).jpg,P205,1,1.3253815174102783,0.7900756597518921,0.7123615974154615
P205 (41).jpg,P205,1,1.4298338890075684,0.806875467300415,0.7267811311281647
P205 (42).jpg,P205,1,3.707732677459717,0.9760544300079346,0.926694333385301
P205 (43).jpg,P205,1,2.0427074432373047,0.8852086663246155,0.8018195998146078
P205 (44).jpg,P205,1,1.3973979949951172,0.8017706274986267,0.7223519512062913
P205 (45).jpg,P205,1,2.318565607070923,0.91040301322937,0.8301174127410206
P205 (46).jpg,P205,1,0.8268160820007324,0.6956812739372253,0.6377801224382805
P205 (47).jpg,P205,1,1.4450984001159668,0.8092429041862488,0.7288502024129688
P205 (48).jpg,P205,1,2.913933038711548,0.948530912399292,0.8801482638981789
P205 (49).jpg,P205,1,-0.1139948144555091,0.4715321063995361,0.48050987485893454
P205 (5).jpg,P205,1,-0.4012579619884491,0.4010101556777954,0.4317885819304856
P205 (50).jpg,P205,1,3.0727007389068604,0.9557524919509888,0.8911430600582038
P205 (51).jpg,P205,1,3.7639334201812735,0.9773334264755248,0.9292641658340611
P205 (52).jpg,P205,1,2.9213955402374268,0.9488939642906188,0.8806858537961164
P205 (53).jpg,P205,1,5.114773750305176,0.9940285682678224,0.9706804344544382
P205 (54).jpg,P205,1,2.536457300186157,0.9266584515571594,0.8501209797571765
P205 (55).jpg,P205,1,4.451945781707764,0.9884784817695618,0.9546185155757839
P205 (56).jpg,P205,1,4.323184013366699,0.9869158267974854,0.9506450842976352
P205 (57).jpg,P205,1,1.8549323081970213,0.8647052049636841,0.7806095913585915
P205 (58).jpg,P205,1,2.85382342338562,0.9455159306526184,0.8757413401808865
P205 (59).jpg,P205,1,0.9565807580947876,0.7224366664886475,0.6580311424607947
P205 (6).jpg,P205,1,-1.1733639240264893,0.2362474948167801,0.30941306544004904
P205 (60).jpg,P205,1,1.759472131729126,0.8531435132026672,0.7692186375285993
P205 (61).jpg,P205,1,1.5455771684646606,0.8242740631103516,0.7422217968527826
P205 (62).jpg,P205,1,1.7769050598144531,0.855314314365387,0.7713293687799948
P205 (63).jpg,P205,1,4.143115520477295,0.984374701976776,0.9445325099286549
P205 (64).jpg,P205,1,2.5310866832733154,0.9262926578521729,0.8496521512281091
P205 (65).jpg,P205,1,2.0175933837890625,0.8826319575309753,0.7990747947621462
P205 (66).jpg,P205,1,1.946406006813049,0.8750542402267456,0.7911402762233662
P205 (67).jpg,P205,1,1.7104976177215576,0.8469007611274719,0.7632162350328667
P205 (68).jpg,P205,1,3.333859205245972,0.9655722975730896,0.9073051557279921
P205 (69).jpg,P205,1,0.8779539465904236,0.7063980102539062,0.645823948563515
P205 (7).jpg,P205,1,-0.363777607679367,0.4100454449653625,0.4380913448872453
P205 (70).jpg,P205,1,2.7191011905670166,0.9381444454193116,0.865357875882288
P205 (71).jpg,P205,1,2.457649946212769,0.9211190342903136,0.8431198448796099
P205 (72).jpg,P205,1,1.3011090755462646,0.7860215902328491,0.7089465645080817
P205 (8).jpg,P205,1,-0.2756463587284088,0.4315214455127716,0.4529870908469998
P205 (9).jpg,P205,1,-1.3371587991714478,0.2079776674509048,0.2859900233382904
P041 (1).jpg,P041,1,-0.4965407252311706,0.3783539533615112,0.4158692483319789
P041 (10).jpg,P041,1,-0.1550542116165161,0.461313933134079,0.4735012062487112
P041 (11).jpg,P041,1,0.391863077878952,0.5967311263084412,0.5666335483259087
P041 (12).jpg,P041,1,0.7466932535171509,0.6784577965736389,0.6250218313609631
P041 (13).jpg,P041,1,-1.0780400037765503,0.2538771033287048,0.3235204076287955
P041 (14).jpg,P041,1,-0.1275697350502014,0.4681507647037506,0.4781917073912022
P041 (15).jpg,P041,1,0.4931705296039581,0.620853066444397,0.5835704580276367
P041 (16).jpg,P041,1,-0.506767988204956,0.3759514689445495,0.41417030634136653
P041 (17).jpg,P041,1,0.414739727973938,0.602223813533783,0.5704732548472538
P041 (18).jpg,P041,1,0.1982372999191284,0.5493976473808289,0.5338586667449379
P041 (19).jpg,P041,1,-0.4625112116336822,0.3863902390003204,0.4215363914615995
P041 (2).jpg,P041,1,-1.000711441040039,0.2688015699386596,0.3352067362437213
P041 (20).jpg,P041,1,-2.67805290222168,0.0642808899283409,0.13794834761425415
P041 (21).jpg,P041,1,-2.362562894821167,0.0860723704099655,0.1656792262665779
P041 (22).jpg,P041,1,-0.3716723024845123,0.4081369936466217,0.4367620262212707
P041 (23).jpg,P041,1,0.6152966022491455,0.6491480469703674,0.603725311705463
P041 (24).jpg,P041,1,-1.587721586227417,0.1697046905755996,0.2522995131874093
P041 (25).jpg,P041,1,1.8696393966674805,0.8664165735244751,0.782328131007684
P041 (26).jpg,P041,1,-2.904200553894043,0.0519463010132312,0.120555995669775
P041 (27).jpg,P041,1,-4.353879928588867,0.0126936323940753,0.048378731175922805
P041 (28).jpg,P041,1,-3.1979994773864746,0.039241075515747,0.10081468904426462
P041 (29).jpg,P041,1,-3.1010892391204834,0.0430623479187488,0.10698688282794701
P041 (3).jpg,P041,1,-0.3588903248310089,0.411228209733963,0.43891471863656484
P041 (30).jpg,P041,1,-1.1304293870925903,0.2440818846225738,0.3157252611395699
P041 (31).jpg,P041,1,0.2163069546222686,0.5538668632507324,0.5369341693342128
P041 (32).jpg,P041,1,-3.965881109237671,0.0185988582670688,0.06217433259197961
P041 (33).jpg,P041,1,-2.539034605026245,0.0731666162610054,0.1496544620930417
P041 (34).jpg,P041,1,-3.4662885665893555,0.0302867963910102,0.08535010407916867
P041 (35).jpg,P041,1,-2.3105194568634038,0.0902554914355278,0.17066040007166056
P041 (36).jpg,P041,1,-2.418231725692749,0.0817929580807685,0.16048075848611568
P041 (37).jpg,P041,1,-3.4545788764953613,0.0306326020509004,0.08597766645422293
P041 (38).jpg,P041,1,-6.524303913116455,0.001465190318413,0.011382822346211604
P041 (39).jpg,P041,1,-4.398220539093018,0.0121497744694352,0.04700092944474167
P041 (4).jpg,P041,1,-0.6924792528152466,0.3334817886352539,0.3837117237012962
P041 (5).jpg,P041,1,-0.0953543707728385,0.4761794805526733,0.4836944212232305
P041 (6).jpg,P041,1,0.5517386198043823,0.6345388889312744,0.5932754582952341
P041 (7).jpg,P041,1,0.0236571878194808,0.505914032459259,0.5040467211184968
P041 (8).jpg,P041,1,-0.3983358740806579,0.4017122387886047,0.4322791995142823
P041 (9).jpg,P041,1,-0.7123979330062866,0.3290691971778869,0.380493881977759
P100 (1).jpg,P100,1,3.9119577407836914,0.9803909063339232,0.9356392009364239
P100 (10).jpg,P100,1,5.640842914581299,0.9964626431465148,0.9793606554494977
P100 (100).jpg,P100,1,1.5923502445220947,0.8309465050697327,0.7482974779676468
P100 (101).jpg,P100,1,0.339576244354248,0.5840875506401062,0.5578281363104486
P100 (102).jpg,P100,1,-0.7525534629821777,0.3202651739120483,0.37403886566334527
P100 (103).jpg,P100,1,0.0006785616278648,0.5001696348190308,0.5001160750635444
P100 (104).jpg,P100,1,-1.4741520881652832,0.1863123178482055,0.2672389319836622
P100 (105).jpg,P100,1,-1.706632375717163,0.1536010205745697,0.2372620513626615
P100 (106).jpg,P100,1,-0.8674260973930359,0.2957901358604431,0.35582549398155194
P100 (107).jpg,P100,1,-0.4382810890674591,0.3921506404876709,0.425584309648539
P100 (108).jpg,P100,1,-0.038172960281372,0.4904579222202301,0.49347048698936546
P100 (109).jpg,P100,1,0.0851655825972557,0.5212785005569458,0.5145643426303086
P100 (11).jpg,P100,1,4.861823558807373,0.9923230409622192,0.965332271952455
P100 (110).jpg,P100,1,1.33630108833313,0.7918810248374939,0.7138901205371081
P100 (111).jpg,P100,1,1.79458487033844,0.8574884533882141,0.77345608257677
P100 (112).jpg,P100,1,1.5915429592132568,0.8308331370353699,0.7481934241333131
P100 (113).jpg,P100,1,-0.7833391427993774,0.3136006891727447,0.36912010541896
P100 (114).jpg,P100,1,0.2613480389118194,0.5649676322937012,0.5445875594052979
P100 (115).jpg,P100,1,2.59653377532959,0.9306381940841676,0.8552835907458043
P100 (116).jpg,P100,1,2.093066692352295,0.8902274370193481,0.80723824048958
P100 (117).jpg,P100,1,0.1690995395183563,0.5421744585037231,0.5288940173303226
P100 (118).jpg,P100,1,2.3118817806243896,0.9098563194274902,0.8294714929408648
P100 (119).jpg,P100,1,0.2453478872776031,0.5610311031341553,0.5418710322746143
P100 (12).jpg,P100,1,7.076300144195557,0.9991558790206908,0.9921697571243324
P100 (120).jpg,P100,1,0.4207331240177154,0.6036586761474609,0.571477829010946
P100 (121).jpg,P100,1,1.0744028091430664,0.7454333305358887,0.6759346844539829
P100 (122).jpg,P100,1,1.5881545543670654,0.8303562998771667,0.7477563695634233
P100 (123).jpg,P100,1,0.729135274887085,0.6746155023574829,0.6222019366792908
P100 (124).jpg,P100,1,1.4355360269546509,0.8077624440193176,0.7275551954171741
P100 (125).jpg,P100,1,-1.1002249717712402,0.2496977597475052,0.3202071545571231
P100 (126).jpg,P100,1,-0.4599290192127228,0.3870026767253876,0.4219672844715591
P100 (127).jpg,P100,1,1.5276339054107666,0.8216598629951477,0.7398657769908027
P100 (128).jpg,P100,1,-0.1073269322514534,0.4731940031051636,0.48164885206240377
P100 (129).jpg,P100,1,2.8108348846435547,0.9432584643363952,0.8725049577845484
P100 (13).jpg,P100,1,3.7081921100616455,0.9760650992393494,0.9267156858121391
P100 (130).jpg,P100,1,2.004824161529541,0.8813026547431946,0.7976683279275252
P100 (131).jpg,P100,1,2.3683130741119385,0.9143788814544678,0.8348639248576871
P100 (132).jpg,P100,1,1.5883004665374756,0.8303768634796143,0.7477752004486539
P100 (133).jpg,P100,1,1.2083799839019775,0.7700121402740479,0.6956829953920388
P100 (134).jpg,P100,1,3.1957480907440186,0.960673987865448,0.8990455776935626
P100 (135).jpg,P100,1,3.069134473800659,0.955601453781128,0.8909061184632013
P100 (14).jpg,P100,1,4.987938404083252,0.9932264685630798,0.9681070038607498
P100 (15).jpg,P100,1,3.5272583961486816,0.9714535474777222,0.9178508045855873
P100 (16).jpg,P100,1,3.6796839237213135,0.9753899574279784,0.9253798503924441
P100 (17).jpg,P100,1,4.750589370727539,0.9914275407791138,0.9626929448048396
P100 (18).jpg,P100,1,4.394318103790283,0.987803280353546,0.9528793221742302
P100 (19).jpg,P100,1,3.601062297821045,0.9734304547309875,0.9215790555296379
P100 (2).jpg,P100,1,4.418704032897949,0.9880936741828918,0.9536228870742566
P100 (20).jpg,P100,1,3.874503374099731,0.9796578288078308,0.9340785929056673
P100 (21).jpg,P100,1,4.9617600440979,0.993048131465912,0.9675492842662393
P100 (22).jpg,P100,1,3.2263522148132324,0.961813986301422,0.900930384775771
P100 (23).jpg,P100,1,4.32342004776001,0.9869188666343688,0.950652661382217
P100 (24).jpg,P100,1,2.233367919921875,0.9032062292099,0.8217374964560513
P100 (25).jpg,P100,1,2.587357759475708,0.9300434589385986,0.8545047294309946
P100 (26).jpg,P100,1,3.65709400177002,0.9748418927192688,0.9243054732389765
P100 (27).jpg,P100,1,3.421290159225464,0.968363344669342,0.9122153874086187
P100 (28).jpg,P100,1,4.120120048522949,0.9840169548988342,0.9437023788007294
P100 (29).jpg,P100,1,4.218673229217529,0.9854953289031982,0.9471796761082749
P100 (3).jpg,P100,1,4.617942333221436,0.990223467350006,0.9592927231745086
P100 (30).jpg,P100,1,4.387195587158203,0.9877172112464904,0.9526600157906971
P100 (31).jpg,P100,1,3.0076024532318115,0.9529164433479308,0.8867461971346687
P100 (32).jpg,P100,1,2.8797686100006104,0.9468371868133544,0.8776603195036077
P100 (33).jpg,P100,1,2.5077154636383057,0.9246808886528016,0.8475978919954835
P100 (34).jpg,P100,1,5.082005023956299,0.9938308000564576,0.9700355345936987
P100 (35).jpg,P100,1,3.2481746673583984,0.962607443332672,0.9022551675488262
P100 (36).jpg,P100,1,1.835565209388733,0.862423300743103,0.7783316774365224
P100 (37).jpg,P100,1,2.069710493087769,0.8879241347312927,0.8047392604348353
P100 (38).jpg,P100,1,2.125347375869751,0.8933425545692444,0.8106518997209
P100 (39).jpg,P100,1,1.8419605493545528,0.86318039894104,0.7790857485110674
P100 (4).jpg,P100,1,5.329637050628662,0.9951775074005128,0.9745871924289482
P100 (40).jpg,P100,1,2.0511178970336914,0.8860605359077454,0.8027324753312958
P100 (41).jpg,P100,1,1.9145760536193848,0.8715323805809021,0.7875186876032106
P100 (42).jpg,P100,1,0.2507337033748626,0.5623570680618286,0.5427857294565815
P100 (43).jpg,P100,1,0.3508321940898895,0.5868193507194519,0.5597269736718603
P100 (44).jpg,P100,1,-0.4600037634372711,0.3869849145412445,0.42195481015560454
P100 (45).jpg,P100,1,4.018568515777588,0.982338845729828,0.9398948652714221
P100 (46).jpg,P100,1,0.0819497779011726,0.5204759836196899,0.514014694946554
P100 (47).jpg,P100,1,1.7899092435836792,0.8569161891937256,0.7728950122850997
P100 (48).jpg,P100,1,0.0677437558770179,0.5169294476509094,0.5115862037389094
P100 (49).jpg,P100,1,2.325453042984009,0.9109632968902588,0.8307809719316455
P100 (5).jpg,P100,1,6.683492183685303,0.99875009059906,0.9897798880631496
P100 (50).jpg,P100,1,2.128578424453736,0.8936499357223511,0.8109910171662575
P100 (51).jpg,P100,1,2.241498708724976,0.903914749622345,0.822550996582089
P100 (52).jpg,P100,1,1.6151385307312012,0.8341235518455505,0.7512229516865557
P100 (53).jpg,P100,1,1.0055346488952637,0.732145369052887,0.6655282994582717
P100 (54).jpg,P100,1,0.8842824697494507,0.7077088952064514,0.6468138011342012
P100 (55).jpg,P100,1,2.0435166358947754,0.8852908611297607,0.8019075681458698
P100 (56).jpg,P100,1,0.7148287296295166,0.6714672446250916,0.6198980991143692
P100 (57).jpg,P100,1,0.9556574821472168,0.7222514748573303,0.6578889693372498
P100 (58).jpg,P100,1,2.564883232116699,0.9285670518875122,0.8525823947166763
P100 (59).jpg,P100,1,-0.4806474149227142,0.3820992708206177,0.41851338629454277
P100 (6).jpg,P100,1,4.700130462646484,0.9909878373146056,0.9614329282252847
P100 (60).jpg,P100,1,-0.5871526002883911,0.3572884500026703,0.4008909041874672
P100 (61).jpg,P100,1,1.4931674003601074,0.8165532350540161,0.7353011973970942
P100 (62).jpg,P100,1,0.5709130764007568,0.6389738321304321,0.5964373870862448
P100 (63).jpg,P100,1,1.0250893831253052,0.7359627485275269,0.6685001035775109
P100 (64).jpg,P100,1,1.3108712434768677,0.7876588702201843,0.7103229332633599
P100 (65).jpg,P100,1,-0.1191223487257957,0.4702545702457428,0.4796341500043002
P100 (66).jpg,P100,1,0.5643025636672974,0.6374475359916687,0.5953481828936413
P100 (67).jpg,P100,1,0.0386221334338188,0.5096543431282043,0.506606335519455
P100 (68).jpg,P100,1,-0.907128930091858,0.2875877022743225,0.34962327008563643
P100 (69).jpg,P100,1,-1.9019922018051147,0.1298831701278686,0.2139256829993683
P100 (7).jpg,P100,1,5.324056148529053,0.9951506853103638,0.9744924434275791
P100 (70).jpg,P100,1,-1.009144306182861,0.2671473622322082,0.3339221295904362
P100 (71).jpg,P100,1,-2.926751136779785,0.0508468933403492,0.1189296212532067
P100 (72).jpg,P100,1,-2.293482542037964,0.0916641727089881,0.17231667099051098
P100 (73).jpg,P100,1,-1.784102201461792,0.1437973380088806,0.22780319180109782
P100 (74).jpg,P100,1,-1.996598958969116,0.1195604801177978,0.20324152140824714
P100 (75).jpg,P100,1,-2.305490732192993,0.0906692445278167,0.17114795623483164
P100 (76).jpg,P100,1,-2.378866910934448,0.0847984552383422,0.16414289770631327
P100 (77).jpg,P100,1,-2.437627077102661,0.0803480744361877,0.15870083179918248
P100 (78).jpg,P100,1,-1.451872706413269,0.1897135376930236,0.2702347139265481
P100 (79).jpg,P100,1,-1.467236876487732,0.1873629540205001,0.2681665196982067
P100 (8).jpg,P100,1,6.357857704162598,0.9982699155807496,0.9872615787608029
P100 (80).jpg,P100,1,-1.580959677696228,0.1706596165895462,0.2531733296760474
P100 (81).jpg,P100,1,-0.930439293384552,0.2828356027603149,0.34600522139732376
P100 (82).jpg,P100,1,-1.307299256324768,0.2129391431808471,0.2901802342130055
P100 (83).jpg,P100,1,-2.2897825241088867,0.0919727087020874,0.17267805187102486
P100 (84).jpg,P100,1,-1.9931538105010984,0.1199235990643501,0.2036235188221335
P100 (85).jpg,P100,1,-0.314193457365036,0.4220915138721466,0.4464599738681392
P100 (86).jpg,P100,1,-1.2780567407608032,0.2178811877965927,0.29431882848685653
P100 (87).jpg,P100,1,-1.4546946287155151,0.1892801225185394,0.2698540986146954
P100 (88).jpg,P100,1,-1.8811076879501345,0.1322616934776306,0.21633854319440304
P100 (89).jpg,P100,1,-1.1803696155548096,0.2349857538938522,0.30838972478045795
P100 (9).jpg,P100,1,6.303396701812744,0.9981732368469238,0.9867843241628365
P100 (90).jpg,P100,1,-2.056717872619629,0.1133753284811973,0.19666146110193053
P100 (91).jpg,P100,1,-1.797294855117798,0.1421806812286377,0.22621917108343412
P100 (92).jpg,P100,1,-1.361772060394287,0.2039524465799331,0.2825634404309457
P100 (93).jpg,P100,1,-0.5073018670082092,0.3758262097835541,0.41408167465162105
P100 (94).jpg,P100,1,-1.2372514009475708,0.2249147891998291,0.300150943405805
P100 (95).jpg,P100,1,-1.784531593322754,0.1437444686889648,0.2277515125140547
P100 (96).jpg,P100,1,-1.400252342224121,0.1977760642766952,0.2772565132309091
P100 (97).jpg,P100,1,-0.8222544193267822,0.3052853047847748,0.36294125493159896
P100 (98).jpg,P100,1,-0.1676400899887085,0.4581878781318664,0.4713548102304849
P100 (99).jpg,P100,1,-0.1294985115528106,0.4676705300807953,0.47786240719196893
P114 (1).jpg,P114,1,1.3216831684112549,0.789461612701416,0.7118427996348969
P114 (10).jpg,P114,1,-1.3776586055755615,0.2013853043317794,0.280365028764241
P114 (11).jpg,P114,1,0.198068082332611,0.5493557453155518,0.5338298529313308
P114 (12).jpg,P114,1,0.0308114811778068,0.5077022314071655,0.5052704309966208
P114 (13).jpg,P114,1,-0.3950082659721374,0.40251225233078,0.43283806557177534
P114 (14).jpg,P114,1,-0.5761709213256836,0.3598141670227051,0.4026969634384667
P114 (15).jpg,P114,1,-0.5192906260490417,0.3730181455612182,0.41209284064685187
P114 (16).jpg,P114,1,-0.3060570061206817,0.4240774512290954,0.4478362467952719
P114 (17).jpg,P114,1,-1.565484642982483,0.1728610396385193,0.25518062609988573
P114 (18).jpg,P114,1,-1.0658036470413208,0.2562019228935241,0.32535549940562514
P114 (19).jpg,P114,1,0.0793064013123512,0.5198162198066711,0.5135628616471722
P114 (2).jpg,P114,1,1.7771306037902832,0.8553422093391418,0.7713565878283068
P114 (20).jpg,P114,1,1.0394649505615234,0.738746702671051,0.6706762934879508
P114 (21).jpg,P114,1,0.9852859973907472,0.728155791759491,0.6624371369947889
P114 (22).jpg,P114,1,2.30558705329895,0.9093387126922609,0.8288613928781898
P114 (23).jpg,P114,1,2.0145952701568604,0.8823210000991821,0.7987452260635768
P114 (24).jpg,P114,1,0.9676923751831056,0.724659264087677,0.6597399624531797
P114 (25).jpg,P114,1,1.2401721477508545,0.7755939960479736,0.7002686938809862
P114 (26).jpg,P114,1,0.6375036239624023,0.654188871383667,0.6073547830332934
P114 (27).jpg,P114,1,1.1246126890182495,0.7548433542251587,0.6834142523719031
P114 (28).jpg,P114,1,0.1112762913107872,0.5277904272079468,0.5190257832124844
P114 (29).jpg,P114,1,-0.554968535900116,0.3647124469280243,0.4061913689599261
P114 (3).jpg,P114,1,-0.156183511018753,0.4610333144664764,0.47330857431396706
P114 (30).jpg,P114,1,1.336939811706543,0.7919862270355225,0.7139793783138507
P114 (31).jpg,P114,1,-1.6241885423660278,0.1646280288696289,0.24762157093292525
P114 (32).jpg,P114,1,-1.7089622020721436,0.1532983779907226,0.23697367818416193
P114 (33).jpg,P114,1,-1.7751567363739014,0.1449022144079208,0.22888169932323352
P114 (34).jpg,P114,1,1.699439287185669,0.8454614877700806,0.7618461028497561
P114 (35).jpg,P114,1,0.5916551947593689,0.6437448263168335,0.5998488231186858
P114 (36).jpg,P114,1,1.9196231365203855,0.8720964193344116,0.7880959858520719
P114 (37).jpg,P114,1,-0.5414758324623108,0.3678443431854248,0.4084201069068882
P114 (38).jpg,P114,1,-0.3714983165264129,0.4081790149211883,0.43679131248034087
P114 (39).jpg,P114,1,4.972654819488525,0.9931228756904602,0.9677825291991179
P114 (4).jpg,P114,1,0.5860462188720703,0.6424574255943298,0.5989272600987996
P114 (40).jpg,P114,1,5.4219889640808105,0.9956010580062866,0.9761061853064513
P114 (41).jpg,P114,1,6.364830017089844,0.998281955718994,0.9873214371647633
P114 (42).jpg,P114,1,-1.337596774101257,0.2079055458307266,0.28592883252978374
P114 (43).jpg,P114,1,-0.294418603181839,0.426922470331192,0.4498062562306296
P114 (44).jpg,P114,1,-1.3841984272003174,0.2003355622291565,0.27946307497851886
P114 (45).jpg,P114,1,-1.372848629951477,0.2021600008010864,0.28102953990136303
P114 (46).jpg,P114,1,-1.3091402053833008,0.2126307487487793,0.2899208446529878
P114 (47).jpg,P114,1,-1.0985710620880127,0.2500077486038208,0.3204535413191569
P114 (48).jpg,P114,1,-0.3752100169658661,0.4072827100753784,0.43616663486740115
P114 (49).jpg,P114,1,0.5205350518226624,0.62727290391922,0.5881134359297642
P114 (5).jpg,P114,1,-0.4442023932933807,0.3907400667667389,0.42459414505132226
P114 (50).jpg,P114,1,2.7917938232421875,0.942230761051178,0.8710485979768935
P114 (51).jpg,P114,1,2.77754807472229,0.9414504766464232,0.8699497603632711
P114 (52).jpg,P114,1,1.007283091545105,0.7324881553649902,0.6657945563650524
P114 (53).jpg,P114,1,3.422538995742798,0.9684015512466432,0.9122837908633897
P114 (54).jpg,P114,1,2.844841957092285,0.9450514316558838,0.8750710512932404
P114 (55).jpg,P114,1,0.2788008749485016,0.5692522525787354,0.547547697039998
P114 (56).jpg,P114,1,0.1567951738834381,0.5391187071800232,0.526795757680376
P114 (57).jpg,P114,1,0.8547831177711487,0.7015695571899414,0.6421891474396401
P114 (58).jpg,P114,1,3.0623366832733154,0.955312192440033,0.8904532215828562
P114 (59).jpg,P114,1,3.647827863693237,0.9746135473251344,0.9238606813451868
P114 (6).jpg,P114,1,-0.0550765916705131,0.4862343370914459,0.49057968765515864
P114 (60).jpg,P114,1,3.703668355941773,0.9759591221809388,0.9265051917605753
P114 (61).jpg,P114,1,1.9746105670928955,0.8781054615974426,0.79431123386666
P114 (62).jpg,P114,1,2.980400323867798,0.9516807198524476,0.8848634604527443
P114 (63).jpg,P114,1,4.11687707901001,0.9839659929275512,0.9435843724947133
P114 (64).jpg,P114,1,4.0392680168151855,0.982694447040558,0.9406900274167828
P114 (65).jpg,P114,1,2.773230791091919,0.9412120580673218,0.8696151802623898
P114 (66).jpg,P114,1,3.645566701889038,0.974557638168335,0.9237517779158275
P114 (67).jpg,P114,1,4.301438808441162,0.9866320490837096,0.9499422779043016
P114 (68).jpg,P114,1,4.419161796569824,0.9880990386009216,0.9536367377073797
P114 (69).jpg,P114,1,4.327109336853027,0.9869664907455444,0.9507709502610994
P114 (7).jpg,P114,1,-0.3047208189964294,0.4244038164615631,0.4480623385543038
P114 (70).jpg,P114,1,4.4692559242248535,0.9886738657951356,0.9551288813320991
P114 (71).jpg,P114,1,2.6483571529388428,0.9339096546173096,0.8596175133574538
P114 (72).jpg,P114,1,4.337669849395752,0.987101674079895,0.9511080650437206
P114 (73).jpg,P114,1,4.982665061950684,0.9931909441947936,0.967995408033992
P114 (74).jpg,P114,1,3.959574460983277,0.9812856912612916,0.9375735736351123
P114 (75).jpg,P114,1,5.069593906402588,0.9937543272972108,0.9697877073229141
P114 (76).jpg,P114,1,3.496706008911133,0.9705938696861268,0.9162607040746747
P114 (77).jpg,P114,1,4.14560079574585,0.9844128489494324,0.9446215347834089
P114 (78).jpg,P114,1,5.5824384689331055,0.9962508082389832,0.9785372087619161
P114 (79).jpg,P114,1,2.4497828483581543,0.9205455780029296,0.8424065266141982
P114 (8).jpg,P114,1,-0.725139319896698,0.3262622654438019,0.3784409969875023
P114 (80).jpg,P114,1,1.5182552337646484,0.820281445980072,0.7386287792126583
P114 (9).jpg,P114,1,-0.004333920776844,0.4989165365695953,0.4992586380524726
P185 (1).jpg,P185,1,6.314676761627197,0.9981936812400818,0.9868846012840624
P185 (10).jpg,P185,1,3.972159624099731,0.981515407562256,0.9380756921788607
P185 (11).jpg,P185,1,1.964826822280884,0.8770543932914734,0.7932153338976574
P185 (12).jpg,P185,1,3.0504910945892334,0.9548037648200988,0.8896600790950614
P185 (13).jpg,P185,1,5.01040506362915,0.9933759570121764,0.9685782462181433
P185 (14).jpg,P185,1,5.200748443603516,0.994517743587494,0.9723090948728049
P185 (15).jpg,P185,1,4.54285192489624,0.989469051361084,0.9572382947841452
P185 (16).jpg,P185,1,5.120176792144775,0.9940604567527772,0.9707854675624201
P185 (17).jpg,P185,1,5.479024887084961,0.9958439469337464,0.9769996782170124
P185 (18).jpg,P185,1,3.442854166030884,0.9690173864364624,0.9133897807238537
P185 (19).jpg,P185,1,4.9669575691223145,0.9930838346481324,0.9676607603249938
P185 (2).jpg,P185,1,4.793094158172607,0.9917812943458556,0.9637235464070502
P185 (20).jpg,P185,1,3.36712908744812,0.966661274433136,0.9092020493581615
P185 (21).jpg,P185,1,2.626051664352417,0.9325194954872132,0.8577655972047802
P185 (22).jpg,P185,1,2.102405071258545,0.8911367654800415,0.8082305576524168
P185 (23).jpg,P185,1,4.547444343566895,0.9895167946815492,0.95736673537252
P185 (24).jpg,P185,1,3.9973275661468506,0.981966495513916,0.9390685376777873
P185 (25).jpg,P185,1,3.0615007877349854,0.9552764296531676,0.8903974170669051
P185 (26).jpg,P185,1,3.3737733364105225,0.9668747186660768,0.9095766633968092
P185 (27).jpg,P185,1,4.174659252166748,0.9848526120185852,0.9456525006253655
P185 (28).jpg,P185,1,4.428715229034424,0.988210916519165,0.9539249009318299
P185 (29).jpg,P185,1,3.5210325717926025,0.97128027677536,0.9175290275899848
P185 (3).jpg,P185,1,4.235788345336914,0.985737919807434,0.9477625164007408
P185 (30).jpg,P185,1,4.259300231933594,0.9860647916793824,0.9485532903462284
P185 (31).jpg,P185,1,3.2055203914642334,0.9610414505004884,0.8996508553311942
P185 (32).jpg,P185,1,3.984360933303833,0.9817355275154114,0.9385588924070211
P185 (33).jpg,P185,1,3.611141681671143,0.9736899733543396,0.9220760432719317
P185 (34).jpg,P185,1,6.645701885223389,0.9987020492553712,0.9895149801033143
P185 (35).jpg,P185,1,5.368337154388428,0.9953597187995912,0.9752348511264397
P185 (36).jpg,P185,1,4.749115943908691,0.9914149641990662,0.962656718873413
P185 (37).jpg,P185,1,5.224002361297607,0.9946430921554564,0.9727342883811003
P185 (38).jpg,P185,1,3.797753572463989,0.9780705571174622,0.9307702589336567
P185 (39).jpg,P185,1,4.461822032928467,0.9885903000831604,0.9549103768484081
P185 (4).jpg,P185,1,3.2213211059570312,0.961628794670105,0.9006227011002235
P185 (40).jpg,P185,1,4.303255558013916,0.9866560697555542,0.9500013564914038
P185 (41).jpg,P185,1,5.397318840026856,0.9954916834831238,0.9757093068015699
P185 (42).jpg,P185,1,4.445750236511231,0.9884076714515686,0.9544345083577412
P185 (43).jpg,P185,1,3.3324477672576904,0.9655253887176514,0.907223900516201
P185 (44).jpg,P185,1,3.3393943309783936,0.965755820274353,0.9076231916163228
P185 (45).jpg,P185,1,3.952019929885864,0.9811464548110962,0.9372703427455525
P185 (46).jpg,P185,1,3.7996981143951416,0.9781122803688048,0.9308559455983798
P185 (47).jpg,P185,1,5.578253269195557,0.9962350726127625,0.9784769826776522
P185 (48).jpg,P185,1,6.399760723114014,0.9983408451080322,0.987617167546521
P185 (49).jpg,P185,1,6.577719211578369,0.9986108541488647,0.9890212122159246
P185 (5).jpg,P185,1,2.9385199546813965,0.9497180581092834,0.88191159976284
P185 (50).jpg,P185,1,6.483006000518799,0.9984731078147888,0.9882947556108016
P185 (51).jpg,P185,1,6.9321489334106445,0.9990251064300536,0.9913650627475968
P185 (52).jpg,P185,1,4.957845211029053,0.9930209517478944,0.9674650741519462
P185 (53).jpg,P185,1,7.785653591156006,0.9995844960212708,0.9951661670667944
P185 (54).jpg,P185,1,6.176737785339356,0.9979270696640016,0.9856051097804563
P185 (55).jpg,P185,1,7.418118953704834,0.9994001388549804,0.9937926062950041
P185 (56).jpg,P185,1,5.431545257568359,0.9956427812576294,0.9762582156203135
P185 (57).jpg,P185,1,7.321866512298584,0.999339520931244,0.9933728253252182
P185 (58).jpg,P185,1,6.17198371887207,0.9979172348976136,0.9855588852644129
P185 (59).jpg,P185,1,8.089949607849121,0.9996935129165648,0.9960711897003405
P185 (6).jpg,P185,1,3.2628095149993896,0.9631306529045104,0.9031347398475468
P185 (60).jpg,P185,1,6.212283134460449,0.997999370098114,0.9859461324846297
P185 (61).jpg,P185,1,6.153445720672607,0.9978784322738647,0.9853772362601211
P185 (62).jpg,P185,1,4.109816074371338,0.983854115009308,0.9433266293033206
P185 (63).jpg,P185,1,5.326379299163818,0.9951619505882264,0.9745319261237608
P185 (64).jpg,P185,1,5.677490711212158,0.9965895414352416,0.9798614784784291
P185 (65).jpg,P185,1,5.148064613342285,0.9942229390144348,0.9713218187965253
P185 (66).jpg,P185,1,5.161809921264648,0.9943013191223145,0.9715826471294102
P185 (67).jpg,P185,1,4.957333087921143,0.9930174350738524,0.9674540425073035
P185 (68).jpg,P185,1,4.649176120758057,0.9905211925506592,0.9601191396604921
P185 (69).jpg,P185,1,4.66291093826294,0.9906492829322816,0.9604774382297993
P185 (7).jpg,P185,1,4.941213130950928,0.9929048418998718,0.9671049492233815
P185 (70).jpg,P185,1,4.997592449188232,0.9932911396026612,0.968310330939554
P185 (71).jpg,P185,1,6.578530311584473,0.9986120462417604,0.9890272367875281
P185 (72).jpg,P185,1,4.311848163604736,0.9867686629295348,0.9502798840634707
P185 (73).jpg,P185,1,4.509265422821045,0.9891132116317748,0.9562876509151275
P185 (74).jpg,P185,1,4.059470653533936,0.983034610748291,0.9414565896784414
P185 (75).jpg,P185,1,3.8697216510772714,0.979562282562256,0.9338768395391247
P185 (76).jpg,P185,1,4.797186374664307,0.9918145537376404,0.9638213110226767
P185 (77).jpg,P185,1,5.434432029724121,0.9956552982330322,0.9763039551500863
P185 (78).jpg,P185,1,5.520942211151123,0.996013879776001,0.9776354493333919
P185 (79).jpg,P185,1,5.531325817108154,0.9960548877716064,0.9777902674653249
P185 (8).jpg,P185,1,3.5131871700286865,0.9710606932640076,0.9171219106192718
P185 (80).jpg,P185,1,4.882504940032959,0.9924789667129515,0.965802743914964
P185 (81).jpg,P185,1,3.950582265853882,0.9811198115348816,0.9372124809847905
P185 (82).jpg,P185,1,4.12576150894165,0.9841055274009703,0.9439071092944766
P185 (83).jpg,P185,1,4.124696254730225,0.984088897705078,0.9438685045666698
P185 (9).jpg,P185,1,4.7708048820495605,0.9915976524353028,0.9631865680091394
